0.002674747258424759,-0.3045513927936554,0.5871177911758423,-0.0345076285302639,-0.06545748561620712,-0.6621246933937073,0.7457314729690552,-0.9442641735076904,0.1408654898405075,-0.12972557544708252,1.1432374715805054,-0.18914762139320374,-0.09488503634929657,-0.9692675471305847,-0.11965993791818619,0.12450141459703445,1.19091796875,-0.09607221931219101,0.11167638003826141,-0.030359480530023575,0.05432330071926117,0.5199999809265137,-0.42679375410079956,0.3297518789768219,-0.8784846663475037,0.49348634481430054,0.34601035714149475,-0.07215707004070282,0.4079562723636627,-0.5287739038467407,-0.2879282534122467,0.80720454454422,0.6474063396453857,-0.3471495807170868,-0.022602364420890808,-0.3400999903678894
0.007431450765579939,-0.3039907217025757,0.5800714492797852,-0.02891978807747364,-0.05334646627306938,-0.6705794930458069,0.7393516898155212,-0.9653244614601135,0.16551005840301514,-0.13781797885894775,1.1435567140579224,-0.29314786195755005,-0.03906375542283058,-1.0086140632629395,-0.12745754420757294,0.11072582006454468,1.229004979133606,-0.1400458663702011,0.09714531898498535,-0.027421562001109123,0.07710766047239304,0.5199999809265137,-0.5017542243003845,0.2986617386341095,-0.8769986629486084,0.5782454013824463,0.41118475794792175,-0.03028826043009758,0.39078912138938904,-0.5553072690963745,-0.3035735487937927,0.835713267326355,0.6972788572311401,-0.401002436876297,-0.013689545914530754,-0.29352036118507385
0.008246810175478458,-0.30402159690856934,0.5908852815628052,-0.037599366158246994,-0.06279286742210388,-0.6724399328231812,0.736524224281311,-0.8696865439414978,0.15137110650539398,-0.11103709787130356,1.1646273136138916,-0.3527369499206543,-0.01658371463418007,-0.9500200748443604,-0.11679056286811829,0.06721651554107666,1.2556976079940796,-0.17868572473526,0.08107093721628189,-0.022731352597475052,0.06346670538187027,0.48487475514411926,-0.4982869327068329,0.3251360058784485,-0.8503588438034058,0.5470210909843445,0.38025450706481934,-0.05091123282909393,0.344601035118103,-0.5872694253921509,-0.33813557028770447,0.8009786009788513,0.6478204727172852,-0.3969649076461792,-0.013959018513560295,-0.2665647566318512
0.00888759084045887,-0.30431699752807617,0.5969313979148865,-0.045482780784368515,-0.07108631730079651,-0.6736973524093628,0.7341729998588562,-0.8005355000495911,0.14300009608268738,-0.09330949932336807,1.180575966835022,-0.39314302802085876,-0.0015292204916477203,-0.905585765838623,-0.10877089947462082,0.03899352625012398,1.275519847869873,-0.20322418212890625,0.07109212875366211,-0.018861956894397736,0.05481064319610596,0.4684797525405884,-0.49729490280151367,0.34508758783340454,-0.8346538543701172,0.5232679843902588,0.3603403866291046,-0.06315740197896957,0.3098452389240265,-0.600673258304596,-0.36144551634788513,0.7783732414245605,0.6113622188568115,-0.3959411680698395,-0.011802350170910358,-0.24527990818023682
0.009430358186364174,-0.3046554625034332,0.6003218293190002,-0.051313892006874084,-0.0770568922162056,-0.6744985580444336,0.7324484586715698,-0.7540629506111145,0.13776448369026184,-0.08156251907348633,1.19242525100708,-0.41976362466812134,0.008686142973601818,-0.87556391954422,-0.10299305617809296,0.0206802636384964,1.2902023792266846,-0.2174135446548462,0.06477909535169601,-0.015928909182548523,0.049248695373535156,0.4591544568538666,-0.4986218214035034,0.3593910336494446,-0.8254687786102295,0.5078999996185303,0.3479393422603607,-0.07060843706130981,0.2838350534439087,-0.6055384874343872,-0.37689709663391113,0.763892412185669,0.5871102809906006,-0.39638248085975647,-0.009597674012184143,-0.22901442646980286
0.00985022448003292,-0.3050497770309448,0.604300856590271,-0.055244915187358856,-0.08104100078344345,-0.6749914884567261,0.7312775254249573,-0.7235149145126343,0.13475333154201508,-0.07395770400762558,1.1997017860412598,-0.4368346631526947,0.015265002846717834,-0.8558974266052246,-0.09898243844509125,0.009061528369784355,1.2993122339248657,-0.2263784408569336,0.06087280809879303,-0.014036081731319427,0.04594209045171738,0.4537072777748108,-0.4997442364692688,0.36851054430007935,-0.8206965327262878,0.4981376528739929,0.34010016918182373,-0.07539592683315277,0.266320139169693,-0.6058811545372009,-0.3868957459926605,0.7551702260971069,0.5723104476928711,-0.3968217968940735,-0.007941512390971184,-0.21806424856185913
0.01029117964208126,-0.3054049611091614,0.6070355176925659,-0.057842694222927094,-0.08365755528211594,-0.6753168106079102,0.7304812669754028,-0.7032696008682251,0.13295671343803406,-0.06903258711099625,1.2035787105560303,-0.44796043634414673,0.019536394625902176,-0.8430823087692261,-0.09638948738574982,0.0014276201836764812,1.3049838542938232,-0.23219436407089233,0.05834614485502243,-0.012708783149719238,0.04412858560681343,0.450056791305542,-0.5001742839813232,0.3742319345474243,-0.8186372518539429,0.4928683042526245,0.33544638752937317,-0.07839997112751007,0.25426626205444336,-0.6042313575744629,-0.3935372829437256,0.749785840511322,0.5642281770706177,-0.39702296257019043,-0.006635237950831652,-0.21083079278469086
0.010678393766283989,-0.30585214495658875,0.6085209250450134,-0.05948954448103905,-0.0853603258728981,-0.6755163669586182,0.7299673557281494,-0.6909319162368774,0.13174974918365479,-0.06599023938179016,1.2067354917526245,-0.45525819063186646,0.02203691005706787,-0.8349909782409668,-0.09470424056053162,-0.00334512023255229,1.308695673942566,-0.2364307940006256,0.05637160688638687,-0.011582860723137856,0.04313967376947403,0.4484865665435791,-0.5026577115058899,0.3775566816329956,-0.818128228187561,0.48984014987945557,0.3323476314544678,-0.08030705153942108,0.24682042002677917,-0.6050520539283752,-0.3980180025100708,0.7464659810066223,0.5614643096923828,-0.3963773846626282,-0.00520784966647625,-0.20686288177967072
0.011026496067643166,-0.3061448931694031,0.609207808971405,-0.060519736260175705,-0.08644361793994904,-0.6756426692008972,0.7296381592750549,-0.6838296055793762,0.130853071808815,-0.06407270580530167,1.2096048593521118,-0.4603677988052368,0.02384728193283081,-0.8303407430648804,-0.09348446130752563,-0.006247024983167648,1.3118479251861572,-0.24007688462734222,0.05466862767934799,-0.010532233864068985,0.04248373582959175,0.44820916652679443,-0.5062547922134399,0.3789907395839691,-0.8176987171173096,0.48971325159072876,0.330081582069397,-0.0812128409743309,0.2426062524318695,-0.6073698401451111,-0.4011539816856384,0.744104266166687,0.5636058449745178,-0.39563074707984924,-0.003499262500554323,-0.2051897794008255
0.011407611891627312,-0.30655771493911743,0.609248161315918,-0.0610726997256279,-0.08707517385482788,-0.6757983565330505,0.7293727993965149,-0.6806380748748779,0.130201056599617,-0.06293188780546188,1.2130873203277588,-0.46454766392707825,0.025442566722631454,-0.8287845849990845,-0.09275607764720917,-0.00805546622723341,1.316335678100586,-0.24357885122299194,0.05297094210982323,-0.009828721173107624,0.04192277044057846,0.447329044342041,-0.5091872215270996,0.3798101842403412,-0.817905068397522,0.4898555874824524,0.3291226327419281,-0.08175686001777649,0.24151694774627686,-0.6087312698364258,-0.40311485528945923,0.7428556680679321,0.5650612711906433,-0.39553922414779663,-0.00243354425765574,-0.20602211356163025
0.011769469827413559,-0.30710917711257935,0.6091687679290771,-0.06141815707087517,-0.08746686577796936,-0.6758907437324524,0.7292112708091736,-0.6791129112243652,0.1297132670879364,-0.06229846924543381,1.2153847217559814,-0.4669598937034607,0.026575658470392227,-0.8281571865081787,-0.09243571758270264,-0.009141182526946068,1.3197989463806152,-0.2457611858844757,0.05188579484820366,-0.009326670318841934,0.04154765605926514,0.4476850628852844,-0.5127727389335632,0.38100725412368774,-0.8175092935562134,0.48990243673324585,0.3275129795074463,-0.0821375921368599,0.24006131291389465,-0.6109499335289001,-0.40559446811676025,0.7416427731513977,0.5664399862289429,-0.3948245346546173,-0.0017210065852850676,-0.205707848072052
0.012134576216340065,-0.3078662157058716,0.6090170741081238,-0.06162749230861664,-0.08775321394205093,-0.6759788990020752,0.7290774583816528,-0.6782391667366028,0.12948693335056305,-0.062097884714603424,1.2169162034988403,-0.468799889087677,0.027541721239686012,-0.8282491564750671,-0.09243853390216827,-0.009847721084952354,1.3227537870407104,-0.24723422527313232,0.05135127529501915,-0.009092041291296482,0.04110749438405037,0.44794225692749023,-0.5148565173149109,0.3829560875892639,-0.8173080682754517,0.4883778691291809,0.32648855447769165,-0.08263622969388962,0.2385164499282837,-0.6119096279144287,-0.40828168392181396,0.7410264015197754,0.5644667148590088,-0.3942275643348694,-0.001847095787525177,-0.20470669865608215
0.01243517268449068,-0.3084801733493805,0.608896017074585,-0.06175117939710617,-0.08792603015899658,-0.676078736782074,0.7289535999298096,-0.6778455972671509,0.1293342411518097,-0.06211310997605324,1.217721700668335,-0.46975886821746826,0.028095858171582222,-0.8285409212112427,-0.09246111661195755,-0.01015247218310833,1.324441909790039,-0.24786508083343506,0.051249824464321136,-0.008835813961923122,0.04107367619872093,0.4486989676952362,-0.516599714756012,0.384010374546051,-0.8175685405731201,0.4872257113456726,0.32577693462371826,-0.08285857737064362,0.23721668124198914,-0.6133348345756531,-0.4096434712409973,0.740831732749939,0.5645831227302551,-0.3938118815422058,-0.0013749621575698256,-0.20386211574077606
0.012717078439891338,-0.3090001046657562,0.6087557077407837,-0.061859436333179474,-0.08807533979415894,-0.6761810183525085,0.7288314700126648,-0.677627682685852,0.1291746199131012,-0.0622728168964386,1.2182190418243408,-0.4705328941345215,0.028597289696335793,-0.8287999629974365,-0.09261273592710495,-0.01035656314343214,1.325417399406433,-0.24820059537887573,0.05131111666560173,-0.008739713579416275,0.04105802997946739,0.4486461877822876,-0.5159724950790405,0.3853839039802551,-0.8175485134124756,0.48590731620788574,0.32558050751686096,-0.08324754983186722,0.23586885631084442,-0.6128548979759216,-0.41119155287742615,0.7405334115028381,0.5625813007354736,-0.3934071958065033,-0.0017858638893812895,-0.20256631076335907
0.013031449168920517,-0.3094867765903473,0.6086905002593994,-0.061898600310087204,-0.0881369486451149,-0.6762537956237793,0.7287532687187195,-0.6775756478309631,0.12916728854179382,-0.0623837485909462,1.2178547382354736,-0.47071072459220886,0.028824880719184875,-0.8286835551261902,-0.09277594089508057,-0.010300335474312305,1.3254501819610596,-0.24837253987789154,0.05141909420490265,-0.008459331467747688,0.04139740765094757,0.44863972067832947,-0.5151804685592651,0.3857286870479584,-0.8175318837165833,0.485400527715683,0.32503610849380493,-0.0833665207028389,0.2351493239402771,-0.6131517291069031,-0.4121133089065552,0.740441083908081,0.5626306533813477,-0.3928676247596741,-0.001667071832343936,-0.2018362432718277
0.013352847658097744,-0.3100365996360779,0.6087101697921753,-0.061920709908008575,-0.08821246773004532,-0.6763376593589783,0.7286644577980042,-0.677443265914917,0.12924084067344666,-0.06244693696498871,1.2172086238861084,-0.47014981508255005,0.028665805235505104,-0.8283418416976929,-0.09302270412445068,-0.010168252512812614,1.3245105743408203,-0.2478795051574707,0.051547855138778687,-0.008449343033134937,0.04168979823589325,0.4490709900856018,-0.5154538750648499,0.38520348072052,-0.8174017667770386,0.4853728413581848,0.3242877125740051,-0.08330613374710083,0.23485122621059418,-0.6141395568847656,-0.41224196553230286,0.740898609161377,0.5627104043960571,-0.39229631423950195,-0.001613020896911621,-0.2015112042427063
0.013757448643445969,-0.3121336102485657,0.5944928526878357,-0.05022991821169853,-0.07450376451015472,-0.675490140914917,0.7318737506866455,-0.7817786931991577,0.1498032510280609,-0.07972752302885056,1.1967427730560303,-0.41521695256233215,0.01171981543302536,-0.9010827541351318,-0.10408507287502289,0.02968115545809269,1.2987005710601807,-0.210126131772995,0.053003061562776566,-0.013410359621047974,0.05549692362546921,0.4738961458206177,-0.518168568611145,0.3550449311733246,-0.8406471014022827,0.5255767107009888,0.36742866039276123,-0.05983106791973114,0.2777659595012665,-0.5879912972450256,-0.3735183775424957,0.7775553464889526,0.6088787317276001,-0.4017258286476135,0.0003298666561022401,-0.22248899936676025
0.014155548065900803,-0.3135685920715332,0.5878521203994751,-0.042416151612997055,-0.06531336903572083,-0.6747878193855286,0.7338913083076477,-0.8506573438644409,0.1630243957042694,-0.09103221446275711,1.1832283735275269,-0.3793502449989319,0.000588608905673027,-0.9493681192398071,-0.11144328117370605,0.055590614676475525,1.2819068431854248,-0.1855199784040451,0.0540580227971077,-0.016786137595772743,0.06488022208213806,0.49003249406814575,-0.5216785073280334,0.33380135893821716,-0.8559918999671936,0.5547546148300171,0.39633098244667053,-0.0455564521253109,0.30746206641197205,-0.5731496214866638,-0.34713423252105713,0.8018805980682373,0.642554759979248,-0.40814611315727234,2.176733687520027e-05,-0.23786868155002594
0.014559546485543251,-0.3145078718662262,0.5831157565116882,-0.03745817393064499,-0.05946331098675728,-0.6742759346961975,0.735127866268158,-0.8952581882476807,0.1716591864824295,-0.09832583367824554,1.1743072271347046,-0.3559594750404358,-0.006415142212063074,-0.9801349639892578,-0.11643204838037491,0.07237161695957184,1.2708408832550049,-0.16967622935771942,0.054970260709524155,-0.018926765769720078,0.07096743583679199,0.5005211234092712,-0.5238591432571411,0.31989747285842896,-0.8658909201622009,0.5745350122451782,0.41524577140808105,-0.036676473915576935,0.32689720392227173,-0.5702382326126099,-0.3301975131034851,0.81749427318573,0.664421796798706,-0.41234105825424194,-0.0010710847564041615,-0.24791015684604645
0.014904776588082314,-0.31522729992866516,0.5799462199211121,-0.03429364785552025,-0.05578107014298439,-0.6738753318786621,0.7359378337860107,-0.9238209128379822,0.17720754444599152,-0.10321573168039322,1.1683331727981567,-0.3403940796852112,-0.01134997047483921,-0.9996000528335571,-0.11961516737937927,0.08337441086769104,1.2631627321243286,-0.15905427932739258,0.055788420140743256,-0.02067124843597412,0.07470173388719559,0.5073387026786804,-0.5252492427825928,0.3107853829860687,-0.8725070953369141,0.5885752439498901,0.42765986919403076,-0.030660688877105713,0.3392997682094574,-0.5798699259757996,-0.3189939260482788,0.8279596567153931,0.6788333654403687,-0.4151788055896759,-0.0019103966187685728,-0.25422778725624084
0.015183385461568832,-0.3156794607639313,0.5778514742851257,-0.03235425427556038,-0.05350533500313759,-0.6735573410987854,0.7364855408668518,-0.9418179988861084,0.18082910776138306,-0.1063392162322998,1.1637697219848633,-0.3300822675228119,-0.014556658454239368,-1.011641025543213,-0.12174995988607407,0.09052540361881256,1.2571762800216675,-0.15193963050842285,0.056579798460006714,-0.02179718390107155,0.07709178328514099,0.5117701292037964,-0.5257668495178223,0.30513936281204224,-0.8767683506011963,0.5973657965660095,0.43552011251449585,-0.027107292786240578,0.3473874628543854,-0.5960257053375244,-0.31219303607940674,0.8344980478286743,0.6876286864280701,-0.41655707359313965,-0.0029117343947291374,-0.2581596076488495
0.015441996976733208,-0.31620562076568604,0.5765215158462524,-0.031169386580586433,-0.052072979509830475,-0.6733220815658569,0.7368543148040771,-0.9529514312744141,0.18330538272857666,-0.10861685127019882,1.1605597734451294,-0.3234568238258362,-0.01663743332028389,-1.0192177295684814,-0.12326915562152863,0.0950724184513092,1.2533917427062988,-0.1468687653541565,0.05717727541923523,-0.022323530167341232,0.07847361266613007,0.5146505832672119,-0.5256066918373108,0.30188313126564026,-0.8793083429336548,0.602462649345398,0.44081416726112366,-0.024920308962464333,0.35242924094200134,-0.6129760146141052,-0.30818426609039307,0.838534951210022,0.6927132606506348,-0.4172916114330292,-0.003825023304671049,-0.26023223996162415
0.015754617750644684,-0.3166953921318054,0.5755521059036255,-0.030363766476511955,-0.0511036179959774,-0.6732088923454285,0.7370592355728149,-0.9604399800300598,0.18487390875816345,-0.11017265915870667,1.1587852239608765,-0.31952276825904846,-0.0178417656570673,-1.0243901014328003,-0.12431047856807709,0.09812192618846893,1.2512873411178589,-0.14416979253292084,0.05734768882393837,-0.022690758109092712,0.0793156698346138,0.5165228843688965,-0.5251620411872864,0.30012768507003784,-0.8801627159118652,0.6050578355789185,0.44416892528533936,-0.02346176840364933,0.35582470893859863,-0.6263843178749084,-0.3062845468521118,0.8407476544380188,0.6954081058502197,-0.4178588390350342,-0.004577701911330223,-0.26134252548217773
0.016111427918076515,-0.3169645667076111,0.5749362707138062,-0.029947083443403244,-0.05058933049440384,-0.6730738282203674,0.7372350692749023,-0.9646793603897095,0.18582762777805328,-0.11125972121953964,1.1569573879241943,-0.3166806101799011,-0.018699636682868004,-1.0273505449295044,-0.12498082220554352,0.1000152975320816,1.249159574508667,-0.14198040962219238,0.05776164308190346,-0.02291848137974739,0.07971702516078949,0.5177398324012756,-0.5256012082099915,0.29929691553115845,-0.8807746171951294,0.6067078113555908,0.4465455412864685,-0.02246454730629921,0.3578641414642334,-0.6354258060455322,-0.30513641238212585,0.8420840501785278,0.6970111131668091,-0.4183965027332306,-0.005030856467783451,-0.2617214024066925
0.01644689403474331,-0.31721770763397217,0.5746586322784424,-0.02952437289059162,-0.050099827349185944,-0.6730182766914368,0.7373362183570862,-0.9674103856086731,0.18655180931091309,-0.11184391379356384,1.1549978256225586,-0.3146851062774658,-0.018994517624378204,-1.0293858051300049,-0.1255791336297989,0.10107392072677612,1.2475652694702148,-0.14049330353736877,0.057939574122428894,-0.022944634780287743,0.07994881272315979,0.5185308456420898,-0.5266183018684387,0.29898035526275635,-0.8811347484588623,0.6068106293678284,0.4478486478328705,-0.02222171612083912,0.3591717779636383,-0.6399717926979065,-0.30467745661735535,0.8429526090621948,0.697441577911377,-0.41889098286628723,-0.0055138650350272655,-0.2620117664337158
0.016760526224970818,-0.31750428676605225,0.5745628476142883,-0.029257209971547127,-0.04974258691072464,-0.6729261875152588,0.7374551296234131,-0.9690427780151367,0.18713952600955963,-0.11216060817241669,1.1526987552642822,-0.3128374516963959,-0.019200652837753296,-1.0304807424545288,-0.12597833573818207,0.10167975723743439,1.245927333831787,-0.1391533464193344,0.0582890622317791,-0.022716229781508446,0.08015453815460205,0.5190450549125671,-0.5286644101142883,0.29901614785194397,-0.8816014528274536,0.6072898507118225,0.4488389492034912,-0.02202153019607067,0.3597996234893799,-0.6421651244163513,-0.3044185936450958,0.8435725569725037,0.6981899738311768,-0.4192059636116028,-0.005554399453103542,-0.2621685564517975
0.017021937295794487,-0.31765496730804443,0.5745030641555786,-0.029041780158877373,-0.04941852390766144,-0.6728773713111877,0.737529993057251,-0.9700838327407837,0.18759582936763763,-0.11218523234128952,1.1505401134490967,-0.3115214705467224,-0.019238010048866272,-1.0313324928283691,-0.1263449639081955,0.10190156102180481,1.2447290420532227,-0.13831005990505219,0.058423712849617004,-0.022405436262488365,0.08055183291435242,0.5193792581558228,-0.5304044485092163,0.29911303520202637,-0.8820558786392212,0.6067696809768677,0.4496344327926636,-0.022191859781742096,0.36031413078308105,-0.6425532698631287,-0.30453193187713623,0.844040036201477,0.6981996297836304,-0.41942882537841797,-0.005808454006910324,-0.26232680678367615
0.017326440662145615,-0.3178110718727112,0.5745734572410583,-0.028838254511356354,-0.04910887032747269,-0.6728086471557617,0.7376213073730469,-0.9707648158073425,0.18790188431739807,-0.11206971108913422,1.1489286422729492,-0.3102608025074005,-0.0193021260201931,-1.0318102836608887,-0.1264532059431076,0.10207531601190567,1.2437694072723389,-0.13761505484580994,0.05853842943906784,-0.02209385298192501,0.08083836734294891,0.519596517086029,-0.5317317247390747,0.2991904318332672,-0.8825390338897705,0.606444239616394,0.4500068426132202,-0.022422846406698227,0.3603896498680115,-0.6423409581184387,-0.30468684434890747,0.8441606760025024,0.6985421180725098,-0.41928935050964355,-0.005836183205246925,-0.2624776065349579
0.0175999253988266,-0.3179137706756592,0.5745725631713867,-0.02866114303469658,-0.04881864786148071,-0.6727839112281799,0.7376700043678284,-0.9713846445083618,0.18827921152114868,-0.111928790807724,1.1472902297973633,-0.3093563914299011,-0.019198523834347725,-1.0324453115463257,-0.12660178542137146,0.10195145010948181,1.2431708574295044,-0.13716357946395874,0.05839119106531143,-0.021867506206035614,0.08096231520175934,0.519737720489502,-0.5323653817176819,0.2993541359901428,-0.8827104568481445,0.6057699918746948,0.4504263401031494,-0.022609520703554153,0.36071470379829407,-0.6416574120521545,-0.30484768748283386,0.8442670106887817,0.6981991529464722,-0.41923484206199646,-0.006079644430428743,-0.2628321647644043
0.017841551452875137,-0.31810805201530457,0.574560284614563,-0.02864963561296463,-0.04874999821186066,-0.6727457642555237,0.7377098202705383,-0.9716137647628784,0.18850433826446533,-0.11170728504657745,1.145867109298706,-0.3084658980369568,-0.01930636167526245,-1.0325685739517212,-0.12668491899967194,0.10171877592802048,1.242485761642456,-0.13671886920928955,0.058525148779153824,-0.021757259964942932,0.0812164768576622,0.519829511642456,-0.5327662825584412,0.2996092438697815,-0.8831136226654053,0.6055817008018494,0.4509887099266052,-0.022649090737104416,0.3607262670993805,-0.641485333442688,-0.30504629015922546,0.8444708585739136,0.6982688903808594,-0.4192535877227783,-0.006052304059267044,-0.2629912495613098
0.018112577497959137,-0.31839433312416077,0.5745687484741211,-0.028639571741223335,-0.04871837794780731,-0.6727493405342102,0.7377090454101562,-0.9716904163360596,0.18873348832130432,-0.11162364482879639,1.1446479558944702,-0.3077201545238495,-0.01932777464389801,-1.0326271057128906,-0.12673211097717285,0.10141182690858841,1.242141842842102,-0.13647527992725372,0.058677785098552704,-0.021617360413074493,0.08125681430101395,0.5198891758918762,-0.5328238606452942,0.29974624514579773,-0.8836307525634766,0.60565185546875,0.4513879716396332,-0.022760652005672455,0.3604792356491089,-0.6413937211036682,-0.3050122559070587,0.8445588946342468,0.6988757252693176,-0.41929006576538086,-0.0060045537538826466,-0.26317456364631653
0.018279699608683586,-0.31713956594467163,0.5869525671005249,-0.03748656064271927,-0.059450913220644,-0.6740521192550659,0.7353325486183167,-0.8747881650924683,0.16747072339057922,-0.09319240599870682,1.1584447622299194,-0.35990411043167114,-0.0008333213627338409,-0.9684190154075623,-0.11529479175806046,0.06115758419036865,1.2665259838104248,-0.17304325103759766,0.057097576558589935,-0.017749808728694916,0.06805381923913956,0.48408830165863037,-0.5220569968223572,0.3286491632461548,-0.8618245124816895,0.5630165934562683,0.4080859422683716,-0.04791700467467308,0.3146747052669525,-0.6537781357765198,-0.34334734082221985,0.8087713122367859,0.6484529972076416,-0.4085279107093811,-0.008980805054306984,-0.2401505708694458
0.018503040075302124,-0.31683409214019775,0.5942583084106445,-0.04547668620944023,-0.06880564987659454,-0.6748773455619812,0.7333064079284668,-0.8033894300460815,0.1545311063528061,-0.08058270066976547,1.166896939277649,-0.3951494097709656,0.011082393117249012,-0.9183998107910156,-0.10741075873374939,0.035046275705099106,1.2826752662658691,-0.19839909672737122,0.05612563341856003,-0.014859599992632866,0.059079524129629135,0.46706029772758484,-0.5132801532745361,0.3490406572818756,-0.8478660583496094,0.5319990515708923,0.37887370586395264,-0.06262971460819244,0.2827044129371643,-0.6526897549629211,-0.3693063259124756,0.7842550277709961,0.612349808216095,-0.4017694890499115,-0.008456423878669739,-0.2237396240234375
0.018716968595981598,-0.3171708285808563,0.6004183888435364,-0.05127907171845436,-0.07550499588251114,-0.6754243969917297,0.7317590117454529,-0.7545806765556335,0.14654654264450073,-0.07206276804208755,1.1721220016479492,-0.4185655415058136,0.019070127978920937,-0.8835690021514893,-0.10205645859241486,0.017899245023727417,1.2938878536224365,-0.2158188819885254,0.05528337135910988,-0.012610374949872494,0.05264332517981529,0.45740705728530884,-0.5063796639442444,0.3630102276802063,-0.8374195098876953,0.5116598606109619,0.35937872529029846,-0.07156568020582199,0.2619420886039734,-0.6455537676811218,-0.38661473989486694,0.7671245336532593,0.5885753631591797,-0.3975580334663391,-0.0076055508106946945,-0.21289563179016113
0.01901150867342949,-0.3177221715450287,0.6054943799972534,-0.055317141115665436,-0.08008449524641037,-0.6758166551589966,0.7306150197982788,-0.7210288643836975,0.14155979454517365,-0.06675499677658081,1.1730246543884277,-0.4320776164531708,0.023654740303754807,-0.8596150875091553,-0.0983758419752121,0.006799957249313593,1.3002493381500244,-0.22553551197052002,0.055331774055957794,-0.01123335026204586,0.04832616448402405,0.45224493741989136,-0.5003052949905396,0.37197428941726685,-0.8306070566177368,0.49797534942626953,0.3463435471057892,-0.07748767733573914,0.2474062144756317,-0.6358487606048584,-0.39765745401382446,0.7556041479110718,0.5723732709884644,-0.3946957588195801,-0.007117263972759247,-0.2049877643585205
0.019239727407693863,-0.3182891309261322,0.6087698936462402,-0.058097612112760544,-0.08322259038686752,-0.6761146187782288,0.7297723293304443,-0.6983479857444763,0.13842758536338806,-0.06351859867572784,1.1727802753448486,-0.44046157598495483,0.026526659727096558,-0.8435947299003601,-0.0959646999835968,-0.0006060651503503323,1.304684042930603,-0.2318515181541443,0.05497601628303528,-0.010270987637341022,0.045094482600688934,0.44917044043540955,-0.49653515219688416,0.3767448663711548,-0.8270618319511414,0.4902671277523041,0.33833760023117065,-0.08090859651565552,0.23754560947418213,-0.6264488697052002,-0.40403515100479126,0.7485822439193726,0.5645502805709839,-0.3932653069496155,-0.00637678662315011,-0.1996668577194214
0.019466478377580643,-0.3190729022026062,0.6110104322433472,-0.059900254011154175,-0.08522030711174011,-0.6763644218444824,0.7291643619537354,-0.6829098463058472,0.1365368515253067,-0.06137628108263016,1.1720155477523804,-0.4462149441242218,0.028376620262861252,-0.8331085443496704,-0.09431818872690201,-0.005612408742308617,1.3077373504638672,-0.23636603355407715,0.054531410336494446,-0.009617285802960396,0.04285646975040436,0.4469567537307739,-0.4937977194786072,0.3789146840572357,-0.8251228332519531,0.4863908588886261,0.33348798751831055,-0.08306334912776947,0.2312578558921814,-0.6178892254829407,-0.4075045585632324,0.743893027305603,0.5608172416687012,-0.3922994136810303,-0.005948904901742935,-0.19634604454040527
0.019680319353938103,-0.3198739290237427,0.612464427947998,-0.06109998747706413,-0.08654303848743439,-0.6766399145126343,0.7286533117294312,-0.6724551916122437,0.13548707962036133,-0.06001763045787811,1.1709004640579224,-0.45033735036849976,0.029764441773295403,-0.826336145401001,-0.09329979121685028,-0.009267458692193031,1.3103793859481812,-0.239606574177742,0.053678713738918304,-0.008939444087445736,0.04122117534279823,0.44558200240135193,-0.49225375056266785,0.37992727756500244,-0.8241405487060547,0.4844587445259094,0.33034297823905945,-0.0843527764081955,0.22714358568191528,-0.6118674278259277,-0.4097839891910553,0.7404149174690247,0.5595646500587463,-0.391295850276947,-0.005385805852711201,-0.19447354972362518
0.01985563151538372,-0.3210409879684448,0.6133400797843933,-0.061820387840270996,-0.0873732641339302,-0.676927387714386,0.7282262444496155,-0.665704071521759,0.13484588265419006,-0.059239041060209274,1.1707056760787964,-0.45367270708084106,0.03098488226532936,-0.8227888345718384,-0.09255683422088623,-0.01191740483045578,1.3145487308502197,-0.24273976683616638,0.052443552762269974,-0.008278253488242626,0.03983034938573837,0.4426712095737457,-0.48931342363357544,0.37966272234916687,-0.8242381811141968,0.4838216304779053,0.3293977975845337,-0.08516684174537659,0.2255776822566986,-0.6052073240280151,-0.4107665717601776,0.7382091879844666,0.5597603917121887,-0.3913270831108093,-0.004934941418468952,-0.19444158673286438
0.020026294514536858,-0.32231342792510986,0.6139795780181885,-0.062296804040670395,-0.08791670203208923,-0.67723149061203,0.7278373837471008,-0.6609570384025574,0.13461096584796906,-0.05889872461557388,1.1700680255889893,-0.4556664824485779,0.03213263303041458,-0.8208683729171753,-0.09190904349088669,-0.01397488359361887,1.3192894458770752,-0.24510526657104492,0.0509629063308239,-0.007601463235914707,0.038526035845279694,0.4422371983528137,-0.4895268678665161,0.37966716289520264,-0.8242676258087158,0.483454167842865,0.32792025804519653,-0.08558482676744461,0.2238318920135498,-0.6020610928535461,-0.4115719795227051,0.7366694211959839,0.5608958005905151,-0.3907002806663513,-0.0045337192714214325,-0.19354060292243958
0.020201515406370163,-0.32383662462234497,0.6142860651016235,-0.0625247061252594,-0.0881863459944725,-0.6775555610656738,0.7274835109710693,-0.6582158207893372,0.13459087908267975,-0.058710284531116486,1.1702063083648682,-0.4576716423034668,0.033422842621803284,-0.8206725120544434,-0.09149721264839172,-0.015749868005514145,1.3259711265563965,-0.24810458719730377,0.0488775335252285,-0.006988729350268841,0.037151508033275604,0.4405592083930969,-0.4902796745300293,0.3784729242324829,-0.8256632685661316,0.48404109477996826,0.3277430832386017,-0.08542077988386154,0.22384679317474365,-0.5997296571731567,-0.41102707386016846,0.7365354895591736,0.5630905628204346,-0.39103078842163086,-0.0037769691552966833,-0.19421690702438354
0.02040392905473709,-0.32534605264663696,0.6145766973495483,-0.06272504478693008,-0.08840132504701614,-0.6778574585914612,0.7271589040756226,-0.6559592485427856,0.1346501111984253,-0.05865032225847244,1.1689441204071045,-0.45863407850265503,0.03464234247803688,-0.820664644241333,-0.09104184806346893,-0.017240017652511597,1.3326884508132935,-0.2507614493370056,0.04688035324215889,-0.006369324866682291,0.03588978201150894,0.4404911994934082,-0.4947463572025299,0.3778791129589081,-0.827380895614624,0.48559674620628357,0.3271183371543884,-0.0850532054901123,0.22274962067604065,-0.6013725996017456,-0.4111320674419403,0.7372423410415649,0.5673243999481201,-0.39102792739868164,-0.0028498428873717785,-0.19348427653312683
0.020582877099514008,-0.3268834352493286,0.6148039102554321,-0.06279529631137848,-0.08848629146814346,-0.6781125068664551,0.7269046902656555,-0.6544032096862793,0.1346975564956665,-0.05873805657029152,1.167439341545105,-0.4593135118484497,0.03576451539993286,-0.821229100227356,-0.09067516028881073,-0.01863841339945793,1.3409464359283447,-0.25391241908073425,0.04483325034379959,-0.005618038587272167,0.034824054688215256,0.43876704573631287,-0.4974926710128784,0.3770443797111511,-0.830217719078064,0.48680952191352844,0.32783836126327515,-0.08482973277568817,0.22248494625091553,-0.6020920276641846,-0.4108356237411499,0.7388945817947388,0.5716451406478882,-0.39193880558013916,-0.002071548718959093,-0.1936207115650177
0.020801419392228127,-0.3284268379211426,0.6150639057159424,-0.0628494992852211,-0.08856375515460968,-0.6783487796783447,0.72666996717453,-0.6529914736747742,0.13470174372196198,-0.05880853906273842,1.165423035621643,-0.459322988986969,0.036944203078746796,-0.8216867446899414,-0.0905342698097229,-0.019923388957977295,1.3495211601257324,-0.256893128156662,0.04307239502668381,-0.004718700423836708,0.03404419869184494,0.4380582571029663,-0.5014221668243408,0.3770104944705963,-0.8325695991516113,0.48722219467163086,0.32774585485458374,-0.08479687571525574,0.22052450478076935,-0.6048263311386108,-0.4117894172668457,0.7401662468910217,0.5751919746398926,-0.39187300205230713,-0.001699240179732442,-0.19204643368721008
0.021032989025115967,-0.33017823100090027,0.6151767373085022,-0.06277576833963394,-0.08856064081192017,-0.6785421371459961,0.7264962196350098,-0.6524364948272705,0.13455736637115479,-0.05898590013384819,1.1647056341171265,-0.4594738483428955,0.038036540150642395,-0.8222192525863647,-0.0905352383852005,-0.02098178118467331,1.3590168952941895,-0.2606844902038574,0.04146113246679306,-0.0036344409454613924,0.03361305594444275,0.43542778491973877,-0.5029097199440002,0.37628835439682007,-0.8351230621337891,0.487326443195343,0.32873961329460144,-0.08473248034715652,0.21973048150539398,-0.6064889430999756,-0.41237619519233704,0.741195797920227,0.5787563323974609,-0.3922867774963379,-0.0010804476914927363,-0.19205844402313232
0.0213511660695076,-0.33199524879455566,0.6152244210243225,-0.06264979392290115,-0.08845913410186768,-0.6787382960319519,0.7263361811637878,-0.6524518728256226,0.13429412245750427,-0.0593876987695694,1.1642520427703857,-0.45951047539711,0.039073847234249115,-0.8230969905853271,-0.09027957916259766,-0.021695628762245178,1.3693933486938477,-0.2647860646247864,0.040118809789419174,-0.00240744324401021,0.03310900554060936,0.43302780389785767,-0.5036070942878723,0.37513768672943115,-0.836737871170044,0.4863365888595581,0.3294631838798523,-0.08467260748147964,0.21963468194007874,-0.607725977897644,-0.4127236604690552,0.7421735525131226,0.581240177154541,-0.39262762665748596,-0.0008193463436327875,-0.19211988151073456
0.021707091480493546,-0.3337823748588562,0.6154304146766663,-0.06254346668720245,-0.08839734643697739,-0.6789239048957825,0.7261794209480286,-0.6519577503204346,0.1340639889240265,-0.0596311017870903,1.1629008054733276,-0.4589570164680481,0.03980177268385887,-0.8231931924819946,-0.08981214463710785,-0.022150296717882156,1.3789036273956299,-0.26858702301979065,0.039086271077394485,-0.0011176600819453597,0.03295439854264259,0.4325125217437744,-0.5072267651557922,0.3741036653518677,-0.8378040790557861,0.4855291247367859,0.32861804962158203,-0.08431810885667801,0.21806871891021729,-0.6121186017990112,-0.4131546914577484,0.7428215146064758,0.5863226056098938,-0.39227044582366943,0.0001592322369106114,-0.19116118550300598
0.02214891090989113,-0.3370051383972168,0.5987831950187683,-0.0512252002954483,-0.07465947419404984,-0.6788983345031738,0.7286282181739807,-0.7598729133605957,0.1588926911354065,-0.0792188048362732,1.1581848859786987,-0.40827274322509766,0.016295701265335083,-0.9084211587905884,-0.0984765887260437,0.016767075285315514,1.369462251663208,-0.231745645403862,0.03921637684106827,-0.006088344380259514,0.04509986937046051,0.4631330966949463,-0.5139217376708984,0.34846848249435425,-0.8581016659736633,0.5271435976028442,0.36951935291290283,-0.06084947660565376,0.26321280002593994,-0.5877249836921692,-0.37449371814727783,0.7784731388092041,0.6281450390815735,-0.39934349060058594,0.00026461368543095887,-0.2152436077594757
0.022435244172811508,-0.338437557220459,0.6049655675888062,-0.051894064992666245,-0.07612117379903793,-0.6792474985122681,0.7281039953231812,-0.7328522205352783,0.14914044737815857,-0.07307663559913635,1.1586557626724243,-0.42301732301712036,0.025145983323454857,-0.888961911201477,-0.09498728811740875,0.0027897609397768974,1.384007215499878,-0.24743607640266418,0.038008712232112885,-0.0031254601199179888,0.04107910767197609,0.44157612323760986,-0.5166042447090149,0.3534623086452484,-0.8534398078918457,0.5175819993019104,0.3550424873828888,-0.07018819451332092,0.24766144156455994,-0.601962149143219,-0.3849722743034363,0.7695648670196533,0.6262893080711365,-0.3967391848564148,-0.0004543144314084202,-0.2077256143093109
0.02268821746110916,-0.3399572968482971,0.608913779258728,-0.054566390812397,-0.07958091050386429,-0.6794324517250061,0.7273657917976379,-0.7070760726928711,0.14260335266590118,-0.06910409033298492,1.1589796543121338,-0.43428218364715576,0.031040141358971596,-0.8680458068847656,-0.09251254051923752,-0.006347806192934513,1.3970515727996826,-0.2607133090496063,0.0371636301279068,-0.0007526755798608065,0.03812985122203827,0.43430811166763306,-0.5185229182243347,0.3586409091949463,-0.850955605506897,0.5075815916061401,0.3451465368270874,-0.07507452368736267,0.2361152172088623,-0.6097759008407593,-0.3928002715110779,0.7640426158905029,0.6211429238319397,-0.3957195281982422,-9.212424629367888e-05,-0.20094960927963257
0.02291441708803177,-0.3415296673774719,0.6113213896751404,-0.05684030055999756,-0.0824766606092453,-0.6795629858970642,0.7267467975616455,-0.6885907649993896,0.1378699690103531,-0.06720077991485596,1.159332513809204,-0.4418419301509857,0.03468134254217148,-0.8519469499588013,-0.09044577181339264,-0.011963341385126114,1.407942771911621,-0.27082985639572144,0.03681009262800217,0.0011981958523392677,0.035937827080488205,0.4322059154510498,-0.5203912854194641,0.3620235323905945,-0.8490118980407715,0.4989151954650879,0.3386000692844391,-0.07798599451780319,0.22881299257278442,-0.6138482093811035,-0.39739686250686646,0.7612905502319336,0.6155381202697754,-0.3956354856491089,-0.00014726241352036595,-0.19557760655879974
0.0231391042470932,-0.34275582432746887,0.6128944754600525,-0.058440178632736206,-0.08451422303915024,-0.679622232913971,0.7263302803039551,-0.6761279106140137,0.13413387537002563,-0.06665544211864471,1.159049153327942,-0.446227490901947,0.03654540702700615,-0.8401349186897278,-0.08904719352722168,-0.015515548177063465,1.4161207675933838,-0.27780938148498535,0.03682689741253853,0.002868467476218939,0.0344473272562027,0.43197688460350037,-0.5198125243186951,0.3636893033981323,-0.8466476202011108,0.49126166105270386,0.33443015813827515,-0.07995860278606415,0.22464965283870697,-0.6136907339096069,-0.3995988965034485,0.759393036365509,0.6094623804092407,-0.3958461284637451,-0.0008632371318526566,-0.19159701466560364
0.023288313299417496,-0.34391188621520996,0.6137878894805908,-0.05945068970322609,-0.08588852733373642,-0.6795987486839294,0.7261090874671936,-0.6684713363647461,0.1309276521205902,-0.0671747550368309,1.1588401794433594,-0.44870445132255554,0.03720724955201149,-0.8317793607711792,-0.08779869973659515,-0.017500588670372963,1.423081398010254,-0.28311365842819214,0.03713027015328407,0.004359952639788389,0.03337914124131203,0.432295024394989,-0.5187700390815735,0.36461684107780457,-0.8449517488479614,0.4841828942298889,0.33183547854423523,-0.08144495636224747,0.22209402918815613,-0.612169086933136,-0.40066254138946533,0.7582476735115051,0.6030184030532837,-0.39586693048477173,-0.0018952528480440378,-0.1883358359336853
0.023463647812604904,-0.3452853560447693,0.614145815372467,-0.05993542820215225,-0.08670388907194138,-0.6795692443847656,0.7259998917579651,-0.6645992398262024,0.12808388471603394,-0.06834544241428375,1.1606507301330566,-0.4505826532840729,0.03764057159423828,-0.8264108896255493,-0.08720768243074417,-0.01872996799647808,1.4303267002105713,-0.28768080472946167,0.036704111844301224,0.005563560873270035,0.032395511865615845,0.4311554431915283,-0.5171494483947754,0.3640749454498291,-0.8437097072601318,0.47942203283309937,0.33088040351867676,-0.08205386251211166,0.22216227650642395,-0.6085695624351501,-0.3995293080806732,0.7582753896713257,0.5973279476165771,-0.3965435028076172,-0.002882431261241436,-0.18723824620246887
0.02360813319683075,-0.346943199634552,0.6140061616897583,-0.060004670172929764,-0.08705243468284607,-0.6794489622116089,0.7260650396347046,-0.6640445590019226,0.1254897266626358,-0.07003355771303177,1.1641936302185059,-0.4521428048610687,0.03781916946172714,-0.8235775828361511,-0.08690261840820312,-0.01913883537054062,1.4386990070343018,-0.2920016944408417,0.03566320613026619,0.006881179288029671,0.031884752213954926,0.430642306804657,-0.5180237889289856,0.3631889820098877,-0.8417309522628784,0.47592392563819885,0.32977545261383057,-0.08212821930646896,0.22413873672485352,-0.6072604656219482,-0.3976461887359619,0.7580888271331787,0.5945086479187012,-0.39684683084487915,-0.0030496972613036633,-0.18750515580177307
0.02376868948340416,-0.34845149517059326,0.6136653423309326,-0.060070350766181946,-0.08733230084180832,-0.6792129874229431,0.7262467741966248,-0.6646261215209961,0.1233668178319931,-0.07169082760810852,1.1675666570663452,-0.4529145359992981,0.03762724995613098,-0.821478009223938,-0.08673179149627686,-0.01896522380411625,1.4452416896820068,-0.29534873366355896,0.034929193556308746,0.007674713619053364,0.031658172607421875,0.432012140750885,-0.5210424065589905,0.3626834750175476,-0.8388102650642395,0.47360485792160034,0.3279106914997101,-0.08196757733821869,0.2252170443534851,-0.6077088117599487,-0.39648139476776123,0.7572856545448303,0.59212327003479,-0.3963041603565216,-0.003379447851330042,-0.186879500746727
0.02396496944129467,-0.3498236835002899,0.612977921962738,-0.0600268580019474,-0.08748094737529755,-0.6789261102676392,0.7265006303787231,-0.6667728424072266,0.12160813063383102,-0.0734361857175827,1.1725764274597168,-0.4539942145347595,0.037330690771341324,-0.8208240866661072,-0.08680376410484314,-0.01850397139787674,1.4529807567596436,-0.29863983392715454,0.033504385501146317,0.008276375010609627,0.03114045411348343,0.43270379304885864,-0.5227076411247253,0.36207836866378784,-0.8358843326568604,0.47147423028945923,0.32726383209228516,-0.08155196160078049,0.22823315858840942,-0.6064478754997253,-0.3952943682670593,0.7566781044006348,0.5882753133773804,-0.39644768834114075,-0.0038644929882138968,-0.18798857927322388
0.02415376529097557,-0.35116493701934814,0.6121455430984497,-0.05977179482579231,-0.08748988807201385,-0.6786260008811951,0.7268009185791016,-0.6700475811958313,0.12005689740180969,-0.07520368695259094,1.178104043006897,-0.4546170234680176,0.036500874906778336,-0.8211891651153564,-0.08719746768474579,-0.017846684902906418,1.4601740837097168,-0.3010416328907013,0.03249344602227211,0.008695998229086399,0.030958052724599838,0.4336560368537903,-0.5239637494087219,0.3620116114616394,-0.8329377174377441,0.47078871726989746,0.3273155987262726,-0.08075829595327377,0.23119263350963593,-0.604765772819519,-0.394332617521286,0.7560629844665527,0.584800124168396,-0.3969346582889557,-0.004055720288306475,-0.18899403512477875
0.024403542280197144,-0.35252633690834045,0.611153244972229,-0.05942293629050255,-0.08733724802732468,-0.6783915162086487,0.7270668148994446,-0.6743994951248169,0.11848467588424683,-0.07695414125919342,1.1841003894805908,-0.45518797636032104,0.035862505435943604,-0.8223565816879272,-0.0878513753414154,-0.01702473685145378,1.4677015542984009,-0.30346792936325073,0.03167568892240524,0.009173532947897911,0.03110053390264511,0.4351217746734619,-0.5247632265090942,0.3628506064414978,-0.8296364545822144,0.4691764712333679,0.32762980461120605,-0.08020558953285217,0.23419149219989777,-0.6033782958984375,-0.39444661140441895,0.7547163963317871,0.5795491933822632,-0.3971114754676819,-0.004578720778226852,-0.19007694721221924
0.024652214720845222,-0.353504478931427,0.6099478006362915,-0.05900460481643677,-0.08717312663793564,-0.6781436800956726,0.7273516654968262,-0.6796340942382812,0.11706095933914185,-0.07811000943183899,1.1902674436569214,-0.4558425545692444,0.03547108173370361,-0.8238844871520996,-0.08877992630004883,-0.016012609004974365,1.4743191003799438,-0.30596473813056946,0.031264498829841614,0.009495289996266365,0.03185242787003517,0.4371407628059387,-0.5248187184333801,0.364492803812027,-0.8266311883926392,0.46601003408432007,0.3284458518028259,-0.08006031066179276,0.2367510348558426,-0.6013613343238831,-0.3958134353160858,0.7531996965408325,0.5733326077461243,-0.3972141146659851,-0.0052517978474497795,-0.19100800156593323
0.025038419291377068,-0.35451287031173706,0.6083986163139343,-0.0585312657058239,-0.08701005578041077,-0.6779854893684387,0.7275568842887878,-0.6862437725067139,0.11544843018054962,-0.07907700538635254,1.1978943347930908,-0.4565405249595642,0.03548212721943855,-0.825859010219574,-0.09004899114370346,-0.014817742630839348,1.4809437990188599,-0.3086078464984894,0.031188849359750748,0.00965722743421793,0.03321516513824463,0.44019582867622375,-0.523646354675293,0.3672417104244232,-0.8235604763031006,0.46101057529449463,0.3295828700065613,-0.08050936460494995,0.2389988899230957,-0.59847491979599,-0.39827921986579895,0.7514551877975464,0.5635076761245728,-0.39701321721076965,-0.007013899274170399,-0.19178631901741028
0.02551513910293579,-0.35550034046173096,0.6066261529922485,-0.05809750035405159,-0.08682679384946823,-0.6778711676597595,0.7277200818061829,-0.6936383247375488,0.11388781666755676,-0.07964831590652466,1.206089735031128,-0.4575427770614624,0.036663755774497986,-0.829240620136261,-0.09131751954555511,-0.013496754691004753,1.4883358478546143,-0.31112754344940186,0.03117934986948967,0.009165193885564804,0.03485233709216118,0.44538581371307373,-0.5189275145530701,0.3716457784175873,-0.8198126554489136,0.45379161834716797,0.3317616581916809,-0.08134716749191284,0.24113121628761292,-0.5923482179641724,-0.4029013514518738,0.7492356300354004,0.5493343472480774,-0.39698103070259094,-0.009997298009693623,-0.19152697920799255
0.026060283184051514,-0.3562144637107849,0.6047824025154114,-0.05773141607642174,-0.0866418406367302,-0.6778029203414917,0.7278348207473755,-0.7013745903968811,0.11177205294370651,-0.08031879365444183,1.213808536529541,-0.45833727717399597,0.03751484304666519,-0.8326287865638733,-0.09268923103809357,-0.011946176178753376,1.495030164718628,-0.31320083141326904,0.03183220699429512,0.008548075333237648,0.036605678498744965,0.45208021998405457,-0.514262855052948,0.3785657286643982,-0.8149406909942627,0.44351768493652344,0.3329729437828064,-0.08247609436511993,0.24135202169418335,-0.5873140692710876,-0.41014978289604187,0.7464812397956848,0.5306789875030518,-0.39584603905677795,-0.013176931999623775,-0.18850824236869812
0.026654858142137527,-0.3570135831832886,0.6028330326080322,-0.05738597363233566,-0.08641255646944046,-0.6777800917625427,0.7279106378555298,-0.7092941403388977,0.10961424559354782,-0.08098729699850082,1.2222990989685059,-0.45990779995918274,0.039203133434057236,-0.8374096155166626,-0.0941484123468399,-0.010444985702633858,1.5037622451782227,-0.3153384029865265,0.03431396186351776,0.007942027412354946,0.03881489858031273,0.459797203540802,-0.5043694972991943,0.3884982466697693,-0.8136460185050964,0.4251760244369507,0.3358020782470703,-0.08587948977947235,0.2391602247953415,-0.5787628889083862,-0.419490247964859,0.7465234994888306,0.506290853023529,-0.3953399360179901,-0.01827891170978546,-0.18284010887145996
0.027649037539958954,-0.3591097593307495,0.5873349905014038,-0.04299534112215042,-0.06784520298242569,-0.6770653128623962,0.7315264344215393,-0.8294252157211304,0.1369144320487976,-0.08822044730186462,1.2066173553466797,-0.4110432267189026,0.022222111001610756,-0.9291881322860718,-0.10256180167198181,0.03341921791434288,1.463363766670227,-0.27910685539245605,0.04817565158009529,8.011143654584885e-05,0.06243547797203064,0.4808681607246399,-0.5056220293045044,0.370972216129303,-0.8451710939407349,0.4349970817565918,0.38676097989082336,-0.06792198121547699,0.28412938117980957,-0.5477468371391296,-0.40568339824676514,0.7821626663208008,0.5209601521492004,-0.4108961820602417,-0.01983281970024109,-0.20579823851585388
0.028856582939624786,-0.3600849509239197,0.579566478729248,-0.03138371556997299,-0.05276282876729965,-0.6766713857650757,0.7337213158607483,-0.9198979139328003,0.15481409430503845,-0.09203195571899414,1.1989048719406128,-0.3814633786678314,0.012249293737113476,-0.9994572997093201,-0.10738863050937653,0.06285646557807922,1.4401863813400269,-0.2568080723285675,0.062379539012908936,-0.0036388307344168425,0.0797673910856247,0.4945642948150635,-0.5094273090362549,0.3651067912578583,-0.8713759183883667,0.4271225035190582,0.4246494174003601,-0.060703761875629425,0.3190007507801056,-0.529268741607666,-0.40517139434814453,0.8104122877120972,0.516241729259491,-0.42406898736953735,-0.02587568759918213,-0.22296348214149475
0.03027765080332756,-0.3596644401550293,0.5722627639770508,-0.02163037098944187,-0.040101442486047745,-0.6764267683029175,0.735099196434021,-0.9927535057067871,0.16650763154029846,-0.09300736337900162,1.1961452960968018,-0.36389943957328796,0.007294397801160812,-1.056233286857605,-0.11058906465768814,0.08255080878734589,1.4276775121688843,-0.24384713172912598,0.077225461602211,-0.004330766852945089,0.0907667949795723,0.503466784954071,-0.5123281478881836,0.3688257336616516,-0.8925454616546631,0.40426135063171387,0.4531271457672119,-0.058449361473321915,0.34853434562683105,-0.5274211764335632,-0.41397106647491455,0.8326183557510376,0.4937761425971985,-0.4350205957889557,-0.033343277871608734,-0.2374076545238495
0.03174067288637161,-0.35776910185813904,0.5654904842376709,-0.012462408281862736,-0.02820480614900589,-0.676202654838562,0.7360700368881226,-1.0565108060836792,0.1747744381427765,-0.09123913198709488,1.1940289735794067,-0.3532654941082001,0.005994620267301798,-1.1064534187316895,-0.11269044876098633,0.09560208022594452,1.4205396175384521,-0.2374449521303177,0.09279276430606842,-0.0022559133358299732,0.09763327240943909,0.5092533826828003,-0.5126756429672241,0.37822502851486206,-0.9110589027404785,0.3716585636138916,0.4766033887863159,-0.05810827016830444,0.3777788281440735,-0.5403698086738586,-0.4292857050895691,0.8521709442138672,0.46155810356140137,-0.44600653648376465,-0.040401846170425415,-0.25139594078063965
0.03344501927495003,-0.3543664813041687,0.5596740245819092,-0.004118682816624641,-0.017132921144366264,-0.6759357452392578,0.7367498278617859,-1.1125342845916748,0.1810065507888794,-0.08766034990549088,1.189579725265503,-0.34587782621383667,0.006259474903345108,-1.1495141983032227,-0.1146634891629219,0.10403662174940109,1.4137859344482422,-0.23510023951530457,0.10766666382551193,0.0014185896143317223,0.10172612965106964,0.5130146741867065,-0.5091114044189453,0.38899874687194824,-0.9223419427871704,0.3385142683982849,0.49664080142974854,-0.05684845149517059,0.40844404697418213,-0.5590397119522095,-0.4460753798484802,0.8660438060760498,0.42489326000213623,-0.4561481773853302,-0.04629500210285187,-0.26754146814346313
0.03559737652540207,-0.3507991135120392,0.5548327565193176,0.003570405999198556,-0.006405540741980076,-0.675478458404541,0.7373433113098145,-1.1627774238586426,0.18516337871551514,-0.08311299234628677,1.1845471858978271,-0.3406525254249573,0.0076528131030499935,-1.1863669157028198,-0.11636113375425339,0.11063212156295776,1.408420205116272,-0.236863911151886,0.11920730024576187,0.0062395427376031876,0.10465456545352936,0.5154595375061035,-0.503340482711792,0.3973936438560486,-0.9288485050201416,0.3088580071926117,0.5133262872695923,-0.05435167998075485,0.43797287344932556,-0.5804335474967957,-0.4621497690677643,0.8751929998397827,0.3938586413860321,-0.4658893644809723,-0.04876884073019028,-0.2846669852733612
0.03834473714232445,-0.34848809242248535,0.5521489381790161,0.010234859772026539,0.0034158697817474604,-0.6748150587081909,0.7379080057144165,-1.2031598091125488,0.1870899647474289,-0.07902698218822479,1.1791718006134033,-0.3373265266418457,0.008763713762164116,-1.2125674486160278,-0.11933689564466476,0.11530791223049164,1.4015793800354004,-0.24216702580451965,0.12726961076259613,0.011800160631537437,0.10609959065914154,0.5170486569404602,-0.5007914304733276,0.4031103253364563,-0.9301159381866455,0.28594979643821716,0.5269325971603394,-0.05115969479084015,0.46343690156936646,-0.5980857014656067,-0.4748920798301697,0.8805851936340332,0.3726930320262909,-0.47509363293647766,-0.04922524094581604,-0.3001497983932495
0.04160374402999878,-0.348509281873703,0.5512271523475647,0.01608416624367237,0.012758114375174046,-0.6735243797302246,0.7388798594474792,-1.2361007928848267,0.1863391399383545,-0.07646062970161438,1.1768559217453003,-0.33510273694992065,0.009841183200478554,-1.2305179834365845,-0.12298882007598877,0.11978966742753983,1.3976762294769287,-0.2511104345321655,0.1301344335079193,0.017095301300287247,0.10636778175830841,0.5180816054344177,-0.5065569281578064,0.4023493528366089,-0.9310780763626099,0.2785128057003021,0.5373246073722839,-0.04573081433773041,0.48158517479896545,-0.6137609481811523,-0.47973835468292236,0.8846251964569092,0.37443530559539795,-0.48426002264022827,-0.045090675354003906,-0.31250709295272827
0.045208338648080826,-0.35129261016845703,0.5522938966751099,0.020653463900089264,0.020631203427910805,-0.6718127131462097,0.7401455640792847,-1.2591021060943604,0.18385060131549835,-0.07495403289794922,1.1769635677337646,-0.3355245888233185,0.010725644417107105,-1.2376434803009033,-0.1279091238975525,0.12347456812858582,1.3943383693695068,-0.26392218470573425,0.12877744436264038,0.023448575288057327,0.10621188580989838,0.5187530517578125,-0.5206770896911621,0.3976549208164215,-0.925815224647522,0.28200677037239075,0.5435885190963745,-0.038957513868808746,0.49365389347076416,-0.630841076374054,-0.4790269732475281,0.8831068873405457,0.3924979567527771,-0.4908776879310608,-0.03773069754242897,-0.32199394702911377
0.04896438866853714,-0.35647904872894287,0.554269552230835,0.023698491975665092,0.02678113430738449,-0.6696975827217102,0.741772472858429,-1.2743523120880127,0.17991919815540314,-0.0747964158654213,1.1808936595916748,-0.33682891726493835,0.013095485046505928,-1.236979603767395,-0.1327562779188156,0.12697333097457886,1.3944733142852783,-0.2792135179042816,0.12406019121408463,0.02911880612373352,0.10449688136577606,0.5191894769668579,-0.5400282740592957,0.38949304819107056,-0.9197585582733154,0.29927805066108704,0.5460909008979797,-0.030653947964310646,0.4996461868286133,-0.6479742527008057,-0.4726877212524414,0.8795382380485535,0.427001416683197,-0.4942620098590851,-0.028008366003632545,-0.32878392934799194
0.05267643183469772,-0.3630402088165283,0.5571450591087341,0.025204772129654884,0.030667075887322426,-0.6674342155456543,0.7436100244522095,-1.2810722589492798,0.17479059100151062,-0.0754849910736084,1.186701774597168,-0.33897876739501953,0.015342526137828827,-1.2278913259506226,-0.13758262991905212,0.13037484884262085,1.3950597047805786,-0.29628288745880127,0.11692450940608978,0.03427042439579964,0.10137586295604706,0.519473135471344,-0.5634424686431885,0.3777398467063904,-0.9114641547203064,0.3254839777946472,0.5451622605323792,-0.021740999072790146,0.5011769533157349,-0.662572979927063,-0.4615456461906433,0.8744245767593384,0.47604990005493164,-0.49528247117996216,-0.01711275242269039,-0.3330347537994385
0.05645044893026352,-0.3708330988883972,0.5615893602371216,0.024304525926709175,0.03158728405833244,-0.6651471853256226,0.7456479072570801,-1.2739354372024536,0.16960911452770233,-0.07544941455125809,1.1896793842315674,-0.34208357334136963,0.019592661410570145,-1.206053614616394,-0.14323629438877106,0.1320386677980423,1.3903064727783203,-0.31338563561439514,0.11006490886211395,0.037710316479206085,0.09768298268318176,0.5196574926376343,-0.5859771966934204,0.3638010621070862,-0.9075985550880432,0.3671996593475342,0.5421261787414551,-0.012740192003548145,0.49609577655792236,-0.6752594709396362,-0.446268767118454,0.8692245483398438,0.5338154435157776,-0.4931747317314148,-0.007550117559731007,-0.333611398935318
0.06020195782184601,-0.3796164393424988,0.5675039291381836,0.021908843889832497,0.030410490930080414,-0.6627888679504395,0.74786776304245,-1.2573010921478271,0.1644570529460907,-0.07486625015735626,1.1877777576446533,-0.3435700833797455,0.02301495522260666,-1.1742593050003052,-0.1489713490009308,0.13259652256965637,1.3799375295639038,-0.3300479054450989,0.10225185751914978,0.041961245238780975,0.09213905781507492,0.5197773575782776,-0.6101680994033813,0.3463281989097595,-0.903346836566925,0.4152767062187195,0.5358026027679443,-0.004038180690258741,0.4889598488807678,-0.6853535771369934,-0.42701980471611023,0.8639878034591675,0.6022430658340454,-0.4889838695526123,0.003050536848604679,-0.33267873525619507
0.06409218162298203,-0.3894506096839905,0.5758069753646851,0.01801999844610691,0.027738893404603004,-0.6602187156677246,0.7503446936607361,-1.228388786315918,0.15983782708644867,-0.07149405032396317,1.1791603565216064,-0.34497734904289246,0.030019611120224,-1.1299761533737183,-0.1550534963607788,0.13087639212608337,1.3591489791870117,-0.3448026776313782,0.09579111635684967,0.04506206512451172,0.08800685405731201,0.519855260848999,-0.6282985210418701,0.3268356919288635,-0.8997076749801636,0.47515854239463806,0.5260449051856995,0.004060178995132446,0.47953203320503235,-0.690019965171814,-0.40575629472732544,0.8560243844985962,0.6765691637992859,-0.4815199375152588,0.012291756458580494,-0.33077654242515564
0.06794935464859009,-0.40062156319618225,0.5866518616676331,0.0136050283908844,0.024326154962182045,-0.6575059294700623,0.7529336810112,-1.1896812915802002,0.15549983084201813,-0.06615953147411346,1.1609028577804565,-0.3454713225364685,0.03639887273311615,-1.074791669845581,-0.16157245635986328,0.12623631954193115,1.326493263244629,-0.35806310176849365,0.08889777213335037,0.048404086381196976,0.08225445449352264,0.5199059247970581,-0.644655168056488,0.3069666028022766,-0.8948659896850586,0.5347213745117188,0.5145605802536011,0.00995686836540699,0.47049838304519653,-0.6871494054794312,-0.3816848397254944,0.8488707542419434,0.7511824369430542,-0.47401928901672363,0.019564127549529076,-0.3275013566017151
0.07206845283508301,-0.41315171122550964,0.5999985933303833,0.00814197026193142,0.020189393311738968,-0.6546012759208679,0.7556608319282532,-1.1371517181396484,0.15177354216575623,-0.05732300132513046,1.1334911584854126,-0.34668031334877014,0.04750910773873329,-1.0075254440307617,-0.16774794459342957,0.11886955797672272,1.283052682876587,-0.3678767681121826,0.08480831980705261,0.04968933388590813,0.07716163992881775,0.5199388265609741,-0.6514330506324768,0.2900434732437134,-0.8876311182975769,0.5990098118782043,0.5017058849334717,0.013610786758363247,0.4595900774002075,-0.6763836741447449,-0.36050087213516235,0.8381890654563904,0.821966826915741,-0.4647951126098633,0.02361348085105419,-0.32139214873313904
0.07649457454681396,-0.4268013536930084,0.6185542345046997,0.0014475735370069742,0.015019782818853855,-0.6520366072654724,0.7580373883247375,-1.058511734008789,0.15119586884975433,-0.04246293380856514,1.0770304203033447,-0.3463159203529358,0.059968963265419006,-0.917146623134613,-0.17435313761234283,0.10500006377696991,1.2094871997833252,-0.37142378091812134,0.0837499275803566,0.051548443734645844,0.07634886354207993,0.5199602246284485,-0.6479366421699524,0.2733316123485565,-0.8829277753829956,0.6650038957595825,0.4909740686416626,0.013296807184815407,0.4415557086467743,-0.6547350287437439,-0.36016151309013367,0.8237988352775574,0.8911388516426086,-0.45462846755981445,0.025627385824918747,-0.30990222096443176
0.08235092461109161,-0.44371581077575684,0.6357998251914978,-0.005968625191599131,0.009821640327572823,-0.6501474976539612,0.7597211003303528,-0.9730675220489502,0.150172159075737,-0.026278190314769745,1.0232800245285034,-0.3471906781196594,0.07730132341384888,-0.8268333673477173,-0.17812977731227875,0.09128110110759735,1.147307276725769,-0.37270495295524597,0.08388572186231613,0.05339595302939415,0.07531917095184326,0.5197373032569885,-0.6341018080711365,0.26429376006126404,-0.8663938641548157,0.7155343294143677,0.4765726625919342,0.009753501042723656,0.4264117479324341,-0.6270245909690857,-0.36199748516082764,0.8017218112945557,0.9481656551361084,-0.44135862588882446,0.024934295564889908,-0.2979041635990143
0.0889776200056076,-0.46445432305336,0.6542864441871643,-0.012159700505435467,0.0062011354602873325,-0.6494610905647278,0.7602723240852356,-0.8786671757698059,0.14963692426681519,-0.009533757343888283,0.9577597379684448,-0.3490009605884552,0.09431014209985733,-0.7317586541175842,-0.17987585067749023,0.07509931921958923,1.0778347253799438,-0.3699401915073395,0.0875512957572937,0.057488635182380676,0.07561470568180084,0.5048481822013855,-0.6011437773704529,0.2608536183834076,-0.8482840061187744,0.7539991140365601,0.4652937054634094,0.0033709509298205376,0.4083782732486725,-0.5886151194572449,-0.3568173944950104,0.7786728143692017,0.9935839176177979,-0.4296884536743164,0.021858271211385727,-0.2830737233161926
0.09806814789772034,-0.49181413650512695,0.6721794009208679,-0.018815385177731514,0.003471438307315111,-0.6489524841308594,0.7605883479118347,-0.7674787044525146,0.14807477593421936,0.007842550054192543,0.8799296617507935,-0.3496674597263336,0.11626830697059631,-0.6331390738487244,-0.1797405630350113,0.05817049741744995,1.0113908052444458,-0.3614093065261841,0.09622633457183838,0.06091052293777466,0.08217224478721619,0.4738537669181824,-0.5477465987205505,0.26699718832969666,-0.8206160664558411,0.7831120491027832,0.44859224557876587,-0.011071671731770039,0.3770374357700348,-0.5357513427734375,-0.35489922761917114,0.7444463968276978,1.0343818664550781,-0.416328489780426,0.013502165675163269,-0.2572222352027893
0.10892520844936371,-0.52469801902771,0.6885537505149841,-0.022552285343408585,0.004324021749198437,-0.6492666006088257,0.7602141499519348,-0.6614410281181335,0.14493274688720703,0.020268931984901428,0.7992466688156128,-0.3487188220024109,0.13387134671211243,-0.5426775813102722,-0.17522510886192322,0.045043084770441055,0.9472255706787109,-0.35010790824890137,0.1054050624370575,0.06706538796424866,0.09064163267612457,0.4247834086418152,-0.4802176356315613,0.2725452184677124,-0.7966912984848022,0.8114120960235596,0.4336701035499573,-0.02367708459496498,0.3490855097770691,-0.47627848386764526,-0.3478732109069824,0.7153313755989075,1.0682507753372192,-0.405864953994751,0.006054425612092018,-0.23609566688537598
0.12090091407299042,-0.5615875720977783,0.703739583492279,-0.0260322242975235,0.006299380678683519,-0.6488974094390869,0.7604044079780579,-0.5544950366020203,0.14073269069194794,0.028017673641443253,0.7142773866653442,-0.34323543310165405,0.15047726035118103,-0.46602851152420044,-0.16735993325710297,0.0361306257545948,0.9001857042312622,-0.3349073827266693,0.1157267838716507,0.07026656717061996,0.10215377807617188,0.3688109219074249,-0.40449824929237366,0.28118276596069336,-0.7643912434577942,0.8432748913764954,0.4133804440498352,-0.04095246270298958,0.3152555525302887,-0.41192367672920227,-0.34364622831344604,0.6807085871696472,1.0966031551361084,-0.3949821889400482,-0.006374693010002375,-0.2110477238893509
0.13171546161174774,-0.598077654838562,0.7209208011627197,-0.02844245918095112,0.009030865505337715,-0.648923397064209,0.7602683305740356,-0.46079060435295105,0.13510659337043762,0.025316329672932625,0.6380232572555542,-0.33822908997535706,0.16046679019927979,-0.404880166053772,-0.15503984689712524,0.034762121737003326,0.8619457483291626,-0.31802496314048767,0.12637048959732056,0.07206886261701584,0.1143304705619812,0.31541508436203003,-0.33285894989967346,0.2908511161804199,-0.7426071166992188,0.8641613721847534,0.39853349328041077,-0.057450070977211,0.2879219651222229,-0.35141265392303467,-0.33875736594200134,0.6549714803695679,1.1126800775527954,-0.3869767487049103,-0.01894192025065422,-0.19404399394989014
0.1413775086402893,-0.6325960159301758,0.7350651025772095,-0.030619973316788673,0.011809197254478931,-0.6476659178733826,0.7612173557281494,-0.3798714578151703,0.12942072749137878,0.016488322988152504,0.5722845792770386,-0.333384245634079,0.16984665393829346,-0.36652231216430664,-0.14031624794006348,0.03575293719768524,0.8517360687255859,-0.30484625697135925,0.13301508128643036,0.07105250656604767,0.12486153095960617,0.27031829953193665,-0.2766217887401581,0.3020114302635193,-0.7155244946479797,0.8817931413650513,0.38126417994499207,-0.07192997634410858,0.2635040879249573,-0.30262959003448486,-0.33644363284111023,0.6280569434165955,1.1217588186264038,-0.37671583890914917,-0.03221143037080765,-0.17850050330162048
0.14939218759536743,-0.6635818481445312,0.7450867891311646,-0.032381728291511536,0.014052718877792358,-0.6462493538856506,0.7623094916343689,-0.3121024966239929,0.12305363267660141,0.0007667616009712219,0.5140833258628845,-0.3287055492401123,0.1745283007621765,-0.34311962127685547,-0.12253084778785706,0.03994479775428772,0.8499114513397217,-0.29333439469337463,0.13835379481315613,0.06844089180231094,0.13437306880950928,0.23582907021045685,-0.23610955476760864,0.31641143560409546,-0.694782018661499,0.8884425163269043,0.3679988384246826,-0.08579941093921661,0.24233049154281616,-0.2626138925552368,-0.3374735414981842,0.6071012616157532,1.1212698221206665,-0.36782389879226685,-0.04571317881345749,-0.16506554186344147
0.15714868903160095,-0.6929311752319336,0.752395510673523,-0.0344698391854763,0.015326135791838169,-0.6437488198280334,0.7643065452575684,-0.2509162127971649,0.11683586239814758,-0.014438738115131855,0.4616573452949524,-0.3261142373085022,0.18107706308364868,-0.3425191342830658,-0.10093648731708527,0.040325820446014404,0.8606895208358765,-0.2824428677558899,0.1375553011894226,0.059082165360450745,0.14524886012077332,0.21024785935878754,-0.20507733523845673,0.33169233798980713,-0.6695173382759094,0.8947404026985168,0.35465890169143677,-0.09553119540214539,0.22860977053642273,-0.2241716831922531,-0.3407912850379944,0.5825642347335815,1.1169981956481934,-0.3577161729335785,-0.0586513876914978,-0.15552158653736115
0.16433115303516388,-0.7200464010238647,0.7566525936126709,-0.0357229970395565,0.015050673857331276,-0.6414104700088501,0.7662180066108704,-0.20142516493797302,0.10745052248239517,-0.031302809715270996,0.4231545031070709,-0.3292263150215149,0.1865285038948059,-0.35154324769973755,-0.07856502383947372,0.03964776545763016,0.865344762802124,-0.2711131274700165,0.1345495581626892,0.04649502784013748,0.15212382376194,0.19376908242702484,-0.19208605587482452,0.3468344211578369,-0.6488818526268005,0.89418625831604,0.34416770935058594,-0.10298188030719757,0.2215348184108734,-0.19626715779304504,-0.34415388107299805,0.5649728775024414,1.1073025465011597,-0.34923622012138367,-0.06993430107831955,-0.14985577762126923
0.1711440086364746,-0.7464799880981445,0.7594913244247437,-0.03579732030630112,0.012828633189201355,-0.6374161243438721,0.7695808410644531,-0.1538277119398117,0.0938359946012497,-0.04993901401758194,0.3836643099784851,-0.3307472765445709,0.18772666156291962,-0.36885082721710205,-0.05716981738805771,0.03727921470999718,0.8378599286079407,-0.24806469678878784,0.1322130560874939,0.03095358796417713,0.15512418746948242,0.18472009897232056,-0.18601356446743011,0.3658946752548218,-0.6251398921012878,0.9012808203697205,0.33599165081977844,-0.10753923654556274,0.21897228062152863,-0.17504239082336426,-0.35088202357292175,0.549177885055542,1.0940204858779907,-0.34174835681915283,-0.08159022778272629,-0.1444673240184784
0.1763109415769577,-0.7712862491607666,0.7603936791419983,-0.034513045102357864,0.0080565195530653,-0.6330793499946594,0.7732751965522766,-0.11416873335838318,0.07516678422689438,-0.07376430183649063,0.3534758388996124,-0.333985298871994,0.18419361114501953,-0.37798255681991577,-0.04078610613942146,0.04072892293334007,0.778213620185852,-0.21482110023498535,0.1353883296251297,0.015555048361420631,0.15274566411972046,0.18428504467010498,-0.1835312396287918,0.3816947937011719,-0.6002768874168396,0.9163708686828613,0.3290477991104126,-0.11159404367208481,0.21849066019058228,-0.16019245982170105,-0.3569861948490143,0.5361059904098511,1.0815545320510864,-0.3363018333911896,-0.09131083637475967,-0.14034071564674377
0.18074774742126465,-0.7956842184066772,0.7601005434989929,-0.03164929896593094,0.00025333886151202023,-0.6262379884719849,0.7789892554283142,-0.07872451841831207,0.049108702689409256,-0.10297178477048874,0.33035287261009216,-0.3359723687171936,0.1775418072938919,-0.37836718559265137,-0.032353684306144714,0.05436641722917557,0.6857433915138245,-0.16992346942424774,0.14342112839221954,0.0013778209686279297,0.1456165909767151,0.18798485398292542,-0.1913248747587204,0.3946841359138489,-0.5766561031341553,0.9235489964485168,0.3203037679195404,-0.11688818037509918,0.22240890562534332,-0.1486368477344513,-0.36532914638519287,0.5205082297325134,1.0753511190414429,-0.3313066363334656,-0.09813973307609558,-0.13683365285396576
0.1844741702079773,-0.8222248554229736,0.7585487365722656,-0.02742527239024639,-0.009909615851938725,-0.6183502674102783,0.7853614687919617,-0.048817288130521774,0.018221288919448853,-0.1342218816280365,0.3242841362953186,-0.3428822159767151,0.16957567632198334,-0.3707948923110962,-0.033897437155246735,0.07359834015369415,0.5841223001480103,-0.11937287449836731,0.15457968413829803,-0.013032210990786552,0.13319487869739532,0.1952345371246338,-0.2002936154603958,0.40231943130493164,-0.5570927262306213,0.9306367635726929,0.3122071623802185,-0.12130443751811981,0.22675074636936188,-0.14033040404319763,-0.37393155694007874,0.5056652426719666,1.0711681842803955,-0.32891541719436646,-0.10272984206676483,-0.1351121962070465
0.18938922882080078,-0.8510757684707642,0.7563838958740234,-0.021773839369416237,-0.021077239885926247,-0.6090043187141418,0.7925878167152405,-0.02198733016848564,-0.01678880862891674,-0.1630403846502304,0.3313712477684021,-0.3521522879600525,0.16176369786262512,-0.3615618050098419,-0.04160096123814583,0.09393714368343353,0.48577576875686646,-0.06926693022251129,0.16625551879405975,-0.025203846395015717,0.11957398802042007,0.20642653107643127,-0.21264447271823883,0.4080376625061035,-0.539922297000885,0.9241706132888794,0.3026622235774994,-0.12668302655220032,0.23480699956417084,-0.13546700775623322,-0.38634592294692993,0.4855803847312927,1.0723634958267212,-0.32607245445251465,-0.10386011004447937,-0.13716405630111694
0.19564476609230042,-0.8807839155197144,0.7541911005973816,-0.01623634248971939,-0.030815858393907547,-0.5998474359512329,0.7993558049201965,0.00335074495524168,-0.04821118339896202,-0.18674403429031372,0.33974194526672363,-0.3614658713340759,0.1544470489025116,-0.3487858772277832,-0.050383310765028,0.10874998569488525,0.3991703987121582,-0.021966878324747086,0.1766698658466339,-0.03610514849424362,0.10770662873983383,0.2173650711774826,-0.2200527787208557,0.4074564576148987,-0.5242560505867004,0.9197461605072021,0.2949734926223755,-0.1294909417629242,0.24210935831069946,-0.12844139337539673,-0.39543527364730835,0.46175616979599,1.0809346437454224,-0.32529810070991516,-0.10166530311107635,-0.14158743619918823
0.20357674360275269,-0.910820722579956,0.7522822022438049,-0.010903538204729557,-0.03883092477917671,-0.5902007222175598,0.8062483072280884,0.028849659487605095,-0.07509978860616684,-0.19951796531677246,0.3517107367515564,-0.36927860975265503,0.14852795004844666,-0.3368709981441498,-0.058458320796489716,0.11438816785812378,0.33282795548439026,0.01704522594809532,0.18387937545776367,-0.04664468765258789,0.09949655085802078,0.22392898797988892,-0.22007128596305847,0.40309926867485046,-0.510956883430481,0.9163259267807007,0.28973162174224854,-0.13105908036231995,0.24791401624679565,-0.11576291918754578,-0.4017162024974823,0.4345923960208893,1.099035382270813,-0.32604318857192993,-0.09700934588909149,-0.1471913754940033
0.20840519666671753,-0.9340755939483643,0.7505384683609009,-0.005585614591836929,-0.04522008076310158,-0.5807113647460938,0.8128334879875183,0.04903619736433029,-0.09739139676094055,-0.2011166214942932,0.3658719062805176,-0.3732740879058838,0.1426488310098648,-0.3266220986843109,-0.06749308109283447,0.11110413074493408,0.2807236909866333,0.04831301420927048,0.18814998865127563,-0.05752061307430267,0.09483449161052704,0.22826974093914032,-0.21578505635261536,0.39313173294067383,-0.5030759572982788,0.9192843437194824,0.28893399238586426,-0.1308159977197647,0.25125253200531006,-0.1036360040307045,-0.4029051959514618,0.41041189432144165,1.1212561130523682,-0.3292578458786011,-0.09118228405714035,-0.15385624766349792
0.21172471344470978,-0.9548413753509521,0.7478541135787964,0.0015757115324959159,-0.05210978537797928,-0.5714726448059082,0.8189634680747986,0.06082601100206375,-0.12053440511226654,-0.19287443161010742,0.40377241373062134,-0.37669268250465393,0.13075222074985504,-0.31351858377456665,-0.0826757401227951,0.10558751225471497,0.24105677008628845,0.0677039623260498,0.18877984583377838,-0.06402305513620377,0.08977671712636948,0.2302234172821045,-0.2109159231185913,0.38537248969078064,-0.5024166107177734,0.9138792157173157,0.2919599115848541,-0.13213613629341125,0.2524454891681671,-0.08864518254995346,-0.40497249364852905,0.38894781470298767,1.1455309391021729,-0.3332149386405945,-0.08514490723609924,-0.1592559814453125
0.21345433592796326,-0.9727297425270081,0.746078610420227,0.00936963316053152,-0.05793440341949463,-0.5612933039665222,0.8255335688591003,0.06988810002803802,-0.13717834651470184,-0.1747066080570221,0.44477665424346924,-0.37662556767463684,0.11939051002264023,-0.3002271056175232,-0.10282501578330994,0.09413020312786102,0.2093753218650818,0.07900883257389069,0.19018113613128662,-0.07086202502250671,0.08570905029773712,0.22758954763412476,-0.19931866228580475,0.3733997941017151,-0.5056862831115723,0.9204494953155518,0.29851585626602173,-0.1315096914768219,0.24972565472126007,-0.07440014183521271,-0.40316274762153625,0.3702491819858551,1.1696844100952148,-0.33831194043159485,-0.07919474691152573,-0.16332396864891052
0.21374455094337463,-0.98685622215271,0.7488343715667725,0.018535234034061432,-0.06455259770154953,-0.5506437420845032,0.832034170627594,0.06829194724559784,-0.15099197626113892,-0.14577077329158783,0.5096417665481567,-0.3759734630584717,0.10471213608980179,-0.28360670804977417,-0.13122913241386414,0.07883654534816742,0.18084418773651123,0.08452007174491882,0.1897079348564148,-0.07364211231470108,0.07754170894622803,0.22226005792617798,-0.19036072492599487,0.3614186942577362,-0.5135204792022705,0.9129052758216858,0.3055139482021332,-0.13346919417381287,0.24725653231143951,-0.061754412949085236,-0.4002862572669983,0.35676851868629456,1.191563606262207,-0.3442115783691406,-0.07296200096607208,-0.16655632853507996
0.21317964792251587,-1.0000112056732178,0.7520166635513306,0.026931945234537125,-0.06958157569169998,-0.5405755639076233,0.8379803895950317,0.06492927670478821,-0.15462303161621094,-0.1081412211060524,0.5660719871520996,-0.3720124065876007,0.09671521186828613,-0.2664092779159546,-0.15984612703323364,0.05203026533126831,0.15871267020702362,0.0839434266090393,0.1857663094997406,-0.07446916401386261,0.07125351577997208,0.21260911226272583,-0.17820541560649872,0.34858936071395874,-0.5250802040100098,0.915442943572998,0.31608250737190247,-0.13291417062282562,0.23970724642276764,-0.053980644792318344,-0.3951936662197113,0.348760724067688,1.213952660560608,-0.3506680130958557,-0.06577118486166,-0.1669645458459854
0.21193130314350128,-1.0166059732437134,0.7561458945274353,0.03375711664557457,-0.07129641622304916,-0.5331032276153564,0.8423647284507751,0.04296005517244339,-0.14870506525039673,-0.06802229583263397,0.6435203552246094,-0.3538039028644562,0.08806728571653366,-0.2488366961479187,-0.1792657971382141,0.015659192577004433,0.1448916792869568,0.07580327987670898,0.1692471206188202,-0.06566030532121658,0.07278132438659668,0.19840484857559204,-0.15403027832508087,0.33584752678871155,-0.5327426195144653,0.9242914915084839,0.325314462184906,-0.13304516673088074,0.22875475883483887,-0.05050872638821602,-0.3889629542827606,0.346250057220459,1.2296086549758911,-0.3533684015274048,-0.06046195328235626,-0.16628926992416382
0.2104640156030655,-1.036910057067871,0.7605135440826416,0.03772542253136635,-0.0693788155913353,-0.527860701084137,0.8456515073776245,0.009513499215245247,-0.13467833399772644,-0.028499333187937737,0.7139906883239746,-0.3207675516605377,0.08557277917861938,-0.23001402616500854,-0.1846960484981537,-0.020477337762713432,0.13820333778858185,0.05882447212934494,0.14968322217464447,-0.05001664161682129,0.08143407851457596,0.18536259233951569,-0.12783126533031464,0.32757318019866943,-0.53987056016922,0.9324367046356201,0.33083653450012207,-0.13305732607841492,0.21750378608703613,-0.05996130034327507,-0.3866588771343231,0.35006535053253174,1.2345731258392334,-0.3522566258907318,-0.056496500968933105,-0.16623300313949585
0.21029743552207947,-1.0597023963928223,0.7652568817138672,0.04018145054578781,-0.06733088940382004,-0.5250166058540344,0.8474724292755127,-0.02870367467403412,-0.12118776887655258,0.007078429684042931,0.7830629944801331,-0.2890826463699341,0.08889654278755188,-0.20774362981319427,-0.18452933430671692,-0.04880990833044052,0.1375671923160553,0.03736104071140289,0.1338701993227005,-0.02967028133571148,0.08969292044639587,0.17296117544174194,-0.08273861557245255,0.31050413846969604,-0.538435161113739,0.9814218878746033,0.33674535155296326,-0.12921825051307678,0.2022114396095276,-0.07038205116987228,-0.3811228275299072,0.3566482663154602,1.238447904586792,-0.3495141267776489,-0.05465078353881836,-0.1653401255607605
0.21166419982910156,-1.0827925205230713,0.7699780464172363,0.042673610150814056,-0.066111259162426,-0.5236258506774902,0.8483067154884338,-0.08101798593997955,-0.11073333024978638,0.040729306638240814,0.863686203956604,-0.27430087327957153,0.09731736034154892,-0.18302887678146362,-0.18406343460083008,-0.06442632526159286,0.13945356011390686,0.013271603733301163,0.12406058609485626,-0.008357656188309193,0.09603849053382874,0.16711866855621338,-0.0420873649418354,0.2973790764808655,-0.5410643219947815,1.018423080444336,0.33967867493629456,-0.1287536323070526,0.1902475357055664,-0.09001636505126953,-0.3796277642250061,0.368530809879303,1.2297884225845337,-0.34432679414749146,-0.05427667498588562,-0.1670759916305542
0.21527385711669922,-1.1089555025100708,0.7748696804046631,0.04388480633497238,-0.06434184312820435,-0.5230295658111572,0.8487487435340881,-0.1551610678434372,-0.09724200516939163,0.07603758573532104,0.9421665668487549,-0.2685820460319519,0.11159171164035797,-0.15267139673233032,-0.1793033480644226,-0.07412874698638916,0.14160239696502686,-0.01129994262009859,0.11668488383293152,0.025399550795555115,0.10059893131256104,0.16278237104415894,-0.000996563583612442,0.2849928140640259,-0.5404731035232544,1.0451290607452393,0.3400327265262604,-0.13050082325935364,0.1806725263595581,-0.11287282407283783,-0.3781090974807739,0.3837776184082031,1.2205058336257935,-0.3408682942390442,-0.05470295995473862,-0.16822342574596405
0.22048605978488922,-1.1299259662628174,0.7712547183036804,0.0253318902105093,-0.058072902262210846,-0.5257132053375244,0.8482991456985474,-0.16282126307487488,0.0034015625715255737,0.08024636656045914,0.9233040809631348,-0.32947930693626404,0.09129317104816437,-0.21178902685642242,-0.13641586899757385,-0.0714716911315918,0.29533180594444275,-0.045924313366413116,0.1125006377696991,0.0036256909370422363,0.09896763414144516,0.15199850499629974,-0.0718480721116066,0.35592421889305115,-0.6096796989440918,0.9276003241539001,0.34018874168395996,-0.13136959075927734,0.15224328637123108,-0.17588628828525543,-0.43160682916641235,0.41168951988220215,1.1295279264450073,-0.3389565348625183,-0.026503587141633034,-0.16538573801517487
0.22710160911083221,-1.1487469673156738,0.7672163248062134,0.013725005090236664,-0.05387967824935913,-0.5228326916694641,0.8506201505661011,-0.17543481290340424,0.07172012329101562,0.08756551146507263,0.911460280418396,-0.3664587736129761,0.07881651073694229,-0.24847786128520966,-0.10780203342437744,-0.06908046454191208,0.40227198600769043,-0.07281865179538727,0.11278237402439117,-0.007615186274051666,0.09658713638782501,0.145174041390419,-0.1169779822230339,0.3994348645210266,-0.6566600799560547,0.8486084342002869,0.33874404430389404,-0.12746819853782654,0.13003851473331451,-0.21740564703941345,-0.4611911177635193,0.4344799518585205,1.0666605234146118,-0.33956190943717957,-0.005001923069357872,-0.15997269749641418
0.235035240650177,-1.1659657955169678,0.7645967602729797,0.005790409632027149,-0.0507224015891552,-0.5145910978317261,0.8559145331382751,-0.18946829438209534,0.11855068802833557,0.09715911746025085,0.89582359790802,-0.38439226150512695,0.07038514316082001,-0.2636552155017853,-0.08795719593763351,-0.06929434090852737,0.46885359287261963,-0.09122198820114136,0.11337239295244217,-0.01209329441189766,0.09550479054450989,0.1419876217842102,-0.1386784166097641,0.42130061984062195,-0.6767728328704834,0.8212939500808716,0.3369157016277313,-0.12073365598917007,0.11599260568618774,-0.2454136162996292,-0.47637608647346497,0.44785815477371216,1.036126971244812,-0.33990350365638733,0.010960804298520088,-0.15368309617042542
0.244961217045784,-1.18289053440094,0.7637380361557007,0.00048397271893918514,-0.04768817499279976,-0.5014329552650452,0.8638811707496643,-0.20581862330436707,0.1503015011548996,0.10940548777580261,0.8812669515609741,-0.38968849182128906,0.06701605021953583,-0.2645877003669739,-0.07414363324642181,-0.07226419448852539,0.5109094977378845,-0.10436250269412994,0.11147476732730865,-0.01183041837066412,0.0956747978925705,0.14211764931678772,-0.14528153836727142,0.43221786618232727,-0.6812448501586914,0.816486656665802,0.3321603834629059,-0.11444278061389923,0.10725264251232147,-0.266448974609375,-0.4827785789966583,0.45793265104293823,1.0196291208267212,-0.33851826190948486,0.02205147221684456,-0.14834849536418915
0.2569853663444519,-1.1996238231658936,0.7634711265563965,-0.003144534071907401,-0.04402231425046921,-0.48416826128959656,0.8738610744476318,-0.22381535172462463,0.17129039764404297,0.12319490313529968,0.8672711849212646,-0.3895461857318878,0.06783238798379898,-0.2607812285423279,-0.06417824327945709,-0.07673722505569458,0.5448259711265564,-0.11759547889232635,0.10911348462104797,-0.008308401331305504,0.09753303974866867,0.14346015453338623,-0.14345644414424896,0.43345868587493896,-0.6768983006477356,0.8206273317337036,0.3249051868915558,-0.1086990088224411,0.1037653237581253,-0.2814318537712097,-0.4800562262535095,0.4687475562095642,1.0087120532989502,-0.3381863832473755,0.029177410528063774,-0.14414985477924347
0.27218741178512573,-1.2169914245605469,0.763321042060852,-0.005692439153790474,-0.03964851424098015,-0.46705111861228943,0.8833226561546326,-0.24394634366035461,0.183329239487648,0.1367274522781372,0.8559924960136414,-0.3873620927333832,0.0733795240521431,-0.255339652299881,-0.057748500257730484,-0.08304819464683533,0.5797295570373535,-0.13246700167655945,0.10515909641981125,-0.001933269202709198,0.09824489802122116,0.14630191028118134,-0.1352403610944748,0.4353276491165161,-0.666562557220459,0.8153269290924072,0.31466278433799744,-0.10634233057498932,0.10210523009300232,-0.2903839647769928,-0.47215816378593445,0.48121771216392517,0.9979418516159058,-0.3386390805244446,0.032580576837062836,-0.13948047161102295
0.29017141461372375,-1.2351045608520508,0.7629157304763794,-0.007480508182197809,-0.03446679934859276,-0.4512236416339874,0.8917136788368225,-0.2617405951023102,0.18790358304977417,0.15003100037574768,0.8361057043075562,-0.3813101351261139,0.08005440980195999,-0.24960443377494812,-0.05388028174638748,-0.08980293571949005,0.613471269607544,-0.14756253361701965,0.10289020836353302,0.005594562739133835,0.09762480854988098,0.15011122822761536,-0.12406619638204575,0.43415606021881104,-0.6590003967285156,0.8068768978118896,0.30554938316345215,-0.10548937320709229,0.0989556834101677,-0.2967657148838043,-0.45840656757354736,0.49684590101242065,0.9896447658538818,-0.3416861295700073,0.034143704921007156,-0.1337888240814209
0.3102593421936035,-1.2535866498947144,0.7614182233810425,-0.009021171368658543,-0.028828812763094902,-0.43569427728652954,0.8995876312255859,-0.2796824872493744,0.1887923628091812,0.16051048040390015,0.8187417984008789,-0.37612468004226685,0.08720172196626663,-0.24824249744415283,-0.05097263306379318,-0.09480954706668854,0.6551422476768494,-0.16323377192020416,0.10135823488235474,0.013933162204921246,0.09684474766254425,0.15384995937347412,-0.11259439587593079,0.435886025428772,-0.6515147686004639,0.7939764261245728,0.29727134108543396,-0.10646077990531921,0.09728550910949707,-0.2990809381008148,-0.44708389043807983,0.5111060738563538,0.9799712896347046,-0.3444020748138428,0.03399355709552765,-0.12949404120445251
0.33110421895980835,-1.2715344429016113,0.7589845657348633,-0.009631051681935787,-0.023224297910928726,-0.42069000005722046,0.9068560004234314,-0.29667025804519653,0.18586289882659912,0.16854923963546753,0.8027092218399048,-0.37148839235305786,0.0951237678527832,-0.2508079409599304,-0.0508476123213768,-0.09917420148849487,0.7009939551353455,-0.178818479180336,0.10103839635848999,0.02262650802731514,0.09482669830322266,0.15726669132709503,-0.1004091277718544,0.439192533493042,-0.6446099877357483,0.7795794606208801,0.2896385192871094,-0.10780031979084015,0.0943397507071495,-0.30099809169769287,-0.43836525082588196,0.5215253233909607,0.9716144800186157,-0.3462084233760834,0.03382501006126404,-0.12633231282234192
0.35406938195228577,-1.2886518239974976,0.756506621837616,-0.009169408120214939,-0.01758493110537529,-0.40489864349365234,0.9141464829444885,-0.31255364418029785,0.17852406203746796,0.17600461840629578,0.7855626344680786,-0.36411869525909424,0.10224490612745285,-0.25156885385513306,-0.05401869863271713,-0.10310913622379303,0.740678071975708,-0.19274693727493286,0.10049435496330261,0.03113817423582077,0.09080947935581207,0.16214391589164734,-0.08587200939655304,0.44015273451805115,-0.6336706280708313,0.7759641408920288,0.28084123134613037,-0.10688896477222443,0.09040116518735886,-0.304139643907547,-0.4296320676803589,0.5270657539367676,0.969354510307312,-0.3455249071121216,0.03427138179540634,-0.12372251600027084
0.3782147169113159,-1.3046514987945557,0.7533843517303467,-0.008704946376383305,-0.012230247259140015,-0.38931161165237427,0.9209837913513184,-0.32786914706230164,0.1704181730747223,0.1827465146780014,0.7743291854858398,-0.35909074544906616,0.10986962914466858,-0.2519659996032715,-0.05772404372692108,-0.10746622085571289,0.7782676219940186,-0.2072853446006775,0.09908674657344818,0.040185440331697464,0.08740729093551636,0.1646561175584793,-0.06795164942741394,0.4388850927352905,-0.6198112964630127,0.7759723663330078,0.2721859812736511,-0.1060948371887207,0.08998482674360275,-0.3043341338634491,-0.4232802391052246,0.530267059803009,0.9646341800689697,-0.344090074300766,0.03293188661336899,-0.12394139915704727
0.4048420488834381,-1.3198282718658447,0.7495006322860718,-0.008304992690682411,-0.007031470537185669,-0.3720427453517914,0.9281517863273621,-0.34117841720581055,0.16040967404842377,0.18714313209056854,0.7669076323509216,-0.35682111978530884,0.11629729717969894,-0.25658634305000305,-0.0618504136800766,-0.11114318668842316,0.8174271583557129,-0.22046804428100586,0.09867677092552185,0.04916457459330559,0.08435963839292526,0.16664457321166992,-0.052062179893255234,0.4359002709388733,-0.6068165302276611,0.7720127105712891,0.2638576030731201,-0.10678716003894806,0.0914924219250679,-0.30216696858406067,-0.41981056332588196,0.5329855680465698,0.9583961963653564,-0.3437466621398926,0.030290864408016205,-0.1245337575674057
0.4322799742221832,-1.3339805603027344,0.7457606792449951,-0.0074505251832306385,-0.0030926642939448357,-0.3548998534679413,0.9348695278167725,-0.3487875163555145,0.1464373916387558,0.1883300244808197,0.7560367584228516,-0.3541354537010193,0.12135833501815796,-0.2629331350326538,-0.06670781224966049,-0.11336694657802582,0.853807806968689,-0.23013219237327576,0.09953546524047852,0.05613696575164795,0.08043718338012695,0.16844062507152557,-0.03995003178715706,0.4317619204521179,-0.5935118198394775,0.762995719909668,0.2535461485385895,-0.10796019434928894,0.09325017035007477,-0.2990560233592987,-0.41791024804115295,0.5348848104476929,0.9474626779556274,-0.3417625427246094,0.025767384096980095,-0.12317759543657303
0.46126627922058105,-1.3472046852111816,0.7407464981079102,-0.0073664248920977116,-0.0005569002823904157,-0.334804892539978,0.9422585368156433,-0.3559374213218689,0.13252121210098267,0.1852641999721527,0.751503586769104,-0.3571542501449585,0.12633664906024933,-0.274996817111969,-0.07046565413475037,-0.1141660213470459,0.8978449702262878,-0.24125778675079346,0.09937068819999695,0.06309754401445389,0.0758366584777832,0.1701311618089676,-0.03286459296941757,0.42649954557418823,-0.584318220615387,0.7518281936645508,0.24493038654327393,-0.1092759519815445,0.09695678949356079,-0.2978200614452362,-0.41627269983291626,0.5383172035217285,0.9355201125144958,-0.3407626748085022,0.021474681794643402,-0.12341275811195374
0.4898932874202728,-1.359114646911621,0.7361004948616028,-0.007760033942759037,0.0005159691791050136,-0.31293821334838867,0.9497416615486145,-0.3604002594947815,0.11811420321464539,0.17657791078090668,0.7469951510429382,-0.3617926836013794,0.13144934177398682,-0.297578364610672,-0.07490570098161697,-0.11240530759096146,0.9601140022277832,-0.25151991844177246,0.10006678104400635,0.06811012327671051,0.0701974406838417,0.17186179757118225,-0.040162526071071625,0.42379799485206604,-0.5835702419281006,0.7322476506233215,0.23696526885032654,-0.11170126497745514,0.1028686910867691,-0.3037997782230377,-0.4142669439315796,0.5466341376304626,0.9199743866920471,-0.34028366208076477,0.01643609069287777,-0.12481886148452759
0.5080932378768921,-1.3731601238250732,0.7358277440071106,-0.008093222044408321,-0.0005045432480983436,-0.28269052505493164,0.9591768980026245,-0.3618852496147156,0.10103988647460938,0.1632395088672638,0.7377619743347168,-0.36403220891952515,0.13475024700164795,-0.32501307129859924,-0.08080768585205078,-0.10721225291490555,1.0266826152801514,-0.2590237259864807,0.10111752897500992,0.07104798406362534,0.061881743371486664,0.17495661973953247,-0.057097189128398895,0.4266144037246704,-0.5862429141998291,0.7117775082588196,0.22935307025909424,-0.11300084739923477,0.10782016813755035,-0.3179199695587158,-0.4163322448730469,0.5531542897224426,0.8998964428901672,-0.33775609731674194,0.011220108717679977,-0.12653130292892456
0.5203915238380432,-1.3889535665512085,0.7369155883789062,-0.008386373519897461,-0.003044717013835907,-0.2489611655473709,0.9684723615646362,-0.35390910506248474,0.08437328040599823,0.14723926782608032,0.7136632204055786,-0.359198659658432,0.13203012943267822,-0.3492913246154785,-0.08470676839351654,-0.10037527233362198,1.0733058452606201,-0.2595001459121704,0.10439861565828323,0.07287562638521194,0.05481646955013275,0.1760832816362381,-0.07479668408632278,0.42429572343826294,-0.5949904918670654,0.6974310278892517,0.22547772526741028,-0.11402226984500885,0.1099219024181366,-0.33097225427627563,-0.4138401448726654,0.562122106552124,0.8840320110321045,-0.33709970116615295,0.006067195441573858,-0.12522044777870178
0.5302808284759521,-1.4074511528015137,0.7387503385543823,-0.009235313162207603,-0.00708252377808094,-0.2096838653087616,0.9776999354362488,-0.33882564306259155,0.07000434398651123,0.13020458817481995,0.6819141507148743,-0.3508226275444031,0.12773312628269196,-0.37502944469451904,-0.08626624941825867,-0.09197210520505905,1.1155327558517456,-0.2549811005592346,0.1071750670671463,0.07300189882516861,0.049659259617328644,0.17513927817344666,-0.09140002727508545,0.4146873354911804,-0.6051663160324097,0.6904628276824951,0.2229272872209549,-0.11365248262882233,0.11243457347154617,-0.34103041887283325,-0.40663495659828186,0.5703840255737305,0.8711925745010376,-0.3361760973930359,0.0010829155799001455,-0.12361986190080643
0.5412733554840088,-1.4282705783843994,0.7398799061775208,-0.0090182451531291,-0.010969461873173714,-0.16782794892787933,0.9857140183448792,-0.3241567611694336,0.05766567960381508,0.11220948398113251,0.6601166725158691,-0.34710294008255005,0.12493021041154861,-0.40554308891296387,-0.08655256032943726,-0.0815572738647461,1.1606864929199219,-0.2504808008670807,0.107940673828125,0.07024899125099182,0.045989859849214554,0.17457249760627747,-0.10886586457490921,0.40254878997802734,-0.6155370473861694,0.6923841238021851,0.2207418978214264,-0.11133319139480591,0.11540162563323975,-0.3509244918823242,-0.39992111921310425,0.5777006149291992,0.8611941337585449,-0.33399757742881775,-0.002979273907840252,-0.12232936918735504
0.5535082817077637,-1.450800895690918,0.7413354516029358,-0.008532214909791946,-0.014470434747636318,-0.12111087143421173,0.9924968481063843,-0.30747732520103455,0.047701869159936905,0.0948512852191925,0.6392999887466431,-0.3432181477546692,0.11848442256450653,-0.4315546154975891,-0.0851641520857811,-0.06989862769842148,1.1881327629089355,-0.242587149143219,0.11255598068237305,0.06476910412311554,0.04424901306629181,0.17368945479393005,-0.12362639605998993,0.3875277638435364,-0.633673906326294,0.6993317604064941,0.22173047065734863,-0.10938425362110138,0.11408323794603348,-0.3571985363960266,-0.3871057629585266,0.591333270072937,0.8563839793205261,-0.33479204773902893,-0.006409745663404465,-0.11688120663166046
0.568254292011261,-1.4738502502441406,0.7424697875976562,-0.006873749662190676,-0.01728459820151329,-0.07194773107767105,0.9972349405288696,-0.2921094298362732,0.0388745553791523,0.07768309861421585,0.6284229755401611,-0.3415152132511139,0.1101425439119339,-0.45157042145729065,-0.0827663391828537,-0.05686025321483612,1.1890422105789185,-0.2312707006931305,0.11902838200330734,0.058751046657562256,0.043156158179044724,0.17359305918216705,-0.13749410212039948,0.3711754381656647,-0.6526269912719727,0.7133044004440308,0.22388482093811035,-0.10699227452278137,0.1121724396944046,-0.3653280735015869,-0.37140360474586487,0.6082231402397156,0.8545598983764648,-0.33757296204566956,-0.008918702602386475,-0.11036723852157593
0.5859980583190918,-1.4958362579345703,0.7434758543968201,-0.005007725674659014,-0.01969514787197113,-0.01891896314918995,0.9996144771575928,-0.2770122289657593,0.03225362300872803,0.061134565621614456,0.6274819374084473,-0.34230220317840576,0.09845148772001266,-0.46156102418899536,-0.0792512595653534,-0.042959388345479965,1.1627379655838013,-0.21706503629684448,0.12664338946342468,0.05195176601409912,0.04322914779186249,0.17510995268821716,-0.1591484695672989,0.35635221004486084,-0.6708247661590576,0.7276319265365601,0.22558635473251343,-0.105314239859581,0.11186880618333817,-0.3762701749801636,-0.35694730281829834,0.6254051327705383,0.8574351072311401,-0.34180039167404175,-0.010022403672337532,-0.10440743714570999
0.6060482263565063,-1.5153908729553223,0.744266152381897,-0.002665864070877433,-0.020974164828658104,0.032728858292102814,0.9992405772209167,-0.26338812708854675,0.028576023876667023,0.045244745910167694,0.6341539621353149,-0.34449493885040283,0.084185391664505,-0.4662904143333435,-0.07606717944145203,-0.02822083793580532,1.116517424583435,-0.19875743985176086,0.13705375790596008,0.04539911448955536,0.045024387538433075,0.17737513780593872,-0.1860608458518982,0.34267857670783997,-0.6900593638420105,0.7399225234985352,0.2278670370578766,-0.10460077226161957,0.11256147921085358,-0.3890337347984314,-0.3457847237586975,0.6409860253334045,0.8668741583824158,-0.34814783930778503,-0.008740701712667942,-0.10063529014587402
0.6271193623542786,-1.5309650897979736,0.7443335652351379,-0.000587916758377105,-0.021094171330332756,0.08027058094739914,0.9965497255325317,-0.2541099786758423,0.027795294299721718,0.030052335932850838,0.6507248282432556,-0.3500586152076721,0.07037586718797684,-0.46837401390075684,-0.07397167384624481,-0.015111387707293034,1.058624029159546,-0.1779506653547287,0.1479613184928894,0.03888557851314545,0.04629920795559883,0.17996197938919067,-0.22478529810905457,0.33648303151130676,-0.7146562337875366,0.7352510690689087,0.22991019487380981,-0.10645116865634918,0.11462052166461945,-0.40419894456863403,-0.3414139151573181,0.6618125438690186,0.8634684681892395,-0.35660311579704285,-0.008466859348118305,-0.09749899804592133
0.6477875709533691,-1.5421524047851562,0.7442048788070679,0.0005328123806975782,-0.020677728578448296,0.12164627760648727,0.9923579692840576,-0.24604123830795288,0.031575869768857956,0.016299540176987648,0.6720157265663147,-0.3557347357273102,0.05637025088071823,-0.46610212326049805,-0.07029034197330475,-0.004116876982152462,0.9970144033432007,-0.1536262482404709,0.15819992125034332,0.03424079343676567,0.0491834357380867,0.18407031893730164,-0.2491016387939453,0.33291563391685486,-0.7297603487968445,0.7398030161857605,0.23269209265708923,-0.10699833929538727,0.11497973650693893,-0.4154079854488373,-0.3373103737831116,0.6759376525878906,0.8695592880249023,-0.3658745586872101,-0.005741655360907316,-0.09496244788169861
0.6678760647773743,-1.549532175064087,0.7433141469955444,0.0011485249269753695,-0.019239278510212898,0.15681399405002594,0.9874401092529297,-0.24101147055625916,0.03745269402861595,0.005155760794878006,0.6989190578460693,-0.36385101079940796,0.04526405781507492,-0.4641554057598114,-0.0666331797838211,0.0051861414685845375,0.9463068246841431,-0.1337156593799591,0.16540232300758362,0.031344637274742126,0.05214907228946686,0.18596675992012024,-0.2568913698196411,0.3320115804672241,-0.7389029860496521,0.7424565553665161,0.23506614565849304,-0.1075792908668518,0.11499902606010437,-0.4215601086616516,-0.3334715962409973,0.6875264644622803,0.8700347542762756,-0.3748306632041931,-0.003642165567725897,-0.09363177418708801
0.6879480481147766,-1.5520200729370117,0.740993320941925,0.0017227685311809182,-0.016324052587151527,0.18603883683681488,0.9824052453041077,-0.24246039986610413,0.04484379291534424,-0.0032234734389930964,0.7352513074874878,-0.3753308057785034,0.035768136382102966,-0.4626064896583557,-0.06328839063644409,0.012961159460246563,0.91230309009552,-0.12456077337265015,0.16776025295257568,0.029649365693330765,0.054816290736198425,0.18631477653980255,-0.263769268989563,0.33155888319015503,-0.7476152181625366,0.7433075904846191,0.238793283700943,-0.10717634111642838,0.11613309383392334,-0.425642192363739,-0.33075129985809326,0.6989725828170776,0.8703945875167847,-0.38456785678863525,-0.00028073578141629696,-0.09416919201612473
0.7111624479293823,-1.5514570474624634,0.7391368746757507,0.0027290259022265673,-0.012835520319640636,0.2091398537158966,0.9777976870536804,-0.2479870617389679,0.05433129519224167,-0.00930522009730339,0.7800018191337585,-0.38777339458465576,0.02768377587199211,-0.457748144865036,-0.05945268273353577,0.01639854535460472,0.8871867060661316,-0.12222591042518616,0.1661553978919983,0.027053261175751686,0.05769241601228714,0.18454332649707794,-0.26722052693367004,0.3349447250366211,-0.7522921562194824,0.7388132810592651,0.2419860064983368,-0.10736740380525589,0.11545245349407196,-0.4257317781448364,-0.3346026539802551,0.7055773138999939,0.8596541881561279,-0.3918582797050476,0.0006119750905781984,-0.09302206337451935
0.736819863319397,-1.5496796369552612,0.7408856153488159,0.005030753090977669,-0.009020279161632061,0.22739920020103455,0.9737468361854553,-0.2596324384212494,0.06477821618318558,-0.01265686098486185,0.8403234481811523,-0.40494978427886963,0.023043615743517876,-0.4540073871612549,-0.05535662919282913,0.01822139509022236,0.8788104057312012,-0.13069693744182587,0.16045047342777252,0.024255532771348953,0.05917571485042572,0.17931997776031494,-0.26730167865753174,0.3395407199859619,-0.7556982040405273,0.7283324003219604,0.24444805085659027,-0.10819339007139206,0.1167563945055008,-0.42014655470848083,-0.3405459523200989,0.7106223702430725,0.8413665294647217,-0.397247314453125,2.6501307729631662e-05,-0.0930185317993164
0.7668651342391968,-1.5474539995193481,0.7409340143203735,0.00883206445723772,-0.006002598442137241,0.23975834250450134,0.9707738757133484,-0.27718281745910645,0.07675516605377197,-0.012397803366184235,0.9125462174415588,-0.42530685663223267,0.02274489775300026,-0.4538707435131073,-0.051695242524147034,0.017705842852592468,0.8857333660125732,-0.14862442016601562,0.1517818719148636,0.019814930856227875,0.06046029552817345,0.17316190898418427,-0.2709975838661194,0.3460373878479004,-0.7572343349456787,0.7129574418067932,0.24546314775943756,-0.10908186435699463,0.12135836482048035,-0.41165289282798767,-0.3510798215866089,0.7123039960861206,0.8186351656913757,-0.4001119136810303,-0.0010704834712669253,-0.09543177485466003
0.7976988554000854,-1.5450741052627563,0.7405067682266235,0.013542230241000652,-0.002763984492048621,0.24998527765274048,0.9681509733200073,-0.2980969548225403,0.0917089655995369,-0.007396521046757698,0.9854974746704102,-0.44444242119789124,0.023674076423048973,-0.4542624354362488,-0.048949290066957474,0.013654199428856373,0.8974622488021851,-0.17051935195922852,0.14226368069648743,0.015566998161375523,0.06260921061038971,0.16632230579853058,-0.27492964267730713,0.3541192412376404,-0.7556946873664856,0.6979159116744995,0.2454575151205063,-0.10935622453689575,0.12635737657546997,-0.40250474214553833,-0.36571204662323,0.7089654803276062,0.7998480796813965,-0.40088099241256714,-0.0003579014155548066,-0.09918570518493652
0.829027533531189,-1.5419132709503174,0.7407320141792297,0.018488794565200806,-0.0010099293431267142,0.255727618932724,0.966571569442749,-0.3180418610572815,0.10984529554843903,0.0017035841010510921,1.0457520484924316,-0.45628446340560913,0.02541421167552471,-0.4493510127067566,-0.04637157917022705,0.004698663018643856,0.9001049399375916,-0.18930047750473022,0.13279426097869873,0.012474585324525833,0.06669733673334122,0.16114288568496704,-0.26968181133270264,0.3658177852630615,-0.7491339445114136,0.6876296401023865,0.2445627599954605,-0.10913370549678802,0.12693357467651367,-0.3913496732711792,-0.3829415440559387,0.6998065710067749,0.785254955291748,-0.39880746603012085,0.0004391282272990793,-0.09990699589252472
0.857830822467804,-1.5375339984893799,0.7416625022888184,0.022182783111929893,0.00044102309038862586,0.25978416204452515,0.9654118418693542,-0.3365946412086487,0.13072584569454193,0.01428468432277441,1.090986728668213,-0.46086907386779785,0.02815759927034378,-0.4387859106063843,-0.04342702031135559,-0.008070670068264008,0.8930179476737976,-0.20568391680717468,0.12242279946804047,0.011867512948811054,0.07178150862455368,0.15535195171833038,-0.2635895609855652,0.3783559799194336,-0.7424046993255615,0.6746866703033447,0.24213075637817383,-0.11059597879648209,0.12904253602027893,-0.38045060634613037,-0.3989596366882324,0.6921114921569824,0.7708641290664673,-0.3954695463180542,-0.00010299321729689837,-0.10169351100921631
0.88428795337677,-1.5318937301635742,0.7420100569725037,0.024623999372124672,0.0008842013194225729,0.2617800533771515,0.9648129940032959,-0.3599582016468048,0.15161019563674927,0.02946433052420616,1.1327717304229736,-0.4632298946380615,0.03372054919600487,-0.42710793018341064,-0.042074646800756454,-0.02356012724339962,0.8870282173156738,-0.22228047251701355,0.11173249781131744,0.013585375621914864,0.07634475827217102,0.1512836217880249,-0.25852954387664795,0.38957124948501587,-0.7343974709510803,0.6609429717063904,0.23893433809280396,-0.11258632689714432,0.13395631313323975,-0.3670629858970642,-0.4113318920135498,0.6857712864875793,0.7617566585540771,-0.3918708562850952,-0.0008468314772471786,-0.10530473291873932
0.9076600074768066,-1.5252065658569336,0.743323802947998,0.025807665660977364,0.001372744794934988,0.26192113757133484,0.9647431969642639,-0.3820981979370117,0.17040684819221497,0.04707387089729309,1.1486314535140991,-0.4609823226928711,0.03888029605150223,-0.41014790534973145,-0.040970783680677414,-0.0388314351439476,0.8725417852401733,-0.23441889882087708,0.10644973814487457,0.017374955117702484,0.08150751888751984,0.15003655850887299,-0.24802419543266296,0.3990892767906189,-0.7259085178375244,0.6529282927513123,0.23677897453308105,-0.11578060686588287,0.13611984252929688,-0.3558269441127777,-0.41948777437210083,0.6801431179046631,0.7586482763290405,-0.3881957232952118,-0.002572543453425169,-0.10781992971897125
0.930584728717804,-1.516145944595337,0.74535071849823,0.02571995183825493,0.0016884382348507643,0.26197442412376404,0.9647305607795715,-0.4032899737358093,0.18368873000144958,0.0685131847858429,1.1395856142044067,-0.45269298553466797,0.047252144664525986,-0.3867305517196655,-0.04173877835273743,-0.05350314825773239,0.8552677631378174,-0.24301186203956604,0.10366865247488022,0.022519376128911972,0.08662660419940948,0.1518610715866089,-0.2289610505104065,0.40977680683135986,-0.7131162881851196,0.658501148223877,0.23709991574287415,-0.1184576004743576,0.13514576852321625,-0.3473992347717285,-0.42784810066223145,0.6694580316543579,0.7635940909385681,-0.38225191831588745,-0.0038349064998328686,-0.11077320575714111
0.954145073890686,-1.5047721862792969,0.7454200983047485,0.024192707613110542,0.003475489094853401,0.26347413659095764,0.9643568396568298,-0.4277028441429138,0.18981319665908813,0.09102283418178558,1.1194195747375488,-0.4424573481082916,0.06125012785196304,-0.36897012591362,-0.04385756701231003,-0.06616580486297607,0.8603343963623047,-0.25611060857772827,0.10029274225234985,0.02753467857837677,0.0916043147444725,0.15721674263477325,-0.20701369643211365,0.4216461777687073,-0.699213981628418,0.666495680809021,0.23745308816432953,-0.12090817093849182,0.1339038908481598,-0.3412885069847107,-0.4365028738975525,0.6580827236175537,0.7690125107765198,-0.3745390474796295,-0.0054109967313706875,-0.11548161506652832
0.9786145091056824,-1.4926366806030273,0.7445446252822876,0.022362589836120605,0.0059571219608187675,0.2646167576313019,0.9640759825706482,-0.44709068536758423,0.18752357363700867,0.1135098934173584,1.081574559211731,-0.42769140005111694,0.07568788528442383,-0.35556551814079285,-0.04692264646291733,-0.07559558749198914,0.8771764039993286,-0.26636803150177,0.09976042807102203,0.031392473727464676,0.09484224766492844,0.16417770087718964,-0.18448208272457123,0.43340617418289185,-0.686583936214447,0.6738389730453491,0.23795419931411743,-0.12330642342567444,0.13112032413482666,-0.3409663140773773,-0.4442114233970642,0.647202730178833,0.7794471979141235,-0.3670290410518646,-0.006141709163784981,-0.12113682925701141
1.0030343532562256,-1.4802387952804565,0.7429887056350708,0.021258771419525146,0.007900841534137726,0.2631976306438446,0.9644753336906433,-0.4580404758453369,0.17908141016960144,0.13331595063209534,1.0277701616287231,-0.40878790616989136,0.08713269233703613,-0.34625405073165894,-0.050037212669849396,-0.08256567269563675,0.9003632664680481,-0.27231574058532715,0.101088747382164,0.034012265503406525,0.09558721631765366,0.17151883244514465,-0.1622496098279953,0.4426107406616211,-0.6746333837509155,0.6793810129165649,0.23795907199382782,-0.12617166340351105,0.12822499871253967,-0.34549587965011597,-0.44967353343963623,0.6370724439620972,0.7890707850456238,-0.3603768050670624,-0.007155883125960827,-0.12695224583148956
1.0268874168395996,-1.467886209487915,0.7405669093132019,0.021053990349173546,0.008922134526073933,0.26002395153045654,0.9653314352035522,-0.4624597430229187,0.167112797498703,0.15086059272289276,0.9650355577468872,-0.38740769028663635,0.09675915539264679,-0.3383840024471283,-0.054143890738487244,-0.088612861931324,0.929732620716095,-0.2773096263408661,0.10253427922725677,0.03609374910593033,0.0934373214840889,0.17812120914459229,-0.14281366765499115,0.4510164260864258,-0.6609638333320618,0.6776044368743896,0.23769120872020721,-0.12907031178474426,0.12754932045936584,-0.34857362508773804,-0.45549094676971436,0.6253352761268616,0.7933223843574524,-0.35417836904525757,-0.008115425705909729,-0.1331254243850708
1.0497461557388306,-1.4552183151245117,0.7387391924858093,0.021876532584428787,0.008833504281938076,0.25734129548072815,0.9660325646400452,-0.4613749384880066,0.15392449498176575,0.16499453783035278,0.899273157119751,-0.3631632924079895,0.10203953087329865,-0.32922935485839844,-0.05819074064493179,-0.09334588795900345,0.9511951208114624,-0.2797999382019043,0.10396827757358551,0.03882911056280136,0.09009383618831635,0.18490906059741974,-0.1279551237821579,0.4570056200027466,-0.6477643847465515,0.6729074716567993,0.23715990781784058,-0.1309627890586853,0.12798170745372772,-0.35303786396980286,-0.4606887698173523,0.613902747631073,0.7956469058990479,-0.34923282265663147,-0.008071785792708397,-0.13932263851165771
1.0712295770645142,-1.442678689956665,0.7351691126823425,0.02339898608624935,0.008017713204026222,0.2537442743778229,0.9669550061225891,-0.4596562385559082,0.13968609273433685,0.17585614323616028,0.8440264463424683,-0.34274032711982727,0.10999418050050735,-0.3246162533760071,-0.0630064606666565,-0.09851149469614029,0.9847629070281982,-0.28557679057121277,0.10272328555583954,0.04172850772738457,0.08703826367855072,0.18788346648216248,-0.12109730392694473,0.4582052230834961,-0.6316248178482056,0.665067732334137,0.23428545892238617,-0.13084900379180908,0.13428956270217896,-0.35675233602523804,-0.46407800912857056,0.601894736289978,0.7895848751068115,-0.3441738784313202,-0.008091679774224758,-0.14824475347995758
1.0915439128875732,-1.4300813674926758,0.7304710745811462,0.0253108162432909,0.0068107289262115955,0.25266385078430176,0.9671990871429443,-0.4595884084701538,0.12527698278427124,0.18187108635902405,0.802746057510376,-0.3264327049255371,0.11795628070831299,-0.3239176571369171,-0.06747869402170181,-0.10243169963359833,1.024491310119629,-0.2930912375450134,0.0993090569972992,0.04535183310508728,0.08311629295349121,0.19230180978775024,-0.1212182343006134,0.4573228359222412,-0.6164072155952454,0.6545624732971191,0.2321542650461197,-0.12913616001605988,0.14205002784729004,-0.3612293601036072,-0.4664309620857239,0.5909802317619324,0.7784605622291565,-0.3396010994911194,-0.00799359567463398,-0.15717995166778564
1.1121506690979004,-1.4160170555114746,0.7256872653961182,0.027041995897889137,0.005757573992013931,0.25266963243484497,0.9671575427055359,-0.460440993309021,0.11148446798324585,0.18267470598220825,0.7734169363975525,-0.3140513598918915,0.12256661802530289,-0.3253007233142853,-0.07205895334482193,-0.10431317985057831,1.06203031539917,-0.30075258016586304,0.0965830385684967,0.04981956258416176,0.07818897068500519,0.19608959555625916,-0.12670549750328064,0.4541570544242859,-0.6020328402519226,0.6444200277328491,0.22955718636512756,-0.126509428024292,0.15105119347572327,-0.3674555718898773,-0.46653035283088684,0.5817347168922424,0.7672058939933777,-0.33562758564949036,-0.007543941959738731,-0.16487783193588257
1.1333760023117065,-1.4004133939743042,0.7191914319992065,0.028228892013430595,0.005491263698786497,0.25278884172439575,0.9670940041542053,-0.4644419252872467,0.09998631477355957,0.17892986536026,0.7601538896560669,-0.308013379573822,0.12754419445991516,-0.3338871896266937,-0.07699139416217804,-0.10520501434803009,1.1102330684661865,-0.30912303924560547,0.09280815720558167,0.0553080216050148,0.07312893867492676,0.20001742243766785,-0.13641980290412903,0.45011913776397705,-0.5900145769119263,0.6352829337120056,0.22793510556221008,-0.12291599065065384,0.16201508045196533,-0.3738928735256195,-0.4638519883155823,0.5758121013641357,0.7585106492042542,-0.3330177664756775,-0.006713541224598885,-0.17340508103370667
1.156206488609314,-1.3824868202209473,0.7154689431190491,0.029556382447481155,0.004416479263454676,0.2510295808315277,0.9675180315971375,-0.469602108001709,0.0906127542257309,0.16912442445755005,0.7528001666069031,-0.30303022265434265,0.12963248789310455,-0.34887367486953735,-0.08185568451881409,-0.10462918132543564,1.1632134914398193,-0.31549277901649475,0.08919250965118408,0.06207577511668205,0.06823379546403885,0.20607781410217285,-0.15389633178710938,0.4427686333656311,-0.5820134282112122,0.6283949017524719,0.22502301633358002,-0.11769836395978928,0.17054152488708496,-0.3859144449234009,-0.45640113949775696,0.5755160450935364,0.7491482496261597,-0.33126065135002136,-0.006083888467401266,-0.17783772945404053
1.179721713066101,-1.363564133644104,0.7132221460342407,0.031046437099575996,0.0032369864638894796,0.24648526310920715,0.9686437845230103,-0.48065420985221863,0.08157511055469513,0.15113592147827148,0.758549153804779,-0.30038711428642273,0.12863443791866302,-0.36462822556495667,-0.08520475029945374,-0.09974367916584015,1.2175853252410889,-0.3223170042037964,0.08723244071006775,0.0711735412478447,0.06364912539720535,0.21272796392440796,-0.1730806827545166,0.43533653020858765,-0.5759059190750122,0.6172667741775513,0.22256562113761902,-0.11319342255592346,0.1798853725194931,-0.40024733543395996,-0.4453215003013611,0.5800236463546753,0.7366276383399963,-0.331274151802063,-0.006078017875552177,-0.1815534085035324
1.2030932903289795,-1.3451406955718994,0.7102301120758057,0.033205218613147736,0.0009912585373967886,0.23892031610012054,0.9704707860946655,-0.4915328025817871,0.07346884161233902,0.13128840923309326,0.768338680267334,-0.2995434105396271,0.12509651482105255,-0.3801719546318054,-0.08517217636108398,-0.09194909781217575,1.2620716094970703,-0.32702121138572693,0.08669973909854889,0.08032989501953125,0.058308664709329605,0.2203061878681183,-0.186724454164505,0.4251942038536072,-0.5713412761688232,0.6034737825393677,0.22024324536323547,-0.1097184270620346,0.1859244555234909,-0.41086462140083313,-0.4323616325855255,0.5853607058525085,0.7241978049278259,-0.3317025899887085,-0.0074576265178620815,-0.1800834834575653
1.224327564239502,-1.3285772800445557,0.7066627740859985,0.03604533523321152,-0.0013963279780000448,0.22983230650424957,0.9725615382194519,-0.5022035241127014,0.0660184770822525,0.11205142736434937,0.7841036319732666,-0.3018239438533783,0.12081834673881531,-0.3929377496242523,-0.08317077904939651,-0.08255865424871445,1.2953380346298218,-0.33251792192459106,0.08743502199649811,0.08820858597755432,0.05244746804237366,0.22598955035209656,-0.19181956350803375,0.4151751399040222,-0.572019636631012,0.5852281451225281,0.22101229429244995,-0.10865761339664459,0.1897394061088562,-0.41477543115615845,-0.41945064067840576,0.593976616859436,0.7114791870117188,-0.3350882828235626,-0.010237131267786026,-0.1766076385974884
1.2363466024398804,-1.3188655376434326,0.7040525078773499,0.038451291620731354,-0.0047987368889153,0.22271321713924408,0.9741136431694031,-0.5069000720977783,0.06143822520971298,0.09371283650398254,0.7908097505569458,-0.2999770939350128,0.11318130791187286,-0.3975686728954315,-0.0766088142991066,-0.07010114192962646,1.3132483959197998,-0.33423811197280884,0.0917973518371582,0.09502437710762024,0.049680616706609726,0.23065173625946045,-0.19380463659763336,0.4069775938987732,-0.573534369468689,0.562504768371582,0.22284111380577087,-0.10926511138677597,0.18756422400474548,-0.4123613238334656,-0.409103125333786,0.5976043343544006,0.7048323154449463,-0.33882778882980347,-0.012805525213479996,-0.1694629043340683
1.2450196743011475,-1.3110350370407104,0.7018781900405884,0.04057462885975838,-0.007950956001877785,0.21830879151821136,0.9750035405158997,-0.5101701021194458,0.058841362595558167,0.07698269933462143,0.7935426235198975,-0.2954614758491516,0.10442832112312317,-0.39806318283081055,-0.06872221827507019,-0.05682654678821564,1.3250067234039307,-0.33466970920562744,0.09510678052902222,0.10093576461076736,0.04752606153488159,0.2345271110534668,-0.1963823139667511,0.3990464210510254,-0.5735734105110168,0.5462206602096558,0.22456201910972595,-0.10883202403783798,0.1859741061925888,-0.406888484954834,-0.39986711740493774,0.5986577272415161,0.70454341173172,-0.341729998588562,-0.014521057717502117,-0.16315020620822906
1.2501474618911743,-1.3056597709655762,0.6990824341773987,0.04290183633565903,-0.01041700504720211,0.21461500227451324,0.9757004380226135,-0.5170528888702393,0.05732991173863411,0.06154804676771164,0.8024247884750366,-0.29149672389030457,0.09571303427219391,-0.3964693546295166,-0.0611870177090168,-0.04249242693185806,1.3362950086593628,-0.3370511531829834,0.09821543097496033,0.10543069243431091,0.04509161785244942,0.23853325843811035,-0.19861727952957153,0.39202117919921875,-0.5758673548698425,0.5305315256118774,0.22720780968666077,-0.1090228259563446,0.18480940163135529,-0.40008389949798584,-0.3939666748046875,0.5988887548446655,0.7081575393676758,-0.3445076048374176,-0.01547830831259489,-0.1589592695236206
1.2532799243927002,-1.3016142845153809,0.6958940625190735,0.045403867959976196,-0.011436636559665203,0.21265049278736115,0.9760059118270874,-0.5280529260635376,0.05678112432360649,0.04828643426299095,0.8190170526504517,-0.2878973186016083,0.0868823230266571,-0.3905988931655884,-0.05427242070436478,-0.02811294049024582,1.3409227132797241,-0.34109535813331604,0.10109169781208038,0.10861542820930481,0.04259461909532547,0.24091172218322754,-0.20346617698669434,0.3885233402252197,-0.5767596364021301,0.5177692174911499,0.22865772247314453,-0.10894553363323212,0.1842346489429474,-0.3963044285774231,-0.3918061852455139,0.597831666469574,0.7116708159446716,-0.34627261757850647,-0.015806857496500015,-0.15651878714561462
1.2581123113632202,-1.3003376722335815,0.6920028924942017,0.04844927415251732,-0.011741726659238338,0.21148192882537842,0.9761097431182861,-0.5419280529022217,0.05725269019603729,0.03854479640722275,0.8407453298568726,-0.28544822335243225,0.0788053423166275,-0.38539639115333557,-0.048480622470378876,-0.015439626760780811,1.3483883142471313,-0.34680652618408203,0.10298887640237808,0.10910791158676147,0.04107019305229187,0.24347704648971558,-0.20579968392848969,0.3868871033191681,-0.5786652565002441,0.5131849050521851,0.23235997557640076,-0.10784849524497986,0.18096747994422913,-0.39045795798301697,-0.3946017622947693,0.5933047533035278,0.7199451327323914,-0.3478618562221527,-0.01491665281355381,-0.15408910810947418
1.2637126445770264,-1.3014106750488281,0.6876490116119385,0.05191758647561073,-0.011263013817369938,0.21101124584674835,0.976038932800293,-0.557215690612793,0.05893829092383385,0.032191962003707886,0.8682079911231995,-0.2852437198162079,0.07154712826013565,-0.38121944665908813,-0.044373273849487305,-0.005824901629239321,1.3558353185653687,-0.35223138332366943,0.10427330434322357,0.1079154759645462,0.0393480509519577,0.24480009078979492,-0.2132437825202942,0.38896843791007996,-0.5827491283416748,0.50634765625,0.23527085781097412,-0.10750305652618408,0.17752981185913086,-0.3871775269508362,-0.402396023273468,0.5893185138702393,0.726694643497467,-0.3495170772075653,-0.013387208804488182,-0.152776300907135
1.2710059881210327,-1.303824543952942,0.6831926703453064,0.05561532825231552,-0.009890303015708923,0.20981436967849731,0.9761081337928772,-0.5734187960624695,0.06176871806383133,0.029200071468949318,0.8947852849960327,-0.28441211581230164,0.06402255594730377,-0.3764939308166504,-0.041363831609487534,0.00033433432690799236,1.3626089096069336,-0.35593271255493164,0.10527713596820831,0.10580222308635712,0.038358863443136215,0.24700018763542175,-0.2154703587293625,0.3925694227218628,-0.5865036249160767,0.5036212801933289,0.23948217928409576,-0.10671617090702057,0.17173215746879578,-0.3795498311519623,-0.4129571318626404,0.5831829905509949,0.7318466901779175,-0.35170143842697144,-0.012036671862006187,-0.1507045328617096
1.2793035507202148,-1.3070805072784424,0.6803418397903442,0.05887140333652496,-0.007310077548027039,0.20898427069187164,0.9761179685592651,-0.5914719104766846,0.06558619439601898,0.02759532630443573,0.9231348633766174,-0.28312766551971436,0.056292574852705,-0.3754642605781555,-0.03994929417967796,0.0037295548245310783,1.3766052722930908,-0.35880905389785767,0.10555194318294525,0.10372405499219894,0.037008658051490784,0.25041642785072327,-0.21970297396183014,0.39670586585998535,-0.5911805629730225,0.5059088468551636,0.24248620867729187,-0.10491479933261871,0.16647398471832275,-0.37476974725723267,-0.4240555763244629,0.5783509016036987,0.7404532432556152,-0.35400891304016113,-0.008946767076849937,-0.1491338461637497
1.2874971628189087,-1.3103476762771606,0.6781212091445923,0.06154707074165344,-0.003530208021402359,0.2061968594789505,0.9765666127204895,-0.6103609204292297,0.06993265450000763,0.027714114636182785,0.9486356973648071,-0.28132688999176025,0.04816840589046478,-0.37440842390060425,-0.04071205481886864,0.005644578952342272,1.3880186080932617,-0.36168166995048523,0.10708814859390259,0.10132436454296112,0.03627176955342293,0.254528284072876,-0.2208542823791504,0.39718520641326904,-0.6002787351608276,0.5161628723144531,0.24651014804840088,-0.1017577201128006,0.15887723863124847,-0.3721397817134857,-0.429862380027771,0.5772810578346252,0.7524784803390503,-0.35734373331069946,-0.0050932178273797035,-0.1469871550798416
1.2947192192077637,-1.3133150339126587,0.6753809452056885,0.06327418982982635,0.0016327546909451485,0.20407849550247192,0.9769061803817749,-0.6327254772186279,0.07229694724082947,0.026414111256599426,0.980125904083252,-0.28054964542388916,0.03957509249448776,-0.37520426511764526,-0.0433955155313015,0.007636217400431633,1.401113748550415,-0.36452555656433105,0.10797565430402756,0.09913395345211029,0.0345233790576458,0.2607293426990509,-0.22496016323566437,0.3953527808189392,-0.6121283769607544,0.5276909470558167,0.2490774244070053,-0.09874755144119263,0.15273934602737427,-0.3740580081939697,-0.43061912059783936,0.5821563005447388,0.7624711990356445,-0.3607754707336426,-0.0017497468506917357,-0.1448270082473755
1.3005552291870117,-1.3167221546173096,0.6719965934753418,0.06449960172176361,0.0069375960156321526,0.20010720193386078,0.9776240587234497,-0.6537892818450928,0.07306269556283951,0.024088064208626747,1.010503888130188,-0.28275924921035767,0.03229391947388649,-0.3801831603050232,-0.04725080728530884,0.008245564997196198,1.4175492525100708,-0.36767885088920593,0.10859812796115875,0.0956602543592453,0.032119885087013245,0.266681045293808,-0.23380930721759796,0.3941604495048523,-0.6248515844345093,0.5396036505699158,0.25105753540992737,-0.09587831795215607,0.1491745412349701,-0.3791676461696625,-0.42946678400039673,0.5922597646713257,0.7705168724060059,-0.3646891713142395,0.0006794686196371913,-0.14240022003650665
1.3061769008636475,-1.3207242488861084,0.6685649156570435,0.0651533380150795,0.0126706063747406,0.1970176249742508,0.9781506061553955,-0.6744571924209595,0.07308553159236908,0.021271539852023125,1.036699891090393,-0.2857592701911926,0.024564916267991066,-0.3868858814239502,-0.051740728318691254,0.008065392263233662,1.4338223934173584,-0.36984783411026,0.10909257084131241,0.0930725634098053,0.028510399162769318,0.27411603927612305,-0.2445850521326065,0.3918498754501343,-0.6366081237792969,0.5542029142379761,0.25242292881011963,-0.09336046874523163,0.14673937857151031,-0.38672566413879395,-0.4257950186729431,0.6030867695808411,0.7809352874755859,-0.3675171732902527,0.002918388694524765,-0.13919885456562042
1.31130051612854,-1.3251612186431885,0.6657842397689819,0.06544563174247742,0.017779212445020676,0.19321654736995697,0.9788095355033875,-0.6922012567520142,0.07159680873155594,0.018128590658307076,1.0587326288223267,-0.2908005714416504,0.018191786482930183,-0.39252084493637085,-0.057878896594047546,0.007106061093509197,1.446114420890808,-0.3725234866142273,0.10907986015081406,0.09066936373710632,0.02444147691130638,0.27894827723503113,-0.25396043062210083,0.38623401522636414,-0.6476743221282959,0.5671305656433105,0.25255537033081055,-0.09138977527618408,0.14688098430633545,-0.39426857233047485,-0.4178773760795593,0.6155713200569153,0.7877686023712158,-0.3696812391281128,0.004094382748007774,-0.1367907077074051
1.3162907361984253,-1.3301033973693848,0.6620099544525146,0.06504528224468231,0.022483190521597862,0.18863524496555328,0.9796327948570251,-0.7066662311553955,0.0706791952252388,0.01509761717170477,1.0749845504760742,-0.295384019613266,0.013337706215679646,-0.40108099579811096,-0.06370297819375992,0.005406910553574562,1.4638358354568481,-0.37378138303756714,0.1085239052772522,0.08839793503284454,0.020574739202857018,0.2837199568748474,-0.26435792446136475,0.38307327032089233,-0.6565322279930115,0.57616126537323,0.2525363266468048,-0.090155690908432,0.1486123949289322,-0.4018898010253906,-0.41222286224365234,0.6259778738021851,0.7914761900901794,-0.3704257011413574,0.004470109939575195,-0.1353633999824524
1.3217003345489502,-1.335551381111145,0.6590132713317871,0.06435937434434891,0.02681203931570053,0.1843123435974121,0.9803917407989502,-0.7203134298324585,0.06995571404695511,0.013211693614721298,1.0890265703201294,-0.30135399103164673,0.009641982614994049,-0.4098358750343323,-0.06911775469779968,0.0031662241090089083,1.4775707721710205,-0.37505626678466797,0.10669545829296112,0.08777633309364319,0.015852585434913635,0.2890915274620056,-0.2745385766029358,0.38054782152175903,-0.6628313064575195,0.5874316692352295,0.25203901529312134,-0.08810146152973175,0.15237398445606232,-0.4148634076118469,-0.40746110677719116,0.634587824344635,0.7985987663269043,-0.3700845241546631,0.0060594649985432625,-0.13570497930049896
1.3267998695373535,-1.3395838737487793,0.640679121017456,0.07121304422616959,0.02688877284526825,0.17259825766086578,0.9820466041564941,-0.881756603717804,0.05580180510878563,-0.0112339798361063,1.1491787433624268,-0.28628969192504883,-0.00014115823432803154,-0.21858809888362885,-0.16282619535923004,0.08292786777019501,1.426710605621338,-0.5077092051506042,0.1469670832157135,0.13180899620056152,0.012231861241161823,0.31350353360176086,-0.24691419303417206,0.3440263271331787,-0.6395044326782227,0.6977896690368652,0.30287161469459534,-0.0656222552061081,0.169694185256958,-0.3826754689216614,-0.37234219908714294,0.6178357601165771,0.8975448608398438,-0.34411507844924927,-0.0050965468399226665,-0.13051268458366394
1.3328403234481812,-1.342416763305664,0.6227772831916809,0.07487855106592178,0.026414455845952034,0.1621965616941452,0.983558714389801,-0.9717243313789368,0.048179470002651215,-0.02665981836616993,1.1737724542617798,-0.2759675979614258,-0.006272210273891687,-0.08996026962995529,-0.22450575232505798,0.12885533273220062,1.3682403564453125,-0.5851250290870667,0.1700916588306427,0.16378715634346008,0.009082572534680367,0.32925450801849365,-0.22380331158638,0.3458300232887268,-0.6213499903678894,0.7766655683517456,0.33434873819351196,-0.05247025191783905,0.18469497561454773,-0.3603724539279938,-0.3470957279205322,0.6075127720832825,0.9628826379776001,-0.3267925977706909,-0.015440169721841812,-0.12819693982601166
1.338840126991272,-1.3447017669677734,0.6122063398361206,0.07545837759971619,0.0268069040030241,0.1524362415075302,0.9850637316703796,-1.0168437957763672,0.046465158462524414,-0.03759896010160446,1.1736854314804077,-0.26720884442329407,-0.009735310450196266,-0.006225239485502243,-0.2635970711708069,0.15360823273658752,1.3050782680511475,-0.6245323419570923,0.1837393045425415,0.1895252764225006,0.005865458864718676,0.3371772766113281,-0.20612402260303497,0.3638326823711395,-0.6043395400047302,0.8275777101516724,0.35146471858024597,-0.04485975578427315,0.1995377540588379,-0.3443695604801178,-0.32951846718788147,0.602910578250885,1.0007463693618774,-0.3158785402774811,-0.024510610848665237,-0.12814049422740936
1.3438485860824585,-1.3463470935821533,0.6121349930763245,0.07338570058345795,0.028011227026581764,0.14269810914993286,0.986644446849823,-1.0244121551513672,0.052447184920310974,-0.04359523206949234,1.1438727378845215,-0.25621384382247925,-0.01354004256427288,0.05038069933652878,-0.2876543700695038,0.16495124995708466,1.2231881618499756,-0.6322975158691406,0.1908741295337677,0.21033233404159546,0.006341173313558102,0.34277331829071045,-0.19908767938613892,0.3761018216609955,-0.5923110842704773,0.8586992025375366,0.3601457476615906,-0.04080473631620407,0.2111748456954956,-0.3372511863708496,-0.31726786494255066,0.603050947189331,1.0193700790405273,-0.3099513649940491,-0.0311405211687088,-0.12780697643756866
1.3479485511779785,-1.3485782146453857,0.6183844804763794,0.06966718286275864,0.029211105778813362,0.13341796398162842,0.9881765246391296,-1.007291555404663,0.06318056583404541,-0.047027841210365295,1.0950753688812256,-0.2420114129781723,-0.016415439546108246,0.08471018075942993,-0.29859215021133423,0.16616639494895935,1.1423877477645874,-0.6217882633209229,0.1919252574443817,0.22566327452659607,0.009194783866405487,0.3431481122970581,-0.2005312442779541,0.37651437520980835,-0.5799943208694458,0.8752275705337524,0.3622400164604187,-0.03828546032309532,0.2247854769229889,-0.3316158950328827,-0.3093213140964508,0.6035126447677612,1.0308128595352173,-0.30836522579193115,-0.035839490592479706,-0.12996943295001984
1.3515808582305908,-1.3496180772781372,0.6317908763885498,0.062445174902677536,0.03109924867749214,0.12438121438026428,0.9897791743278503,-0.9631013870239258,0.08059927076101303,-0.045121919363737106,1.0195138454437256,-0.22567200660705566,-0.014628869481384754,0.10627970844507217,-0.29604774713516235,0.15963637828826904,1.046006441116333,-0.5911208391189575,0.19174142181873322,0.23378121852874756,0.015352776274085045,0.3395416736602783,-0.20937582850456238,0.3665870726108551,-0.5683348774909973,0.8842686414718628,0.36003968119621277,-0.03649987280368805,0.23880040645599365,-0.3221796452999115,-0.3039167523384094,0.6009417176246643,1.0355615615844727,-0.3094647526741028,-0.039170488715171814,-0.13306930661201477
1.351449966430664,-1.3522732257843018,0.6474975347518921,0.053488247096538544,0.03276818245649338,0.11705207824707031,0.9911428093910217,-0.9076308012008667,0.09913836419582367,-0.04006106033921242,0.9373124837875366,-0.20953530073165894,-0.010978694073855877,0.11946232616901398,-0.2844559848308563,0.14972922205924988,0.9504295587539673,-0.5509220361709595,0.19223517179489136,0.23899440467357635,0.023613054305315018,0.3322623372077942,-0.22525596618652344,0.3525243103504181,-0.5580502152442932,0.8792108297348022,0.3550783395767212,-0.03623975068330765,0.2541714906692505,-0.3160744607448578,-0.29920297861099243,0.6022528409957886,1.0298734903335571,-0.31450483202934265,-0.04248741269111633,-0.1371467113494873
1.3493846654891968,-1.3538899421691895,0.6606021523475647,0.042024072259664536,0.03425634652376175,0.11391472071409225,0.9920100569725037,-0.8384360074996948,0.11917302012443542,-0.032007090747356415,0.8379658460617065,-0.18980994820594788,-0.003498324193060398,0.12416550517082214,-0.26438289880752563,0.1385163515806198,0.875605583190918,-0.5068879127502441,0.19614365696907043,0.2470332384109497,0.03947129845619202,0.31543585658073425,-0.22169968485832214,0.3368350565433502,-0.5440176129341125,0.8925337791442871,0.3527153730392456,-0.03663548827171326,0.258573055267334,-0.299638032913208,-0.3021993935108185,0.5926920175552368,1.0359575748443604,-0.31984779238700867,-0.04382406920194626,-0.1378692090511322
1.348141074180603,-1.3538841009140015,0.6708424687385559,0.029877403751015663,0.03532877936959267,0.11402211338281631,0.9924002289772034,-0.7659723162651062,0.1377142369747162,-0.022826170548796654,0.7330222129821777,-0.16458271443843842,0.0038124481216073036,0.12340989708900452,-0.24024662375450134,0.13123567402362823,0.8202678561210632,-0.46400102972984314,0.2014859914779663,0.24945604801177979,0.060389552265405655,0.2934654951095581,-0.20619553327560425,0.3217778205871582,-0.5273179411888123,0.9179946184158325,0.34987521171569824,-0.03698313981294632,0.25637707114219666,-0.28075215220451355,-0.3069770932197571,0.5800822377204895,1.0502326488494873,-0.3262019753456116,-0.043620478361845016,-0.13828688859939575
1.3520212173461914,-1.349413275718689,0.6870469450950623,0.0159270279109478,0.03600363805890083,0.12167205661535263,0.9917892813682556,-0.6800729036331177,0.15282738208770752,-0.012102541513741016,0.6213937401771545,-0.1425546258687973,0.022738030180335045,0.10122765600681305,-0.2122793346643448,0.12511277198791504,0.8185386657714844,-0.42681175470352173,0.21082955598831177,0.24191993474960327,0.0848366990685463,0.2623963952064514,-0.18399496376514435,0.30678996443748474,-0.508528470993042,0.9504110813140869,0.34700801968574524,-0.03825955092906952,0.2472783923149109,-0.25215333700180054,-0.31240248680114746,0.5657951235771179,1.0638854503631592,-0.33490845561027527,-0.045084480196237564,-0.13620170950889587
1.3667383193969727,-1.3397941589355469,0.7082897424697876,0.0048393611796200275,0.0377240926027298,0.13521462678909302,0.9900860786437988,-0.5943440198898315,0.15363629162311554,0.0015020482242107391,0.5158303380012512,-0.12577864527702332,0.04813656583428383,0.07379981130361557,-0.18421217799186707,0.11576497554779053,0.8177333474159241,-0.3750625252723694,0.21030566096305847,0.22804701328277588,0.10519347339868546,0.2278199940919876,-0.15925493836402893,0.29033294320106506,-0.4888913631439209,0.9843714237213135,0.34154653549194336,-0.03980568051338196,0.23468483984470367,-0.2235686480998993,-0.3149177134037018,0.5482004880905151,1.0747700929641724,-0.3412419855594635,-0.04677513241767883,-0.13651418685913086
1.3903330564498901,-1.3250958919525146,0.725580096244812,-0.0026813677977770567,0.03910083696246147,0.15850408375263214,0.9865801334381104,-0.5127835273742676,0.1376018226146698,0.0075612748041749,0.42874905467033386,-0.12139938771724701,0.08167405426502228,0.02748366817831993,-0.15968024730682373,0.10877908766269684,0.8424743413925171,-0.3196653425693512,0.2077004313468933,0.20013268291950226,0.11705958843231201,0.19382800161838531,-0.15583853423595428,0.2734576165676117,-0.48086047172546387,1.0148675441741943,0.33451899886131287,-0.039903078228235245,0.22175812721252441,-0.1943497210741043,-0.3171893358230591,0.5301144123077393,1.088149070739746,-0.34599679708480835,-0.0474180206656456,-0.1365082859992981
1.4172968864440918,-1.3055145740509033,0.7390311360359192,-0.009064046666026115,0.03704144433140755,0.18885499238967896,0.9812642931938171,-0.4344158470630646,0.11348145455121994,0.004061442334204912,0.3624046742916107,-0.13040733337402344,0.11729741096496582,-0.031151510775089264,-0.1299019157886505,0.09839076548814774,0.882648229598999,-0.28564491868019104,0.19564107060432434,0.16079643368721008,0.13290992379188538,0.1662180870771408,-0.16553372144699097,0.2526859939098358,-0.4876917600631714,1.0312449932098389,0.3311713635921478,-0.04113020375370979,0.2079300433397293,-0.16891120374202728,-0.3211212754249573,0.5150022506713867,1.0922393798828125,-0.34630087018013,-0.05012780427932739,-0.13467898964881897
1.4477349519729614,-1.283923625946045,0.7491229176521301,-0.01575717143714428,0.03102964162826538,0.22568157315254211,0.9735793471336365,-0.3560792803764343,0.09053530544042587,-0.016295280307531357,0.3147837519645691,-0.15597236156463623,0.14628808200359344,-0.12400420010089874,-0.10335609316825867,0.08427034318447113,0.951492428779602,-0.2724132537841797,0.18234115839004517,0.10169506072998047,0.14600341022014618,0.1497204601764679,-0.18729984760284424,0.24124860763549805,-0.4965323209762573,1.0472466945648193,0.3296259641647339,-0.04081479460000992,0.19724011421203613,-0.1380917876958847,-0.3328077793121338,0.49210041761398315,1.0891196727752686,-0.3427998423576355,-0.054087378084659576,-0.13067834079265594
1.4770119190216064,-1.2619701623916626,0.7557728886604309,-0.020639538764953613,0.023066304624080658,0.26174286007881165,0.9646412134170532,-0.28450003266334534,0.06840867549180984,-0.04056462645530701,0.2877926528453827,-0.19196121394634247,0.16851294040679932,-0.21734720468521118,-0.08275999873876572,0.0649171695113182,1.0152227878570557,-0.2718139886856079,0.1652030348777771,0.04323650151491165,0.15877462923526764,0.13967522978782654,-0.20539052784442902,0.23215237259864807,-0.5062492489814758,1.0681345462799072,0.33104634284973145,-0.039383381605148315,0.18657457828521729,-0.11459651589393616,-0.3449060320854187,0.4688284695148468,1.081297516822815,-0.3348139226436615,-0.05799005925655365,-0.12858983874320984
1.5084919929504395,-1.2375894784927368,0.7606542110443115,-0.02361060492694378,0.012710042297840118,0.2990873157978058,0.9538488984107971,-0.20828688144683838,0.048346925526857376,-0.07112482935190201,0.2739320397377014,-0.2340357005596161,0.1788250058889389,-0.3269273042678833,-0.07122751325368881,0.043196551501750946,1.0414843559265137,-0.2718370854854584,0.1534152626991272,-0.016753271222114563,0.16664347052574158,0.1342315971851349,-0.2122182548046112,0.22002016007900238,-0.5168966054916382,1.0994644165039062,0.333935022354126,-0.03817114233970642,0.17684996128082275,-0.09378194063901901,-0.3505023121833801,0.44734203815460205,1.0765804052352905,-0.32509952783584595,-0.062001027166843414,-0.12797202169895172
1.5414414405822754,-1.212888240814209,0.7631536722183228,-0.02281954698264599,0.0029999061953276396,0.3335779309272766,0.9424415230751038,-0.13075463473796844,0.02786390110850334,-0.10335120558738708,0.26797112822532654,-0.2771763801574707,0.17644713819026947,-0.415237158536911,-0.06821826100349426,0.018484696745872498,1.0067756175994873,-0.25848525762557983,0.14792834222316742,-0.07026570290327072,0.16502806544303894,0.13241159915924072,-0.2174435406923294,0.21107934415340424,-0.5251036286354065,1.1289432048797607,0.3358086347579956,-0.03844651207327843,0.16970419883728027,-0.07941223680973053,-0.35008904337882996,0.4298069477081299,1.0775011777877808,-0.3146332800388336,-0.06442338973283768,-0.12782232463359833
1.5748025178909302,-1.1891556978225708,0.7623816132545471,-0.013886027969419956,-0.005425642244517803,0.36814698576927185,0.9296481609344482,-0.046705737709999084,-0.0019111726433038712,-0.1403316855430603,0.258639395236969,-0.3150583505630493,0.1642547994852066,-0.46039462089538574,-0.09494650363922119,-0.003270121291279793,0.8400311470031738,-0.19822090864181519,0.16123420000076294,-0.1214655190706253,0.14808502793312073,0.13377106189727783,-0.22488579154014587,0.20066925883293152,-0.5352047681808472,1.1463618278503418,0.33669501543045044,-0.04310205578804016,0.164300799369812,-0.06892872601747513,-0.3464450538158417,0.40927961468696594,1.0856505632400513,-0.3052278161048889,-0.06366372853517532,-0.12724843621253967
1.6003341674804688,-1.1689174175262451,0.7580971717834473,-0.00655759684741497,-0.012917643412947655,0.38946640491485596,0.9209267497062683,-0.12280085682868958,0.004512576851993799,-0.10727900266647339,0.4677025079727173,-0.3445602059364319,0.11260474473237991,-0.4885781407356262,-0.08897344022989273,0.008475369773805141,0.9397886991500854,-0.1907883882522583,0.17130106687545776,-0.0877147763967514,0.10287761688232422,0.17628444731235504,-0.27550703287124634,0.24204033613204956,-0.5956860780715942,1.0233395099639893,0.31658637523651123,-0.061920762062072754,0.17770373821258545,-0.16006425023078918,-0.37440377473831177,0.4744666814804077,0.9774861335754395,-0.32328635454177856,-0.05272115394473076,-0.13299793004989624
1.622692346572876,-1.1501473188400269,0.7504236102104187,-0.005464296787977219,-0.01656620018184185,0.40693503618240356,0.9132905006408691,-0.1790684163570404,0.012594861909747124,-0.09251315146684647,0.6305558681488037,-0.3752383887767792,0.0744975134730339,-0.5187779664993286,-0.08277467638254166,0.01795997843146324,0.9603548645973206,-0.1690969616174698,0.1795688271522522,-0.06715067476034164,0.07718192785978317,0.19097605347633362,-0.30823594331741333,0.2763865292072296,-0.6383039355278015,0.9286017417907715,0.3021221160888672,-0.07213203608989716,0.18304355442523956,-0.2183503806591034,-0.39401134848594666,0.5137200355529785,0.9034522771835327,-0.3363617956638336,-0.03984301537275314,-0.1357334703207016
1.6423536539077759,-1.1332142353057861,0.7424895763397217,-0.0051255906000733376,-0.019985539838671684,0.42228633165359497,0.9062276482582092,-0.20735758543014526,0.020231708884239197,-0.08780936896800995,0.7501626014709473,-0.3991992771625519,0.047337353229522705,-0.5334402918815613,-0.07951222360134125,0.026912767440080643,0.9352532625198364,-0.14167341589927673,0.18708860874176025,-0.0555756613612175,0.06316625326871872,0.1955849528312683,-0.3251529633998871,0.3020835518836975,-0.6691826581954956,0.857145369052887,0.2928397059440613,-0.08110430836677551,0.1833639293909073,-0.25487884879112244,-0.4081742763519287,0.5365636944770813,0.8565440773963928,-0.34594157338142395,-0.0289962999522686,-0.13863205909729004
1.6607224941253662,-1.1175556182861328,0.7338687777519226,-0.004448194056749344,-0.02328140288591385,0.43234875798225403,0.9013949036598206,-0.2211398035287857,0.026185208931565285,-0.08825211226940155,0.8517390489578247,-0.4192236065864563,0.028315791860222816,-0.5362545847892761,-0.0779535174369812,0.03614645451307297,0.9036293029785156,-0.11912576854228973,0.1897435188293457,-0.049536190927028656,0.05378314107656479,0.1929604858160019,-0.3247087895870209,0.32294654846191406,-0.6915805339813232,0.8018998503684998,0.2878172993659973,-0.08929214626550674,0.17921972274780273,-0.2698456645011902,-0.4193533658981323,0.5495069026947021,0.8265104293823242,-0.35385921597480774,-0.02113828994333744,-0.13900817930698395
1.6781542301177979,-1.1030375957489014,0.7262633442878723,-0.003396083600819111,-0.02480108104646206,0.44200190901756287,0.8966647386550903,-0.22130149602890015,0.03251998499035835,-0.08936923742294312,0.9251900315284729,-0.43132299184799194,0.014523128047585487,-0.5343637466430664,-0.07804399728775024,0.04445408657193184,0.8759833574295044,-0.10037928819656372,0.19188645482063293,-0.04794057458639145,0.04654886573553085,0.1833859384059906,-0.31107252836227417,0.33496391773223877,-0.7110080122947693,0.7642965316772461,0.2872762680053711,-0.09522342681884766,0.17470188438892365,-0.2707187533378601,-0.42315787076950073,0.5594602823257446,0.8076022863388062,-0.36167412996292114,-0.014931530691683292,-0.14071814715862274
1.697762370109558,-1.0870556831359863,0.7218390703201294,-0.0021393338683992624,-0.02450498938560486,0.45047083497047424,0.8924521803855896,-0.21730317175388336,0.04228490591049194,-0.09001826494932175,0.9825210571289062,-0.44429951906204224,0.006861502304673195,-0.5310192108154297,-0.07806748151779175,0.05049438774585724,0.8636002540588379,-0.09508192539215088,0.18986806273460388,-0.04870991408824921,0.04322158545255661,0.1715458482503891,-0.29479649662971497,0.3434440791606903,-0.7253834009170532,0.7380135655403137,0.2890450656414032,-0.0988868698477745,0.17054146528244019,-0.2657119035720825,-0.42486584186553955,0.5655214190483093,0.7962898015975952,-0.36920666694641113,-0.008945616893470287,-0.14304541051387787
1.7186381816864014,-1.07035231590271,0.7226324677467346,-0.00016851948748808354,-0.023402247577905655,0.4598740339279175,0.8876757025718689,-0.21152803301811218,0.05774407088756561,-0.08852620422840118,1.032260775566101,-0.4588085412979126,0.0033756038174033165,-0.5286868214607239,-0.07875028252601624,0.050315551459789276,0.8681401014328003,-0.10049834847450256,0.18292853236198425,-0.05248524993658066,0.04286731034517288,0.1639869213104248,-0.2817927896976471,0.35166993737220764,-0.7354863882064819,0.7192960977554321,0.28961455821990967,-0.10037195682525635,0.16388292610645294,-0.26143088936805725,-0.42707109451293945,0.570102334022522,0.7876635789871216,-0.3753126263618469,-0.0038849562406539917,-0.1413135528564453
1.741265058517456,-1.0525888204574585,0.7209868431091309,0.0026996165979653597,-0.021822365000844002,0.4675986170768738,0.8836673498153687,-0.20199663937091827,0.07953795790672302,-0.0826239138841629,1.0645740032196045,-0.47689545154571533,0.0051282551139593124,-0.5381608605384827,-0.07967930287122726,0.0420767180621624,0.8998837471008301,-0.11551588028669357,0.17149104177951813,-0.05915582925081253,0.04560477286577225,0.15913540124893188,-0.2723696231842041,0.3597787320613861,-0.7387598752975464,0.7101211547851562,0.2898114025592804,-0.09850767254829407,0.16233082115650177,-0.2640366852283478,-0.43299585580825806,0.5673744082450867,0.7764979600906372,-0.3780927062034607,0.0009575798176229,-0.1459742784500122
1.757333517074585,-1.0424011945724487,0.7188372015953064,0.0068967463448643684,-0.019606899470090866,0.4729551076889038,0.8808413743972778,-0.1875373274087906,0.10366703569889069,-0.07220999151468277,1.0797953605651855,-0.4940406084060669,0.00872365664690733,-0.5520955324172974,-0.08214107900857925,0.029084354639053345,0.9341169595718384,-0.1307912915945053,0.15944510698318481,-0.06803254038095474,0.04981786385178566,0.15596428513526917,-0.26735642552375793,0.36536380648612976,-0.7377490997314453,0.707696795463562,0.2883692681789398,-0.0952715203166008,0.16401654481887817,-0.27181047201156616,-0.43975594639778137,0.5610518455505371,0.765109658241272,-0.3779315948486328,0.005762770771980286,-0.1540421098470688
1.7693543434143066,-1.0374414920806885,0.7154422402381897,0.012089500203728676,-0.017450688406825066,0.47586768865585327,0.8792606592178345,-0.170583575963974,0.12785756587982178,-0.060272108763456345,1.087259292602539,-0.5108155012130737,0.01269486639648676,-0.5728839635848999,-0.08536868542432785,0.013340290635824203,0.9704688191413879,-0.14409253001213074,0.14731831848621368,-0.07860781252384186,0.05367289111018181,0.15464922785758972,-0.2682805061340332,0.36998364329338074,-0.7397098541259766,0.696386992931366,0.2864885628223419,-0.09381169825792313,0.168447807431221,-0.282842218875885,-0.44714707136154175,0.5564173460006714,0.7425199151039124,-0.377176433801651,0.00764160742983222,-0.164345383644104
1.7782604694366455,-1.036001205444336,0.7119113802909851,0.01776164583861828,-0.015487104654312134,0.476237416267395,0.8790009617805481,-0.14609313011169434,0.14890259504318237,-0.04814145714044571,1.0786410570144653,-0.5262659788131714,0.0174887552857399,-0.5953662395477295,-0.08843832463026047,-0.0029772529378533363,0.9938288331031799,-0.15306277573108673,0.13656625151634216,-0.09243469685316086,0.056799668818712234,0.1548672467470169,-0.2707532048225403,0.3706549406051636,-0.7381811141967773,0.687578558921814,0.28309616446495056,-0.09145337343215942,0.17652252316474915,-0.2936420738697052,-0.4526401162147522,0.550341010093689,0.7177728414535522,-0.3734356164932251,0.008571963757276535,-0.1738741099834442
1.7855358123779297,-1.0361151695251465,0.7085866332054138,0.024156993255019188,-0.014022368006408215,0.47632935643196106,0.8788231611251831,-0.11545050889253616,0.16649127006530762,-0.037284087389707565,1.0620522499084473,-0.5406834483146667,0.021664097905158997,-0.6159471273422241,-0.09200503677129745,-0.017933133989572525,1.0002357959747314,-0.15873193740844727,0.12787015736103058,-0.107508085668087,0.06008429080247879,0.15394024550914764,-0.2767431139945984,0.37014225125312805,-0.7396749258041382,0.6819515228271484,0.28129929304122925,-0.08977322280406952,0.18547895550727844,-0.3073710799217224,-0.4571376442909241,0.5474029779434204,0.7024967670440674,-0.3689476251602173,0.009960687719285488,-0.18286068737506866
1.7911474704742432,-1.0382076501846313,0.704098105430603,0.029549814760684967,-0.013414707034826279,0.47520381212234497,0.8792771100997925,-0.08860696107149124,0.18147189915180206,-0.029795873910188675,1.0509456396102905,-0.5563502311706543,0.026017919182777405,-0.6357141733169556,-0.09547705948352814,-0.03091251477599144,1.0081639289855957,-0.16868889331817627,0.11919829249382019,-0.12058563530445099,0.06227397918701172,0.153843954205513,-0.28206485509872437,0.3705820143222809,-0.7402820587158203,0.6796247959136963,0.2796947956085205,-0.08784481883049011,0.19694244861602783,-0.32507753372192383,-0.4608338475227356,0.5465373992919922,0.6813359260559082,-0.3631661832332611,0.008962485939264297,-0.19327741861343384
1.7954654693603516,-1.0424883365631104,0.6997297406196594,0.034043531864881516,-0.01308886706829071,0.4738328754901886,0.8798591494560242,-0.06775523722171783,0.1943357288837433,-0.025119828060269356,1.0471845865249634,-0.5692739486694336,0.029519109055399895,-0.6504651308059692,-0.09730356931686401,-0.039924390614032745,1.0213546752929688,-0.1837139129638672,0.11122971773147583,-0.12975461781024933,0.06516791880130768,0.15386910736560822,-0.284374475479126,0.36873024702072144,-0.7426388263702393,0.6788405776023865,0.2787017822265625,-0.08655118197202682,0.20598366856575012,-0.34379643201828003,-0.46096593141555786,0.5506457090377808,0.6699931621551514,-0.3595494031906128,0.009177647531032562,-0.19988401234149933
1.7983403205871582,-1.0471394062042236,0.6952899694442749,0.036779653280973434,-0.012836429290473461,0.4714329242706299,0.8810411691665649,-0.05187156796455383,0.20512282848358154,-0.02256041206419468,1.0467479228973389,-0.5793486833572388,0.03230306878685951,-0.664635181427002,-0.0982336476445198,-0.045669831335544586,1.0413748025894165,-0.1990925520658493,0.10560744255781174,-0.13752199709415436,0.06875739991664886,0.15427656471729279,-0.28762468695640564,0.3662041425704956,-0.7460929155349731,0.6827731132507324,0.27920329570770264,-0.08431272208690643,0.21321237087249756,-0.36411911249160767,-0.4601924419403076,0.5560035109519958,0.6647791266441345,-0.3583233058452606,0.010061124339699745,-0.2060081958770752
1.8008215427398682,-1.052013874053955,0.6917335391044617,0.03821341693401337,-0.01210783515125513,0.4711105227470398,0.8811628818511963,-0.03805389255285263,0.21424998342990875,-0.021497976034879684,1.0451154708862305,-0.5852035880088806,0.032659292221069336,-0.676716685295105,-0.0990629643201828,-0.04863366484642029,1.0639384984970093,-0.21141734719276428,0.10375238209962845,-0.14193511009216309,0.07240544259548187,0.1541229486465454,-0.295151025056839,0.3648817241191864,-0.7462464570999146,0.6943881511688232,0.27781713008880615,-0.08084575831890106,0.21854937076568604,-0.3948051929473877,-0.46070006489753723,0.5611922144889832,0.6728734374046326,-0.35842007398605347,0.014428473077714443,-0.21239030361175537
1.804081916809082,-1.0549519062042236,0.6758865118026733,0.036850426346063614,-0.00982626248151064,0.47327303886413574,0.8800898194313049,0.06884512305259705,0.2443322390317917,-0.06343293935060501,0.9908249378204346,-0.6194952130317688,0.04979944974184036,-0.7262600660324097,-0.13817302882671356,-0.0366826206445694,1.126612663269043,-0.270698606967926,0.10405716300010681,-0.18660582602024078,0.10626323521137238,0.13892929255962372,-0.2526766061782837,0.3158324658870697,-0.6942828297615051,0.799710214138031,0.2985839545726776,-0.05671067535877228,0.20447799563407898,-0.34341901540756226,-0.43335258960723877,0.5365926623344421,0.7901617884635925,-0.35047638416290283,0.010229354724287987,-0.1788080930709839
1.8081777095794678,-1.0567222833633423,0.6584517359733582,0.034602753818035126,-0.008533966727554798,0.4737967252731323,0.879912793636322,0.1498005986213684,0.26811790466308594,-0.09251900017261505,0.9649907350540161,-0.6515834331512451,0.06045939773321152,-0.781370997428894,-0.16408538818359375,-0.02946852520108223,1.2007019519805908,-0.31710970401763916,0.10259321331977844,-0.2225392460823059,0.13084955513477325,0.13514739274978638,-0.24435588717460632,0.285917729139328,-0.6730562448501587,0.855018675327301,0.31677478551864624,-0.041341207921504974,0.20199567079544067,-0.32218122482299805,-0.4202278256416321,0.5280685424804688,0.8640804290771484,-0.34928998351097107,0.007934785448014736,-0.1636350452899933
1.8131545782089233,-1.0564391613006592,0.6406636238098145,0.031111594289541245,-0.006919355597347021,0.4719817340373993,0.8810320496559143,0.20711341500282288,0.2864077389240265,-0.11104241013526917,0.966431736946106,-0.6814124584197998,0.06741416454315186,-0.8389993906021118,-0.18055656552314758,-0.026424849405884743,1.2793128490447998,-0.3548378348350525,0.09942449629306793,-0.24897500872612,0.14831538498401642,0.13621002435684204,-0.25874418020248413,0.2662672698497772,-0.6709384918212891,0.8805803060531616,0.3329468369483948,-0.0290925744920969,0.20491163432598114,-0.31946706771850586,-0.4132952094078064,0.5301424860954285,0.9071910381317139,-0.3529069721698761,0.008198274299502373,-0.15773215889930725
1.819300889968872,-1.054465651512146,0.6221170425415039,0.026072857901453972,-0.004316869657486677,0.47083166241645813,0.8818271160125732,0.25353506207466125,0.30250847339630127,-0.1246224045753479,0.9803428649902344,-0.7054979801177979,0.06849893927574158,-0.9016359448432922,-0.1914566457271576,-0.025695767253637314,1.3601664304733276,-0.38523298501968384,0.09448866546154022,-0.27080750465393066,0.16443362832069397,0.13876722753047943,-0.2801690995693207,0.2515539526939392,-0.6818228960037231,0.8883130550384521,0.34782129526138306,-0.01904819719493389,0.2087811529636383,-0.3265174925327301,-0.4098384380340576,0.5390403866767883,0.9236409664154053,-0.3604922294616699,0.009300356730818748,-0.1573309302330017
1.826413631439209,-1.0514591932296753,0.6031898260116577,0.02012842521071434,-0.0015116235008463264,0.47024664282798767,0.8823041915893555,0.2890002429485321,0.3166886270046234,-0.13377660512924194,1.0051082372665405,-0.7275702953338623,0.06699445843696594,-0.9644204378128052,-0.20049306750297546,-0.02668241783976555,1.4410274028778076,-0.4120621085166931,0.08981131762266159,-0.2870468497276306,0.1790694147348404,0.14325913786888123,-0.2982259690761566,0.24004507064819336,-0.6980324387550354,0.8901103734970093,0.36018693447113037,-0.010644297115504742,0.2098957598209381,-0.33620309829711914,-0.40727174282073975,0.5495253801345825,0.9270814657211304,-0.36903056502342224,0.012859807349741459,-0.15795238316059113
1.8337600231170654,-1.04768705368042,0.5833884477615356,0.013355717994272709,0.0011788622941821814,0.4699617624282837,0.8825849890708923,0.3178856670856476,0.3286088705062866,-0.14213114976882935,1.0395121574401855,-0.7463822960853577,0.06227405369281769,-1.0275254249572754,-0.20719537138938904,-0.02814962901175022,1.5236437320709229,-0.4377884864807129,0.08326014131307602,-0.2975219488143921,0.19343909621238708,0.1478154957294464,-0.30463236570358276,0.2330961674451828,-0.712268590927124,0.8939688205718994,0.3687085509300232,-0.003410285571590066,0.20949183404445648,-0.34297966957092285,-0.4070444703102112,0.5605161190032959,0.9232171773910522,-0.377896249294281,0.016715943813323975,-0.15757118165493011
1.8405051231384277,-1.0440056324005127,0.5636230707168579,0.0066859968937933445,0.003493787022307515,0.4700345993041992,0.8826158046722412,0.33899205923080444,0.3391955494880676,-0.14905010163784027,1.0811665058135986,-0.7663366198539734,0.05651022493839264,-1.088158369064331,-0.21054582297801971,-0.02715492807328701,1.6009800434112549,-0.4624395966529846,0.07891760021448135,-0.3043513298034668,0.2076246440410614,0.15364575386047363,-0.30348023772239685,0.23034213483333588,-0.722964346408844,0.9033967852592468,0.37373003363609314,0.0037684175185859203,0.20929494500160217,-0.34794872999191284,-0.41740846633911133,0.5716536045074463,0.9219744205474854,-0.3873373866081238,0.022466452792286873,-0.1568872481584549
1.8467180728912354,-1.040610671043396,0.5450204014778137,-0.0003501952742226422,0.006610063835978508,0.4694923460483551,0.882911741733551,0.3533617854118347,0.34793925285339355,-0.15589910745620728,1.1227216720581055,-0.7832028865814209,0.048150189220905304,-1.1457936763763428,-0.21198409795761108,-0.02604462020099163,1.6706873178482056,-0.4855707883834839,0.07449980080127716,-0.30748414993286133,0.22222194075584412,0.15916644036769867,-0.2984043061733246,0.2291506677865982,-0.7286809682846069,0.9216840267181396,0.3750598132610321,0.01071839313954115,0.20787078142166138,-0.3562929034233093,-0.4350128173828125,0.584109365940094,0.9276183247566223,-0.3969164490699768,0.029429595917463303,-0.15428538620471954
1.8519384860992432,-1.0380483865737915,0.5291510820388794,-0.006719003897160292,0.009434188716113567,0.46879857778549194,0.8832291960716248,0.3613929748535156,0.35306257009506226,-0.1620567888021469,1.1630761623382568,-0.7983144521713257,0.040065307170152664,-1.1941126585006714,-0.21177779138088226,-0.02455419860780239,1.7271757125854492,-0.5062057375907898,0.07033544778823853,-0.30873799324035645,0.23487554490566254,0.16571255028247833,-0.2919541299343109,0.22955074906349182,-0.7315628528594971,0.9407495260238647,0.37365591526031494,0.016152188181877136,0.20794382691383362,-0.36603444814682007,-0.4566110074520111,0.5983438491821289,0.9326233267784119,-0.4063705801963806,0.03451669588685036,-0.15207281708717346
1.8575255870819092,-1.0355013608932495,0.5175659656524658,-0.012632833793759346,0.01298157125711441,0.4685458540916443,0.8832534551620483,0.3662554621696472,0.3567189872264862,-0.16664156317710876,1.1896514892578125,-0.8034732341766357,0.03133541718125343,-1.229607105255127,-0.21054083108901978,-0.022152330726385117,1.7700297832489014,-0.5255964398384094,0.06674349308013916,-0.30827876925468445,0.2489594668149948,0.1700364053249359,-0.2875049114227295,0.22566063702106476,-0.7364097833633423,0.9557304382324219,0.3715806007385254,0.019844111055135727,0.20708051323890686,-0.3737418055534363,-0.47575321793556213,0.6127927899360657,0.947105348110199,-0.4167090058326721,0.040548987686634064,-0.149617001414299
1.862912654876709,-1.0332870483398438,0.5104568004608154,-0.017506452277302742,0.016545318067073822,0.46848058700561523,0.8831453919410706,0.36688292026519775,0.3587069511413574,-0.16871753334999084,1.2054193019866943,-0.8046169281005859,0.02468092180788517,-1.2521578073501587,-0.20892415940761566,-0.019239872694015503,1.7975661754608154,-0.5408878326416016,0.06312883645296097,-0.30926480889320374,0.2611122727394104,0.17468827962875366,-0.28573575615882874,0.22077202796936035,-0.7422682046890259,0.9688167572021484,0.3689075708389282,0.022492071613669395,0.20516788959503174,-0.37965279817581177,-0.4927000403404236,0.6258434057235718,0.9620709419250488,-0.4248790740966797,0.04472317546606064,-0.14628179371356964
1.8694151639938354,-1.0313612222671509,0.508547306060791,-0.02143469825387001,0.02170851081609726,0.4682926535606384,0.883046567440033,0.3639335036277771,0.36162009835243225,-0.1697118729352951,1.201366662979126,-0.7943947911262512,0.017948731780052185,-1.2626426219940186,-0.20579341053962708,-0.016056928783655167,1.8101633787155151,-0.5526190400123596,0.059488579630851746,-0.3110139071941376,0.27490055561065674,0.18080949783325195,-0.28380680084228516,0.2117505520582199,-0.749191164970398,0.9822371006011963,0.36547255516052246,0.023940518498420715,0.20158085227012634,-0.38732290267944336,-0.5037834644317627,0.6346069574356079,0.9848828315734863,-0.43095478415489197,0.049995675683021545,-0.14443525671958923
1.8767931461334229,-1.0302995443344116,0.5113184452056885,-0.02393769845366478,0.027834711596369743,0.4683464467525482,0.8827819228172302,0.35841020941734314,0.3648530840873718,-0.16931426525115967,1.1786699295043945,-0.7774651050567627,0.012517455033957958,-1.2622036933898926,-0.20246858894824982,-0.013466503471136093,1.8077936172485352,-0.5602256655693054,0.055012065917253494,-0.3151942491531372,0.2865813076496124,0.1884036511182785,-0.2828938663005829,0.19983211159706116,-0.7549043893814087,0.9997795820236206,0.3613690733909607,0.02505439892411232,0.19781658053398132,-0.39688801765441895,-0.507418692111969,0.6397609710693359,1.0075114965438843,-0.4330486059188843,0.05387615039944649,-0.14411534368991852
1.8860907554626465,-1.0306297540664673,0.5233150124549866,-0.024790283292531967,0.036430660635232925,0.4694598317146301,0.8818535804748535,0.3456626832485199,0.368996262550354,-0.16536101698875427,1.124882698059082,-0.745758056640625,0.011248704046010971,-1.2396327257156372,-0.19922573864459991,-0.01304943673312664,1.7756004333496094,-0.5634287595748901,0.05147380381822586,-0.3198167085647583,0.2945946455001831,0.19449931383132935,-0.2817753255367279,0.18725454807281494,-0.7573673129081726,1.0242242813110352,0.35930025577545166,0.02570181153714657,0.1939629316329956,-0.40572428703308105,-0.5040568709373474,0.6423029899597168,1.0321083068847656,-0.4320787787437439,0.05603765696287155,-0.1439274400472641
1.8962609767913818,-1.0322667360305786,0.5420811176300049,-0.023750396445393562,0.04570881649851799,0.4705874025821686,0.8808485269546509,0.32752758264541626,0.3706943988800049,-0.1556607186794281,1.054430603981018,-0.7039965391159058,0.0114114535972476,-1.198501467704773,-0.195951908826828,-0.015451880171895027,1.7202582359313965,-0.5606744885444641,0.04821305721998215,-0.3244060277938843,0.2974103093147278,0.19964003562927246,-0.2798559069633484,0.17228014767169952,-0.7574706077575684,1.0519919395446777,0.35796108841896057,0.025130875408649445,0.19058968126773834,-0.4081724286079407,-0.4947575330734253,0.6413114070892334,1.0536060333251953,-0.42745232582092285,0.05540736764669418,-0.14374221861362457
1.9070959091186523,-1.0367015600204468,0.5698904991149902,-0.020792508497834206,0.05657697468996048,0.4720708429813385,0.8794974684715271,0.304178386926651,0.3657015860080719,-0.1361437886953354,0.9623868465423584,-0.6472022533416748,0.01609921082854271,-1.133847713470459,-0.1918184757232666,-0.02356695756316185,1.6292040348052979,-0.5485440492630005,0.04587748646736145,-0.33135977387428284,0.2940928339958191,0.2035563588142395,-0.28504982590675354,0.1537414789199829,-0.7624284625053406,1.0831503868103027,0.3591342270374298,0.02365398034453392,0.1848924607038498,-0.40658214688301086,-0.4798279106616974,0.639449954032898,1.076026439666748,-0.4185246229171753,0.053955841809511185,-0.14171570539474487
1.9228034019470215,-1.0366029739379883,0.5988197326660156,-0.0172619316726923,0.06660545617341995,0.47376367449760437,0.8779599666595459,0.27536338567733765,0.353862464427948,-0.11072883754968643,0.8847202658653259,-0.5863470435142517,0.01966950297355652,-1.0624295473098755,-0.18442007899284363,-0.03312449902296066,1.5295014381408691,-0.5285818576812744,0.04394001513719559,-0.33412161469459534,0.2867489457130432,0.20618072152137756,-0.2948812246322632,0.13455352187156677,-0.771675705909729,1.1076031923294067,0.3623025715351105,0.02106393687427044,0.17851242423057556,-0.3955824077129364,-0.46412378549575806,0.6328675746917725,1.0996804237365723,-0.4076201319694519,0.05283978581428528,-0.13816151022911072
1.9458410739898682,-1.0307271480560303,0.6345820426940918,-0.01200688723474741,0.07444747537374496,0.4710911810398102,0.8788552284240723,0.2216772437095642,0.3259545862674713,-0.07373376190662384,0.8589221835136414,-0.5244889259338379,0.03365715593099594,-0.9617788791656494,-0.16700823605060577,-0.044624414294958115,1.3902347087860107,-0.4944838881492615,0.044077783823013306,-0.3254016935825348,0.27425244450569153,0.20691150426864624,-0.30496859550476074,0.1213999092578888,-0.7813320159912109,1.1232776641845703,0.36495572328567505,0.01768575794994831,0.17051684856414795,-0.378373384475708,-0.4453071057796478,0.623767614364624,1.1196085214614868,-0.39225706458091736,0.04869299381971359,-0.13059836626052856
1.9686142206192017,-1.022878646850586,0.667779803276062,-0.005846177227795124,0.07959607988595963,0.4647127389907837,0.8818573355674744,0.16225039958953857,0.28975552320480347,-0.03561980649828911,0.8625952005386353,-0.4731181859970093,0.048186227679252625,-0.8586652278900146,-0.1457902193069458,-0.04878746718168259,1.2425696849822998,-0.4527609944343567,0.048996470868587494,-0.30947136878967285,0.2609262764453888,0.2052452266216278,-0.30970290303230286,0.11280038952827454,-0.7926446199417114,1.1255526542663574,0.37328779697418213,0.0142819844186306,0.16177920997142792,-0.3500478267669678,-0.43229225277900696,0.6083412170410156,1.1406058073043823,-0.3810963034629822,0.045832619071006775,-0.12219972908496857
1.994811773300171,-1.006492257118225,0.6976632475852966,0.0002466588048264384,0.0807797834277153,0.44996869564056396,0.8893833160400391,0.06295465677976608,0.2435331791639328,0.004348846152424812,0.9278009533882141,-0.43624722957611084,0.07470126450061798,-0.7453762292861938,-0.12025619298219681,-0.044514693319797516,1.095674753189087,-0.40909257531166077,0.05209387093782425,-0.2760236859321594,0.24111407995224,0.20125575363636017,-0.30527180433273315,0.11024044454097748,-0.7995035648345947,1.1261649131774902,0.37790632247924805,0.010693337768316269,0.15443234145641327,-0.32033824920654297,-0.414444237947464,0.5998919010162354,1.1561087369918823,-0.37020137906074524,0.04115748777985573,-0.11300726234912872
2.0183568000793457,-0.9875701069831848,0.7212393283843994,0.005685819778591394,0.07989758998155594,0.43110665678977966,0.8987386226654053,-0.025852657854557037,0.20285408198833466,0.034562718123197556,0.9841930866241455,-0.40977489948272705,0.0962505042552948,-0.6400655508041382,-0.09932445734739304,-0.03291449695825577,0.9602686762809753,-0.3694941997528076,0.06075026094913483,-0.23704327642917633,0.22102884948253632,0.19518767297267914,-0.29836952686309814,0.10960343480110168,-0.8032118082046509,1.1187803745269775,0.38228660821914673,0.006501991767436266,0.15134428441524506,-0.2932172417640686,-0.3966010510921478,0.5983098745346069,1.169504165649414,-0.36573362350463867,0.03718294948339462,-0.10628072172403336
2.042212963104248,-0.9659878015518188,0.7400681972503662,0.01022089459002018,0.07406876981258392,0.40482357144355774,0.9113326668739319,-0.13744084537029266,0.16850736737251282,0.05674935504794121,1.0348446369171143,-0.3900196850299835,0.12154670059680939,-0.5335266590118408,-0.07677935063838959,-0.01447269506752491,0.8347405791282654,-0.3286980986595154,0.07038920372724533,-0.19105391204357147,0.19460301101207733,0.19131268560886383,-0.28282177448272705,0.12289376556873322,-0.787612795829773,1.1074938774108887,0.3805561065673828,0.0001184423454105854,0.1519177258014679,-0.2601981461048126,-0.38176095485687256,0.5978430509567261,1.1685012578964233,-0.3630319833755493,0.028527868911623955,-0.09772446006536484
2.0625078678131104,-0.945598840713501,0.7532849311828613,0.015537606552243233,0.06630494445562363,0.3795512616634369,0.9226608872413635,-0.2359132319688797,0.1489112824201584,0.06554629653692245,1.0639984607696533,-0.3753114640712738,0.13266915082931519,-0.4393652677536011,-0.06452036648988724,0.012066717259585857,0.7310411930084229,-0.29765209555625916,0.08734409511089325,-0.1434393972158432,0.1698150634765625,0.18954028189182281,-0.26917555928230286,0.13879871368408203,-0.7691238522529602,1.0929805040359497,0.37786242365837097,-0.006337066181004047,0.1570889949798584,-0.23298661410808563,-0.36940139532089233,0.6006757020950317,1.1675429344177246,-0.3636741638183594,0.022488273680210114,-0.09225990623235703
2.083636999130249,-0.9251654148101807,0.7629268169403076,0.021429013460874557,0.05582156404852867,0.35297876596450806,0.933718740940094,-0.33864283561706543,0.1420590579509735,0.07230277359485626,1.052605152130127,-0.3584670424461365,0.14127489924430847,-0.34772148728370667,-0.0594925731420517,0.03993344306945801,0.6443654894828796,-0.27393773198127747,0.10385549813508987,-0.09955020248889923,0.14700646698474884,0.19099107384681702,-0.2565498352050781,0.15726563334465027,-0.7442951202392578,1.0762431621551514,0.37016725540161133,-0.014673242345452309,0.16420498490333557,-0.20922088623046875,-0.35800492763519287,0.6038858890533447,1.1593449115753174,-0.36278897523880005,0.014816889539361,-0.08769134432077408
2.105372667312622,-0.9028404355049133,0.7684146165847778,0.02516077645123005,0.04492844641208649,0.32686540484428406,0.9436669945716858,-0.39821064472198486,0.15243494510650635,0.07396303117275238,0.960712194442749,-0.32493701577186584,0.1396470069885254,-0.2632674276828766,-0.060273513197898865,0.06280402094125748,0.5803511142730713,-0.26530060172080994,0.12090131640434265,-0.06116560846567154,0.13281479477882385,0.19109627604484558,-0.2407398521900177,0.17624235153198242,-0.7189545631408691,1.0578025579452515,0.3641834557056427,-0.024370426312088966,0.1672986000776291,-0.1866230070590973,-0.3502849340438843,0.6045814752578735,1.1426513195037842,-0.35897108912467957,0.005349666345864534,-0.08143249899148941
2.134409189224243,-0.8803809881210327,0.769929826259613,0.02322992868721485,0.030207544565200806,0.296163946390152,0.9543766379356384,-0.4485466480255127,0.1641102433204651,0.08496670424938202,0.8157016038894653,-0.26255714893341064,0.1412927508354187,-0.17415350675582886,-0.04966357350349426,0.07630158960819244,0.5355281233787537,-0.26636743545532227,0.12425002455711365,-0.019689911976456642,0.13016298413276672,0.19736163318157196,-0.21735882759094238,0.19561660289764404,-0.6828109622001648,1.034593105316162,0.3510448634624481,-0.037085942924022675,0.1696150302886963,-0.17123198509216309,-0.3395332098007202,0.6015571355819702,1.1216202974319458,-0.3509511649608612,-0.005240900442004204,-0.07783721387386322
2.16534423828125,-0.857295036315918,0.7677525877952576,0.018556389957666397,0.015142017975449562,0.26510339975357056,0.9639225006103516,-0.47435295581817627,0.1795528680086136,0.08727914094924927,0.673178493976593,-0.20291514694690704,0.1375073790550232,-0.0910787358880043,-0.036264002323150635,0.09221048653125763,0.512334942817688,-0.2782628834247589,0.12335284054279327,0.01943264901638031,0.13388051092624664,0.1998702585697174,-0.18917697668075562,0.21156665682792664,-0.6480602622032166,1.0164610147476196,0.3409028947353363,-0.04711926728487015,0.17129942774772644,-0.16080313920974731,-0.3288973271846771,0.5950047969818115,1.1055412292480469,-0.3444432020187378,-0.013524986803531647,-0.07766582816839218
2.2006280422210693,-0.8374469876289368,0.7635228633880615,0.015000451356172562,-0.0007968857535161078,0.2318139225244522,0.9726441502571106,-0.4972628951072693,0.19348961114883423,0.09124000370502472,0.536532461643219,-0.1409590244293213,0.12914495170116425,-0.006555236876010895,-0.024663206189870834,0.10891576111316681,0.5021343231201172,-0.29336264729499817,0.11822148412466049,0.055874161422252655,0.1386668086051941,0.2089519202709198,-0.15408051013946533,0.2215932309627533,-0.6078470945358276,1.0091112852096558,0.32917505502700806,-0.055412568151950836,0.171840637922287,-0.1571320742368698,-0.31792789697647095,0.5836870670318604,1.0939984321594238,-0.33496344089508057,-0.020317260175943375,-0.08142897486686707
2.2360000610351562,-0.8207786679267883,0.7572660446166992,0.012843787670135498,-0.014957331120967865,0.20215491950511932,0.9791551232337952,-0.5139459371566772,0.2081928253173828,0.09503550827503204,0.42434608936309814,-0.08737441897392273,0.11926405131816864,0.06858830899000168,-0.018656982108950615,0.12586599588394165,0.5070398449897766,-0.3130686581134796,0.11257430911064148,0.08723144233226776,0.14151038229465485,0.21681930124759674,-0.11680260300636292,0.22678498923778534,-0.56855309009552,1.0041182041168213,0.3191182613372803,-0.061210960149765015,0.17401732504367828,-0.15094144642353058,-0.30944743752479553,0.5676997900009155,1.0842583179473877,-0.32621777057647705,-0.025133736431598663,-0.09037403017282486
2.2706429958343506,-0.8098070621490479,0.7514456510543823,0.01802520826458931,-0.024644816294312477,0.18018372356891632,0.9831589460372925,-0.5498017072677612,0.20408332347869873,0.10741133987903595,0.3433234989643097,-0.040163926780223846,0.11016833037137985,0.13289806246757507,-0.0311668012291193,0.13399401307106018,0.517490804195404,-0.33209389448165894,0.10887222737073898,0.10853667557239532,0.12781944870948792,0.22166237235069275,-0.07747597247362137,0.22866031527519226,-0.5252705216407776,1.0103259086608887,0.3089466691017151,-0.06483204662799835,0.17522254586219788,-0.13751116394996643,-0.3026573061943054,0.545275092124939,1.0830527544021606,-0.3187119662761688,-0.028421014547348022,-0.10056670010089874
2.301741123199463,-0.8025678396224976,0.7451487183570862,0.02562640979886055,-0.030727220699191093,0.16441473364830017,0.9855794906616211,-0.589898943901062,0.1934414654970169,0.12217999994754791,0.2847731411457062,0.0018326491117477417,0.1022074967622757,0.18406131863594055,-0.0496659055352211,0.13564662635326385,0.5341137647628784,-0.3517835736274719,0.10640531778335571,0.12335595488548279,0.11076121032238007,0.22277915477752686,-0.03636251017451286,0.22197763621807098,-0.4868287146091461,1.029420256614685,0.2994760274887085,-0.06574647128582001,0.1736515909433365,-0.12463455647230148,-0.29868924617767334,0.5204222798347473,1.0809714794158936,-0.3134453296661377,-0.030740484595298767,-0.11358540505170822
2.3321611881256104,-0.7945055961608887,0.7358376383781433,0.031966596841812134,-0.03550375998020172,0.1538277417421341,0.9869420528411865,-0.6302205324172974,0.18021167814731598,0.13648006319999695,0.25375911593437195,0.03186739608645439,0.09768247604370117,0.2294972985982895,-0.07066713273525238,0.1323399543762207,0.5624154806137085,-0.37733179330825806,0.10698080062866211,0.13599087297916412,0.09619209170341492,0.2239110916852951,0.005414001643657684,0.21196216344833374,-0.4496447443962097,1.0661506652832031,0.2904818058013916,-0.06431125849485397,0.16858874261379242,-0.11876703798770905,-0.2979675233364105,0.4973680377006531,1.075278639793396,-0.30838117003440857,-0.03315318375825882,-0.12668150663375854
2.361074924468994,-0.7846488356590271,0.7243934273719788,0.034570399671792984,-0.04074766859412193,0.1456962525844574,0.9878851771354675,-0.6527518033981323,0.17823253571987152,0.14409390091896057,0.2354549765586853,0.056092359125614166,0.08777281641960144,0.27462971210479736,-0.08636524528265,0.13343806564807892,0.5906237959861755,-0.3998557925224304,0.10807774215936661,0.15032485127449036,0.08945347368717194,0.2224510908126831,0.051680874079465866,0.20007309317588806,-0.4137282371520996,1.1044812202453613,0.28276708722114563,-0.06155923753976822,0.1645905077457428,-0.10531829297542572,-0.2964351177215576,0.4773193597793579,1.070413589477539,-0.3070840835571289,-0.03552550449967384,-0.13943170011043549
2.389385461807251,-0.772080659866333,0.708954393863678,0.027247760444879532,-0.04995030537247658,0.13380499184131622,0.9893729090690613,-0.6348958015441895,0.19980281591415405,0.14379331469535828,0.2169177234172821,0.07355539500713348,0.07196882367134094,0.32378509640693665,-0.0883617252111435,0.14264580607414246,0.6207777857780457,-0.41904574632644653,0.10906180739402771,0.16700249910354614,0.10176678001880646,0.22076863050460815,0.09717386960983276,0.18766149878501892,-0.3786684572696686,1.1464078426361084,0.2759712338447571,-0.05630529671907425,0.15839290618896484,-0.0878804549574852,-0.2943999767303467,0.45941030979156494,1.068962574005127,-0.3072955310344696,-0.03703499585390091,-0.1470455378293991
2.4144721031188965,-0.7595710754394531,0.6938207149505615,0.01754152588546276,-0.060041557997465134,0.12078000605106354,0.9907065629959106,-0.6043540835380554,0.22785308957099915,0.13736534118652344,0.20535489916801453,0.08551551401615143,0.05490626394748688,0.36990535259246826,-0.0895744264125824,0.15000340342521667,0.643943727016449,-0.4317323565483093,0.11029672622680664,0.18615272641181946,0.120216004550457,0.22188816964626312,0.13031844794750214,0.1746218204498291,-0.34831929206848145,1.1872528791427612,0.27126607298851013,-0.052591580897569656,0.15103542804718018,-0.07468311488628387,-0.2921018898487091,0.4476950168609619,1.074257254600525,-0.3103780150413513,-0.037546105682849884,-0.1492268592119217
2.438218832015991,-0.7473304867744446,0.6786353588104248,0.01116883009672165,-0.0666874349117279,0.11060894280672073,0.991561233997345,-0.5859216451644897,0.24611219763755798,0.12930135428905487,0.22223542630672455,0.0865073949098587,0.04660869389772415,0.4087781310081482,-0.10328761488199234,0.14885538816452026,0.6673735976219177,-0.44111454486846924,0.11590348184108734,0.2004442811012268,0.13227233290672302,0.22109147906303406,0.15039923787117004,0.1640324741601944,-0.32575029134750366,1.2182989120483398,0.26921555399894714,-0.0519273579120636,0.14548000693321228,-0.06598739326000214,-0.29267919063568115,0.43646562099456787,1.0847004652023315,-0.3119935989379883,-0.038164518773555756,-0.15033958852291107
2.460179328918457,-0.7365818023681641,0.6654866933822632,0.009319116361439228,-0.06836847215890884,0.09995096921920776,0.9925969839096069,-0.5898789167404175,0.25448328256607056,0.11879104375839233,0.2662079930305481,0.07453914731740952,0.0414724200963974,0.43784844875335693,-0.1278509944677353,0.14544539153575897,0.6821458339691162,-0.4499122202396393,0.1254846155643463,0.21728074550628662,0.13310275971889496,0.22128510475158691,0.15415817499160767,0.15971946716308594,-0.30616551637649536,1.2424159049987793,0.26910072565078735,-0.05358283594250679,0.13954097032546997,-0.06996838748455048,-0.29057246446609497,0.43141257762908936,1.0994371175765991,-0.31382516026496887,-0.040468379855155945,-0.14607301354408264
2.4798402786254883,-0.7266484498977661,0.652725875377655,0.012329201214015484,-0.0669434443116188,0.09222295135259628,0.9934090971946716,-0.6159827709197998,0.2532518208026886,0.1033070832490921,0.3447643518447876,0.0479087196290493,0.0442291721701622,0.45738378167152405,-0.15664605796337128,0.14396080374717712,0.7045114636421204,-0.46335500478744507,0.13710488379001617,0.23368388414382935,0.12573285400867462,0.22001972794532776,0.15024706721305847,0.1580384075641632,-0.2905476689338684,1.2495107650756836,0.26955023407936096,-0.054839059710502625,0.1385829597711563,-0.07399383187294006,-0.28663554787635803,0.43288013339042664,1.10591721534729,-0.3192104697227478,-0.043735139071941376,-0.14189580082893372
2.4961109161376953,-0.7191237211227417,0.6410921216011047,0.01685740239918232,-0.06316591799259186,0.0861445739865303,0.994135320186615,-0.6545791029930115,0.24881300330162048,0.09048917144536972,0.43920934200286865,0.011411603540182114,0.048497073352336884,0.4691481590270996,-0.1838928759098053,0.14282706379890442,0.7269262075424194,-0.478946328163147,0.14717000722885132,0.24829965829849243,0.11323399096727371,0.21963798999786377,0.13467693328857422,0.16304585337638855,-0.2807072103023529,1.2328341007232666,0.270565390586853,-0.05678040534257889,0.14489448070526123,-0.07502265274524689,-0.2822761833667755,0.4404436945915222,1.1053224802017212,-0.3270477056503296,-0.04784608632326126,-0.1368555873632431
2.5096182823181152,-0.7146053314208984,0.630875289440155,0.022540893405675888,-0.057845667004585266,0.0811399444937706,0.9947673678398132,-0.6991932392120361,0.2443346083164215,0.0767822265625,0.5342558026313782,-0.02503044903278351,0.05047295242547989,0.4700295925140381,-0.20814135670661926,0.13974717259407043,0.7561837434768677,-0.49800407886505127,0.15342268347740173,0.2593783438205719,0.09916910529136658,0.22470878064632416,0.10783091932535172,0.1699768602848053,-0.2829458713531494,1.2087312936782837,0.27476030588150024,-0.055925481021404266,0.1552691012620926,-0.08476407825946808,-0.27646347880363464,0.4602823257446289,1.0933996438980103,-0.33817532658576965,-0.05284508690237999,-0.1323966383934021
2.520297050476074,-0.71241295337677,0.6218124628067017,0.02888413332402706,-0.05052359402179718,0.07869203388690948,0.9951988458633423,-0.748848021030426,0.23752343654632568,0.06377963721752167,0.6295402646064758,-0.06103292107582092,0.05034537613391876,0.46412456035614014,-0.22854569554328918,0.13642829656600952,0.7861185073852539,-0.5202339887619019,0.15889590978622437,0.26852214336395264,0.08322980999946594,0.23473843932151794,0.07136718928813934,0.1788794994354248,-0.28880932927131653,1.184455394744873,0.27783387899398804,-0.05389087647199631,0.16956394910812378,-0.10119488835334778,-0.2707241177558899,0.4820046126842499,1.081344723701477,-0.3470804691314697,-0.05693095922470093,-0.13017383217811584
2.530024528503418,-0.710615873336792,0.6138970851898193,0.035699158906936646,-0.04126409813761711,0.07728611677885056,0.9955148100852966,-0.8067022562026978,0.22814792394638062,0.05239209905266762,0.7278908491134644,-0.09574085474014282,0.04835202544927597,0.4566928744316101,-0.24712733924388885,0.13433510065078735,0.8085206151008606,-0.5429525375366211,0.16530321538448334,0.2773779332637787,0.0680660679936409,0.2485300898551941,0.030641727149486542,0.18748128414154053,-0.30378830432891846,1.162310242652893,0.2824978232383728,-0.052741892635822296,0.1831454485654831,-0.12799865007400513,-0.26797550916671753,0.5055788159370422,1.069528579711914,-0.3520987629890442,-0.061041951179504395,-0.13065142929553986
2.538067102432251,-0.7089623212814331,0.606494665145874,0.042410723865032196,-0.03108036145567894,0.07627429068088531,0.9956995248794556,-0.8666448593139648,0.2145562469959259,0.042046088725328445,0.8242954015731812,-0.1284128874540329,0.04522686079144478,0.44868579506874084,-0.26306939125061035,0.13144002854824066,0.8276611566543579,-0.5647037029266357,0.17206153273582458,0.286840558052063,0.05117541924118996,0.26238226890563965,-0.008545739576220512,0.1956917643547058,-0.31979697942733765,1.1436095237731934,0.2866874635219574,-0.052301499992609024,0.19547170400619507,-0.15634512901306152,-0.26647889614105225,0.5261340737342834,1.0599364042282104,-0.35322219133377075,-0.06573014706373215,-0.1315595507621765
2.545423746109009,-0.7068427801132202,0.5979881286621094,0.04898960888385773,-0.02010946534574032,0.07502488046884537,0.995774507522583,-0.929729700088501,0.200241357088089,0.0338108204305172,0.916631281375885,-0.15884707868099213,0.040637578815221786,0.4429683983325958,-0.2792864441871643,0.13000130653381348,0.8445444107055664,-0.5856952667236328,0.1823144555091858,0.29380369186401367,0.037902284413576126,0.2752763628959656,-0.04139088839292526,0.20352254807949066,-0.33840253949165344,1.121437430381775,0.2932523787021637,-0.053783245384693146,0.20427772402763367,-0.18199515342712402,-0.2709400951862335,0.5424367189407349,1.0412429571151733,-0.35079267621040344,-0.07218027859926224,-0.13275392353534698
2.552417516708374,-0.7042746543884277,0.5889672040939331,0.05512372776865959,-0.008849073201417923,0.07204598188400269,0.9958375692367554,-0.9916132688522339,0.18482458591461182,0.02646966278553009,1.0045576095581055,-0.18859073519706726,0.03830212727189064,0.4377792477607727,-0.2962644100189209,0.12976877391338348,0.860058069229126,-0.6025557518005371,0.19448022544384003,0.3007628321647644,0.025875786319375038,0.28546297550201416,-0.07042111456394196,0.21359282732009888,-0.3600599765777588,1.0963393449783325,0.30312907695770264,-0.05621960014104843,0.2118375599384308,-0.20593762397766113,-0.2802860736846924,0.5586737394332886,1.0150837898254395,-0.3472743332386017,-0.07926994562149048,-0.13292360305786133
2.559349775314331,-0.7012052536010742,0.5786826610565186,0.0609482116997242,0.0016451224219053984,0.06760340929031372,0.9958475232124329,-1.053173303604126,0.16911214590072632,0.02025010623037815,1.0869828462600708,-0.21766960620880127,0.03690239414572716,0.4332592487335205,-0.3132343888282776,0.13014616072177887,0.8797294497489929,-0.619992733001709,0.20732975006103516,0.3040320575237274,0.015723641961812973,0.2957831025123596,-0.0981464833021164,0.22660112380981445,-0.385224312543869,1.0684566497802734,0.31527408957481384,-0.059121496975421906,0.218331441283226,-0.22959867119789124,-0.2936359643936157,0.5749518871307373,0.9807873964309692,-0.3411232531070709,-0.08677028119564056,-0.13171181082725525
2.5659408569335938,-0.6981992721557617,0.5672250390052795,0.06618242710828781,0.011387614533305168,0.06108212098479271,0.9958710074424744,-1.11126708984375,0.15304936468601227,0.013528306968510151,1.158907413482666,-0.24443797767162323,0.03693152219057083,0.4290597438812256,-0.3305714726448059,0.13300691545009613,0.9025889039039612,-0.6360980868339539,0.2221699357032776,0.30664414167404175,0.00743017066270113,0.305931031703949,-0.1290850192308426,0.24208402633666992,-0.41438427567481995,1.0370922088623047,0.3288305699825287,-0.06185271590948105,0.22483190894126892,-0.2575235664844513,-0.3086654543876648,0.5929330587387085,0.939944863319397,-0.3336510956287384,-0.0933723896741867,-0.1312485933303833
2.571373224258423,-0.6963315010070801,0.5550392270088196,0.07090059667825699,0.020282531157135963,0.0530058853328228,0.9958674907684326,-1.1651263236999512,0.1421678364276886,0.0069995662197470665,1.216613531112671,-0.26501041650772095,0.034150734543800354,0.42545557022094727,-0.3477684259414673,0.13724662363529205,0.9269723892211914,-0.6519116163253784,0.23596274852752686,0.3064427971839905,0.0012238749768584967,0.31682223081588745,-0.16938436031341553,0.2629736065864563,-0.4447706937789917,0.9974995851516724,0.3425174057483673,-0.06481488049030304,0.23487888276576996,-0.28580573201179504,-0.32099786400794983,0.6108790040016174,0.8998304009437561,-0.3268800377845764,-0.09790278226137161,-0.13415929675102234
2.5761168003082275,-0.6955539584159851,0.5429160594940186,0.0734080970287323,0.02837214432656765,0.04508907347917557,0.9958781003952026,-1.2126426696777344,0.13771671056747437,-0.000623549334704876,1.2630748748779297,-0.2813456654548645,0.031446922570466995,0.42279374599456787,-0.36094263195991516,0.14081266522407532,0.9488495588302612,-0.6642983555793762,0.2450057566165924,0.30495938658714294,-0.0022993481252342463,0.3237685561180115,-0.21950626373291016,0.29840174317359924,-0.47292762994766235,0.9577875733375549,0.3551334738731384,-0.0660988986492157,0.24852320551872253,-0.3115876615047455,-0.3299565613269806,0.6254528164863586,0.8660321235656738,-0.32127058506011963,-0.10003732144832611,-0.14081592857837677
2.581036329269409,-0.6946688294410706,0.5290470719337463,0.07506754249334335,0.03597977012395859,0.036656592041254044,0.9958547353744507,-1.2627698183059692,0.13514286279678345,-0.008078363724052906,1.3098020553588867,-0.29579299688339233,0.027005277574062347,0.42545390129089355,-0.37217748165130615,0.14408937096595764,0.968773603439331,-0.6771615147590637,0.25088372826576233,0.30197322368621826,-0.0031723901629447937,0.3322269320487976,-0.2753918170928955,0.34169065952301025,-0.5047144293785095,0.9252853393554688,0.3680576682090759,-0.06523005664348602,0.26158371567726135,-0.3405076563358307,-0.33505281805992126,0.6412879228591919,0.8424224853515625,-0.3170868158340454,-0.09906506538391113,-0.14864717423915863
2.5866806507110596,-0.6940456032752991,0.514397144317627,0.07556675374507904,0.04302221164107323,0.028080996125936508,0.9958163499832153,-1.3107872009277344,0.13229753077030182,-0.01862814649939537,1.354379415512085,-0.3073343336582184,0.0223490409553051,0.4328141510486603,-0.3809936046600342,0.14875376224517822,0.9839528799057007,-0.6873292326927185,0.25470441579818726,0.29894936084747314,-0.004940855782479048,0.338544100522995,-0.3265949487686157,0.38317468762397766,-0.5334625840187073,0.9038434028625488,0.3811821937561035,-0.06318952888250351,0.271260142326355,-0.3598959445953369,-0.3388792872428894,0.6516203284263611,0.8325205445289612,-0.3143429160118103,-0.09617874771356583,-0.15387111902236938
2.592190980911255,-0.6940761208534241,0.5007421970367432,0.075963094830513,0.0500212088227272,0.017428765073418617,0.9957026243209839,-1.3520749807357788,0.12983879446983337,-0.030940983444452286,1.3887968063354492,-0.3161276578903198,0.013325927779078484,0.44049835205078125,-0.39083436131477356,0.1532633751630783,0.9926662445068359,-0.6941534280776978,0.2571878433227539,0.29437464475631714,-0.007186712697148323,0.3465002179145813,-0.37167540192604065,0.4187313914299011,-0.563660204410553,0.8794645071029663,0.3958354890346527,-0.06216701120138168,0.2780427932739258,-0.37624916434288025,-0.3429427146911621,0.6625169515609741,0.8153046369552612,-0.3117420971393585,-0.09611484408378601,-0.15480715036392212
2.597438335418701,-0.6949431896209717,0.4884539842605591,0.07760850340127945,0.0567287839949131,0.005284366197884083,0.9953546524047852,-1.3859001398086548,0.12941576540470123,-0.04105255752801895,1.4148838520050049,-0.32098865509033203,0.0029952339828014374,0.44400250911712646,-0.40453800559043884,0.1599685698747635,1.0019704103469849,-0.7009641528129578,0.2588020861148834,0.2919045686721802,-0.013030019588768482,0.3566760718822479,-0.40897440910339355,0.4472202658653259,-0.590121328830719,0.8565270900726318,0.4093039631843567,-0.060496844351291656,0.28088998794555664,-0.3899628520011902,-0.3488966226577759,0.6706002950668335,0.7983587980270386,-0.3077540993690491,-0.0947188138961792,-0.15134070813655853
2.602271795272827,-0.6960299611091614,0.47840845584869385,0.07957645505666733,0.06354618072509766,-0.007414750289171934,0.9947736263275146,-1.4119277000427246,0.13125218451023102,-0.04985474422574043,1.4316856861114502,-0.3242107331752777,-0.008149565197527409,0.4446476697921753,-0.4204825758934021,0.1675536036491394,1.0051319599151611,-0.704760730266571,0.259851336479187,0.2926826477050781,-0.016391251236200333,0.3697436451911926,-0.43310731649398804,0.46867623925209045,-0.6149673461914062,0.8308305740356445,0.42014455795288086,-0.06159159168601036,0.2811109125614166,-0.4042441248893738,-0.3543453812599182,0.6722783446311951,0.790713906288147,-0.3030928671360016,-0.09077196568250656,-0.15142089128494263
2.606154680252075,-0.6972695589065552,0.47348088026046753,0.08196865022182465,0.06929044425487518,-0.019358264282345772,0.9940348267555237,-1.4305874109268188,0.13277316093444824,-0.055727798491716385,1.44358229637146,-0.32678258419036865,-0.017993682995438576,0.44089198112487793,-0.4372481107711792,0.1745585799217224,1.0074419975280762,-0.7087123394012451,0.2605333626270294,0.29493504762649536,-0.018234295770525932,0.38188713788986206,-0.44977137446403503,0.48534509539604187,-0.6416101455688477,0.8046741485595703,0.4290670156478882,-0.06400322914123535,0.27801597118377686,-0.41948264837265015,-0.3577482998371124,0.6721421480178833,0.7950029373168945,-0.2976571321487427,-0.08558838069438934,-0.15328343212604523
2.6092748641967773,-0.6981071829795837,0.47538793087005615,0.08405713737010956,0.0751274824142456,-0.0313737727701664,0.993129312992096,-1.4359123706817627,0.13628003001213074,-0.0568210706114769,1.4406242370605469,-0.32699331641197205,-0.02629830315709114,0.4324004650115967,-0.455655962228775,0.1820003241300583,0.9877790212631226,-0.7017763257026672,0.2609766721725464,0.2975400388240814,-0.021383186802268028,0.3917509913444519,-0.4631911516189575,0.5003933310508728,-0.6686772108078003,0.7842539548873901,0.4340359568595886,-0.06575796753168106,0.2731514275074005,-0.43580180406570435,-0.3568578362464905,0.6719760894775391,0.8077422380447388,-0.2923850119113922,-0.07933614403009415,-0.15536662936210632
2.6135103702545166,-0.697332501411438,0.5534212589263916,0.0749732106924057,0.08130350708961487,-0.03115207888185978,0.9933772683143616,-1.2349820137023926,0.106622114777565,-0.013879906386137009,1.327915906906128,-0.3251354694366455,-0.013424376025795937,0.19963061809539795,-0.3371315002441406,0.11054884642362595,1.0868865251541138,-0.5989341735839844,0.20883426070213318,0.24701106548309326,-0.02257293462753296,0.37373220920562744,-0.37961554527282715,0.5203394889831543,-0.6357581615447998,0.7412154078483582,0.35062408447265625,-0.08037301898002625,0.24158182740211487,-0.4566672742366791,-0.38250142335891724,0.6549004912376404,0.784106433391571,-0.3007912337779999,-0.059331927448511124,-0.1492074877023697
2.619663953781128,-0.6950023770332336,0.5998785495758057,0.06783907115459442,0.089438796043396,-0.03434804454445839,0.9930854439735413,-1.1102819442749023,0.08668594807386398,0.01404756959527731,1.2581945657730103,-0.32524624466896057,-0.004984245635569096,0.04395560175180435,-0.2604086995124817,0.06476031988859177,1.1451318264007568,-0.5293355584144592,0.17600561678409576,0.21285107731819153,-0.02515104040503502,0.3574952185153961,-0.3272857069969177,0.5187824368476868,-0.6191626787185669,0.718514621257782,0.2978338301181793,-0.08753432333469391,0.218997523188591,-0.47573602199554443,-0.39670538902282715,0.6514794230461121,0.7734993696212769,-0.3065538704395294,-0.04439881443977356,-0.1439337134361267
2.6261239051818848,-0.691919207572937,0.6281010508537292,0.06236477568745613,0.09730067849159241,-0.03930376470088959,0.9925212264060974,-1.0297696590423584,0.07240554690361023,0.031003236770629883,1.218181848526001,-0.3279440999031067,0.00026676803827285767,-0.06446707248687744,-0.21141168475151062,0.03673180565237999,1.1849570274353027,-0.47891712188720703,0.15828575193881989,0.18822705745697021,-0.028905538842082024,0.3470986485481262,-0.2984431982040405,0.5083127617835999,-0.6115570664405823,0.6996245384216309,0.263297438621521,-0.09253139793872833,0.20441347360610962,-0.49149614572525024,-0.4057047367095947,0.6535406112670898,0.7572751045227051,-0.3100714683532715,-0.0364425890147686,-0.1391461193561554
2.6351699829101562,-0.6872673630714417,0.6471834778785706,0.05748087540268898,0.10552242398262024,-0.045014675706624985,0.9917331337928772,-0.9731881618499756,0.06245797500014305,0.04096156358718872,1.1894659996032715,-0.33168524503707886,0.001825601328164339,-0.14058323204517365,-0.17999261617660522,0.019329216331243515,1.2105101346969604,-0.43893808126449585,0.1492108404636383,0.17165231704711914,-0.0339529886841774,0.3403121531009674,-0.2858513295650482,0.4903806746006012,-0.6086041927337646,0.6926077008247375,0.23945549130439758,-0.09403249621391296,0.19644591212272644,-0.5056703090667725,-0.4050874710083008,0.6602417230606079,0.7497127652168274,-0.3129756450653076,-0.030535344034433365,-0.13486111164093018
2.644374132156372,-0.6823912262916565,0.6598010063171387,0.05307148024439812,0.11292099952697754,-0.049154672771692276,0.9909672737121582,-0.9327549934387207,0.05464506521821022,0.04527028277516365,1.1703912019729614,-0.3386683166027069,0.0031048154924064875,-0.1986076533794403,-0.16127169132232666,0.00863071158528328,1.2336721420288086,-0.4087948799133301,0.145708829164505,0.15998326241970062,-0.03702433407306671,0.33724308013916016,-0.2843749523162842,0.47813817858695984,-0.6123071908950806,0.6841158270835876,0.22614561021327972,-0.09617273509502411,0.19029507040977478,-0.521933913230896,-0.41017231345176697,0.6678562164306641,0.7436940670013428,-0.3151226341724396,-0.027567710727453232,-0.1311657726764679
2.6571383476257324,-0.676902711391449,0.6693715453147888,0.048915378749370575,0.11790575087070465,-0.0510321743786335,0.9905055165290833,-0.8961975574493408,0.049327120184898376,0.04601546376943588,1.1501657962799072,-0.34630757570266724,0.005590789020061493,-0.24470305442810059,-0.15053127706050873,0.0015896367840468884,1.2511088848114014,-0.38472238183021545,0.14632007479667664,0.15073111653327942,-0.03805602714419365,0.33472713828086853,-0.29174381494522095,0.47340211272239685,-0.6175684332847595,0.6667916178703308,0.21690496802330017,-0.09956905245780945,0.18621724843978882,-0.5383925437927246,-0.41879552602767944,0.678390383720398,0.7226602435112,-0.31508246064186096,-0.02940816432237625,-0.12454703450202942
2.6692378520965576,-0.6728822588920593,0.6770800352096558,0.04545653611421585,0.12004908174276352,-0.0522843673825264,0.9903475642204285,-0.8577594757080078,0.0443035289645195,0.04443974792957306,1.1282408237457275,-0.35725998878479004,0.011900361627340317,-0.2906176447868347,-0.14503951370716095,-0.004093277733772993,1.282889723777771,-0.36294642090797424,0.14771129190921783,0.1413230299949646,-0.03783849626779556,0.3270888328552246,-0.2922574281692505,0.47035500407218933,-0.6172050833702087,0.646579384803772,0.21269536018371582,-0.1024954542517662,0.1845298409461975,-0.5384202599525452,-0.43148931860923767,0.6830416917800903,0.6922614574432373,-0.31506508588790894,-0.034151673316955566,-0.11609824001789093
2.6789064407348633,-0.6722936630249023,0.6838548183441162,0.04207643121480942,0.11858327686786652,-0.048992324620485306,0.9908417463302612,-0.817997932434082,0.04036497324705124,0.04084188863635063,1.0986419916152954,-0.36547279357910156,0.01879512518644333,-0.33390116691589355,-0.1423293799161911,-0.009070164524018764,1.316494107246399,-0.3424646258354187,0.1480228304862976,0.13371150195598602,-0.03885160759091377,0.318994402885437,-0.3014313280582428,0.4643857479095459,-0.6166415810585022,0.6312375664710999,0.20724713802337646,-0.10302457213401794,0.1883845329284668,-0.5417969822883606,-0.43565505743026733,0.6884915828704834,0.6619590520858765,-0.3136455714702606,-0.03798376023769379,-0.11116993427276611
2.6868443489074707,-0.6741048693656921,0.6894515156745911,0.03967529162764549,0.11475725471973419,-0.04323326796293259,0.9916589856147766,-0.778563380241394,0.03600287437438965,0.03560129553079605,1.0661554336547852,-0.37338778376579285,0.026736348867416382,-0.3780079483985901,-0.14361092448234558,-0.011918604373931885,1.3520402908325195,-0.3206132650375366,0.148686021566391,0.1256689578294754,-0.040188439190387726,0.31339284777641296,-0.3058423399925232,0.46109047532081604,-0.6169518232345581,0.6212759017944336,0.20565643906593323,-0.10250407457351685,0.190987229347229,-0.5386369824409485,-0.43721431493759155,0.6963884234428406,0.6400299072265625,-0.3163461685180664,-0.04150012880563736,-0.10361403226852417
2.6917061805725098,-0.6777702569961548,0.6966076493263245,0.036298539489507675,0.10817212611436844,-0.034590668976306915,0.9928668737411499,-0.732599139213562,0.03470198065042496,0.02876158244907856,1.0169411897659302,-0.3736666440963745,0.029111968353390694,-0.41483575105667114,-0.14300623536109924,-0.013724347576498985,1.3712201118469238,-0.30469810962677,0.14965307712554932,0.11857892572879791,-0.038457248359918594,0.3076627850532532,-0.31211206316947937,0.4563060998916626,-0.6184216737747192,0.6277931928634644,0.20543038845062256,-0.10009817779064178,0.19387413561344147,-0.5378599166870117,-0.4318092465400696,0.7044892311096191,0.6374750733375549,-0.32137158513069153,-0.04176522046327591,-0.10012658685445786
2.696200370788574,-0.6811307668685913,0.7034882307052612,0.03359546139836311,0.10019716620445251,-0.025481805205345154,0.994073748588562,-0.6844610571861267,0.03211796283721924,0.02388342097401619,0.9661225080490112,-0.37210291624069214,0.0343819186091423,-0.45413047075271606,-0.1423630267381668,-0.013920255936682224,1.3893344402313232,-0.28782710433006287,0.14858120679855347,0.10816387832164764,-0.03435226157307625,0.3024560809135437,-0.3129558563232422,0.44707342982292175,-0.6244160532951355,0.6316006183624268,0.21046996116638184,-0.09870325028896332,0.1938198208808899,-0.5225933790206909,-0.4282020926475525,0.709480881690979,0.6359216570854187,-0.32813531160354614,-0.044457729905843735,-0.09410537034273148
2.704009532928467,-0.6860498189926147,0.7085247039794922,0.029512301087379456,0.09029431641101837,-0.007240076083689928,0.9954513907432556,-0.6385561227798462,0.02862471714615822,0.01879950612783432,0.9306480884552002,-0.3751983642578125,0.04315216839313507,-0.5000931024551392,-0.13620419800281525,-0.01601683348417282,1.4096903800964355,-0.27641379833221436,0.139497309923172,0.09460529685020447,-0.02827855385839939,0.297171950340271,-0.3191312551498413,0.43132832646369934,-0.6341654658317566,0.6463198065757751,0.21629902720451355,-0.09488340467214584,0.19441786408424377,-0.5056287050247192,-0.42552149295806885,0.711124062538147,0.639933168888092,-0.3313274383544922,-0.04628326743841171,-0.09018128365278244
2.717625141143799,-0.6927332878112793,0.711930513381958,0.024193666875362396,0.08018526434898376,0.021821279078722,0.9962473511695862,-0.5954195261001587,0.0260721817612648,0.011795638129115105,0.912237286567688,-0.3838685154914856,0.04980946332216263,-0.5465854406356812,-0.12435591965913773,-0.01677449606359005,1.4233585596084595,-0.270500123500824,0.13296109437942505,0.08146405220031738,-0.01908773183822632,0.29177016019821167,-0.3206952214241028,0.40897321701049805,-0.6480433940887451,0.6690127849578857,0.22343695163726807,-0.09139538556337357,0.19294865429401398,-0.48889094591140747,-0.4192066490650177,0.7118489146232605,0.6575369238853455,-0.33437711000442505,-0.04606792330741882,-0.08808711171150208
2.7343833446502686,-0.6997815370559692,0.7135977745056152,0.017943253740668297,0.06970751285552979,0.06248091906309128,0.9954471588134766,-0.5580720901489258,0.023292984813451767,0.0031743794679641724,0.909682035446167,-0.39772987365722656,0.05572928860783577,-0.591697096824646,-0.11167813092470169,-0.014854848384857178,1.4336446523666382,-0.2658112347126007,0.12757457792758942,0.06865596771240234,-0.010054243728518486,0.2863990068435669,-0.3240295946598053,0.3868919610977173,-0.6643469333648682,0.6888794898986816,0.2299559861421585,-0.08870479464530945,0.19381752610206604,-0.4768046736717224,-0.4119414687156677,0.7124679088592529,0.670229971408844,-0.33554384112358093,-0.04636348411440849,-0.09029442071914673
2.7549352645874023,-0.7047593593597412,0.7147859334945679,0.01220917608588934,0.05851694196462631,0.10640914738178253,0.9925239682197571,-0.5182085633277893,0.02045609802007675,-0.008000414818525314,0.9144784212112427,-0.4130125939846039,0.05608177185058594,-0.6265587210655212,-0.09986342489719391,-0.01079776044934988,1.4125497341156006,-0.2563546597957611,0.12964554131031036,0.054590437561273575,0.00013207225129008293,0.28069740533828735,-0.32779479026794434,0.3681861460208893,-0.6808890104293823,0.6997965574264526,0.2357654869556427,-0.08933457732200623,0.1931597888469696,-0.46528518199920654,-0.407899409532547,0.7106101512908936,0.6757473945617676,-0.33616358041763306,-0.04717157036066055,-0.09198135882616043
2.7760214805603027,-0.7069873809814453,0.7159308195114136,0.00724020367488265,0.046355586498975754,0.1512720286846161,0.9873781204223633,-0.4761316776275635,0.01721145212650299,-0.02160421386361122,0.9215797185897827,-0.4260789155960083,0.050499077886343,-0.6467989087104797,-0.09156802296638489,-0.003948311321437359,1.3539764881134033,-0.2374720722436905,0.13784579932689667,0.04237423092126846,0.009764225222170353,0.27503499388694763,-0.3259449899196625,0.35317522287368774,-0.6939225792884827,0.7084817886352539,0.24167653918266296,-0.09123009443283081,0.192173570394516,-0.45406073331832886,-0.40452447533607483,0.704982340335846,0.6859936118125916,-0.338869571685791,-0.045561883598566055,-0.09624630212783813
2.8065714836120605,-0.7029578685760498,0.7337205410003662,0.01317540742456913,0.022146258503198624,0.20766961574554443,0.9778595566749573,-0.26282867789268494,-0.037263981997966766,-0.13643361628055573,0.7142093181610107,-0.4296654462814331,0.07794739305973053,-0.5980488061904907,-0.11782851815223694,0.04375116899609566,0.959956169128418,-0.13999606668949127,0.17778939008712769,-0.0484497994184494,0.04286501929163933,0.2648523449897766,-0.3114941418170929,0.2864328622817993,-0.6783816814422607,0.8596488237380981,0.2762600779533386,-0.08500418066978455,0.17643921077251434,-0.3463992476463318,-0.3891136646270752,0.6141335964202881,0.8308380842208862,-0.3220670521259308,-0.05342212691903114,-0.10360115021467209
2.838073253631592,-0.6977579593658447,0.7414456605911255,0.014164665713906288,0.0003668259596452117,0.25433245301246643,0.9670130610466003,-0.09458289295434952,-0.054044391959905624,-0.22323009371757507,0.5740730166435242,-0.4411590099334717,0.08576600253582001,-0.5794142484664917,-0.14173248410224915,0.06840434670448303,0.6782225370407104,-0.06075114384293556,0.20697462558746338,-0.11889182031154633,0.06636419892311096,0.2587534785270691,-0.2945798337459564,0.2443532943725586,-0.668932318687439,0.9609378576278687,0.30001896619796753,-0.08338085561990738,0.16958191990852356,-0.2588565945625305,-0.3792133927345276,0.5440431833267212,0.932578444480896,-0.3121768832206726,-0.0576753243803978,-0.11079660803079605
2.8673298358917236,-0.6927554607391357,0.7448092699050903,0.011386113241314888,-0.016632001847028732,0.29129597544670105,0.9564206600189209,0.03228237107396126,-0.04490617662668228,-0.2806263566017151,0.4755029082298279,-0.44900113344192505,0.08343756198883057,-0.5831310153007507,-0.15876522660255432,0.07689431309700012,0.48782235383987427,0.0005864128470420837,0.22393512725830078,-0.17077656090259552,0.08988842368125916,0.25224369764328003,-0.2757730782032013,0.2172352373600006,-0.6588889360427856,1.0271636247634888,0.3139723837375641,-0.08329992741346359,0.1709681749343872,-0.19445568323135376,-0.37251150608062744,0.49397948384284973,0.9998646974563599,-0.30924129486083984,-0.060263410210609436,-0.11996059864759445
2.891633987426758,-0.6866713762283325,0.7371551990509033,0.00939138513058424,-0.024892667308449745,0.30383017659187317,0.9523546695709229,-0.033697523176670074,-0.01601260155439377,-0.21834701299667358,0.659045934677124,-0.46195873618125916,0.052361153066158295,-0.5722997188568115,-0.1285189837217331,0.059975527226924896,0.6208040714263916,-0.029710793867707253,0.2088325023651123,-0.11698662489652634,0.07508670538663864,0.2606886029243469,-0.2851121425628662,0.2639515995979309,-0.6791875958442688,0.9297628402709961,0.298393189907074,-0.09552448987960815,0.1781977117061615,-0.25598573684692383,-0.39435842633247375,0.5500184297561646,0.9068152904510498,-0.3316839039325714,-0.0517054945230484,-0.12250715494155884
2.913921356201172,-0.6799085140228271,0.7266424298286438,0.007639327552169561,-0.02695094607770443,0.3151775002479553,0.9486192464828491,-0.08420602232217789,0.006767146289348602,-0.17981132864952087,0.8001408576965332,-0.4768168330192566,0.03183890879154205,-0.5807073712348938,-0.107672780752182,0.050755757838487625,0.7117272615432739,-0.04873760789632797,0.19780516624450684,-0.08538290858268738,0.06452954560518265,0.2520703673362732,-0.2868301570415497,0.2987513244152069,-0.6961563229560852,0.8565483093261719,0.29080092906951904,-0.0995321124792099,0.17944617569446564,-0.28695711493492126,-0.4085052013397217,0.5860186219215393,0.8470447063446045,-0.35035276412963867,-0.039850592613220215,-0.12254351377487183
2.9371936321258545,-0.6721689701080322,0.7156919240951538,0.007744647562503815,-0.026801057159900665,0.32397210597991943,0.9456552267074585,-0.11230412870645523,0.024692352861166,-0.1574351191520691,0.9021350145339966,-0.4900484085083008,0.019854698330163956,-0.5915350914001465,-0.09372071176767349,0.04621100798249245,0.7721987962722778,-0.06287882477045059,0.1888519525527954,-0.06951284408569336,0.059655528515577316,0.235104039311409,-0.2808743119239807,0.32057279348373413,-0.7086873054504395,0.8018125295639038,0.28692013025283813,-0.1007184237241745,0.17706505954265594,-0.29896777868270874,-0.41739070415496826,0.6043263077735901,0.8092960119247437,-0.3633103668689728,-0.02977154403924942,-0.12284892797470093
2.9602761268615723,-0.664604902267456,0.70952308177948,0.009740643203258514,-0.0262894406914711,0.33152467012405396,0.9430298805236816,-0.11924055218696594,0.04004134237766266,-0.14470043778419495,0.968342661857605,-0.5010596513748169,0.014012083411216736,-0.5969371199607849,-0.08427432179450989,0.04476020112633705,0.8095526099205017,-0.07415658235549927,0.18219706416130066,-0.06353466957807541,0.05872061103582382,0.21680346131324768,-0.2719953656196594,0.3332236707210541,-0.7175006866455078,0.7604283094406128,0.2832105755805969,-0.10212475061416626,0.1752105951309204,-0.30219292640686035,-0.4222254157066345,0.6111635565757751,0.7853177785873413,-0.37114283442497253,-0.021526336669921875,-0.12576913833618164
2.9857754707336426,-0.6572660207748413,0.7097836136817932,0.01349545456469059,-0.02461741864681244,0.3371417224407196,0.941035270690918,-0.11743193864822388,0.05689506232738495,-0.135530024766922,1.0118420124053955,-0.5129449367523193,0.011867365799844265,-0.603722095489502,-0.07784384489059448,0.04207092151045799,0.845801055431366,-0.08956208825111389,0.17341434955596924,-0.06251547485589981,0.060039058327674866,0.20084109902381897,-0.26122090220451355,0.3393867611885071,-0.723527729511261,0.7336025238037109,0.28059881925582886,-0.10203806310892105,0.17582237720489502,-0.30283084511756897,-0.42404985427856445,0.6115620136260986,0.7720819711685181,-0.3763423264026642,-0.013998018577694893,-0.13223040103912354
3.005539894104004,-0.6544509530067444,0.7094786167144775,0.017923617735505104,-0.021093718707561493,0.3426330089569092,0.9390614628791809,-0.10813368856906891,0.08091995120048523,-0.12285220623016357,1.0339181423187256,-0.5232384204864502,0.011361489072442055,-0.6172149181365967,-0.07675012946128845,0.03285912051796913,0.8953658938407898,-0.10523676872253418,0.16402685642242432,-0.06712352484464645,0.06390703469514847,0.189646914601326,-0.2554154396057129,0.3456141948699951,-0.7274413108825684,0.7145689725875854,0.2779909670352936,-0.10104463994503021,0.17652907967567444,-0.3059085011482239,-0.42701345682144165,0.6070670485496521,0.7638681530952454,-0.37902170419692993,-0.0071467868983745575,-0.14054761826992035
3.0206422805786133,-0.6545577049255371,0.7064216732978821,0.02233266830444336,-0.017837246879935265,0.345858097076416,0.9378514289855957,-0.09537290781736374,0.1081724613904953,-0.10770333558320999,1.03993558883667,-0.5351594686508179,0.013315672054886818,-0.6387778520584106,-0.07962523400783539,0.018870610743761063,0.952346682548523,-0.12320107221603394,0.1535499393939972,-0.07643535733222961,0.06878355890512466,0.18264088034629822,-0.254485160112381,0.3523281216621399,-0.7310807108879089,0.7058324813842773,0.2767738103866577,-0.09793949127197266,0.17836619913578033,-0.31456127762794495,-0.4337223768234253,0.6015735864639282,0.7486987113952637,-0.3790486454963684,-0.0032977149821817875,-0.1497235894203186
3.03159236907959,-0.6570441126823425,0.7012519240379333,0.0263927411288023,-0.015476318076252937,0.3481082320213318,0.9369549751281738,-0.08541809767484665,0.13539621233940125,-0.09318063408136368,1.0459001064300537,-0.5497778654098511,0.01620481163263321,-0.6630309820175171,-0.08430758118629456,0.005491943564265966,1.0105024576187134,-0.14441753923892975,0.14177896082401276,-0.0881536677479744,0.07321564853191376,0.17866161465644836,-0.2595195770263672,0.35672885179519653,-0.7352727651596069,0.700167715549469,0.27532923221588135,-0.09494410455226898,0.18263304233551025,-0.32485198974609375,-0.44024598598480225,0.5970815420150757,0.728961706161499,-0.3765435814857483,-0.0013057035394012928,-0.15763942897319794
3.039853572845459,-0.6606482267379761,0.6969658732414246,0.030672503635287285,-0.01381738018244505,0.3512691855430603,0.9356699585914612,-0.0678144246339798,0.15979111194610596,-0.07874836772680283,1.0328762531280518,-0.5589506030082703,0.019372958689928055,-0.6805509328842163,-0.09152419120073318,-0.007593273185193539,1.0435649156570435,-0.16206294298171997,0.13358035683631897,-0.10181570053100586,0.07815402746200562,0.17448784410953522,-0.26403605937957764,0.35858410596847534,-0.737136721611023,0.7050575017929077,0.27372032403945923,-0.0916149914264679,0.18599575757980347,-0.340770959854126,-0.4459455609321594,0.5927327275276184,0.7141760587692261,-0.3719698488712311,0.0008090150076895952,-0.1631142795085907
3.0449490547180176,-0.6650394201278687,0.6925753355026245,0.03402603790163994,-0.013357272371649742,0.3544956147670746,0.9343429207801819,-0.055462200194597244,0.18159304559230804,-0.06530684232711792,1.027820348739624,-0.568518877029419,0.02243202179670334,-0.6934073567390442,-0.10044533014297485,-0.01871865801513195,1.0714612007141113,-0.18234369158744812,0.12305352091789246,-0.11369015276432037,0.08269079029560089,0.1719970703125,-0.2675223648548126,0.35826289653778076,-0.7366254329681396,0.7183706760406494,0.2719726264476776,-0.0872257649898529,0.1925860047340393,-0.35977062582969666,-0.449198842048645,0.5877618789672852,0.7025741338729858,-0.36638134717941284,0.002927879337221384,-0.17232529819011688
3.0486180782318115,-0.6701706051826477,0.6875918507575989,0.03636239841580391,-0.01292399875819683,0.3567120134830475,0.9334169626235962,-0.04678219556808472,0.20155839622020721,-0.05377589166164398,1.0283637046813965,-0.5779753923416138,0.02580924890935421,-0.7067248225212097,-0.10944069921970367,-0.028713561594486237,1.103834629058838,-0.2052488625049591,0.11286334693431854,-0.12316049635410309,0.08591607213020325,0.1705329567193985,-0.2726881504058838,0.3606252670288086,-0.7346312999725342,0.7262585163116455,0.26967817544937134,-0.08439353108406067,0.20092949271202087,-0.38261884450912476,-0.4560074806213379,0.5837808847427368,0.6908045411109924,-0.3620679974555969,0.004311326425522566,-0.18244993686676025
3.051144599914551,-0.6748305559158325,0.6829047799110413,0.03679220378398895,-0.011490870267152786,0.3568868935108185,0.9333521127700806,-0.04230976477265358,0.21905279159545898,-0.04482338950037956,1.032224178314209,-0.5849398374557495,0.027835756540298462,-0.7203986048698425,-0.1171279028058052,-0.03558102995157242,1.1396141052246094,-0.22649148106575012,0.10506568849086761,-0.12965482473373413,0.0892544537782669,0.1709751933813095,-0.2730861008167267,0.3629090487957001,-0.7299662828445435,0.7427482604980469,0.26825904846191406,-0.07917963713407516,0.20704375207424164,-0.4055214524269104,-0.4630580246448517,0.5775108337402344,0.6919521689414978,-0.36016780138015747,0.009013660252094269,-0.19332006573677063
3.0535812377929688,-0.6789112091064453,0.6788602471351624,0.03610365092754364,-0.00816571619361639,0.3581045866012573,0.9329474568367004,-0.038232095539569855,0.23405864834785461,-0.03822547569870949,1.032597303390503,-0.587121844291687,0.02791834995150566,-0.7359676361083984,-0.12271592766046524,-0.041982125490903854,1.1784826517105103,-0.24226564168930054,0.09985432028770447,-0.13547341525554657,0.09170667827129364,0.17458906769752502,-0.2709066569805145,0.3702550530433655,-0.7233974933624268,0.7582184672355652,0.2675544023513794,-0.07483569532632828,0.20983007550239563,-0.4276939034461975,-0.4745463728904724,0.5718004107475281,0.6871318221092224,-0.35986950993537903,0.011995477601885796,-0.20136895775794983
3.0556797981262207,-0.6821171045303345,0.6751453876495361,0.03404690697789192,-0.0036070107016712427,0.3573317229747772,0.9333497881889343,-0.03462710976600647,0.24679604172706604,-0.03390345722436905,1.0322508811950684,-0.5865500569343567,0.02544502168893814,-0.7522144317626953,-0.1250404566526413,-0.04692482203245163,1.2206120491027832,-0.2541121542453766,0.0965636596083641,-0.14067932963371277,0.09385159611701965,0.17863455414772034,-0.2654573321342468,0.3779626786708832,-0.714581310749054,0.7709493637084961,0.266054630279541,-0.0709434449672699,0.21289759874343872,-0.4448649287223816,-0.4854424297809601,0.5660220384597778,0.6791489720344543,-0.36098551750183105,0.014863302931189537,-0.20780813694000244
3.057953357696533,-0.6845218539237976,0.6716463565826416,0.031162580475211143,0.0016955708852037787,0.3575313687324524,0.9333795309066772,-0.03446617349982262,0.25898492336273193,-0.03046916238963604,1.0364327430725098,-0.5846706628799438,0.021380942314863205,-0.7672103047370911,-0.12438453733921051,-0.050745438784360886,1.262568473815918,-0.2645472586154938,0.0914994403719902,-0.1432446390390396,0.09529528021812439,0.18140478432178497,-0.2621157467365265,0.38184258341789246,-0.7072521448135376,0.7891202569007874,0.26389917731285095,-0.06502416729927063,0.21566127240657806,-0.4648878574371338,-0.4902707040309906,0.563424825668335,0.684257984161377,-0.36397820711135864,0.021467160433530807,-0.21429285407066345
3.0598628520965576,-0.6859155893325806,0.6672834157943726,0.027066688984632492,0.007401382550597191,0.3556590974330902,0.9341944456100464,-0.03584190458059311,0.2698092460632324,-0.029582317918539047,1.0438673496246338,-0.582804262638092,0.016476526856422424,-0.7839409708976746,-0.12199507653713226,-0.05396078899502754,1.3097606897354126,-0.2733374238014221,0.08688107877969742,-0.1454993188381195,0.09633633494377136,0.18358445167541504,-0.2608073949813843,0.38479554653167725,-0.702048659324646,0.8021757006645203,0.26159560680389404,-0.05966918170452118,0.22016048431396484,-0.4830824136734009,-0.4918098449707031,0.5648902654647827,0.681411623954773,-0.36827683448791504,0.025945238769054413,-0.22058503329753876
3.0614988803863525,-0.6870023608207703,0.6631300449371338,0.021729113534092903,0.014221690595149994,0.3523622453212738,0.9355033040046692,-0.042053546756505966,0.27901408076286316,-0.02935459464788437,1.0560780763626099,-0.5805984139442444,0.011825508438050747,-0.7984898090362549,-0.1182456761598587,-0.05691520497202873,1.3557114601135254,-0.2815621793270111,0.08143386244773865,-0.14405521750450134,0.0970367044210434,0.18569207191467285,-0.26095664501190186,0.38838309049606323,-0.6939151287078857,0.8153157234191895,0.2575700283050537,-0.05434844642877579,0.22311440110206604,-0.502616286277771,-0.49174511432647705,0.5669324398040771,0.6899490356445312,-0.3727671205997467,0.03288906812667847,-0.22438544034957886
3.0629239082336426,-0.6871060132980347,0.6571654081344604,0.01565505750477314,0.02077704295516014,0.3489181399345398,0.9367920756340027,-0.047945067286491394,0.2863626480102539,-0.030986132100224495,1.0703786611557007,-0.579957902431488,0.006902786437422037,-0.8153300881385803,-0.11418502032756805,-0.059882983565330505,1.4073607921600342,-0.29044121503829956,0.07687346637248993,-0.14153526723384857,0.09805658459663391,0.1865847408771515,-0.25946947932243347,0.3898252546787262,-0.6880358457565308,0.8304215669631958,0.25497114658355713,-0.04848252609372139,0.22684736549854279,-0.517457127571106,-0.48714807629585266,0.5742039084434509,0.7013064622879028,-0.38048791885375977,0.03890667483210564,-0.2262447625398636
3.064284563064575,-0.6869826316833496,0.6503538489341736,0.009102734737098217,0.027752479538321495,0.3451318144798279,0.9380996823310852,-0.055144574493169785,0.29208216071128845,-0.03392796218395233,1.0864479541778564,-0.5804775953292847,0.002100588520988822,-0.834419846534729,-0.10973957180976868,-0.06307564675807953,1.4581379890441895,-0.2981776297092438,0.07223016768693924,-0.13816028833389282,0.09873774647712708,0.18808162212371826,-0.2623527944087982,0.39233967661857605,-0.6834312677383423,0.8388833999633789,0.2512739300727844,-0.044068966060876846,0.22997459769248962,-0.5347821712493896,-0.48336881399154663,0.5835010409355164,0.7142883539199829,-0.38838261365890503,0.04410690441727638,-0.22648552060127258
3.065614700317383,-0.6865688562393188,0.6426275968551636,0.002947471337392926,0.03380174934864044,0.3424200117588043,0.9389340877532959,-0.06253357231616974,0.29675740003585815,-0.037984203547239304,1.1061022281646729,-0.5829209089279175,-0.002542253350839019,-0.8550602197647095,-0.10465055704116821,-0.06663882732391357,1.5072119235992432,-0.30556410551071167,0.06723502278327942,-0.13541506230831146,0.09932786971330643,0.18941718339920044,-0.26567694544792175,0.3968387544155121,-0.67970210313797,0.8430631160736084,0.24871623516082764,-0.04033917561173439,0.2336050271987915,-0.5500226616859436,-0.481356143951416,0.5934768319129944,0.7195311188697815,-0.3958742618560791,0.04681093245744705,-0.22595927119255066
3.0667805671691895,-0.6866706013679504,0.6350380182266235,-0.002971968613564968,0.03907563164830208,0.3394697308540344,0.9398003220558167,-0.06972289085388184,0.30188724398612976,-0.041749875992536545,1.1214981079101562,-0.5832987427711487,-0.007377656642347574,-0.874155580997467,-0.09878314286470413,-0.0693344920873642,1.5516252517700195,-0.3115292489528656,0.06343600898981094,-0.13300785422325134,0.0996246337890625,0.19134649634361267,-0.2708328366279602,0.40010395646095276,-0.680630624294281,0.8363479375839233,0.24750307202339172,-0.038251038640737534,0.23691150546073914,-0.5602157115936279,-0.4788638949394226,0.6060360074043274,0.7250607013702393,-0.4059606194496155,0.04958900809288025,-0.2239113748073578
3.0689589977264404,-0.6862987875938416,0.6274614334106445,-0.0080505246296525,0.04362974315881729,0.33652663230895996,0.9406282305717468,-0.07998064160346985,0.30703362822532654,-0.046883054077625275,1.1411675214767456,-0.5864318013191223,-0.012847401201725006,-0.8914846777915955,-0.09326418489217758,-0.07138895243406296,1.5927211046218872,-0.3192421793937683,0.06027553975582123,-0.1286279261112213,0.10005456209182739,0.19251319766044617,-0.2815028131008148,0.40076932311058044,-0.6833826303482056,0.8222775459289551,0.24402844905853271,-0.03676006942987442,0.24171075224876404,-0.5703675746917725,-0.4749222993850708,0.6195287108421326,0.7287359237670898,-0.4142444133758545,0.051642175763845444,-0.2223937213420868
3.0724434852600098,-0.6860435009002686,0.62138831615448,-0.012454998679459095,0.048041440546512604,0.334563672542572,0.9410654306411743,-0.08925312012434006,0.31278902292251587,-0.05100643262267113,1.1514036655426025,-0.5872177481651306,-0.017513331025838852,-0.9050153493881226,-0.08822967112064362,-0.0731402188539505,1.6249806880950928,-0.32545578479766846,0.05998773127794266,-0.12403008341789246,0.10032063722610474,0.1934516429901123,-0.2867085933685303,0.4038689434528351,-0.6827399730682373,0.8088327646255493,0.2413293421268463,-0.03621447831392288,0.24622157216072083,-0.5767921805381775,-0.4754618704319,0.6282200813293457,0.7315022945404053,-0.4222847819328308,0.05258835107088089,-0.22144447267055511
3.076834201812744,-0.6859104633331299,0.6175752282142639,-0.015938932076096535,0.052168022841215134,0.33516445755958557,0.9405791759490967,-0.09586188197135925,0.3191705048084259,-0.05421951413154602,1.152193307876587,-0.584700882434845,-0.02280362695455551,-0.9124994277954102,-0.08258971571922302,-0.07296737283468246,1.6461777687072754,-0.3297675848007202,0.06432156264781952,-0.12049298733472824,0.10145576298236847,0.1925562471151352,-0.29118362069129944,0.40936002135276794,-0.6858218908309937,0.7912099361419678,0.24042785167694092,-0.037321195006370544,0.24801191687583923,-0.5805874466896057,-0.47937828302383423,0.6365108489990234,0.7298775911331177,-0.42939260601997375,0.052239689975976944,-0.2190600037574768
3.082827091217041,-0.6857028007507324,0.6155492067337036,-0.01837839186191559,0.05692588537931442,0.3358372151851654,0.9400186538696289,-0.10093525052070618,0.3242967128753662,-0.05548505857586861,1.1465495824813843,-0.5802302956581116,-0.026286762207746506,-0.9163190722465515,-0.07751161605119705,-0.07239985466003418,1.6592258214950562,-0.3336605727672577,0.06906106323003769,-0.11660175025463104,0.10394445061683655,0.19244089722633362,-0.29887616634368896,0.4150603413581848,-0.6896211504936218,0.7788068056106567,0.23844188451766968,-0.03740662336349487,0.2489466816186905,-0.5912535190582275,-0.48139411211013794,0.6443616151809692,0.7305842638015747,-0.4344477653503418,0.05331334471702576,-0.218400239944458
3.0896501541137695,-0.6859347820281982,0.6150491833686829,-0.019663341343402863,0.06265752762556076,0.33692675828933716,0.9392378926277161,-0.1076887995004654,0.32892897725105286,-0.05485910549759865,1.138748049736023,-0.5749839544296265,-0.02987544611096382,-0.9165812730789185,-0.0733589380979538,-0.0713607668876648,1.665981650352478,-0.3382628560066223,0.07334825396537781,-0.11235475540161133,0.10655000805854797,0.19371312856674194,-0.31384724378585815,0.41818904876708984,-0.6955831050872803,0.7753737568855286,0.23590673506259918,-0.036317773163318634,0.25015121698379517,-0.6066592931747437,-0.4786325693130493,0.6555653214454651,0.740513801574707,-0.43989330530166626,0.05570344626903534,-0.2193479835987091
3.09659743309021,-0.6878910660743713,0.614415168762207,-0.019587190821766853,0.06981420516967773,0.3372398316860199,0.938622236251831,-0.11384174972772598,0.33371177315711975,-0.05270242318511009,1.1264047622680664,-0.5673608779907227,-0.03377784788608551,-0.9196733236312866,-0.0697450041770935,-0.07112909108400345,1.6744847297668457,-0.342428982257843,0.07551444321870804,-0.11007930338382721,0.10837697982788086,0.1998482346534729,-0.3325691223144531,0.41550979018211365,-0.7021127343177795,0.7816898822784424,0.23428338766098022,-0.033759694546461105,0.2529972195625305,-0.6216802000999451,-0.4724269509315491,0.6650673151016235,0.7602282762527466,-0.4459056556224823,0.05961034446954727,-0.22309693694114685
3.102962017059326,-0.6924704313278198,0.61564040184021,-0.017864009365439415,0.07776431739330292,0.3389875888824463,0.9374011754989624,-0.11731691658496857,0.33736610412597656,-0.04781090468168259,1.101675033569336,-0.5547346472740173,-0.036662757396698,-0.9185211658477783,-0.06629758328199387,-0.07105472683906555,1.6757538318634033,-0.34495973587036133,0.07710457593202591,-0.10985410213470459,0.10933174192905426,0.2059881091117859,-0.350315660238266,0.4084077477455139,-0.7103523015975952,0.8011963367462158,0.23487403988838196,-0.03105991706252098,0.25214844942092896,-0.6362071633338928,-0.4671809673309326,0.6714210510253906,0.7906579375267029,-0.44942140579223633,0.0632992833852768,-0.22533681988716125
3.110255241394043,-0.6951043605804443,0.617618978023529,-0.015261116437613964,0.08617274463176727,0.3401513397693634,0.9362896680831909,-0.12752334773540497,0.3402692973613739,-0.04329872131347656,1.0857293605804443,-0.5423111319541931,-0.03940674662590027,-0.9143244028091431,-0.06239797919988632,-0.0694960355758667,1.6732113361358643,-0.3487057089805603,0.07806766033172607,-0.1092812567949295,0.11063995212316513,0.21081696450710297,-0.3700748085975647,0.40282344818115234,-0.723375678062439,0.8163201808929443,0.2378319501876831,-0.030161473900079727,0.24972543120384216,-0.6467236876487732,-0.4657760262489319,0.6780181527137756,0.816271185874939,-0.45135608315467834,0.06561262905597687,-0.22654274106025696
3.1174731254577637,-0.6962295174598694,0.6226485967636108,-0.011973412707448006,0.09465707838535309,0.34134337306022644,0.9350836277008057,-0.13838957250118256,0.3418227434158325,-0.03999320790171623,1.0722401142120361,-0.5276635885238647,-0.0436757430434227,-0.9022176861763,-0.058175671845674515,-0.06603698432445526,1.6559092998504639,-0.3499657213687897,0.08194490522146225,-0.10764126479625702,0.11265072226524353,0.21376529335975647,-0.3839187026023865,0.39628100395202637,-0.7384928464889526,0.821897566318512,0.24129290878772736,-0.031076906248927116,0.2454068958759308,-0.6526738405227661,-0.46277809143066406,0.6859936118125916,0.8373826742172241,-0.4529169201850891,0.06665712594985962,-0.22602486610412598
3.125338077545166,-0.6941095590591431,0.6271977424621582,-0.008761085569858551,0.10140534490346909,0.3396924138069153,0.9350129961967468,-0.1584995537996292,0.3400007486343384,-0.03745998814702034,1.0781058073043823,-0.5191522836685181,-0.042661670595407486,-0.8885807991027832,-0.05469273030757904,-0.06256215274333954,1.6381840705871582,-0.3535888195037842,0.08183793723583221,-0.10513576865196228,0.11231805384159088,0.2158248871564865,-0.39873117208480835,0.3896191716194153,-0.7532861232757568,0.8150126338005066,0.2443385124206543,-0.0332021564245224,0.24403589963912964,-0.6498731374740601,-0.45727723836898804,0.6966444849967957,0.8349930047988892,-0.45392751693725586,0.06282825767993927,-0.2251908928155899
3.1309666633605957,-0.6900339722633362,0.6335787773132324,-0.005550947971642017,0.1065228208899498,0.338014155626297,0.9350767731666565,-0.1869523674249649,0.3345126807689667,-0.03559210151433945,1.098759412765503,-0.511330246925354,-0.04036612808704376,-0.8670105338096619,-0.05160057172179222,-0.059439633041620255,1.6100521087646484,-0.3563399910926819,0.07948703318834305,-0.10008087009191513,0.10891057550907135,0.21847152709960938,-0.4068935513496399,0.3830709457397461,-0.7659002542495728,0.8037427663803101,0.24741330742835999,-0.03482113778591156,0.24227683246135712,-0.6437524557113647,-0.4487902820110321,0.7101003527641296,0.8234666585922241,-0.45596644282341003,0.057753775268793106,-0.22154521942138672
3.135852336883545,-0.6831864714622498,0.6443873643875122,-0.002128434833139181,0.1085948795080185,0.3338301479816437,0.9363546967506409,-0.21620424091815948,0.32410550117492676,-0.030579309910535812,1.1186134815216064,-0.5014892816543579,-0.03789918124675751,-0.835521399974823,-0.047300614416599274,-0.0552426353096962,1.5578455924987793,-0.35362693667411804,0.07981061935424805,-0.09419821202754974,0.10154740512371063,0.22039762139320374,-0.41413623094558716,0.3741220235824585,-0.775472104549408,0.7965915203094482,0.24900010228157043,-0.036077290773391724,0.24194538593292236,-0.6382215023040771,-0.4355599880218506,0.7244869470596313,0.8196077346801758,-0.4593368172645569,0.05431043356657028,-0.21929419040679932
3.139108657836914,-0.6756147742271423,0.6566039323806763,0.0010415149154141545,0.10752902925014496,0.3286430835723877,0.9383124113082886,-0.2480441927909851,0.30852583050727844,-0.023280534893274307,1.1511914730072021,-0.49474841356277466,-0.033752135932445526,-0.7994701862335205,-0.043524958193302155,-0.05179774761199951,1.4953882694244385,-0.3483053743839264,0.07944875955581665,-0.08780263364315033,0.0937095433473587,0.22136807441711426,-0.40888237953186035,0.36733633279800415,-0.7832510471343994,0.7816172242164612,0.2515193521976471,-0.03987812250852585,0.23865936696529388,-0.6260356903076172,-0.4229985475540161,0.7371435761451721,0.8043935298919678,-0.46206730604171753,0.048004377633333206,-0.2160961627960205
3.1461968421936035,-0.6660175323486328,0.6704055666923523,0.003906094701960683,0.103851318359375,0.3205021023750305,0.9415296316146851,-0.2753088176250458,0.28877508640289307,-0.01159194577485323,1.1728622913360596,-0.4853906035423279,-0.028530992567539215,-0.7593109607696533,-0.03950562700629234,-0.04915487393736839,1.420517086982727,-0.3390427827835083,0.08169431239366531,-0.0821632593870163,0.08656405657529831,0.22107213735580444,-0.39830318093299866,0.36234015226364136,-0.786034345626831,0.7656688690185547,0.25479862093925476,-0.04448689520359039,0.23387330770492554,-0.6093282699584961,-0.41377994418144226,0.744533896446228,0.7910847663879395,-0.4641907811164856,0.04260889068245888,-0.21232113242149353
3.155890464782715,-0.6560719013214111,0.6843615770339966,0.006707626860588789,0.09682493656873703,0.31207379698753357,0.9450872540473938,-0.30358102917671204,0.2678220272064209,0.003174430690705776,1.1837912797927856,-0.4742125868797302,-0.024093622341752052,-0.7156728506088257,-0.036284297704696655,-0.04700227081775665,1.3408164978027344,-0.32568827271461487,0.0839860737323761,-0.07488486170768738,0.07853306829929352,0.2247498631477356,-0.382832795381546,0.3595025837421417,-0.7861552834510803,0.7605183720588684,0.25860971212387085,-0.04878002405166626,0.22661662101745605,-0.5945770144462585,-0.40441977977752686,0.7485288381576538,0.789658784866333,-0.46491971611976624,0.03888700529932976,-0.20760509371757507
3.1697187423706055,-0.6459872722625732,0.6954946517944336,0.009962288662791252,0.08730769157409668,0.29593145847320557,0.9511586427688599,-0.33458125591278076,0.24642567336559296,0.0182476956397295,1.1911251544952393,-0.46440255641937256,-0.01720963977277279,-0.6753511428833008,-0.0344548262655735,-0.04625105857849121,1.2723798751831055,-0.31417953968048096,0.08510233461856842,-0.06679733097553253,0.07107770442962646,0.2262934297323227,-0.3686031103134155,0.3581806719303131,-0.7823439836502075,0.7584226131439209,0.2605179250240326,-0.05329893156886101,0.22156670689582825,-0.576403796672821,-0.39387714862823486,0.7529931664466858,0.7846459150314331,-0.4652828574180603,0.03383703902363777,-0.2026439756155014
3.183854818344116,-0.6361132264137268,0.7048690319061279,0.014078056439757347,0.0766248032450676,0.27665698528289795,0.9578055143356323,-0.3694579005241394,0.22762364149093628,0.030987219884991646,1.1944937705993652,-0.45095008611679077,-0.010427498258650303,-0.6330761909484863,-0.03320692479610443,-0.04533404856920242,1.21305251121521,-0.3030114769935608,0.08542032539844513,-0.05651196837425232,0.06503967940807343,0.22519487142562866,-0.3511967062950134,0.3595377206802368,-0.7786687612533569,0.750329852104187,0.2615295350551605,-0.05986855551600456,0.21429842710494995,-0.5531361103057861,-0.38307511806488037,0.7573198080062866,0.7779276371002197,-0.46397095918655396,0.027755599468946457,-0.19501115381717682
3.2012224197387695,-0.6241423487663269,0.7138361930847168,0.01714637689292431,0.06622932851314545,0.25375908613204956,0.9648450016975403,-0.39859017729759216,0.21237117052078247,0.04315117746591568,1.1792945861816406,-0.43445396423339844,-0.004069708287715912,-0.5852782130241394,-0.031929515302181244,-0.04644698649644852,1.1522562503814697,-0.29337576031684875,0.08733243495225906,-0.044794827699661255,0.05987926572561264,0.22189168632030487,-0.32962504029273987,0.3657751679420471,-0.7694104313850403,0.7457190752029419,0.26063820719718933,-0.06682071089744568,0.20639869570732117,-0.5263102054595947,-0.37350577116012573,0.7595863938331604,0.7727727890014648,-0.46116170287132263,0.020956238731741905,-0.1845455765724182
3.2211835384368896,-0.6091635227203369,0.7202873229980469,0.018795596435666084,0.05725789815187454,0.23001012206077576,0.9713205695152283,-0.4336203336715698,0.1998433917760849,0.05509530380368233,1.1643484830856323,-0.41818514466285706,0.004566091112792492,-0.5406454801559448,-0.030560949817299843,-0.04755575209856033,1.1057732105255127,-0.28794804215431213,0.0885830968618393,-0.03051254153251648,0.056259654462337494,0.2206026315689087,-0.30178600549697876,0.3734099268913269,-0.7572145462036133,0.7315331697463989,0.25710949301719666,-0.0761033445596695,0.19892239570617676,-0.4978730082511902,-0.3653402626514435,0.7601761817932129,0.7683826684951782,-0.4570978581905365,0.013576993718743324,-0.17447896301746368
3.252037525177002,-0.5934474468231201,0.7466834187507629,0.012622679583728313,0.03562026098370552,0.19227436184883118,0.9806132316589355,-0.43749672174453735,0.2031613290309906,0.05675867944955826,0.8691526651382446,-0.3001384735107422,0.047555774450302124,-0.3408830165863037,-0.011009864509105682,0.012481965124607086,0.8607797622680664,-0.2775164842605591,0.09711897373199463,-0.0012419149279594421,0.08505655825138092,0.21895554661750793,-0.24195367097854614,0.3252566158771515,-0.7000582218170166,0.8415576219558716,0.2835586965084076,-0.07376860082149506,0.18519733846187592,-0.3715841472148895,-0.3462400734424591,0.7036993503570557,0.8748003244400024,-0.41177651286125183,-0.0077980877831578255,-0.1365680694580078
3.285496234893799,-0.5813872814178467,0.755959153175354,0.006272169761359692,0.0157502219080925,0.1535796821117401,0.9879907965660095,-0.4456394910812378,0.21382349729537964,0.05261944234371185,0.6508252620697021,-0.20599660277366638,0.0692211240530014,-0.1833672672510147,0.005586684215813875,0.06341563910245895,0.7028046250343323,-0.2795730531215668,0.09879255294799805,0.0317978709936142,0.1086130291223526,0.22035029530525208,-0.18070903420448303,0.29437345266342163,-0.6434819102287292,0.9153850078582764,0.2953053116798401,-0.07375827431678772,0.1790170818567276,-0.2858671545982361,-0.33249369263648987,0.6593676805496216,0.9379626512527466,-0.37929603457450867,-0.0244788508862257,-0.11647125333547592
3.3189384937286377,-0.5759536623954773,0.7593710422515869,0.00968172401189804,-0.0014526598388329148,0.11921930313110352,0.9928196668624878,-0.4819437861442566,0.21503174304962158,0.053756192326545715,0.49658867716789246,-0.12784646451473236,0.07454898953437805,-0.059238284826278687,0.00010409229435026646,0.10384488105773926,0.6044749617576599,-0.287606418132782,0.10038664937019348,0.06290769577026367,0.11009125411510468,0.22663947939872742,-0.11863745003938675,0.270725816488266,-0.5865969061851501,0.9673947691917419,0.29767635464668274,-0.07482413202524185,0.17768031358718872,-0.22732773423194885,-0.3191315531730652,0.6238664984703064,0.9810746908187866,-0.358182430267334,-0.034471236169338226,-0.10990911722183228
3.3485498428344727,-0.5733100175857544,0.7586161494255066,0.01717269793152809,-0.013472102582454681,0.09354856610298157,0.9953754544258118,-0.5213176608085632,0.21232444047927856,0.05631881207227707,0.39342978596687317,-0.0693192258477211,0.07629077136516571,0.02640160173177719,-0.017626585438847542,0.12743598222732544,0.5600631237030029,-0.3069576621055603,0.10149639844894409,0.08697708696126938,0.09976387023925781,0.23118452727794647,-0.06611686199903488,0.25106188654899597,-0.5395030379295349,1.0051602125167847,0.29665863513946533,-0.07404446601867676,0.17821866273880005,-0.19114692509174347,-0.30800607800483704,0.5977644324302673,1.0070735216140747,-0.34801825881004333,-0.03949032351374626,-0.11284992843866348
3.377253532409668,-0.5729109048843384,0.7557153701782227,0.025743357837200165,-0.022404562681913376,0.07572490721940994,0.996544599533081,-0.5717863440513611,0.19970333576202393,0.06959165632724762,0.3238905072212219,-0.022560980170965195,0.0775904729962349,0.09201765805482864,-0.040100935846567154,0.13526344299316406,0.5452072024345398,-0.3279849886894226,0.10102632641792297,0.10853354632854462,0.08302909880876541,0.2353173792362213,-0.024807102978229523,0.23432184755802155,-0.49132826924324036,1.040196418762207,0.2885318696498871,-0.07175160944461823,0.17907804250717163,-0.16661666333675385,-0.29738783836364746,0.5753812789916992,1.0261311531066895,-0.3419666886329651,-0.04104483872652054,-0.1183902844786644
3.4041099548339844,-0.5717543959617615,0.7512470483779907,0.03272653743624687,-0.02918737195432186,0.06305338442325592,0.9970462918281555,-0.6099848747253418,0.18855082988739014,0.0854339450597763,0.2731607258319855,0.015031237155199051,0.07638875395059586,0.14707499742507935,-0.06297115981578827,0.13589438796043396,0.540011465549469,-0.3487037420272827,0.10146376490592957,0.1275879591703415,0.06868737936019897,0.23687052726745605,0.007659338414669037,0.2174135148525238,-0.45110923051834106,1.0749293565750122,0.28000080585479736,-0.06976161897182465,0.17583997547626495,-0.1487807035446167,-0.289749413728714,0.5535179972648621,1.0437960624694824,-0.33864209055900574,-0.04139198735356331,-0.1231827586889267
3.431245803833008,-0.5700764060020447,0.7440434694290161,0.03657911717891693,-0.03409241884946823,0.05537858605384827,0.9972125887870789,-0.6408650875091553,0.17951253056526184,0.10079267621040344,0.24155376851558685,0.04423239827156067,0.07298240065574646,0.19323758780956268,-0.08368982374668121,0.12786902487277985,0.5513734817504883,-0.36984115839004517,0.10245174169540405,0.13786908984184265,0.058362558484077454,0.23338699340820312,0.040031298995018005,0.20313681662082672,-0.4176645874977112,1.1060131788253784,0.2735203206539154,-0.06623926758766174,0.1731993556022644,-0.12722113728523254,-0.28462469577789307,0.5331038236618042,1.0555436611175537,-0.336492657661438,-0.04179751127958298,-0.129526749253273
3.4566619396209717,-0.5679469108581543,0.735815167427063,0.03878965601325035,-0.038086630403995514,0.04878872260451317,0.9973286390304565,-0.6576882004737854,0.17411455512046814,0.11239802092313766,0.22683294117450714,0.06612683087587357,0.06658868491649628,0.2320479303598404,-0.1025397852063179,0.11713170260190964,0.5674601793289185,-0.3897125720977783,0.10397699475288391,0.14603517949581146,0.05292479321360588,0.22888365387916565,0.06289464980363846,0.18993307650089264,-0.3911275267601013,1.1316370964050293,0.2690109610557556,-0.06326593458652496,0.17049439251422882,-0.10909442603588104,-0.2801606357097626,0.5156739950180054,1.064624547958374,-0.3362029492855072,-0.0417623445391655,-0.13442377746105194
3.485130548477173,-0.5633187890052795,0.7234829068183899,0.03034667670726776,-0.045380737632513046,0.0363786518573761,0.9978458285331726,-0.6364539861679077,0.19144093990325928,0.11682886630296707,0.21270978450775146,0.07983481884002686,0.056012626737356186,0.27654796838760376,-0.10458230972290039,0.11504194140434265,0.588253378868103,-0.40809887647628784,0.10564349591732025,0.15876367688179016,0.06728319823741913,0.22685280442237854,0.0871260017156601,0.18073001503944397,-0.3685106635093689,1.1586110591888428,0.2672060430049896,-0.05897288769483566,0.16653428971767426,-0.08992421627044678,-0.2766498625278473,0.5015356540679932,1.074537992477417,-0.3366583287715912,-0.04147820174694061,-0.13656306266784668
3.514603614807129,-0.5577328205108643,0.7102848887443542,0.017726851627230644,-0.05431479588150978,0.018510324880480766,0.9981948733329773,-0.598970890045166,0.21986250579357147,0.11211882531642914,0.2007742077112198,0.09094680845737457,0.04157409816980362,0.3231327533721924,-0.10168418288230896,0.11908549070358276,0.6045809984207153,-0.4187089800834656,0.10847876220941544,0.17485663294792175,0.0912325531244278,0.22804337739944458,0.10330206155776978,0.1744190752506256,-0.3480290472507477,1.1830393075942993,0.26633569598197937,-0.05618228763341904,0.16216763854026794,-0.07577426731586456,-0.2759779691696167,0.4892743229866028,1.0852067470550537,-0.33663418889045715,-0.04165057837963104,-0.13628262281417847
3.544768810272217,-0.5514975190162659,0.6963648796081543,0.010216333903372288,-0.06024918705224991,0.0023883089888840914,0.9981282353401184,-0.5824214220046997,0.23864898085594177,0.10187448561191559,0.23246535658836365,0.08281143009662628,0.034541789442300797,0.3644028902053833,-0.1164712905883789,0.12067347764968872,0.6234427690505981,-0.42817628383636475,0.11708785593509674,0.1848617047071457,0.10400500893592834,0.23652368783950806,0.09627492725849152,0.1751682311296463,-0.33360838890075684,1.195591926574707,0.26799115538597107,-0.05707190930843353,0.15707993507385254,-0.07421962916851044,-0.27679604291915894,0.4849148988723755,1.0819157361984253,-0.3389770984649658,-0.04562672972679138,-0.13077253103256226
3.5709352493286133,-0.5445498824119568,0.6819038391113281,0.007537133526057005,-0.06228262931108475,-0.014586841687560081,0.9979234933853149,-0.5920748710632324,0.24876028299331665,0.09285899996757507,0.3008458614349365,0.05892045423388481,0.03296367824077606,0.3947177827358246,-0.14573568105697632,0.1203988790512085,0.6480348706245422,-0.436851441860199,0.13150560855865479,0.1942850798368454,0.1062653437256813,0.2452804446220398,0.08168898522853851,0.17960864305496216,-0.32780706882476807,1.1981654167175293,0.2728542685508728,-0.05859465152025223,0.15443895757198334,-0.07393837720155716,-0.27729907631874084,0.48691701889038086,1.080994725227356,-0.34351253509521484,-0.04772952198982239,-0.12441869080066681
3.5945827960968018,-0.5382757186889648,0.6666890382766724,0.010099722072482109,-0.06023777276277542,-0.027783766388893127,0.9977462291717529,-0.6304367184638977,0.25052815675735474,0.07843204587697983,0.4065180718898773,0.020158817991614342,0.03514685109257698,0.4096361994743347,-0.18159252405166626,0.12417822331190109,0.6857476234436035,-0.4515461325645447,0.14898809790611267,0.20121608674526215,0.10134100168943405,0.2561383545398712,0.050479818135499954,0.1893949806690216,-0.3316054344177246,1.1901439428329468,0.2789609432220459,-0.05878404527902603,0.15811637043952942,-0.0811455026268959,-0.27871397137641907,0.49436745047569275,1.0779322385787964,-0.34915757179260254,-0.0489986352622509,-0.12237267196178436
3.613335609436035,-0.5321897268295288,0.6515936851501465,0.01491356361657381,-0.05518947169184685,-0.039807360619306564,0.9975706338882446,-0.6868813633918762,0.2489757239818573,0.06680353730916977,0.5295716524124146,-0.02612585946917534,0.03878233581781387,0.4113353490829468,-0.21540921926498413,0.1336275339126587,0.7310382127761841,-0.469596266746521,0.16846299171447754,0.2048020362854004,0.09302962571382523,0.27036216855049133,0.0038735903799533844,0.20326364040374756,-0.3454288840293884,1.171280026435852,0.2869005799293518,-0.05910390987992287,0.1678926646709442,-0.09366391599178314,-0.2806422710418701,0.5046169757843018,1.0750689506530762,-0.3541187644004822,-0.050286829471588135,-0.12344446033239365
3.629629611968994,-0.5262760519981384,0.6369094848632812,0.02096027135848999,-0.04820611700415611,-0.04976000636816025,0.9973769187927246,-0.7533786296844482,0.24462714791297913,0.05742715671658516,0.6569384336471558,-0.07437335699796677,0.04190852493047714,0.40969961881637573,-0.24762052297592163,0.14297711849212646,0.7712363600730896,-0.4890037775039673,0.18520256876945496,0.2095802128314972,0.08503985404968262,0.2840530276298523,-0.040858034044504166,0.21377119421958923,-0.3661108613014221,1.1526950597763062,0.29904404282569885,-0.05787990987300873,0.17513728141784668,-0.1135365217924118,-0.28391769528388977,0.5126255750656128,1.076349139213562,-0.3564339280128479,-0.05003149434924126,-0.12455272674560547
3.642960548400879,-0.5212413668632507,0.6224950551986694,0.027769863605499268,-0.03998665511608124,-0.057504452764987946,0.9971575140953064,-0.8232607841491699,0.23488838970661163,0.04940931499004364,0.7805898189544678,-0.11847120523452759,0.043355848640203476,0.4051416516304016,-0.2745668888092041,0.1514609307050705,0.8114877939224243,-0.5099128484725952,0.20253223180770874,0.21793252229690552,0.07660039514303207,0.2962714433670044,-0.07612327486276627,0.22014571726322174,-0.38495028018951416,1.1386629343032837,0.30890119075775146,-0.056707967072725296,0.1811199188232422,-0.13475650548934937,-0.2845701575279236,0.5185335874557495,1.0765389204025269,-0.3553851842880249,-0.051033034920692444,-0.12663903832435608
3.65602970123291,-0.5171011686325073,0.6083088517189026,0.03450295701622963,-0.03003758005797863,-0.06343332678079605,0.9969370365142822,-0.8966364860534668,0.22160771489143372,0.043777789920568466,0.8989802002906799,-0.16055196523666382,0.04395456239581108,0.40094301104545593,-0.2987348735332489,0.15729404985904694,0.8433218002319336,-0.5338326692581177,0.21947333216667175,0.22564983367919922,0.07287415117025375,0.31293895840644836,-0.11566384881734848,0.22885744273662567,-0.4157831072807312,1.1157426834106445,0.32144469022750854,-0.058029383420944214,0.1860152781009674,-0.1669628918170929,-0.29095637798309326,0.530326783657074,1.0704753398895264,-0.3510386347770691,-0.053764086216688156,-0.12819823622703552
3.6687073707580566,-0.5141811966896057,0.5956794023513794,0.039870284497737885,-0.02008499577641487,-0.06901931762695312,0.9966159462928772,-0.9708595275878906,0.20436325669288635,0.037825051695108414,1.0157248973846436,-0.20020771026611328,0.04229046776890755,0.3970835208892822,-0.3164432644844055,0.16216686367988586,0.8676261901855469,-0.5550922155380249,0.23428596556186676,0.2331523597240448,0.07256186008453369,0.32616257667541504,-0.155487060546875,0.2407904863357544,-0.4442647695541382,1.090914011001587,0.33308523893356323,-0.06109057366847992,0.19119477272033691,-0.1973535716533661,-0.3037053942680359,0.5344683527946472,1.069136381149292,-0.3418462574481964,-0.05598688870668411,-0.13197201490402222
3.6810827255249023,-0.5126104354858398,0.5838503837585449,0.04299762099981308,-0.00999409332871437,-0.07396957278251648,0.9962829947471619,-1.0361964702606201,0.18763624131679535,0.030563483014702797,1.1116726398468018,-0.23271743953227997,0.037492819130420685,0.3955152630805969,-0.3275030851364136,0.16525566577911377,0.8840826749801636,-0.5718038082122803,0.2439158707857132,0.24186107516288757,0.07749328762292862,0.33832046389579773,-0.18998408317565918,0.249354749917984,-0.4775253236293793,1.0635751485824585,0.3452370762825012,-0.06521102786064148,0.1937008649110794,-0.23384779691696167,-0.3160538971424103,0.5405392050743103,1.0621373653411865,-0.33172738552093506,-0.05911858379840851,-0.13747119903564453
3.6932151317596436,-0.5125989317893982,0.5727592706680298,0.044150207191705704,-0.0011022101389244199,-0.07949238270521164,0.9958567023277283,-1.0949410200119019,0.17059269547462463,0.019292835146188736,1.196427345275879,-0.26166149973869324,0.034608714282512665,0.3958462178707123,-0.33170902729034424,0.1672482192516327,0.8985109329223633,-0.583849310874939,0.2501752972602844,0.2531852126121521,0.08350220322608948,0.3469792604446411,-0.22191715240478516,0.2687097489833832,-0.507623016834259,1.0325205326080322,0.3566112518310547,-0.06994350254535675,0.19729569554328918,-0.2649272680282593,-0.3272908926010132,0.5493309497833252,1.0519249439239502,-0.32413429021835327,-0.06246991828083992,-0.1424240916967392
3.7042622566223145,-0.5142449140548706,0.5607360005378723,0.046096816658973694,0.006779447663575411,-0.08521481603384018,0.9952726364135742,-1.1475595235824585,0.15517939627170563,0.00782725214958191,1.2644832134246826,-0.28374597430229187,0.02758045122027397,0.39967456459999084,-0.33729392290115356,0.1690838783979416,0.9142721891403198,-0.5953117609024048,0.254243940114975,0.26203370094299316,0.08577249944210052,0.3548818826675415,-0.24287758767604828,0.29433876276016235,-0.5322385430335999,1.001438021659851,0.366810142993927,-0.07367037236690521,0.20077034831047058,-0.29143452644348145,-0.3373628258705139,0.555924117565155,1.035538673400879,-0.3164447546005249,-0.06591993570327759,-0.14802473783493042
3.7146692276000977,-0.5176077485084534,0.5492570996284485,0.04796725511550903,0.013501209206879139,-0.09147337824106216,0.9945599436759949,-1.1925550699234009,0.13959376513957977,-0.006563124246895313,1.3199150562286377,-0.30100977420806885,0.021244199946522713,0.4049689769744873,-0.3424188494682312,0.17035718262195587,0.9287793040275574,-0.6034420728683472,0.25688856840133667,0.2739577293395996,0.08534751832485199,0.35876476764678955,-0.25831252336502075,0.322224885225296,-0.5528205633163452,0.9609922170639038,0.37541908025741577,-0.0781286284327507,0.20496860146522522,-0.31391164660453796,-0.3448913097381592,0.5662463903427124,1.0076589584350586,-0.3100951910018921,-0.0706263929605484,-0.15208837389945984
3.723604679107666,-0.5220270156860352,0.537176251411438,0.0508197546005249,0.019399333745241165,-0.09791552275419235,0.993707001209259,-1.232865571975708,0.12484867870807648,-0.02154436521232128,1.365614891052246,-0.3126188814640045,0.011210549622774124,0.41048020124435425,-0.3504037857055664,0.17241428792476654,0.946805477142334,-0.6107189655303955,0.25860756635665894,0.28433743119239807,0.08297356963157654,0.3624298572540283,-0.2632130980491638,0.34613579511642456,-0.5723048448562622,0.92252516746521,0.3832089900970459,-0.08121006190776825,0.20510467886924744,-0.33153921365737915,-0.3484612703323364,0.5759724974632263,0.982495129108429,-0.3042970597743988,-0.07233066111803055,-0.15387310087680817
3.7317495346069336,-0.5272389650344849,0.5255734920501709,0.05404938384890556,0.024386072531342506,-0.10390214622020721,0.9928184151649475,-1.27107834815979,0.10892955958843231,-0.036728035658597946,1.4082531929016113,-0.32169947028160095,4.073185846209526e-05,0.41513845324516296,-0.35989630222320557,0.1754704713821411,0.96556556224823,-0.6193782091140747,0.2597249150276184,0.292277067899704,0.07880517095327377,0.3654729127883911,-0.2663789391517639,0.3695002496242523,-0.5908086895942688,0.883083701133728,0.3906598687171936,-0.08419613540172577,0.2038571834564209,-0.34549182653427124,-0.35176271200180054,0.585616946220398,0.9600112438201904,-0.29769861698150635,-0.07307656854391098,-0.15249419212341309
3.738861560821533,-0.5326118469238281,0.5149430632591248,0.057898733764886856,0.028436338528990746,-0.10949470847845078,0.9918921589851379,-1.304579734802246,0.09350914508104324,-0.04956744611263275,1.4441310167312622,-0.32762032747268677,-0.012040507979691029,0.41771066188812256,-0.37359485030174255,0.17927303910255432,0.9844952821731567,-0.6272952556610107,0.26045119762420654,0.29872286319732666,0.07126834988594055,0.3693271279335022,-0.2653919458389282,0.3870263695716858,-0.6052961945533752,0.8518552780151367,0.395027756690979,-0.08500778675079346,0.20330968499183655,-0.35536429286003113,-0.3514963686466217,0.5932096838951111,0.9429153203964233,-0.2908194065093994,-0.07244501262903214,-0.15019886195659637
3.7445812225341797,-0.537937581539154,0.5057712197303772,0.06198636442422867,0.0317176952958107,-0.1147158071398735,0.990955114364624,-1.3325704336166382,0.07942815124988556,-0.06199932098388672,1.4711847305297852,-0.3314482867717743,-0.024122735485434532,0.418043315410614,-0.3893764019012451,0.18245771527290344,1.0023311376571655,-0.6364197731018066,0.26092326641082764,0.30607444047927856,0.059549689292907715,0.37426596879959106,-0.2632210850715637,0.40135061740875244,-0.614936113357544,0.8294806480407715,0.39752525091171265,-0.08436843007802963,0.20378345251083374,-0.3626247048377991,-0.3492230772972107,0.6001705527305603,0.9322212934494019,-0.2851308584213257,-0.07133665680885315,-0.14757491648197174
3.7488186359405518,-0.5430300235748291,0.49982407689094543,0.06692245602607727,0.03496387600898743,-0.12036669999361038,0.9898539185523987,-1.3539204597473145,0.07362455874681473,-0.06894609332084656,1.4854011535644531,-0.3315773010253906,-0.03518281131982803,0.4144238531589508,-0.4088186025619507,0.1867879331111908,1.012711524963379,-0.642061710357666,0.26123011112213135,0.3113318383693695,0.046670474112033844,0.3798975944519043,-0.26602497696876526,0.4132363498210907,-0.6227810382843018,0.8128471374511719,0.3973814845085144,-0.08387504518032074,0.2043982446193695,-0.3697330355644226,-0.346340537071228,0.6058676242828369,0.9271445274353027,-0.2801796793937683,-0.07001319527626038,-0.1457444727420807
3.751487970352173,-0.5479649901390076,0.4952782988548279,0.07083684206008911,0.03732742741703987,-0.1252593696117401,0.9888877272605896,-1.3701368570327759,0.07252293080091476,-0.07320535182952881,1.4927802085876465,-0.3313831388950348,-0.04377846419811249,0.40766641497612,-0.426130473613739,0.19083544611930847,1.024735689163208,-0.648007869720459,0.2614295482635498,0.31320834159851074,0.03543897345662117,0.38723665475845337,-0.27000999450683594,0.42394527792930603,-0.6327772736549377,0.8012688159942627,0.39704757928848267,-0.08345659077167511,0.20481334626674652,-0.37801486253738403,-0.34448105096817017,0.6093959212303162,0.925589382648468,-0.27403172850608826,-0.06896153837442398,-0.14584439992904663
3.753544807434082,-0.5524012446403503,0.4950205385684967,0.07299961894750595,0.03938449174165726,-0.13149555027484894,0.9878405332565308,-1.3790552616119385,0.07729793339967728,-0.07598108053207397,1.4898345470428467,-0.32966476678848267,-0.05157581716775894,0.4001646339893341,-0.4407036006450653,0.19556766748428345,1.0209423303604126,-0.6472201347351074,0.2615591883659363,0.3123334050178528,0.024036047980189323,0.3946606516838074,-0.27973246574401855,0.43618327379226685,-0.6430779695510864,0.7991585731506348,0.3957058787345886,-0.08186297863721848,0.2071465253829956,-0.3841732144355774,-0.3417391777038574,0.6124406456947327,0.929815411567688,-0.2690173089504242,-0.06728048622608185,-0.1470777690410614
3.754939079284668,-0.5566345453262329,0.49701470136642456,0.07479242235422134,0.04031164199113846,-0.1384527087211609,0.9867177605628967,-1.3800804615020752,0.08398345857858658,-0.07498908042907715,1.4784793853759766,-0.3273364305496216,-0.057708241045475006,0.39067816734313965,-0.45543336868286133,0.19945979118347168,1.014192819595337,-0.6443888545036316,0.2616434693336487,0.3091566860675812,0.012172211892902851,0.4017701745033264,-0.2935163378715515,0.44677478075027466,-0.651890754699707,0.8070802688598633,0.3923354744911194,-0.07819560170173645,0.21151337027549744,-0.39137524366378784,-0.3389778733253479,0.6115732192993164,0.9382237792015076,-0.2627876400947571,-0.06487426906824112,-0.15113312005996704
3.755605697631836,-0.5596752166748047,0.5056732296943665,0.07374671846628189,0.041755303740501404,-0.14880713820457458,0.9852280616760254,-1.3667047023773193,0.09681987762451172,-0.07463783770799637,1.4477033615112305,-0.32152512669563293,-0.06281208246946335,0.3799440860748291,-0.4633547067642212,0.20254814624786377,0.9818004965782166,-0.6262574791908264,0.26169824600219727,0.3057684600353241,0.007595269940793514,0.40909379720687866,-0.3072260320186615,0.4567788243293762,-0.6634498834609985,0.8181332349777222,0.3874872326850891,-0.0766218900680542,0.2124846875667572,-0.39864760637283325,-0.33717086911201477,0.6123496294021606,0.9427591562271118,-0.2573198676109314,-0.06456786394119263,-0.15237842500209808
3.755760669708252,-0.5622695684432983,0.5149829387664795,0.0715084969997406,0.04299905523657799,-0.15953224897384644,0.9836600422859192,-1.3432981967926025,0.11123344302177429,-0.0738147422671318,1.406907320022583,-0.3115949034690857,-0.06911716610193253,0.3683698773384094,-0.46778061985969543,0.20555479824543,0.9489136934280396,-0.6038448810577393,0.2617338299751282,0.2997327744960785,0.006767237558960915,0.4167764186859131,-0.3185097575187683,0.46253514289855957,-0.679000735282898,0.8352093696594238,0.38285398483276367,-0.07449674606323242,0.21065416932106018,-0.41083666682243347,-0.33315309882164,0.6156243085861206,0.9442839622497559,-0.2516303062438965,-0.06482584029436111,-0.15287932753562927
3.756505012512207,-0.56465744972229,0.528824508190155,0.06616965681314468,0.04628472402691841,-0.17192335426807404,0.9817951321601868,-1.3043419122695923,0.13165467977523804,-0.07327495515346527,1.3487658500671387,-0.29809796810150146,-0.07021904736757278,0.3547514081001282,-0.46471238136291504,0.20607177913188934,0.8954389095306396,-0.5668724179267883,0.2617569863796234,0.2957591414451599,0.007625478319823742,0.4239635467529297,-0.33200737833976746,0.46909475326538086,-0.6910648345947266,0.8615258932113647,0.375864714384079,-0.07147106528282166,0.20985198020935059,-0.42140117287635803,-0.32778728008270264,0.6174399256706238,0.9559328556060791,-0.24731972813606262,-0.06340166926383972,-0.15227089822292328
3.7577600479125977,-0.5685778260231018,0.5431065559387207,0.05913954973220825,0.050100792199373245,-0.18377289175987244,0.9799081087112427,-1.2530796527862549,0.15381823480129242,-0.07384711503982544,1.28334379196167,-0.28281956911087036,-0.07391644269227982,0.330849289894104,-0.45349085330963135,0.2049400806427002,0.857131838798523,-0.5278825759887695,0.2617720365524292,0.28499510884284973,0.012974260374903679,0.42925700545310974,-0.34156733751296997,0.4700288474559784,-0.7004173994064331,0.8902592062950134,0.3684283196926117,-0.06793884932994843,0.20950934290885925,-0.4268178939819336,-0.32277271151542664,0.615816593170166,0.9660592079162598,-0.245112806558609,-0.06243965029716492,-0.15283188223838806
3.762864589691162,-0.5724774599075317,0.5676595568656921,0.049741555005311966,0.055873870849609375,-0.19714370369911194,0.9775164127349854,-1.179535150527954,0.18049809336662292,-0.07123664021492004,1.1902505159378052,-0.2624775767326355,-0.07243338972330093,0.2970866858959198,-0.43461260199546814,0.19816401600837708,0.8118963241577148,-0.4781118631362915,0.26178181171417236,0.27896106243133545,0.016251303255558014,0.4316382110118866,-0.35346168279647827,0.46769288182258606,-0.710646390914917,0.9258608818054199,0.35836294293403625,-0.06310735642910004,0.2109661102294922,-0.4379657208919525,-0.31189510226249695,0.6219053864479065,0.987633228302002,-0.2477576583623886,-0.059369444847106934,-0.1529574990272522
3.771130084991455,-0.5772730708122253,0.5982719659805298,0.041498858481645584,0.06161549687385559,-0.2107851505279541,0.9747056365013123,-1.095814824104309,0.2024242877960205,-0.06628473103046417,1.0887585878372192,-0.2393317073583603,-0.07274238765239716,0.2514960467815399,-0.4143448770046234,0.18809261918067932,0.7887240648269653,-0.4338866174221039,0.26178818941116333,0.26601001620292664,0.020762059837579727,0.43063926696777344,-0.3596578538417816,0.4590050280094147,-0.7151411771774292,0.9601064920425415,0.349803626537323,-0.057942651212215424,0.2141018509864807,-0.4440504014492035,-0.3028995394706726,0.6270453333854675,1.0053365230560303,-0.2538893520832062,-0.05742286145687103,-0.15324224531650543
3.7843103408813477,-0.5827956795692444,0.6315430998802185,0.03208087012171745,0.06804392486810684,-0.22370626032352448,0.9717490673065186,-0.9970022439956665,0.22164863348007202,-0.058062657713890076,0.9674598574638367,-0.21514415740966797,-0.06308646500110626,0.1926458775997162,-0.382577508687973,0.1716010868549347,0.7782848477363586,-0.38850685954093933,0.26179230213165283,0.2575256824493408,0.028522983193397522,0.42199164628982544,-0.35720282793045044,0.4458237588405609,-0.7130335569381714,0.9924459457397461,0.34074002504348755,-0.05454936623573303,0.2161674201488495,-0.4448172450065613,-0.2959917187690735,0.63057541847229,1.0280060768127441,-0.26264187693595886,-0.055448561906814575,-0.15275709331035614
3.800424337387085,-0.588350772857666,0.6614541411399841,0.027098264545202255,0.07290013134479523,-0.2349892556667328,0.9688814878463745,-0.89516282081604,0.22747290134429932,-0.04303635656833649,0.8454021215438843,-0.1906818002462387,-0.05223240703344345,0.13263042271137238,-0.35396164655685425,0.15101005136966705,0.7787920236587524,-0.348642498254776,0.258320152759552,0.24585619568824768,0.03084033541381359,0.4074168801307678,-0.34506136178970337,0.4260042905807495,-0.6996389627456665,1.016509771347046,0.3327975869178772,-0.05167662352323532,0.21864932775497437,-0.43809765577316284,-0.2934298813343048,0.6297773122787476,1.041894555091858,-0.27144837379455566,-0.05491134524345398,-0.15299063920974731
3.823240041732788,-0.5943801999092102,0.6912733316421509,0.020046541467308998,0.07646874338388443,-0.24277909100055695,0.9668552279472351,-0.7781627178192139,0.22750231623649597,-0.0267189834266901,0.7044900059700012,-0.16526943445205688,-0.031289778649806976,0.060274071991443634,-0.30335691571235657,0.12073444575071335,0.7994803786277771,-0.31546711921691895,0.24642837047576904,0.2321144938468933,0.038720548152923584,0.38902074098587036,-0.3279964327812195,0.4075418710708618,-0.6769551038742065,1.031531810760498,0.32294097542762756,-0.05036703497171402,0.22218216955661774,-0.42202824354171753,-0.29368650913238525,0.6231189370155334,1.0477383136749268,-0.27824896574020386,-0.057124003767967224,-0.15474659204483032
3.8465733528137207,-0.5993221998214722,0.7131036520004272,0.014662039466202259,0.07802824676036835,-0.24773283302783966,0.965569794178009,-0.679344654083252,0.21732455492019653,-0.0166037417948246,0.5933087468147278,-0.14888332784175873,-0.009356047958135605,-0.010076705366373062,-0.2516401410102844,0.09267409145832062,0.8365867137908936,-0.2961958646774292,0.22995147109031677,0.2150419056415558,0.04490315914154053,0.37368065118789673,-0.3172926604747772,0.3915906846523285,-0.6580010056495667,1.046268343925476,0.3162289261817932,-0.04806914180517197,0.22362300753593445,-0.41385990381240845,-0.29489246010780334,0.6213546395301819,1.0528990030288696,-0.28424695134162903,-0.058440208435058594,-0.15438872575759888
3.8719441890716553,-0.605574369430542,0.7309552431106567,0.007763721514493227,0.07637084275484085,-0.2462080419063568,0.9661722183227539,-0.5817199349403381,0.20244672894477844,-0.014394154772162437,0.4898134768009186,-0.1356344074010849,0.014815588481724262,-0.0978185310959816,-0.1972353607416153,0.06904039531946182,0.8870902061462402,-0.2878223955631256,0.21467915177345276,0.19241973757743835,0.05478406697511673,0.36002132296562195,-0.30874204635620117,0.3812045753002167,-0.6376428604125977,1.0502371788024902,0.3100654184818268,-0.0478234589099884,0.22603270411491394,-0.4082980155944824,-0.29725852608680725,0.6206566095352173,1.0404932498931885,-0.28868454694747925,-0.0643140971660614,-0.15425002574920654
3.895331382751465,-0.6109104752540588,0.7437574863433838,0.0009739333763718605,0.07250736653804779,-0.24165183305740356,0.9676498174667358,-0.4977061152458191,0.18434137105941772,-0.016463907435536385,0.40804868936538696,-0.1293393075466156,0.0375739224255085,-0.16944852471351624,-0.1488875299692154,0.05172804370522499,0.9245212078094482,-0.2860355079174042,0.20141766965389252,0.1721305251121521,0.06604732573032379,0.34547701478004456,-0.3006482422351837,0.3689802289009094,-0.6214298009872437,1.053506851196289,0.3052830994129181,-0.04831187054514885,0.22480010986328125,-0.4009172022342682,-0.2972475290298462,0.6184874176979065,1.0350559949874878,-0.29054486751556396,-0.0680207908153534,-0.15379396080970764
3.9210774898529053,-0.61788010597229,0.7540940046310425,-0.007443538401275873,0.06517831236124039,-0.22185009717941284,0.9728714823722839,-0.4131854176521301,0.15905466675758362,-0.03139050304889679,0.33203935623168945,-0.12551626563072205,0.05986829474568367,-0.25901877880096436,-0.0921018049120903,0.04756814241409302,0.9513236284255981,-0.28379932045936584,0.19212964177131653,0.14767636358737946,0.08481810241937637,0.3381611704826355,-0.3083454668521881,0.35203060507774353,-0.6204875707626343,1.0462497472763062,0.30268892645835876,-0.0503915399312973,0.22082045674324036,-0.3928520679473877,-0.30419421195983887,0.6114215850830078,1.03354811668396,-0.28622931241989136,-0.07194916903972626,-0.15300898253917694
3.947706699371338,-0.6243011355400085,0.761101245880127,-0.015611170791089535,0.05640460178256035,-0.18650273978710175,0.9807097315788269,-0.3387928009033203,0.12671247124671936,-0.05665171146392822,0.27302077412605286,-0.13157154619693756,0.08484695851802826,-0.3338959217071533,-0.03293541073799133,0.05540626496076584,0.9642422199249268,-0.2790158987045288,0.187387615442276,0.11781060695648193,0.10878820717334747,0.3369483947753906,-0.3309304118156433,0.3292115032672882,-0.6316882967948914,1.0383186340332031,0.30179187655448914,-0.0518927201628685,0.21314620971679688,-0.38272708654403687,-0.317410409450531,0.6003084182739258,1.0344421863555908,-0.27712196111679077,-0.07404574751853943,-0.15106654167175293
3.9802589416503906,-0.6301445960998535,0.7656482458114624,-0.022409336641430855,0.044974185526371,-0.1352980136871338,0.9895299673080444,-0.2688254714012146,0.08597466349601746,-0.09399321675300598,0.2441403716802597,-0.1571463942527771,0.11018339544534683,-0.4048847258090973,0.011701168492436409,0.07736584544181824,0.9366419315338135,-0.26285165548324585,0.19023527204990387,0.07752946764230728,0.13110527396202087,0.33288583159446716,-0.34751638770103455,0.30390921235084534,-0.6475106477737427,1.033930778503418,0.3060774803161621,-0.054217029362916946,0.20359420776367188,-0.3653613030910492,-0.33394235372543335,0.5853381156921387,1.0332318544387817,-0.2684747278690338,-0.07756675779819489,-0.14808166027069092
4.015384674072266,-0.6354010105133057,0.7679166197776794,-0.02708824910223484,0.033694781363010406,-0.08003535121679306,0.9958540201187134,-0.20560607314109802,0.047475025057792664,-0.13822412490844727,0.23646506667137146,-0.19486835598945618,0.12682659924030304,-0.45360031723976135,0.040988489985466,0.09896647930145264,0.8935014009475708,-0.24030055105686188,0.1958308219909668,0.03025251068174839,0.14568917453289032,0.32641246914863586,-0.356702983379364,0.27872851490974426,-0.658785343170166,1.0390329360961914,0.31108158826828003,-0.0566159188747406,0.19443948566913605,-0.3374010920524597,-0.34711289405822754,0.5654618144035339,1.0344393253326416,-0.26324301958084106,-0.08039015531539917,-0.14601363241672516
4.055155277252197,-0.6395223140716553,0.7681194543838501,-0.026572324335575104,0.020864199846982956,-0.018042713403701782,0.9992662668228149,-0.13605760037899017,0.00515342503786087,-0.19401952624320984,0.23843827843666077,-0.2383558303117752,0.13513709604740143,-0.4859336316585541,0.04048649221658707,0.1280805766582489,0.7919771671295166,-0.19594226777553558,0.2076769769191742,-0.018102802336215973,0.1456524282693863,0.321126788854599,-0.34550002217292786,0.25804150104522705,-0.6594782471656799,1.0566658973693848,0.3206390142440796,-0.059124935418367386,0.1850329339504242,-0.3043719232082367,-0.3595387041568756,0.5403122901916504,1.0297584533691406,-0.2612015902996063,-0.08472973108291626,-0.14355751872062683
4.097582817077637,-0.6418511867523193,0.7664395570755005,-0.021631836891174316,0.008670664392411709,0.041954100131988525,0.9988476634025574,-0.060720935463905334,-0.03240035101771355,-0.24999436736106873,0.23919162154197693,-0.28119778633117676,0.13630028069019318,-0.5018856525421143,0.01872163824737072,0.15190309286117554,0.6621627807617188,-0.1379079818725586,0.2220727503299713,-0.06720364093780518,0.13781173527240753,0.3166424632072449,-0.32307103276252747,0.24131886661052704,-0.6550810933113098,1.0794585943222046,0.32683560252189636,-0.06253993511199951,0.17664837837219238,-0.2697805166244507,-0.3644287586212158,0.5119808912277222,1.028969645500183,-0.25982004404067993,-0.08637672662734985,-0.14403510093688965
4.140174865722656,-0.6420426964759827,0.763269305229187,-0.014982150867581367,-0.004959786310791969,0.09829442948102951,0.9950322508811951,0.021157488226890564,-0.05852781981229782,-0.3056696355342865,0.23918701708316803,-0.3225953280925751,0.13124212622642517,-0.5136781930923462,-0.020371485501527786,0.15880252420902252,0.517065703868866,-0.07402272522449493,0.2356155961751938,-0.11509260535240173,0.12568041682243347,0.31567108631134033,-0.29805663228034973,0.2282239943742752,-0.6476455926895142,1.0995895862579346,0.3327125906944275,-0.0678219273686409,0.1723564714193344,-0.23679213225841522,-0.3682589530944824,0.48535284399986267,1.0225255489349365,-0.261144757270813,-0.0889633521437645,-0.14452622830867767
4.180688858032227,-0.6416531801223755,0.7599319219589233,-0.010861772112548351,-0.017857279628515244,0.14673110842704773,0.988955557346344,0.0996403619647026,-0.06277364492416382,-0.3531884253025055,0.23627611994743347,-0.35782569646835327,0.11989732086658478,-0.5232726335525513,-0.05835418403148651,0.15437187254428864,0.3949815630912781,-0.015596583485603333,0.24441353976726532,-0.1559545397758484,0.11842304468154907,0.31328386068344116,-0.2748737931251526,0.2177198976278305,-0.637800395488739,1.114369511604309,0.333970844745636,-0.07485111802816391,0.17291036248207092,-0.20422258973121643,-0.3664201498031616,0.4630897045135498,1.0198866128921509,-0.2665060758590698,-0.08856157958507538,-0.14634642004966736
4.218791961669922,-0.6416319608688354,0.756721556186676,-0.010595235973596573,-0.02951825223863125,0.18681147694587708,0.9818950295448303,0.16893070936203003,-0.04368457943201065,-0.38635385036468506,0.23613807559013367,-0.38902145624160767,0.10309537500143051,-0.5401817560195923,-0.08951032161712646,0.14718525111675262,0.30569490790367126,0.03133445978164673,0.2502087950706482,-0.18618814647197723,0.11974789202213287,0.3074183166027069,-0.25416502356529236,0.21128006279468536,-0.6298508048057556,1.1195412874221802,0.33477407693862915,-0.08142605423927307,0.17726582288742065,-0.171988382935524,-0.36515992879867554,0.445639967918396,1.0197447538375854,-0.2759608030319214,-0.08681455254554749,-0.14889979362487793
4.2535271644592285,-0.6423546671867371,0.7529053688049316,-0.01002058107405901,-0.03830471634864807,0.21889957785606384,0.9749437570571899,0.2258206605911255,-0.01293645054101944,-0.4035801887512207,0.2383454442024231,-0.4127972722053528,0.08307651430368423,-0.5573650002479553,-0.12322135269641876,0.13720354437828064,0.2425110638141632,0.06875655055046082,0.25390926003456116,-0.21320873498916626,0.12486357986927032,0.3014290928840637,-0.24580790102481842,0.20692653954029083,-0.6280194520950317,1.1173175573349,0.3325389325618744,-0.08614815026521683,0.18389436602592468,-0.14949262142181396,-0.36509421467781067,0.43379682302474976,1.0273966789245605,-0.2884005904197693,-0.08097811788320541,-0.15292376279830933
4.2900614738464355,-0.6442148685455322,0.7456384897232056,-0.0035517034120857716,-0.04528868570923805,0.24529510736465454,0.9683834910392761,0.2765699326992035,0.01813400536775589,-0.41391777992248535,0.25725865364074707,-0.43864887952804565,0.06120968982577324,-0.5634682178497314,-0.16591855883598328,0.13691924512386322,0.20914222300052643,0.09154239296913147,0.2561973035335541,-0.23404201865196228,0.1218654215335846,0.29376158118247986,-0.23454073071479797,0.20379039645195007,-0.6242752075195312,1.1130785942077637,0.3295467793941498,-0.0881396234035492,0.18973545730113983,-0.12744972109794617,-0.36690753698349,0.42226552963256836,1.0350761413574219,-0.301990270614624,-0.0740913450717926,-0.1568947285413742
4.326495170593262,-0.6483176350593567,0.7357501983642578,0.007005253806710243,-0.052035387605428696,0.2657455801963806,0.9626123309135437,0.3225286602973938,0.05198539048433304,-0.4228438138961792,0.28176963329315186,-0.4563879072666168,0.039758700877428055,-0.5510266423225403,-0.21483992040157318,0.1405726671218872,0.18555811047554016,0.10694502294063568,0.258096307516098,-0.2497430145740509,0.10975632071495056,0.2861596345901489,-0.21622517704963684,0.1997544765472412,-0.6243067979812622,1.113526463508606,0.32660138607025146,-0.08756949007511139,0.19493049383163452,-0.10658207535743713,-0.36427393555641174,0.41615813970565796,1.047447681427002,-0.31428080797195435,-0.06428048014640808,-0.16165196895599365
4.365718841552734,-0.654283881187439,0.7206767201423645,0.023724529892206192,-0.055909521877765656,0.2814599275588989,0.9576489329338074,0.36445099115371704,0.08182854950428009,-0.43181371688842773,0.3139646053314209,-0.47067975997924805,0.01734299212694168,-0.5262207984924316,-0.2663664221763611,0.1455041468143463,0.17584985494613647,0.11241650581359863,0.25686874985694885,-0.2610180377960205,0.09039462357759476,0.28036636114120483,-0.1961262822151184,0.19455565512180328,-0.6262847185134888,1.1196447610855103,0.32367637753486633,-0.08381734043359756,0.19894658029079437,-0.09392302483320236,-0.36133140325546265,0.41599979996681213,1.0612244606018066,-0.32618606090545654,-0.05278388038277626,-0.16620096564292908
4.4048871994018555,-0.6621779799461365,0.702994704246521,0.031312234699726105,-0.05394095554947853,0.2936765253543854,0.9538679122924805,0.3871624171733856,0.12834112346172333,-0.4255553185939789,0.3587455451488495,-0.4846118092536926,-0.006116572767496109,-0.5229607820510864,-0.2945362627506256,0.14000220596790314,0.20149612426757812,0.10142462700605392,0.25170227885246277,-0.2715034782886505,0.08890040963888168,0.27486908435821533,-0.19034266471862793,0.18632984161376953,-0.6198859214782715,1.138465404510498,0.32074663043022156,-0.07560130953788757,0.199178546667099,-0.10403946042060852,-0.35725176334381104,0.416276752948761,1.0866146087646484,-0.3348994255065918,-0.03788343444466591,-0.16329555213451385
4.4441022872924805,-0.6696985960006714,0.6815093755722046,0.034792039543390274,-0.04919404163956642,0.30352404713630676,0.9509167671203613,0.4008616805076599,0.18237170577049255,-0.4049302935600281,0.41181933879852295,-0.4981826841831207,-0.023680005222558975,-0.5444362759590149,-0.3105173707008362,0.12452122569084167,0.2769242525100708,0.0657850131392479,0.2362062633037567,-0.2843126356601715,0.09679946303367615,0.2683625817298889,-0.18529191613197327,0.17751291394233704,-0.6175751686096191,1.153584599494934,0.3203108012676239,-0.0664999857544899,0.2011096477508545,-0.12038235366344452,-0.3579276204109192,0.4189409613609314,1.0994234085083008,-0.3410356640815735,-0.026425469666719437,-0.16568025946617126
4.477709770202637,-0.6754950284957886,0.6566791534423828,0.034859441220760345,-0.04203864932060242,0.31182190775871277,0.9485697746276855,0.4088526964187622,0.23997655510902405,-0.37053626775741577,0.4681665301322937,-0.5141769647598267,-0.033376723527908325,-0.589414119720459,-0.32579928636550903,0.09917214512825012,0.3928687274456024,0.01228022575378418,0.21943044662475586,-0.29801952838897705,0.11378031969070435,0.26131048798561096,-0.18494096398353577,0.16787998378276825,-0.6219701766967773,1.1600055694580078,0.3226759731769562,-0.05817871540784836,0.20360633730888367,-0.14055772125720978,-0.36207401752471924,0.42121174931526184,1.1075764894485474,-0.3438805341720581,-0.016335949301719666,-0.17018207907676697
4.5061798095703125,-0.6791184544563293,0.648867130279541,0.03238961473107338,-0.03466656804084778,0.32041871547698975,0.9460871815681458,0.41385334730148315,0.3036414384841919,-0.3321126103401184,0.510746955871582,-0.528662383556366,-0.036412011831998825,-0.6556633710861206,-0.3460637927055359,0.07262549549341202,0.5474810600280762,-0.058208491653203964,0.20039185881614685,-0.31378668546676636,0.13661007583141327,0.25466689467430115,-0.19630862772464752,0.15776972472667694,-0.6383064985275269,1.157604455947876,0.32848381996154785,-0.050305116921663284,0.20701363682746887,-0.16335782408714294,-0.3672844171524048,0.426777720451355,1.113079309463501,-0.3466784656047821,-0.007405097596347332,-0.17633965611457825
4.529932022094727,-0.6814894080162048,0.6400553584098816,0.027998458594083786,-0.02678465098142624,0.3299933075904846,0.9431877136230469,0.4148552417755127,0.3642173409461975,-0.2954966127872467,0.5515967011451721,-0.5446712374687195,-0.03534967452287674,-0.7335644960403442,-0.3682284951210022,0.050386346876621246,0.715878963470459,-0.12911975383758545,0.1843351125717163,-0.3300638198852539,0.15915340185165405,0.24990424513816833,-0.22026249766349792,0.15165317058563232,-0.6581995487213135,1.1501818895339966,0.3367072641849518,-0.041828833520412445,0.20979562401771545,-0.19155791401863098,-0.37545329332351685,0.4364456832408905,1.1088143587112427,-0.34927916526794434,-0.0018436252139508724,-0.17925137281417847
4.550204753875732,-0.6834689378738403,0.628391683101654,0.023431239649653435,-0.018227456137537956,0.3404938876628876,0.9397779703140259,0.41313955187797546,0.41872280836105347,-0.26625728607177734,0.5826332569122314,-0.5574471950531006,-0.03315690904855728,-0.8093349933624268,-0.3897411823272705,0.03379203379154205,0.8722364902496338,-0.1921653300523758,0.1712600290775299,-0.34432750940322876,0.18155810236930847,0.2458731234073639,-0.24957135319709778,0.14958257973194122,-0.6781274080276489,1.1331541538238525,0.34550321102142334,-0.034407708793878555,0.2124628722667694,-0.22143898904323578,-0.3901977837085724,0.4491244852542877,1.0887850522994995,-0.352763295173645,0.0004817746812477708,-0.17996373772621155
4.567409515380859,-0.6851848363876343,0.6184171438217163,0.018256904557347298,-0.009180022403597832,0.3500039279460907,0.9365253448486328,0.4112391471862793,0.45987826585769653,-0.24381637573242188,0.6124563217163086,-0.5675950646400452,-0.030836831778287888,-0.879185676574707,-0.4066786468029022,0.021427391096949577,1.0121464729309082,-0.2471010982990265,0.16126713156700134,-0.35717880725860596,0.20461153984069824,0.2449260652065277,-0.276489794254303,0.14946810901165009,-0.6984548568725586,1.1187162399291992,0.3565065860748291,-0.027260713279247284,0.21147261559963226,-0.25474587082862854,-0.41533026099205017,0.4629884660243988,1.0694999694824219,-0.3560478687286377,0.0031700809486210346,-0.17722220718860626
4.58357048034668,-0.6872010231018066,0.6073870062828064,0.013435445725917816,5.630787927657366e-05,0.35973605513572693,0.9329573512077332,0.4087083339691162,0.49454671144485474,-0.22861483693122864,0.6353113055229187,-0.5775904655456543,-0.031383465975522995,-0.9433754086494446,-0.42132875323295593,0.012832536362111568,1.1354339122772217,-0.2971949577331543,0.1510329246520996,-0.3658187985420227,0.22541922330856323,0.24721893668174744,-0.3083619773387909,0.15088161826133728,-0.7174503803253174,1.1009607315063477,0.36560362577438354,-0.02118920162320137,0.2124059498310089,-0.2889285683631897,-0.44683101773262024,0.4790053963661194,1.0520062446594238,-0.3611316680908203,0.006364430300891399,-0.1746678352355957
4.598165035247803,-0.6898025274276733,0.5970938801765442,0.008543398231267929,0.009624486789107323,0.3667084276676178,0.930246889591217,0.41034337878227234,0.5186424255371094,-0.21852362155914307,0.6511721611022949,-0.5832687020301819,-0.03173447400331497,-0.9991711378097534,-0.43154817819595337,0.004450134001672268,1.2470511198043823,-0.34420454502105713,0.1415502279996872,-0.3718484342098236,0.24333572387695312,0.24810481071472168,-0.3326626420021057,0.15426914393901825,-0.7350949048995972,1.0838907957077026,0.3748737871646881,-0.016167128458619118,0.2150527834892273,-0.31849026679992676,-0.47731542587280273,0.4967404007911682,1.0389986038208008,-0.36929401755332947,0.009679464623332024,-0.17399325966835022
4.611323833465576,-0.6927387118339539,0.5874033570289612,0.0036597936414182186,0.019547555595636368,0.3734520375728607,0.9274362921714783,0.40936601161956787,0.5367919206619263,-0.21102117002010345,0.6633110642433167,-0.5870072841644287,-0.031737394630908966,-1.049146294593811,-0.43967562913894653,-0.002368861110880971,1.3372104167938232,-0.38181519508361816,0.13249313831329346,-0.3768964409828186,0.2577558159828186,0.24809589982032776,-0.35610249638557434,0.15746472775936127,-0.7521973848342896,1.066096544265747,0.3850571811199188,-0.01091663260012865,0.21349848806858063,-0.3474774956703186,-0.5048587322235107,0.5181190967559814,1.0237202644348145,-0.37892043590545654,0.011828558519482613,-0.16839905083179474
4.623051643371582,-0.6955686211585999,0.5791298151016235,-0.001571284607052803,0.029718056321144104,0.3766067624092102,0.925895094871521,0.4074035584926605,0.5485430955886841,-0.2046990543603897,0.6739526391029358,-0.5882351398468018,-0.031149480491876602,-1.0915536880493164,-0.4455207288265228,-0.009954380802810192,1.413059115409851,-0.41376686096191406,0.12349951267242432,-0.38366854190826416,0.2681695222854614,0.24805015325546265,-0.37595313787460327,0.16029594838619232,-0.7689648270606995,1.0542701482772827,0.39551281929016113,-0.00447617843747139,0.21147283911705017,-0.37461864948272705,-0.5256965756416321,0.5431040525436401,1.0053058862686157,-0.38964682817459106,0.013369472697377205,-0.16167744994163513
4.634356498718262,-0.6985191106796265,0.5717576742172241,-0.0066002970561385155,0.0394865944981575,0.3787311017513275,0.9246404767036438,0.40699058771133423,0.5589603185653687,-0.1993257999420166,0.6794163584709167,-0.5895436406135559,-0.032159268856048584,-1.1283502578735352,-0.4522665739059448,-0.015587419271469116,1.4739351272583008,-0.4391828179359436,0.11572680622339249,-0.39074909687042236,0.2774468660354614,0.24832876026630402,-0.3910104036331177,0.1611892431974411,-0.7871850728988647,1.0464332103729248,0.40691307187080383,0.001639778260141611,0.20768260955810547,-0.400570809841156,-0.5418395400047302,0.5675203204154968,0.9927771091461182,-0.40099722146987915,0.017559736967086792,-0.15579095482826233
4.644617557525635,-0.701266348361969,0.564799427986145,-0.01165847759693861,0.048425886780023575,0.37929755449295044,0.9239331483840942,0.40436893701553345,0.5668047666549683,-0.19460123777389526,0.6878212690353394,-0.5951120257377625,-0.032987337559461594,-1.1603213548660278,-0.4592669904232025,-0.021551433950662613,1.5272276401519775,-0.46162956953048706,0.10858998447656631,-0.3987811803817749,0.2833866477012634,0.2507060766220093,-0.40516453981399536,0.1610065996646881,-0.8055211305618286,1.0434454679489136,0.41730231046676636,0.007524372544139624,0.2028007209300995,-0.4256401062011719,-0.5540412068367004,0.5939193367958069,0.9750683307647705,-0.41157466173171997,0.020219262689352036,-0.14871826767921448
4.654709815979004,-0.704302966594696,0.5587713718414307,-0.01594802364706993,0.05676431581377983,0.37835928797721863,0.9237790703773499,0.4011117219924927,0.5728291273117065,-0.1902165710926056,0.6909558773040771,-0.6001213192939758,-0.03390238434076309,-1.1876413822174072,-0.46445977687835693,-0.025894131511449814,1.570600152015686,-0.4821302890777588,0.10087823867797852,-0.4068987965583801,0.2904624044895172,0.253714919090271,-0.4292341470718384,0.15991604328155518,-0.8252670764923096,1.0342063903808594,0.4243892431259155,0.012363890185952187,0.2013188898563385,-0.45352762937545776,-0.5663185119628906,0.6189334392547607,0.9586092829704285,-0.42147237062454224,0.024304775521159172,-0.14560329914093018
4.662938117980957,-0.7078057527542114,0.554074764251709,-0.01908721774816513,0.06413035094738007,0.37759914994239807,0.9235485196113586,0.3931571841239929,0.5784479379653931,-0.18522188067436218,0.6905698776245117,-0.6008503437042236,-0.035671837627887726,-1.2111588716506958,-0.46734607219696045,-0.028686897829174995,1.6022534370422363,-0.49747785925865173,0.09488895535469055,-0.41384610533714294,0.2981645464897156,0.2602759301662445,-0.45754730701446533,0.16305942833423615,-0.8413817882537842,1.0200693607330322,0.4274022579193115,0.01591380499303341,0.20297227799892426,-0.4812743067741394,-0.5788105130195618,0.6397221088409424,0.946721076965332,-0.43090635538101196,0.02904139831662178,-0.14606033265590668
4.670966625213623,-0.7117952108383179,0.5515586733818054,-0.021064287051558495,0.07178185880184174,0.37691476941108704,0.9232220649719238,0.3849092721939087,0.584967851638794,-0.1793641746044159,0.675346851348877,-0.593054473400116,-0.03935879468917847,-1.2300207614898682,-0.47047075629234314,-0.030145861208438873,1.6222319602966309,-0.50916588306427,0.0883338451385498,-0.42218074202537537,0.30775290727615356,0.26834237575531006,-0.4855109751224518,0.16614453494548798,-0.8538682460784912,1.0085217952728271,0.4278237819671631,0.01860688254237175,0.2053309828042984,-0.5075626969337463,-0.5887062549591064,0.6559242606163025,0.944900393486023,-0.43940281867980957,0.034275639802217484,-0.14951960742473602
4.678334712982178,-0.7159969806671143,0.5518860816955566,-0.021576620638370514,0.07877063751220703,0.37730783224105835,0.9224795699119568,0.3743726313114166,0.5901492238044739,-0.170775905251503,0.6534047722816467,-0.5832242369651794,-0.042594064027071,-1.2391602993011475,-0.47203338146209717,-0.03073086589574814,1.6280121803283691,-0.5205332040786743,0.08295310288667679,-0.4314228892326355,0.317038357257843,0.2770901620388031,-0.5092648267745972,0.1668178290128708,-0.8646366596221924,1.004744052886963,0.42751753330230713,0.02026989310979843,0.20603257417678833,-0.5298683643341064,-0.5940753221511841,0.6687193512916565,0.9499683380126953,-0.44515126943588257,0.038109611719846725,-0.1531563401222229
4.684645652770996,-0.720304012298584,0.5564005970954895,-0.020703451707959175,0.08602634072303772,0.3766913115978241,0.9221033453941345,0.3595464825630188,0.590710461139679,-0.15700675547122955,0.6245986819267273,-0.5674048066139221,-0.044687703251838684,-1.2356857061386108,-0.47148990631103516,-0.03257525712251663,1.615412712097168,-0.5315630435943604,0.07705956697463989,-0.4432912766933441,0.32530948519706726,0.288730263710022,-0.5264126658439636,0.16290612518787384,-0.8739566802978516,1.0104326009750366,0.4281240701675415,0.02099010720849037,0.20510485768318176,-0.5474691390991211,-0.593647837638855,0.6795908212661743,0.9584599733352661,-0.4490739703178406,0.0399504154920578,-0.15645338594913483
4.690102577209473,-0.7247349619865417,0.5641661882400513,-0.01884724386036396,0.09336074441671371,0.37544795870780945,0.9219367504119873,0.34187713265419006,0.5874949097633362,-0.13969632983207703,0.589881181716919,-0.5441457033157349,-0.04816615581512451,-1.2237229347229004,-0.4677717685699463,-0.03374066576361656,1.5877430438995361,-0.5384558439254761,0.07043937593698502,-0.4576343297958374,0.33441662788391113,0.30363747477531433,-0.5399259924888611,0.15644033253192902,-0.8803693056106567,1.0233218669891357,0.4288143217563629,0.02084268070757389,0.20291471481323242,-0.5609331130981445,-0.5918683409690857,0.6821907758712769,0.9774927496910095,-0.44884157180786133,0.04307565838098526,-0.1604698896408081
4.6966471672058105,-0.7293684482574463,0.5780569314956665,-0.015641480684280396,0.10088152438402176,0.37318918108940125,0.922121524810791,0.31564581394195557,0.5733370780944824,-0.11465984582901001,0.5615158677101135,-0.5133504271507263,-0.04663414508104324,-1.193998098373413,-0.45476090908050537,-0.03830618038773537,1.5376228094100952,-0.5390904545783997,0.06379802525043488,-0.46845370531082153,0.340177059173584,0.3177635967731476,-0.5424066185951233,0.15223965048789978,-0.8815054893493652,1.044713020324707,0.4286266565322876,0.0203193761408329,0.1991710364818573,-0.5657603740692139,-0.5833260416984558,0.6817192435264587,0.9951044321060181,-0.44244247674942017,0.042169250547885895,-0.16085588932037354
4.709306716918945,-0.7344276905059814,0.5945231914520264,-0.011712887324392796,0.10815853625535965,0.3709864020347595,0.9222438335418701,0.28617891669273376,0.5520652532577515,-0.08656655997037888,0.541865348815918,-0.47819167375564575,-0.045065633952617645,-1.156492829322815,-0.43319302797317505,-0.042168471962213516,1.4797992706298828,-0.5341181755065918,0.05544064939022064,-0.47693824768066406,0.34581810235977173,0.329985111951828,-0.5436962246894836,0.1408108025789261,-0.8862049579620361,1.0678579807281494,0.4278841018676758,0.01912062242627144,0.1940998136997223,-0.5629235506057739,-0.5682080984115601,0.6734043955802917,1.0256553888320923,-0.4299885630607605,0.0439641997218132,-0.16192089021205902
4.729396820068359,-0.7403796315193176,0.6172538995742798,-0.006405516993254423,0.11329834163188934,0.3663809895515442,0.9235190749168396,0.2444315403699875,0.5114898085594177,-0.04710524156689644,0.5563616752624512,-0.4482669234275818,-0.03180380538105965,-1.0956209897994995,-0.3962956368923187,-0.047906387597322464,1.3956485986709595,-0.5182470679283142,0.04753647372126579,-0.47815054655075073,0.3497334122657776,0.3403369188308716,-0.5332980155944824,0.12793651223182678,-0.8915243148803711,1.0852895975112915,0.4268907308578491,0.015435502864420414,0.1840401291847229,-0.5447107553482056,-0.5519505143165588,0.6562162041664124,1.0572012662887573,-0.41051843762397766,0.0422106571495533,-0.1591150462627411
4.753011226654053,-0.7492771148681641,0.6404615640640259,-0.0009534208220429718,0.1166425496339798,0.3603595495223999,0.9254915714263916,0.19515368342399597,0.4574502110481262,-0.007099898532032967,0.5961575508117676,-0.4300761818885803,-0.01476327795535326,-1.0305877923965454,-0.35161295533180237,-0.0520530641078949,1.3043700456619263,-0.4935118854045868,0.042214516550302505,-0.4715527892112732,0.34790536761283875,0.3528065085411072,-0.5281662344932556,0.11972536146640778,-0.8972853422164917,1.0925158262252808,0.42625629901885986,0.012438731268048286,0.17586281895637512,-0.5249404311180115,-0.540973424911499,0.635251522064209,1.0889089107513428,-0.3906964659690857,0.04163656383752823,-0.15636283159255981
4.780540466308594,-0.7578076124191284,0.6638802886009216,0.0037683260161429644,0.11743378639221191,0.34921377897262573,0.9296477437019348,0.11673512309789658,0.3910104036331177,0.0340653657913208,0.6907179355621338,-0.419781357049942,0.011516716331243515,-0.9584511518478394,-0.29797840118408203,-0.05340844765305519,1.2069518566131592,-0.45781391859054565,0.036992769688367844,-0.4525368809700012,0.33722153306007385,0.3633178472518921,-0.5215270519256592,0.11501380801200867,-0.9067476987838745,1.094839096069336,0.42693543434143066,0.00955403782427311,0.16795092821121216,-0.5005863904953003,-0.5255489349365234,0.6208246946334839,1.1113505363464355,-0.3709383010864258,0.03849728778004646,-0.15259838104248047
4.806028842926025,-0.7658483982086182,0.6833353638648987,0.007286150474101305,0.11644408106803894,0.3351382613182068,0.9349170923233032,0.042616166174411774,0.3255448341369629,0.06967802345752716,0.7919532060623169,-0.41501879692077637,0.035691577941179276,-0.8932763934135437,-0.24836713075637817,-0.05168211832642555,1.1169242858886719,-0.4204857349395752,0.03623751178383827,-0.4278455376625061,0.327848345041275,0.3672524690628052,-0.5139028429985046,0.11040575802326202,-0.9165216088294983,1.0866485834121704,0.4282049536705017,0.005927919875830412,0.16225174069404602,-0.4803515672683716,-0.5146538615226746,0.6080691814422607,1.127022385597229,-0.3530530631542206,0.03524633124470711,-0.15117445588111877
4.831247806549072,-0.769868791103363,0.7009763717651367,0.01102588139474392,0.1121506467461586,0.3114916682243347,0.9435430765151978,-0.05841837078332901,0.26413485407829285,0.09732913970947266,0.9077883362770081,-0.4122985005378723,0.0651860237121582,-0.8247301578521729,-0.19848211109638214,-0.042247142642736435,1.0303285121917725,-0.3780827522277832,0.037864699959754944,-0.39788076281547546,0.3068973422050476,0.36822447180747986,-0.5066561102867126,0.11482344567775726,-0.9198565483093262,1.0797191858291626,0.4274877607822418,0.0015585431829094887,0.16240614652633667,-0.4557430148124695,-0.5033077001571655,0.6006717085838318,1.127410888671875,-0.33876320719718933,0.027532193809747696,-0.15113183856010437
4.852224826812744,-0.7718226313591003,0.7150611281394958,0.015033241361379623,0.10640211403369904,0.2859734296798706,0.9521931409835815,-0.1403220295906067,0.21436238288879395,0.11080016195774078,0.9944627285003662,-0.4145694077014923,0.08526871353387833,-0.7628875374794006,-0.1574857234954834,-0.026094110682606697,0.9517267942428589,-0.3401421904563904,0.04605570435523987,-0.3659493029117584,0.28523626923561096,0.36704692244529724,-0.5038206577301025,0.11601080745458603,-0.9221155643463135,1.0752999782562256,0.4261486530303955,-0.0014561113202944398,0.16809487342834473,-0.44145292043685913,-0.4922610819339752,0.5993657112121582,1.127800464630127,-0.3292924165725708,0.02261870726943016,-0.15522223711013794
4.873784065246582,-0.7682443261146545,0.72832190990448,0.019513560459017754,0.0970415323972702,0.25316640734672546,0.962345540523529,-0.24074995517730713,0.1775134950876236,0.11305186152458191,1.049497365951538,-0.41062575578689575,0.10753516107797623,-0.6920496225357056,-0.12006167322397232,0.002264019101858139,0.8750379085540771,-0.3017662465572357,0.05879560112953186,-0.32834023237228394,0.256184458732605,0.3680538535118103,-0.49918055534362793,0.1241111233830452,-0.9145486354827881,1.070824384689331,0.4209616184234619,-0.006982169114053249,0.1768644005060196,-0.42579224705696106,-0.4774608910083771,0.6046243906021118,1.1170061826705933,-0.32538920640945435,0.014441465027630329,-0.15745753049850464
4.891871452331543,-0.763724148273468,0.7395755648612976,0.025131830945611,0.0873975083231926,0.22114582359790802,0.9709914922714233,-0.3118346929550171,0.14961722493171692,0.10118290781974792,1.0628457069396973,-0.41703638434410095,0.12159886956214905,-0.6242128610610962,-0.0967993289232254,0.034372590482234955,0.7999304533004761,-0.27056685090065,0.07719961553812027,-0.29099535942077637,0.22489510476589203,0.3685091435909271,-0.4927257299423218,0.1318032294511795,-0.9029044508934021,1.0725611448287964,0.4170512557029724,-0.010377395898103714,0.18563157320022583,-0.41601625084877014,-0.46554917097091675,0.6088922619819641,1.1101826429367065,-0.32248130440711975,0.009036239236593246,-0.15814238786697388
4.910719871520996,-0.7521984577178955,0.7499082684516907,0.030255593359470367,0.07572228461503983,0.17980468273162842,0.9803168177604675,-0.3786579370498657,0.13351759314537048,0.07120439410209656,1.0098453760147095,-0.40081778168678284,0.12695086002349854,-0.5498229265213013,-0.07781068235635757,0.08366741985082626,0.7234739661216736,-0.24130496382713318,0.10389400273561478,-0.2578717768192291,0.1917983740568161,0.36985987424850464,-0.4841054677963257,0.1382211446762085,-0.899583101272583,1.0747979879379272,0.4146110415458679,-0.016612544655799866,0.1898324191570282,-0.4107992947101593,-0.44383880496025085,0.6263964772224426,1.1022343635559082,-0.3246210217475891,0.003071920247748494,-0.1537836343050003
4.931944847106934,-0.7372932434082031,0.7573744058609009,0.032888658344745636,0.06413900852203369,0.1320537030696869,0.9886183738708496,-0.40232712030410767,0.12959885597229004,0.02198956348001957,0.9050053954124451,-0.3722327649593353,0.12360400706529617,-0.4790049195289612,-0.06127793714404106,0.13638561964035034,0.6565136909484863,-0.22340670228004456,0.1292615532875061,-0.2204342782497406,0.16587886214256287,0.3632763624191284,-0.46604540944099426,0.14615540206432343,-0.8981778621673584,1.0762689113616943,0.41756099462509155,-0.023630373179912567,0.18780100345611572,-0.40534210205078125,-0.41874852776527405,0.6469314098358154,1.0982375144958496,-0.33132755756378174,-0.0021691550500690937,-0.14399409294128418
4.960602760314941,-0.718368411064148,0.7621934413909912,0.032704178243875504,0.05152936652302742,0.06747397035360336,0.9958525896072388,-0.4150295853614807,0.1381469964981079,-0.05995835363864899,0.7783613801002502,-0.3226601481437683,0.10497413575649261,-0.4102296829223633,-0.041077159345149994,0.20418860018253326,0.609485387802124,-0.2144269198179245,0.15013401210308075,-0.18528315424919128,0.1430215686559677,0.35190802812576294,-0.4246862530708313,0.1616244614124298,-0.8876129388809204,1.070665717124939,0.4159162938594818,-0.03424563258886337,0.18040770292282104,-0.39448773860931396,-0.394323468208313,0.6663583517074585,1.0918364524841309,-0.3384546637535095,-0.009151321835815907,-0.12803733348846436
4.9944868087768555,-0.7019592523574829,0.7640284299850464,0.03147285431623459,0.040594443678855896,-0.007475480902940035,0.998651921749115,-0.4016325771808624,0.15589003264904022,-0.1436261534690857,0.6629810333251953,-0.28230294585227966,0.08149184286594391,-0.35411328077316284,-0.027259983122348785,0.2630881667137146,0.5848708152770996,-0.2195594310760498,0.16473190486431122,-0.1448822170495987,0.12400687485933304,0.3341696560382843,-0.36228179931640625,0.18007338047027588,-0.8584890365600586,1.0689607858657837,0.4111859202384949,-0.041402168571949005,0.17258185148239136,-0.38661471009254456,-0.3694978356361389,0.6823161244392395,1.086369276046753,-0.34740352630615234,-0.013620926067233086,-0.1131114512681961
5.030297756195068,-0.6931700110435486,0.7647584080696106,0.0302140973508358,0.03186439350247383,-0.09102558344602585,0.9948799014091492,-0.37905463576316833,0.1802099049091339,-0.2151491940021515,0.5591848492622375,-0.24815407395362854,0.05864153429865837,-0.30898547172546387,-0.018961256369948387,0.30586349964141846,0.5676590800285339,-0.2276899218559265,0.17184928059577942,-0.10717372596263885,0.11102987080812454,0.31704217195510864,-0.28934669494628906,0.19511348009109497,-0.8198803663253784,1.06116783618927,0.3994813561439514,-0.04988536238670349,0.16555199027061462,-0.3815171718597412,-0.34381580352783203,0.6987168788909912,1.0776629447937012,-0.35671332478523254,-0.018328383564949036,-0.10012057423591614
5.064864158630371,-0.689643383026123,0.7649274468421936,0.0291240606456995,0.026416759938001633,-0.17368632555007935,0.9840158224105835,-0.35322171449661255,0.20539569854736328,-0.24962273240089417,0.47894251346588135,-0.22280511260032654,0.04230758920311928,-0.27632492780685425,-0.017673280090093613,0.3151940107345581,0.5573559403419495,-0.23798590898513794,0.1676541566848755,-0.06507668644189835,0.10225619375705719,0.2984294593334198,-0.2180672287940979,0.20856165885925293,-0.776364803314209,1.0477118492126465,0.389176607131958,-0.055728476494550705,0.16255101561546326,-0.3814679980278015,-0.3210965692996979,0.7137159109115601,1.0700886249542236,-0.369406521320343,-0.021558161824941635,-0.09239829331636429
5.099104881286621,-0.6928099989891052,0.7646287679672241,0.028745131567120552,0.0235882718116045,-0.25228676199913025,0.9669378399848938,-0.3338707983493805,0.2310379147529602,-0.26426759362220764,0.41533365845680237,-0.20097844302654266,0.027606302872300148,-0.25133487582206726,-0.01993035152554512,0.30739837884902954,0.5559214353561401,-0.2510608434677124,0.1623612940311432,-0.02973497286438942,0.09899654984474182,0.28278177976608276,-0.15802666544914246,0.22180603444576263,-0.7405067682266235,1.0190694332122803,0.3804095387458801,-0.0631929561495781,0.16263748705387115,-0.37370553612709045,-0.2990953326225281,0.7289254665374756,1.059650182723999,-0.3865396976470947,-0.02576225996017456,-0.08803962916135788
5.129456043243408,-0.699435830116272,0.7642492055892944,0.02934926375746727,0.02333298698067665,-0.3232245445251465,0.9455792307853699,-0.3133837878704071,0.25157973170280457,-0.2637287378311157,0.36475908756256104,-0.1850622445344925,0.01633969321846962,-0.23388409614562988,-0.02680741250514984,0.28935736417770386,0.551026463508606,-0.2621229290962219,0.15623381733894348,0.0027115512639284134,0.09781404584646225,0.2684627175331116,-0.09498919546604156,0.23014971613883972,-0.6996545195579529,1.0130292177200317,0.37280791997909546,-0.06451168656349182,0.16350486874580383,-0.3649156093597412,-0.28187811374664307,0.7445244193077087,1.045708179473877,-0.405310720205307,-0.03140013664960861,-0.08432640135288239
5.161226749420166,-0.7084819078445435,0.762927770614624,0.030159348621964455,0.02465369552373886,-0.38904741406440735,0.9203937649726868,-0.2995375990867615,0.26710623502731323,-0.25953209400177,0.32877761125564575,-0.1721680462360382,0.006543798837810755,-0.21982797980308533,-0.03902692347764969,0.2750762104988098,0.5497763156890869,-0.2740171551704407,0.15449044108390808,0.023872369900345802,0.09802062064409256,0.25486165285110474,-0.042341575026512146,0.2325325757265091,-0.6652328968048096,1.0087611675262451,0.36656656861305237,-0.0668172687292099,0.16557717323303223,-0.3499448299407959,-0.272714763879776,0.7481393814086914,1.0352604389190674,-0.41975873708724976,-0.03493422642350197,-0.0841343104839325
5.192605972290039,-0.7170674800872803,0.761854350566864,0.03257167339324951,0.02686082385480404,-0.4497624635696411,0.892149806022644,-0.28321632742881775,0.27041786909103394,-0.25242510437965393,0.3084743320941925,-0.16774031519889832,0.0015845138113945723,-0.2107050120830536,-0.05587548762559891,0.26582759618759155,0.5422397255897522,-0.2799704968929291,0.1560441106557846,0.03532961755990982,0.10014873743057251,0.23813484609127045,-0.005615221336483955,0.2304619401693344,-0.6460093259811401,1.0018564462661743,0.36566075682640076,-0.06996776163578033,0.16517876088619232,-0.33015403151512146,-0.27055367827415466,0.741628885269165,1.0309280157089233,-0.4319975972175598,-0.036326996982097626,-0.0860937237739563
5.229467868804932,-0.7237401008605957,0.7595459222793579,0.034599509090185165,0.029339812695980072,-0.5062015652656555,0.8612212538719177,-0.26247692108154297,0.26208680868148804,-0.24831116199493408,0.3051179051399231,-0.17657053470611572,0.0024428360629826784,-0.20550894737243652,-0.08203384280204773,0.26981884241104126,0.5327611565589905,-0.28167924284935,0.16750898957252502,0.0393616184592247,0.10577933490276337,0.21815532445907593,0.026367640122771263,0.2293102741241455,-0.6297697424888611,1.0073946714401245,0.36602312326431274,-0.07238678634166718,0.16169993579387665,-0.30661606788635254,-0.27679479122161865,0.726600706577301,1.0302681922912598,-0.4399943947792053,-0.03841717541217804,-0.08632204681634903
5.26383638381958,-0.7287560105323792,0.7560923099517822,0.035109441727399826,0.030539169907569885,-0.5614818334579468,0.8261796236038208,-0.2450770139694214,0.24682782590389252,-0.24619093537330627,0.3183613121509552,-0.19449910521507263,0.007041536271572113,-0.20697203278541565,-0.11177119612693787,0.28020530939102173,0.5262790322303772,-0.27573129534721375,0.17954683303833008,0.04128001630306244,0.11409865319728851,0.20253849029541016,0.050011903047561646,0.2286754548549652,-0.6126551628112793,1.0257660150527954,0.3654322028160095,-0.0743677020072937,0.15920299291610718,-0.2844882607460022,-0.28969481587409973,0.7083067893981934,1.0253689289093018,-0.44182902574539185,-0.043045900762081146,-0.08617565035820007
5.297165870666504,-0.73325115442276,0.7514257431030273,0.03314371034502983,0.03031095862388611,-0.6078684329986572,0.7927664518356323,-0.23859930038452148,0.22756162285804749,-0.23758038878440857,0.34954237937927246,-0.2204345017671585,0.016594422981142998,-0.2090984284877777,-0.14313408732414246,0.28791841864585876,0.5209125280380249,-0.266283243894577,0.1893770396709442,0.044936761260032654,0.12361524999141693,0.19469678401947021,0.06723833084106445,0.23231996595859528,-0.592345654964447,1.0478676557540894,0.36277997493743896,-0.07728937268257141,0.15708664059638977,-0.2604779005050659,-0.30822083353996277,0.6829115152359009,1.016524076461792,-0.434920072555542,-0.0482613667845726,-0.0863298624753952
5.324707508087158,-0.7402797937393188,0.7470706701278687,0.026957064867019653,0.027994927018880844,-0.6497464776039124,0.7591568231582642,-0.23361873626708984,0.20993295311927795,-0.23136402666568756,0.3657313585281372,-0.23644208908081055,0.023895226418972015,-0.20852777361869812,-0.16620968282222748,0.2933958172798157,0.5101099610328674,-0.2482195496559143,0.19613684713840485,0.04482196643948555,0.13256601989269257,0.19298675656318665,0.07908010482788086,0.23696744441986084,-0.5789850950241089,1.0647485256195068,0.3605766296386719,-0.082693912088871,0.15481853485107422,-0.22747933864593506,-0.32626840472221375,0.6536959409713745,0.9999746680259705,-0.4214961528778076,-0.05547104403376579,-0.08666186034679413
5.348790168762207,-0.7501201629638672,0.7448946237564087,0.018498273566365242,0.025453850626945496,-0.6781072616577148,0.7342890501022339,-0.21762165427207947,0.2003350853919983,-0.21349702775478363,0.36090222001075745,-0.2452177256345749,0.032947588711977005,-0.21677203476428986,-0.1755727082490921,0.2819141745567322,0.5015869140625,-0.22479106485843658,0.1948104202747345,0.036401718854904175,0.14009544253349304,0.1957196295261383,0.07217206060886383,0.2506154179573059,-0.5685181617736816,1.0600624084472656,0.3549520671367645,-0.09003950655460358,0.1584295779466629,-0.19221988320350647,-0.34345903992652893,0.6192147731781006,0.9791029691696167,-0.40382081270217896,-0.06313835829496384,-0.08995576202869415
5.368704795837402,-0.7626818418502808,0.7487290501594543,0.009183071553707123,0.021917782723903656,-0.6987183094024658,0.7150021195411682,-0.19313538074493408,0.19426554441452026,-0.18833830952644348,0.344441682100296,-0.2516510784626007,0.041644398123025894,-0.2317320704460144,-0.1761796772480011,0.25477921962738037,0.49155986309051514,-0.1974276751279831,0.1881289780139923,0.024808799847960472,0.1426362246274948,0.2019767314195633,0.056788571178913116,0.2705175578594208,-0.56211256980896,1.0483229160308838,0.3500173091888428,-0.09630228579044342,0.16240154206752777,-0.16351380944252014,-0.3556399345397949,0.5874394178390503,0.9626750946044922,-0.38772380352020264,-0.06926635652780533,-0.09446823596954346
5.385093688964844,-0.7756376266479492,0.7508687376976013,-0.0008724519866518676,0.01609589345753193,-0.7145832777023315,0.6993646025657654,-0.17005658149719238,0.1898370087146759,-0.15866337716579437,0.32917526364326477,-0.25629281997680664,0.05050855875015259,-0.24312341213226318,-0.17068366706371307,0.21582210063934326,0.4785410761833191,-0.17125658690929413,0.1758907437324524,0.01937507838010788,0.13936680555343628,0.20570597052574158,0.036294229328632355,0.29738330841064453,-0.5532940030097961,1.0296063423156738,0.3445907235145569,-0.10126562416553497,0.16968505084514618,-0.1411573737859726,-0.36209866404533386,0.5594606995582581,0.9597055315971375,-0.3738119602203369,-0.07299548387527466,-0.09973756968975067
5.398569107055664,-0.7888280749320984,0.752009928226471,-0.0101768271997571,0.010052434168756008,-0.7258732318878174,0.6876797676086426,-0.14900833368301392,0.18605123460292816,-0.1266053020954132,0.31679683923721313,-0.26127827167510986,0.06109939515590668,-0.254501074552536,-0.1636122614145279,0.1723296344280243,0.46956515312194824,-0.14818574488162994,0.16561900079250336,0.00985971000045538,0.13277381658554077,0.21144407987594604,0.012680189684033394,0.32392871379852295,-0.5508614182472229,1.0051356554031372,0.3399193286895752,-0.10639475286006927,0.17567092180252075,-0.12227140367031097,-0.3651190400123596,0.5378973484039307,0.9535049200057983,-0.36323443055152893,-0.07794066518545151,-0.10437965393066406
5.408921241760254,-0.8018875122070312,0.752105712890625,-0.019019840285182,0.004052410367876291,-0.7358545064926147,0.6768603920936584,-0.1329428255558014,0.18473592400550842,-0.09489503502845764,0.31008538603782654,-0.26668453216552734,0.070856973528862,-0.2604665160179138,-0.15803691744804382,0.1282065510749817,0.4678976833820343,-0.13112527132034302,0.15561328828334808,0.002202729694545269,0.12618018686771393,0.21345461905002594,-0.006808538921177387,0.34454289078712463,-0.5515298247337341,0.9888870716094971,0.3367035388946533,-0.11041880398988724,0.17789801955223083,-0.10871060192584991,-0.3643493354320526,0.5199479460716248,0.9591306447982788,-0.35499948263168335,-0.07988257706165314,-0.10807327926158905
5.41705322265625,-0.8139687180519104,0.7521675229072571,-0.027197090908885002,-0.000459676724858582,-0.7424554228782654,0.6693429946899414,-0.1202082708477974,0.18566691875457764,-0.06148507073521614,0.3025878071784973,-0.2697394788265228,0.08062706887722015,-0.26377955079078674,-0.15495513379573822,0.08737991750240326,0.4714699387550354,-0.1188996210694313,0.14860811829566956,-0.005234912037849426,0.12241175770759583,0.2143712043762207,-0.025910845026373863,0.3569687008857727,-0.556084156036377,0.9805561304092407,0.3351375460624695,-0.11400701105594635,0.17647716403007507,-0.10244828462600708,-0.3617449998855591,0.5061682462692261,0.9676543474197388,-0.3493945300579071,-0.08149763941764832,-0.11165188252925873
5.423203945159912,-0.8247247934341431,0.7519407272338867,-0.03498797491192818,-0.004300686065107584,-0.7458274364471436,0.6652058362960815,-0.11021837592124939,0.18847475945949554,-0.02966955676674843,0.2962245047092438,-0.2719646096229553,0.08872701227664948,-0.2684072256088257,-0.15350332856178284,0.05230140686035156,0.48241549730300903,-0.11054918169975281,0.14155344665050507,-0.013786215335130692,0.12130069732666016,0.21527625620365143,-0.04659357666969299,0.3619605004787445,-0.5654704570770264,0.9784606099128723,0.3355984091758728,-0.11772380024194717,0.17206642031669617,-0.10066653043031693,-0.35903868079185486,0.495095819234848,0.9811978340148926,-0.3454805612564087,-0.08214997500181198,-0.11455857753753662
5.427572250366211,-0.8339208364486694,0.751811146736145,-0.041145771741867065,-0.007479412946850061,-0.7457541227340698,0.6649074554443359,-0.10147131979465485,0.19003039598464966,-0.0011865980923175812,0.2899700999259949,-0.2732405662536621,0.09368033707141876,-0.2722276449203491,-0.15441922843456268,0.023551378399133682,0.48965421319007874,-0.10357949137687683,0.1347755640745163,-0.022487370297312737,0.12154191732406616,0.21493881940841675,-0.07352560013532639,0.3601703941822052,-0.5778783559799194,0.983031153678894,0.3384735584259033,-0.11957673728466034,0.16707167029380798,-0.10519036650657654,-0.35822924971580505,0.4864822030067444,0.9989762306213379,-0.3431805372238159,-0.08138899505138397,-0.11662022024393082
5.430424213409424,-0.8416904211044312,0.7518202066421509,-0.04497724771499634,-0.010143551044166088,-0.7428410053253174,0.667878270149231,-0.092338927090168,0.1898474097251892,0.01654389128088951,0.2802729904651642,-0.2717157006263733,0.09448792040348053,-0.27188819646835327,-0.1547972559928894,0.00650059524923563,0.48533183336257935,-0.0950336903333664,0.13083255290985107,-0.032429520040750504,0.12096087634563446,0.21402598917484283,-0.11107227206230164,0.3616615831851959,-0.5967103242874146,0.9699714183807373,0.3414961099624634,-0.12412290275096893,0.16404440999031067,-0.11833183467388153,-0.3691002428531647,0.4794221818447113,1.0011394023895264,-0.33975163102149963,-0.0829520970582962,-0.11886594444513321
5.432162284851074,-0.8485099673271179,0.7523722052574158,-0.046627044677734375,-0.011455499567091465,-0.7383397817611694,0.6727177500724792,-0.08273240923881531,0.1894165575504303,0.02559763193130493,0.2667788863182068,-0.2667146921157837,0.09214025735855103,-0.2699596583843231,-0.15362372994422913,-0.0034829843789339066,0.4781597852706909,-0.08683839440345764,0.12836264073848724,-0.04030700773000717,0.11914893984794617,0.21291211247444153,-0.1608119159936905,0.3640173673629761,-0.6193069219589233,0.9461854696273804,0.3423091769218445,-0.1278458535671234,0.16423603892326355,-0.14260253310203552,-0.38559040427207947,0.47845786809921265,0.9914231300354004,-0.33633899688720703,-0.08479560166597366,-0.12172120809555054
5.432882785797119,-0.8537248373031616,0.752763569355011,-0.04575471207499504,-0.011878762394189835,-0.7340699434280396,0.6774265766143799,-0.0766640305519104,0.18844108283519745,0.02680318057537079,0.25434452295303345,-0.2611657679080963,0.08689901977777481,-0.26279640197753906,-0.1516203135251999,-0.007909804582595825,0.4653089642524719,-0.08136574178934097,0.12655654549598694,-0.0461309514939785,0.11027497053146362,0.21299338340759277,-0.26032739877700806,0.3916361331939697,-0.6506600975990295,0.8785432577133179,0.3321586549282074,-0.132675439119339,0.17204152047634125,-0.19630566239356995,-0.4354768991470337,0.4849890172481537,0.9360930919647217,-0.3249060809612274,-0.09117154777050018,-0.12493758648633957
5.432593822479248,-0.858034610748291,0.7533656358718872,-0.04373757168650627,-0.01172509416937828,-0.7299901247024536,0.6819559931755066,-0.07452571392059326,0.18871933221817017,0.02525302767753601,0.2465706318616867,-0.25257354974746704,0.07700809836387634,-0.25181883573532104,-0.14955487847328186,-0.009985849261283875,0.4490130841732025,-0.0755426287651062,0.12427978217601776,-0.04824557155370712,0.09822449088096619,0.21086597442626953,-0.3777858018875122,0.41194087266921997,-0.6890532970428467,0.8307980895042419,0.32677486538887024,-0.13144439458847046,0.18489500880241394,-0.2622118294239044,-0.4781323969364166,0.5073272585868835,0.8931795358657837,-0.3200180232524872,-0.09259296953678131,-0.12878316640853882
5.431729793548584,-0.8626499772071838,0.7541919350624084,-0.040597103536129,-0.010853130370378494,-0.7268192172050476,0.685542106628418,-0.07348620146512985,0.1895543336868286,0.021725082769989967,0.23909258842468262,-0.2418106496334076,0.0653594359755516,-0.2366730272769928,-0.14801809191703796,-0.009109011851251125,0.4325107932090759,-0.0722787007689476,0.1222892552614212,-0.047703199088573456,0.08621525019407272,0.20029500126838684,-0.5412247776985168,0.4568416476249695,-0.7289602756500244,0.798190176486969,0.31809425354003906,-0.12804928421974182,0.2009298950433731,-0.36040520668029785,-0.5611662268638611,0.5356321334838867,0.8603655695915222,-0.31476879119873047,-0.09302280843257904,-0.12608084082603455
5.431088447570801,-0.8704977035522461,0.7552345395088196,-0.03726828470826149,-0.009800709784030914,-0.724277675151825,0.6884307265281677,-0.07374133169651031,0.19057711958885193,0.018240220844745636,0.23518937826156616,-0.2299814224243164,0.05318906903266907,-0.2168767750263214,-0.14805079996585846,-0.009110534563660622,0.41675084829330444,-0.07371678948402405,0.11855128407478333,-0.04257701709866524,0.07661375403404236,0.1861909031867981,-0.6933500170707703,0.46485888957977295,-0.7816370725631714,0.8133306503295898,0.3214748501777649,-0.11951513588428497,0.2093435525894165,-0.47498810291290283,-0.6048133373260498,0.5896820425987244,0.8656228184700012,-0.32430484890937805,-0.08615316450595856,-0.12127595394849777
5.4300456047058105,-0.8790841102600098,0.7557558417320251,-0.033431798219680786,-0.008919142186641693,-0.7223129272460938,0.6907002329826355,-0.08326400816440582,0.1912173330783844,0.012326274067163467,0.24746018648147583,-0.22234003245830536,0.04311078041791916,-0.20488494634628296,-0.14854298532009125,-0.004726854152977467,0.41561761498451233,-0.0809314176440239,0.1122971922159195,-0.03718840330839157,0.06782606244087219,0.17503927648067474,-0.874922513961792,0.4814104437828064,-0.841569185256958,0.8356726169586182,0.32395097613334656,-0.11140439659357071,0.21997854113578796,-0.6335140466690063,-0.6709322929382324,0.6545906066894531,0.8824201822280884,-0.3309045433998108,-0.07707792520523071,-0.11899548768997192
5.429215431213379,-0.8876988291740417,0.756673276424408,-0.029727021232247353,-0.008534704335033894,-0.7200887203216553,0.6931923627853394,-0.09531953930854797,0.19108828902244568,0.0075425151735544205,0.26441746950149536,-0.21455956995487213,0.03382071480154991,-0.19425922632217407,-0.15055757761001587,0.0006797332316637039,0.4142022728919983,-0.08919867128133774,0.10491786897182465,-0.034571461379528046,0.05960654839873314,0.16701740026474,-1.0278255939483643,0.46720612049102783,-0.897955060005188,0.8953792452812195,0.33742907643318176,-0.10131644457578659,0.225332111120224,-0.7865298986434937,-0.6936546564102173,0.7265013456344604,0.9245433807373047,-0.3465632498264313,-0.06565382331609726,-0.1179351955652237
5.428373336791992,-0.8946611285209656,0.7577679753303528,-0.026141498237848282,-0.007679433096200228,-0.7179811000823975,0.6955291032791138,-0.10975559800863266,0.1914522647857666,0.00372955366037786,0.2837930917739868,-0.20915424823760986,0.028190135955810547,-0.1918562799692154,-0.15139354765415192,0.007786354050040245,0.4195999503135681,-0.09771610051393509,0.09719602763652802,-0.038287099450826645,0.05061017721891403,0.16660076379776,-1.1699702739715576,0.4552633762359619,-0.9507749080657959,0.9624221324920654,0.353259801864624,-0.09248067438602448,0.2267940640449524,-0.9465630650520325,-0.7240544557571411,0.7989130616188049,0.9734113216400146,-0.3607463240623474,-0.05509566515684128,-0.11292234063148499
5.427881717681885,-0.9009786248207092,0.7585240602493286,-0.023210592567920685,-0.0072173853404819965,-0.7155943512916565,0.698093056678772,-0.12206007540225983,0.19166642427444458,0.0025030511897057295,0.30263620615005493,-0.20512795448303223,0.025003353133797646,-0.18928761780261993,-0.15256409347057343,0.01398744061589241,0.42223072052001953,-0.1050427034497261,0.08943305909633636,-0.04222281649708748,0.043624330312013626,0.16508503258228302,-1.2704670429229736,0.43451589345932007,-0.9864683151245117,1.0267783403396606,0.3662620186805725,-0.08463972806930542,0.22796955704689026,-1.074753999710083,-0.7285705804824829,0.8562372922897339,1.0187649726867676,-0.372730553150177,-0.04600825160741806,-0.10979165136814117
5.42747688293457,-0.9051739573478699,0.7588793635368347,-0.020325258374214172,-0.006418432574719191,-0.7138478755950928,0.6999763250350952,-0.13680605590343475,0.19220185279846191,0.0019477654714137316,0.3224404454231262,-0.20112666487693787,0.023140937089920044,-0.19240929186344147,-0.15305297076702118,0.01939895749092102,0.4288563132286072,-0.11127527058124542,0.08306614309549332,-0.0465271919965744,0.03726104646921158,0.16761037707328796,-1.3608295917510986,0.41113483905792236,-1.017737865447998,1.0957858562469482,0.37680888175964355,-0.07829299569129944,0.22478637099266052,-1.198840856552124,-0.7187979221343994,0.9109236598014832,1.0774260759353638,-0.3819456696510315,-0.03673667460680008,-0.10152775049209595
5.427420139312744,-0.9078925848007202,0.7586058974266052,-0.018044771626591682,-0.005988033954054117,-0.7122032046318054,0.7017159461975098,-0.15326744318008423,0.19248895347118378,0.002382733393460512,0.34488195180892944,-0.19817005097866058,0.02353520691394806,-0.19965900480747223,-0.15353327989578247,0.024510173127055168,0.43955206871032715,-0.11832677572965622,0.07856357097625732,-0.0478951521217823,0.03398774936795235,0.1733700931072235,-1.4317073822021484,0.38749366998672485,-1.0376063585281372,1.1573169231414795,0.3818817734718323,-0.07344906777143478,0.2220918834209442,-1.304122805595398,-0.6934003233909607,0.9530397653579712,1.1334686279296875,-0.38605451583862305,-0.028497764840722084,-0.09420573711395264
5.427608013153076,-0.9091455936431885,0.7584065198898315,-0.016729407012462616,-0.00518428860232234,-0.7117483019828796,0.7022162079811096,-0.16291888058185577,0.19454100728034973,0.0022112249862402678,0.35341179370880127,-0.19394388794898987,0.02319389209151268,-0.20576560497283936,-0.1522454023361206,0.02741324156522751,0.4444197416305542,-0.12080191820859909,0.07703818380832672,-0.05195017531514168,0.030375273898243904,0.17935487627983093,-1.4959478378295898,0.3767927289009094,-1.0613288879394531,1.1993372440338135,0.38492873311042786,-0.07181321829557419,0.21801558136940002,-1.3946635723114014,-0.6655843257904053,0.9944355487823486,1.1626532077789307,-0.39109688997268677,-0.025084033608436584,-0.08711537718772888
5.428114891052246,-0.909353494644165,0.7573051452636719,-0.015996772795915604,-0.00487265782430768,-0.7115638852119446,0.7024223804473877,-0.178533673286438,0.19663071632385254,0.001066424883902073,0.3749961256980896,-0.19412100315093994,0.022122152149677277,-0.21977029740810394,-0.15100841224193573,0.030304882675409317,0.46418362855911255,-0.1264321506023407,0.07442157715559006,-0.05407445877790451,0.027290429919958115,0.19028127193450928,-1.5443482398986816,0.36327075958251953,-1.0733823776245117,1.2413054704666138,0.3822217583656311,-0.0690997838973999,0.21424630284309387,-1.4672198295593262,-0.6266260147094727,1.0217636823654175,1.1925204992294312,-0.3905724883079529,-0.020340807735919952,-0.08248588442802429
5.428783416748047,-0.9081775546073914,0.7542110681533813,-0.01568618044257164,-0.00547327334061265,-0.7115322351455688,0.702457070350647,-0.20942455530166626,0.1982048749923706,-0.004158654250204563,0.4278649687767029,-0.20614215731620789,0.02084413543343544,-0.24945303797721863,-0.15047824382781982,0.03598574921488762,0.5134522914886475,-0.1397048532962799,0.07202643156051636,-0.055142395198345184,0.02548368088901043,0.20614585280418396,-1.5779201984405518,0.35421299934387207,-1.0778530836105347,1.270809292793274,0.3735359311103821,-0.06548731029033661,0.21441291272640228,-1.5180745124816895,-0.5835575461387634,1.0368165969848633,1.210082769393921,-0.3853175938129425,-0.01607547141611576,-0.08303147554397583
5.429306983947754,-0.9048398733139038,0.7485498189926147,-0.015171079896390438,-0.006356300786137581,-0.7110223174095154,0.7029770612716675,-0.2555335462093353,0.2000381350517273,-0.011612627655267715,0.5057545900344849,-0.227815181016922,0.019620554521679878,-0.29560261964797974,-0.15082323551177979,0.04362254589796066,0.5857287645339966,-0.1592162847518921,0.07104272395372391,-0.0552331805229187,0.024706359952688217,0.22965580224990845,-1.6079986095428467,0.3491283655166626,-1.07527756690979,1.294840693473816,0.3594721555709839,-0.060072168707847595,0.21879154443740845,-1.563180685043335,-0.5451294183731079,1.042124629020691,1.2275793552398682,-0.37332528829574585,-0.01053649466484785,-0.08779333531856537
5.429839134216309,-0.8995656967163086,0.7416119575500488,-0.01510139461606741,-0.008350072428584099,-0.7105486989021301,0.7034364342689514,-0.30719882249832153,0.20098072290420532,-0.020555824041366577,0.5927075147628784,-0.25356724858283997,0.016508296132087708,-0.34365642070770264,-0.15241259336471558,0.05320049822330475,0.6577844619750977,-0.17724856734275818,0.07421373575925827,-0.052652180194854736,0.023554284125566483,0.25609493255615234,-1.632070779800415,0.342771977186203,-1.075301170349121,1.3164546489715576,0.3485330045223236,-0.0542137585580349,0.2220759391784668,-1.6015880107879639,-0.5092648267745972,1.047424077987671,1.2507834434509277,-0.3626362681388855,-0.004111927933990955,-0.08919180929660797
5.430751800537109,-0.8935747146606445,0.7343330979347229,-0.015059318393468857,-0.010817106813192368,-0.709636390209198,0.7043241262435913,-0.360245019197464,0.20083631575107574,-0.028971124440431595,0.6789963245391846,-0.2796393930912018,0.013735193759202957,-0.38732731342315674,-0.1554407775402069,0.0633443295955658,0.7192422151565552,-0.19337913393974304,0.07910409569740295,-0.04974698647856712,0.023720677942037582,0.2804938554763794,-1.650981068611145,0.3412635028362274,-1.0725903511047363,1.3284307718276978,0.33802127838134766,-0.04883929714560509,0.2286687195301056,-1.6306686401367188,-0.4821406602859497,1.0480540990829468,1.268463373184204,-0.3520517647266388,0.0021029661875218153,-0.09416637569665909
5.432292938232422,-0.8863050937652588,0.7246580719947815,-0.014950567856431007,-0.012696893885731697,-0.7097322940826416,0.7041983604431152,-0.42361071705818176,0.1997247338294983,-0.038936927914619446,0.7759936451911926,-0.3106323480606079,0.01129682082682848,-0.43905848264694214,-0.15767347812652588,0.07621434330940247,0.7907083034515381,-0.21351386606693268,0.08475720137357712,-0.04750870540738106,0.024112887680530548,0.3113936483860016,-1.6765767335891724,0.33947205543518066,-1.0706371068954468,1.341996431350708,0.32773786783218384,-0.04263327270746231,0.23404160141944885,-1.665741205215454,-0.46114256978034973,1.0508840084075928,1.2869988679885864,-0.3427947461605072,0.008967400528490543,-0.09778596460819244
5.434027671813965,-0.8796932697296143,0.7142758369445801,-0.01518163364380598,-0.014454866759479046,-0.7101088166236877,0.7037798762321472,-0.48232054710388184,0.19853618741035461,-0.04912925511598587,0.8661512136459351,-0.34267646074295044,0.009344845078885555,-0.48765188455581665,-0.16053979098796844,0.08846665918827057,0.8585268259048462,-0.23386073112487793,0.090643972158432,-0.04835980013012886,0.024305496364831924,0.3366985321044922,-1.6908235549926758,0.34563925862312317,-1.0702117681503296,1.342979073524475,0.3226083517074585,-0.03770916163921356,0.24305814504623413,-1.6899975538253784,-0.451446533203125,1.0542455911636353,1.2912025451660156,-0.3380890190601349,0.013114787638187408,-0.10544401407241821
5.436115741729736,-0.8733946084976196,0.7023319005966187,-0.015375349670648575,-0.015477221459150314,-0.7115349173545837,0.7023119926452637,-0.5394681692123413,0.19805757701396942,-0.060033611953258514,0.9518413543701172,-0.3738042712211609,0.005234892945736647,-0.5389600396156311,-0.16334599256515503,0.10067975521087646,0.929543137550354,-0.25630396604537964,0.0969245433807373,-0.04777304455637932,0.023987339809536934,0.36338093876838684,-1.707777500152588,0.35093069076538086,-1.070273756980896,1.3426244258880615,0.31821563839912415,-0.03259643167257309,0.24978670477867126,-1.7156012058258057,-0.44532930850982666,1.0572283267974854,1.2977899312973022,-0.3344220817089081,0.018240567296743393,-0.1109403669834137
5.438480854034424,-0.8677641153335571,0.6901035308837891,-0.015721114352345467,-0.015859799459576607,-0.7135643362998962,0.7002336978912354,-0.5914168953895569,0.19820445775985718,-0.07020518183708191,1.029139518737793,-0.4046568274497986,0.0010686861351132393,-0.5870482921600342,-0.1668679565191269,0.11143296211957932,0.9962503910064697,-0.2779756486415863,0.10291117429733276,-0.05069950968027115,0.022608960047364235,0.38636571168899536,-1.721313238143921,0.3650938868522644,-1.0702977180480957,1.329731822013855,0.3144741654396057,-0.029025010764598846,0.260890394449234,-1.734027624130249,-0.44931894540786743,1.059449553489685,1.2863467931747437,-0.33226239681243896,0.02000213786959648,-0.12244206666946411
5.441057205200195,-0.863337516784668,0.6782323122024536,-0.01637791283428669,-0.016192300245165825,-0.7160448431968689,0.6976742148399353,-0.6366462111473083,0.19912275671958923,-0.07999232411384583,1.0973052978515625,-0.43052053451538086,-0.004340765997767448,-0.6304365396499634,-0.17093707621097565,0.12030588090419769,1.0580742359161377,-0.2970457673072815,0.1067458763718605,-0.0544113963842392,0.020230740308761597,0.4043070673942566,-1.7284125089645386,0.3796141743659973,-1.0667545795440674,1.314448595046997,0.30856525897979736,-0.02529563009738922,0.27123627066612244,-1.7447144985198975,-0.4563382863998413,1.0560240745544434,1.2709119319915771,-0.3278217017650604,0.022076616063714027,-0.1357334852218628
5.443482398986816,-0.8590223789215088,0.6658380627632141,-0.017069997265934944,-0.016555873677134514,-0.7187467813491821,0.6948652267456055,-0.681892454624176,0.2003779113292694,-0.08935821801424026,1.1642982959747314,-0.4542972445487976,-0.011337107047438622,-0.673927903175354,-0.17490020394325256,0.12812121212482452,1.1209497451782227,-0.31566864252090454,0.10943226516246796,-0.05830218642950058,0.016954293474555016,0.4237520694732666,-1.7387409210205078,0.4005296528339386,-1.0636065006256104,1.2930008172988892,0.30227088928222656,-0.023223064839839935,0.282958984375,-1.7547097206115723,-0.4708855152130127,1.0537012815475464,1.24973464012146,-0.3251594007015228,0.023042812943458557,-0.14932602643966675
5.4460554122924805,-0.8540153503417969,0.6525057554244995,-0.017375430092215538,-0.016436349600553513,-0.7215852737426758,0.6919123530387878,-0.729069709777832,0.20255380868911743,-0.09736207127571106,1.2272595167160034,-0.4739152491092682,-0.019012311473488808,-0.7214175462722778,-0.17848750948905945,0.13520273566246033,1.1844515800476074,-0.332800030708313,0.11064861714839935,-0.05968952924013138,0.015615816228091717,0.4455469250679016,-1.744945764541626,0.4205392301082611,-1.0541952848434448,1.2567896842956543,0.2947807013988495,-0.02070058323442936,0.29884883761405945,-1.7633525133132935,-0.4865266680717468,1.0461852550506592,1.2232985496520996,-0.32270681858062744,0.024898754432797432,-0.16562236845493317
5.4486846923828125,-0.8480442762374878,0.6385065317153931,-0.015883857384324074,-0.014785705134272575,-0.7243194580078125,0.6891229152679443,-0.7832760810852051,0.20436865091323853,-0.10535907745361328,1.2868629693984985,-0.4884191155433655,-0.02808825485408306,-0.7766002416610718,-0.18078960478305817,0.14314118027687073,1.2465484142303467,-0.34605905413627625,0.11225949227809906,-0.060521647334098816,0.014249177649617195,0.4635396897792816,-1.7577464580535889,0.4309406876564026,-1.0475542545318604,1.2448947429656982,0.2858900725841522,-0.018245724961161613,0.30676019191741943,-1.7750916481018066,-0.4972686171531677,1.0425399541854858,1.2183862924575806,-0.3180001676082611,0.02812005579471588,-0.17431896924972534
5.451524257659912,-0.8414666652679443,0.6230798959732056,-0.013672291301190853,-0.01273567695170641,-0.7275428175926208,0.6858078241348267,-0.8419268131256104,0.20542855560779572,-0.1136673092842102,1.3454378843307495,-0.5036317110061646,-0.036528125405311584,-0.8379044532775879,-0.18250495195388794,0.15057799220085144,1.310807228088379,-0.3592478036880493,0.11545445024967194,-0.06133459508419037,0.014395954087376595,0.4773615002632141,-1.7543346881866455,0.44388270378112793,-1.0408883094787598,1.2222527265548706,0.2801378071308136,-0.018157334998250008,0.3177083432674408,-1.7747793197631836,-0.5116925835609436,1.0384838581085205,1.2022602558135986,-0.31427204608917236,0.0277447160333395,-0.18231146037578583
5.454143047332764,-0.8348680734634399,0.6078548431396484,-0.01096552424132824,-0.01052193995565176,-0.7307784557342529,0.6824455261230469,-0.9001924395561218,0.20614272356033325,-0.12207289040088654,1.3986319303512573,-0.5147146582603455,-0.04489191249012947,-0.8995241522789001,-0.1826065480709076,0.1577381193637848,1.3705637454986572,-0.3689805269241333,0.11759676784276962,-0.06091455742716789,0.014903636649250984,0.4889377951622009,-1.7528705596923828,0.4500560164451599,-1.0313572883605957,1.2058274745941162,0.27059271931648254,-0.017309952527284622,0.3268924951553345,-1.7736026048660278,-0.522055983543396,1.0314689874649048,1.1959675550460815,-0.3066619634628296,0.02894420549273491,-0.1897030472755432
5.456603050231934,-0.8282519578933716,0.5914313793182373,-0.007752277422696352,-0.008313572034239769,-0.7337746024131775,0.6792978644371033,-0.9627918004989624,0.2058640718460083,-0.13108667731285095,1.4545478820800781,-0.527411937713623,-0.05495437979698181,-0.9653806686401367,-0.18107549846172333,0.16465644538402557,1.4322229623794556,-0.3787858486175537,0.1206485703587532,-0.06149829551577568,0.0133754787966609,0.4984510540962219,-1.7459371089935303,0.46120163798332214,-1.0260086059570312,1.1907681226730347,0.26342520117759705,-0.017666520550847054,0.33541518449783325,-1.7678966522216797,-0.5376672148704529,1.027225375175476,1.1805461645126343,-0.29791682958602905,0.027629751712083817,-0.19647692143917084
5.45880126953125,-0.821932315826416,0.5750443935394287,-0.0047332183457911015,-0.006413717288523912,-0.7358995676040649,0.6770438551902771,-1.0235024690628052,0.2061484158039093,-0.13880927860736847,1.506582498550415,-0.5392884016036987,-0.06237507984042168,-1.02949857711792,-0.17857693135738373,0.17062720656394958,1.489048719406128,-0.38755565881729126,0.12220294773578644,-0.06158708781003952,0.011622481048107147,0.5059931874275208,-1.7427172660827637,0.4674193263053894,-1.0193259716033936,1.1764392852783203,0.2542034387588501,-0.017465652897953987,0.343606173992157,-1.7623180150985718,-0.5504685044288635,1.0207231044769287,1.1661040782928467,-0.286831259727478,0.027315042912960052,-0.20480060577392578
5.460552215576172,-0.8163747787475586,0.5582791566848755,-0.002099574077874422,-0.005020291078835726,-0.7375022172927856,0.6753228306770325,-1.0823698043823242,0.20700249075889587,-0.14601542055606842,1.5569500923156738,-0.5524055361747742,-0.06960967183113098,-1.0933384895324707,-0.17549245059490204,0.17511998116970062,1.5428118705749512,-0.3948075771331787,0.12345600128173828,-0.062672920525074,0.008783441968262196,0.5108955502510071,-1.73777174949646,0.4742022156715393,-1.0154237747192383,1.1658737659454346,0.24610473215579987,-0.017658034339547157,0.35021311044692993,-1.7536969184875488,-0.5623559355735779,1.0152024030685425,1.1474175453186035,-0.2758268117904663,0.02573292702436447,-0.2138015627861023
5.4618377685546875,-0.8117961883544922,0.5417597889900208,-0.00037522046477533877,-0.004397335462272167,-0.7384632229804993,0.6742793917655945,-1.135907530784607,0.20820018649101257,-0.1524956226348877,1.6037468910217285,-0.5658373832702637,-0.07520119100809097,-1.1523666381835938,-0.17158034443855286,0.17870265245437622,1.592958927154541,-0.40239155292510986,0.12325116991996765,-0.06206059455871582,0.00840671919286251,0.5140820741653442,-1.7316581010818481,0.4779108166694641,-1.0079841613769531,1.1523747444152832,0.23681758344173431,-0.016875864937901497,0.3580990433692932,-1.743735432624817,-0.5709771513938904,1.0053144693374634,1.1329963207244873,-0.263424813747406,0.02596575766801834,-0.22411048412322998
5.462620258331299,-0.8082894086837769,0.5266304016113281,0.0003068996884394437,-0.004712413065135479,-0.7392224073410034,0.6734448671340942,-1.1812750101089478,0.20982319116592407,-0.15861712396144867,1.6441187858581543,-0.5771548748016357,-0.08051047474145889,-1.203009009361267,-0.16801884770393372,0.18129582703113556,1.6362189054489136,-0.4091951847076416,0.12266676127910614,-0.062119755893945694,0.006893905811011791,0.5161533355712891,-1.7250831127166748,0.4814433753490448,-1.001029372215271,1.1465768814086914,0.22760820388793945,-0.015667300671339035,0.36295127868652344,-1.732503890991211,-0.5780338048934937,0.9960571527481079,1.1225134134292603,-0.25109222531318665,0.02567475475370884,-0.2321031391620636
5.4631853103637695,-0.8055942058563232,0.513861358165741,0.0003702534013427794,-0.005634941626340151,-0.73968505859375,0.672929584980011,-1.2170010805130005,0.21159452199935913,-0.16364124417304993,1.6750086545944214,-0.5857030749320984,-0.08429495990276337,-1.2439361810684204,-0.16444998979568481,0.1827320158481598,1.6710395812988281,-0.41441959142684937,0.122272789478302,-0.061936527490615845,0.005650716833770275,0.5174996256828308,-1.718252420425415,0.4839555323123932,-0.9938466548919678,1.141634464263916,0.21847867965698242,-0.013977148570120335,0.3664041757583618,-1.720626950263977,-0.5842443704605103,0.9863836765289307,1.113626480102539,-0.23853112757205963,0.025463365018367767,-0.23829427361488342
5.463563919067383,-0.8034671545028687,0.503684937953949,-0.00036174754495732486,-0.007133004255592823,-0.7401888370513916,0.6723611950874329,-1.2429629564285278,0.21353450417518616,-0.16756244003772736,1.6958928108215332,-0.5909807085990906,-0.08641745150089264,-1.274357557296753,-0.16137856245040894,0.18370255827903748,1.6961898803710938,-0.4177630543708801,0.12175384163856506,-0.06188322231173515,0.004542712587863207,0.5183747410774231,-1.710816740989685,0.48853570222854614,-0.9884458184242249,1.140014410018921,0.21148253977298737,-0.012653930112719536,0.36874932050704956,-1.7085285186767578,-0.590563952922821,0.9798762798309326,1.1059834957122803,-0.22890131175518036,0.02399279922246933,-0.24204468727111816
5.463931560516357,-0.8013095855712891,0.4960034489631653,-0.0010463979560881853,-0.008555449545383453,-0.7405690550804138,0.6719250679016113,-1.2616771459579468,0.21508914232254028,-0.17009277641773224,1.708343267440796,-0.5927320122718811,-0.08727651834487915,-1.297217845916748,-0.1575130969285965,0.18422022461891174,1.7132682800292969,-0.4190136194229126,0.12125365436077118,-0.060983408242464066,0.0043629733845591545,0.5189435482025146,-1.705199956893921,0.49208176136016846,-0.9839556813240051,1.1405174732208252,0.2048879712820053,-0.011163406074047089,0.3704373240470886,-1.6994225978851318,-0.5955345630645752,0.974767804145813,1.1023682355880737,-0.21966736018657684,0.022447166964411736,-0.2430408000946045
5.464477062225342,-0.7984417676925659,0.49183136224746704,-0.0022121493238955736,-0.010295224376022816,-0.7412871718406677,0.6711053848266602,-1.269456386566162,0.21770766377449036,-0.1704539954662323,1.7077746391296387,-0.5896333456039429,-0.0863184854388237,-1.3088016510009766,-0.15468616783618927,0.18356174230575562,1.7180943489074707,-0.416540265083313,0.12008154392242432,-0.06150433421134949,0.003781544277444482,0.5193132758140564,-1.7019760608673096,0.4951987862586975,-0.9802641868591309,1.1455128192901611,0.19897763431072235,-0.009670387953519821,0.3713815212249756,-1.689490556716919,-0.5996607542037964,0.9714374542236328,1.0990724563598633,-0.21292388439178467,0.019774414598941803,-0.24411597847938538
5.46512508392334,-0.795124888420105,0.49104517698287964,-0.004114411771297455,-0.012510999105870724,-0.741900622844696,0.6703805327415466,-1.2650161981582642,0.22095105051994324,-0.16802102327346802,1.6956199407577515,-0.5823172926902771,-0.08338494598865509,-1.3083299398422241,-0.15192006528377533,0.18182438611984253,1.7111188173294067,-0.4121558666229248,0.11782069504261017,-0.061456725001335144,0.005567697808146477,0.5195536017417908,-1.6903325319290161,0.4987727105617523,-0.9743975400924683,1.1427897214889526,0.194627046585083,-0.00853198952972889,0.3755890727043152,-1.6764466762542725,-0.6036889553070068,0.9674155712127686,1.087875247001648,-0.20840153098106384,0.015329320915043354,-0.245426744222641
5.465939521789551,-0.7908390760421753,0.49462634325027466,-0.006499662064015865,-0.014860697090625763,-0.7426734566688538,0.6694572567939758,-1.2482023239135742,0.22602546215057373,-0.16092436015605927,1.666344404220581,-0.5701562166213989,-0.07732224464416504,-1.2943155765533447,-0.15103083848953247,0.17686660587787628,1.6882648468017578,-0.40455305576324463,0.11318671703338623,-0.06267253309488297,0.0067680226638913155,0.5197098255157471,-1.6854857206344604,0.5023514628410339,-0.968722939491272,1.1408195495605469,0.1907171905040741,-0.0064212544821202755,0.3812035322189331,-1.6660215854644775,-0.6064102649688721,0.9646782875061035,1.0790252685546875,-0.2063847780227661,0.01196789089590311,-0.24821174144744873
5.466975688934326,-0.7857683897018433,0.503300666809082,-0.010393902659416199,-0.01862908899784088,-0.7431344389915466,0.6688020825386047,-1.2146486043930054,0.23120418190956116,-0.14751258492469788,1.6202538013458252,-0.553885281085968,-0.06803780049085617,-1.2606613636016846,-0.15231257677078247,0.16740848124027252,1.647028923034668,-0.39652299880981445,0.10668943077325821,-0.06363131105899811,0.009002188220620155,0.5198113918304443,-1.670456886291504,0.507662832736969,-0.9614735841751099,1.1358156204223633,0.18962271511554718,-0.004782143048942089,0.3881189227104187,-1.6485447883605957,-0.606998085975647,0.9603651762008667,1.0671943426132202,-0.20602533221244812,0.0069395750761032104,-0.2497808039188385
5.468475341796875,-0.7797093391418457,0.5184150338172913,-0.015448219142854214,-0.02328210324048996,-0.7435244917869568,0.6681246757507324,-1.1616488695144653,0.23731376230716705,-0.1261434555053711,1.5507642030715942,-0.533595621585846,-0.05436256155371666,-1.2035664319992065,-0.1552617847919464,0.1528177410364151,1.5785729885101318,-0.38784027099609375,0.0982975885272026,-0.06704692542552948,0.010111170820891857,0.5198773741722107,-1.661842942237854,0.5127557516098022,-0.9549040794372559,1.131501317024231,0.18812403082847595,-0.0029855144675821066,0.39571574330329895,-1.636387586593628,-0.6079449653625488,0.9580659866333008,1.0549712181091309,-0.20647060871124268,0.0022468934766948223,-0.25223615765571594
5.470190048217773,-0.7740116715431213,0.5381845235824585,-0.02173481695353985,-0.028734350576996803,-0.7436962127685547,0.6675461530685425,-1.0890518426895142,0.2418946921825409,-0.09899410605430603,1.45818293094635,-0.5069311857223511,-0.03897326812148094,-1.1273771524429321,-0.15836741030216217,0.13437160849571228,1.4896340370178223,-0.3776246905326843,0.08930154144763947,-0.06866942346096039,0.014110337942838669,0.519920289516449,-1.6511178016662598,0.5110683441162109,-0.9461269378662109,1.1293668746948242,0.1847044825553894,-0.0017602697480469942,0.4028478264808655,-1.627150058746338,-0.5982714891433716,0.9537148475646973,1.0508978366851807,-0.20575234293937683,0.0002167962957173586,-0.2550179660320282
5.471462249755859,-0.7706032395362854,0.561924934387207,-0.02907293103635311,-0.034398145973682404,-0.7440592050552368,0.6665938496589661,-0.9960111379623413,0.24407267570495605,-0.06945455819368362,1.3441414833068848,-0.476245641708374,-0.023685211315751076,-1.0340840816497803,-0.15917789936065674,0.11341995000839233,1.3856961727142334,-0.3643164336681366,0.08154035359621048,-0.07233954966068268,0.018785344436764717,0.5161696076393127,-1.639474868774414,0.5109748840332031,-0.9416382312774658,1.1299537420272827,0.18446961045265198,-0.001890682615339756,0.40600672364234924,-1.615936040878296,-0.5877029895782471,0.9555094242095947,1.042148232460022,-0.20795020461082458,-0.0043174391612410545,-0.2541518807411194
5.472431182861328,-0.7711578607559204,0.5856241583824158,-0.034788649529218674,-0.03741929307579994,-0.7442565560340881,0.6659367680549622,-0.9021182060241699,0.24374523758888245,-0.04347793012857437,1.2294909954071045,-0.44360435009002686,-0.011227979324758053,-0.9427960515022278,-0.1564846634864807,0.0962296649813652,1.28738272190094,-0.35033199191093445,0.07713103294372559,-0.07537641376256943,0.024362973868846893,0.5120301246643066,-1.6382029056549072,0.5100876092910767,-0.941703200340271,1.1354987621307373,0.1851329505443573,-0.00258482713252306,0.40653982758522034,-1.6148701906204224,-0.5770574808120728,0.9578075408935547,1.0433380603790283,-0.20985683798789978,-0.005302167497575283,-0.2528201937675476
5.472736835479736,-0.7762938141822815,0.612147867679596,-0.03891690820455551,-0.038171205669641495,-0.7442906498908997,0.6656274795532227,-0.801878809928894,0.24017181992530823,-0.020545370876789093,1.1084959506988525,-0.4104211926460266,-0.00037374207749962807,-0.8445900082588196,-0.15110549330711365,0.08226754516363144,1.180256962776184,-0.33188706636428833,0.07679358869791031,-0.07923108339309692,0.02984759211540222,0.4995095431804657,-1.6358106136322021,0.5061900615692139,-0.948745846748352,1.1427459716796875,0.1911998987197876,-0.005484697874635458,0.4009438455104828,-1.6125459671020508,-0.5650047063827515,0.9656375646591187,1.0467184782028198,-0.2157091647386551,-0.007640263065695763,-0.24634557962417603
5.473050117492676,-0.7854130268096924,0.6371043920516968,-0.04087943211197853,-0.03690265864133835,-0.7440139055252075,0.6658906936645508,-0.7096177339553833,0.2341415286064148,-0.0024424586445093155,1.0033290386199951,-0.37883055210113525,0.007295165676623583,-0.7530674338340759,-0.14533117413520813,0.07531865686178207,1.0830682516098022,-0.31264591217041016,0.07789351046085358,-0.0838044062256813,0.03365694358944893,0.4851263761520386,-1.6364027261734009,0.4965798556804657,-0.9560282230377197,1.1604290008544922,0.19677452743053436,-0.008513527922332287,0.3899698257446289,-1.6122441291809082,-0.5509910583496094,0.9717122316360474,1.0605019330978394,-0.22174054384231567,-0.007347114384174347,-0.2375543862581253
5.47274112701416,-0.7988796234130859,0.6607626676559448,-0.040378592908382416,-0.034378111362457275,-0.7437031269073486,0.6664033532142639,-0.6224864721298218,0.2256079614162445,0.012941834516823292,0.9055396318435669,-0.3513285517692566,0.0134955495595932,-0.6622633337974548,-0.1408703476190567,0.07086969166994095,0.9826273918151855,-0.2919515371322632,0.079769566655159,-0.08842725306749344,0.03657776862382889,0.45670387148857117,-1.628410816192627,0.48689621686935425,-0.9644389152526855,1.1764510869979858,0.2063463032245636,-0.014227732084691525,0.3763025403022766,-1.6053121089935303,-0.541070818901062,0.978478729724884,1.0712778568267822,-0.23035427927970886,-0.010045573115348816,-0.22607892751693726
5.472427845001221,-0.8146432638168335,0.6824825406074524,-0.03818850964307785,-0.031028052791953087,-0.743238091468811,0.66721510887146,-0.5448741316795349,0.21565598249435425,0.025228247046470642,0.8192973136901855,-0.32657596468925476,0.019199248403310776,-0.5786257386207581,-0.13770122826099396,0.06994403153657913,0.8883014917373657,-0.27079564332962036,0.08237791061401367,-0.09260135889053345,0.03849536180496216,0.4252452850341797,-1.6192405223846436,0.4800978899002075,-0.974604606628418,1.1870406866073608,0.21753916144371033,-0.021832462400197983,0.3616892099380493,-1.5931107997894287,-0.5346189737319946,0.9847368001937866,1.0769133567810059,-0.24081110954284668,-0.013648709282279015,-0.2138049453496933
5.471647262573242,-0.8326280117034912,0.7011927962303162,-0.03543141484260559,-0.02785317972302437,-0.7429407835006714,0.6678382158279419,-0.47263091802597046,0.20553503930568695,0.03461209312081337,0.7407079935073853,-0.3038511276245117,0.02239282615482807,-0.5004937648773193,-0.13557079434394836,0.06998793035745621,0.7999828457832336,-0.25141486525535583,0.08406171202659607,-0.0955033078789711,0.040123000741004944,0.3842470943927765,-1.5986261367797852,0.46406957507133484,-0.9764028191566467,1.1991417407989502,0.22564207017421722,-0.02830883488059044,0.3461717665195465,-1.5751454830169678,-0.5240334272384644,0.9849206209182739,1.0846816301345825,-0.2502840757369995,-0.015917930752038956,-0.2010117918252945
5.471062660217285,-0.8508418798446655,0.7165198922157288,-0.03211452066898346,-0.025150345638394356,-0.7425733804702759,0.6685214042663574,-0.41149237751960754,0.1954139620065689,0.041708290576934814,0.6771476864814758,-0.28493237495422363,0.024102449417114258,-0.43144187331199646,-0.13556066155433655,0.07227794080972672,0.7208089828491211,-0.23219910264015198,0.08568105846643448,-0.09983406960964203,0.0399162732064724,0.34417596459388733,-1.576070785522461,0.4475524425506592,-0.9756019711494446,1.2146215438842773,0.2323051393032074,-0.03321732580661774,0.3305814564228058,-1.5526268482208252,-0.5136981010437012,0.9845495223999023,1.086848258972168,-0.26073649525642395,-0.0186932235956192,-0.18871238827705383
5.470512866973877,-0.8684364557266235,0.7274191975593567,-0.028562676161527634,-0.02217964269220829,-0.7416266202926636,0.669837474822998,-0.3644126057624817,0.18625254929065704,0.04530217871069908,0.6306600570678711,-0.2715568542480469,0.026529036462306976,-0.3788253664970398,-0.13536615669727325,0.07598315179347992,0.663841187953949,-0.21961665153503418,0.08612857013940811,-0.10188169032335281,0.039741721004247665,0.30514004826545715,-1.5544779300689697,0.4324670135974884,-0.9729511737823486,1.2149206399917603,0.2391854226589203,-0.03921111673116684,0.31932151317596436,-1.5304901599884033,-0.5094560384750366,0.982903003692627,1.0785932540893555,-0.27294862270355225,-0.020833013579249382,-0.17765815556049347
5.47031831741333,-0.884391188621521,0.7363295555114746,-0.02573244832456112,-0.019419265910983086,-0.7402342557907104,0.6715757846832275,-0.3205603063106537,0.17866486310958862,0.04770547151565552,0.5812667608261108,-0.2572874128818512,0.027322696521878242,-0.3313969075679779,-0.1349998563528061,0.0802399069070816,0.6065508723258972,-0.20332662761211395,0.08826854825019836,-0.1071978509426117,0.038233719766139984,0.2698705196380615,-1.5349502563476562,0.417583703994751,-0.9731957912445068,1.220792293548584,0.24724772572517395,-0.04363395273685455,0.30550509691238403,-1.5096790790557861,-0.5068321228027344,0.9854526519775391,1.0684711933135986,-0.28761476278305054,-0.023363765329122543,-0.1649082601070404
5.470067977905273,-0.8981074094772339,0.7425081133842468,-0.023719245567917824,-0.01716616563498974,-0.7381331324577332,0.674019455909729,-0.28481438755989075,0.17273873090744019,0.048856355249881744,0.5412305593490601,-0.24678653478622437,0.02845953404903412,-0.2950785458087921,-0.13375580310821533,0.08505598455667496,0.5629098415374756,-0.19041627645492554,0.08825749903917313,-0.11474843323230743,0.03558231145143509,0.24296721816062927,-1.5213346481323242,0.40788280963897705,-0.9698430299758911,1.221088171005249,0.25186190009117126,-0.04764600098133087,0.2956664562225342,-1.491623878479004,-0.511960506439209,0.9839158058166504,1.0434269905090332,-0.29884642362594604,-0.02685665711760521,-0.1571880280971527
5.469872951507568,-0.9100459814071655,0.7472507953643799,-0.022652218118309975,-0.015080319717526436,-0.7354164123535156,0.6770687699317932,-0.25031596422195435,0.16871348023414612,0.04887787252664566,0.49605512619018555,-0.23356416821479797,0.0274931862950325,-0.26473894715309143,-0.13165467977523804,0.08901900798082352,0.5232790112495422,-0.17607562243938446,0.08920421451330185,-0.12025657296180725,0.035012371838092804,0.2184649407863617,-1.5032342672348022,0.3947516679763794,-0.9672893285751343,1.2234522104263306,0.2577110528945923,-0.05063461512327194,0.28389063477516174,-1.4739463329315186,-0.5140460133552551,0.9859298467636108,1.0272722244262695,-0.3132094144821167,-0.028495457023382187,-0.1466529369354248
5.469583034515381,-0.9191776514053345,0.7510982155799866,-0.02192859537899494,-0.013092700392007828,-0.7321341633796692,0.6806814670562744,-0.22093282639980316,0.16583511233329773,0.048899095505476,0.4504343271255493,-0.21900367736816406,0.02539437636733055,-0.24026671051979065,-0.12881223857402802,0.0916261225938797,0.48617398738861084,-0.1615961194038391,0.08817954361438751,-0.1251419186592102,0.03316392004489899,0.2009226232767105,-1.4996819496154785,0.38235175609588623,-0.9684344530105591,1.2286241054534912,0.26234549283981323,-0.05311134457588196,0.2721925973892212,-1.4729223251342773,-0.5189423561096191,0.9912135601043701,1.023431658744812,-0.3263776898384094,-0.02753794938325882,-0.13698916137218475
5.469002723693848,-0.9258370995521545,0.7543359398841858,-0.02163546159863472,-0.01162569411098957,-0.7293268442153931,0.6837244629859924,-0.1982085108757019,0.16429749131202698,0.04833054542541504,0.41013103723526,-0.2042459398508072,0.02144329436123371,-0.221970796585083,-0.12570589780807495,0.09253101050853729,0.4536393880844116,-0.14621728658676147,0.0853162407875061,-0.12817910313606262,0.02957404963672161,0.1906081885099411,-1.5008482933044434,0.37128686904907227,-0.9695188999176025,1.2371453046798706,0.2670469582080841,-0.055148787796497345,0.26206421852111816,-1.4807190895080566,-0.5246930122375488,0.9966691732406616,1.021962285041809,-0.3373391032218933,-0.026312418282032013,-0.13045091927051544
5.467902183532715,-0.9310788512229919,0.7565081715583801,-0.021527238190174103,-0.010576002299785614,-0.7262967824935913,0.6869627237319946,-0.1809764802455902,0.16391034424304962,0.04783107340335846,0.3772812783718109,-0.19207383692264557,0.01786266453564167,-0.2070426344871521,-0.12248401343822479,0.09276843816041946,0.426192045211792,-0.132590651512146,0.08076687157154083,-0.13104726374149323,0.025431741029024124,0.18145251274108887,-1.5044333934783936,0.3644458055496216,-0.970281720161438,1.2462122440338135,0.2710479497909546,-0.05670425295829773,0.254291296005249,-1.4887917041778564,-0.5338320732116699,0.9993802309036255,1.0191285610198975,-0.34396594762802124,-0.025354132056236267,-0.1270778477191925
5.466323375701904,-0.9355236291885376,0.7581374049186707,-0.02162935957312584,-0.009837837889790535,-0.7232542634010315,0.6901729702949524,-0.16572305560112,0.16467593610286713,0.04835527390241623,0.34454458951950073,-0.1791282743215561,0.013549868948757648,-0.19343020021915436,-0.11932748556137085,0.09179361164569855,0.3968566060066223,-0.1169486939907074,0.07627055048942566,-0.13498321175575256,0.020758887752890587,0.17337870597839355,-1.506310224533081,0.358858585357666,-0.9704071879386902,1.257152795791626,0.2750415802001953,-0.05767912417650223,0.24819901585578918,-1.4955421686172485,-0.5472885966300964,0.9996129870414734,1.0172066688537598,-0.3473968803882599,-0.024271143600344658,-0.12579534947872162
5.464352130889893,-0.9390723705291748,0.7593345046043396,-0.021789075806736946,-0.009154768660664558,-0.7194163203239441,0.6941769123077393,-0.1548183262348175,0.1672316938638687,0.05072995647788048,0.31962814927101135,-0.16958117485046387,0.01123496238142252,-0.1862340271472931,-0.11603942513465881,0.08949042111635208,0.3791448473930359,-0.10607428848743439,0.07004792243242264,-0.137391597032547,0.017248913645744324,0.1692403107881546,-1.509239912033081,0.3465825021266937,-0.9671529531478882,1.266580581665039,0.27477627992630005,-0.05691142380237579,0.2447567880153656,-1.504197597503662,-0.5549187064170837,0.9956871271133423,1.0263384580612183,-0.34752973914146423,-0.019453123211860657,-0.12769219279289246
5.462251663208008,-0.9420878887176514,0.7604890465736389,-0.022005697712302208,-0.008667166344821453,-0.715735137462616,0.6979712843894958,-0.14489737153053284,0.1700296401977539,0.054092518985271454,0.29468387365341187,-0.1608002781867981,0.008685167878866196,-0.17913572490215302,-0.11365148425102234,0.08581314235925674,0.35882100462913513,-0.09366145730018616,0.06507532298564911,-0.13981986045837402,0.013981033116579056,0.16581852734088898,-1.5099848508834839,0.34070688486099243,-0.964297890663147,1.2690415382385254,0.27509933710098267,-0.0568082332611084,0.24490699172019958,-1.5115971565246582,-0.5671457052230835,0.9921921491622925,1.0266886949539185,-0.3462989330291748,-0.01744631677865982,-0.13138912618160248
5.460185527801514,-0.9445980787277222,0.761184573173523,-0.022349687293171883,-0.008414900861680508,-0.7116924524307251,0.7020851373672485,-0.13700397312641144,0.17323526740074158,0.05785266309976578,0.2753971219062805,-0.15501442551612854,0.0075360313057899475,-0.1750640571117401,-0.11161179840564728,0.0818280428647995,0.3445814847946167,-0.08410511910915375,0.05986923724412918,-0.14432506263256073,0.011044329032301903,0.16396968066692352,-1.510619878768921,0.33719074726104736,-0.9603825807571411,1.271891713142395,0.2738085389137268,-0.05595476180315018,0.24552994966506958,-1.5154651403427124,-0.5830585956573486,0.9871965646743774,1.0222699642181396,-0.3424168527126312,-0.016184914857149124,-0.13537779450416565
5.458310604095459,-0.9467974305152893,0.7615960240364075,-0.022696478292346,-0.00832434743642807,-0.708165168762207,0.7056328058242798,-0.13134929537773132,0.17660215497016907,0.062318701297044754,0.26125356554985046,-0.1525002419948578,0.0075315190479159355,-0.1731254607439041,-0.11061514914035797,0.07702197134494781,0.33324384689331055,-0.075376495718956,0.05547359585762024,-0.15130499005317688,0.008379625156521797,0.1630951166152954,-1.5110528469085693,0.3371071219444275,-0.9560091495513916,1.2724943161010742,0.2721291482448578,-0.05474744737148285,0.24776974320411682,-1.513517141342163,-0.6033722162246704,0.9817274808883667,1.0097072124481201,-0.33791589736938477,-0.016064783558249474,-0.14041300117969513
5.456650257110596,-0.9483343362808228,0.7617809176445007,-0.022687939926981926,-0.008364922367036343,-0.7051566243171692,0.7086391448974609,-0.13127635419368744,0.18015165627002716,0.0666554719209671,0.2564984858036041,-0.15243250131607056,0.008489103987812996,-0.17436528205871582,-0.11043496429920197,0.07233545929193497,0.3288887143135071,-0.06993664801120758,0.050389524549245834,-0.15711884200572968,0.0047570341266691685,0.1655074954032898,-1.516935110092163,0.3335290849208832,-0.9550503492355347,1.2776622772216797,0.271029531955719,-0.05260062590241432,0.24999767541885376,-1.513682246208191,-0.6162566542625427,0.9806574583053589,1.0077519416809082,-0.3366811275482178,-0.01376398466527462,-0.14384333789348602
5.45554256439209,-0.9496747255325317,0.7618092894554138,-0.022632287815213203,-0.008425950072705746,-0.7029778957366943,0.7108014822006226,-0.13187538087368011,0.18334484100341797,0.07189762592315674,0.25388360023498535,-0.15348660945892334,0.01074790395796299,-0.17528818547725677,-0.11108049750328064,0.06902007758617401,0.3255009353160858,-0.06639604270458221,0.04775501415133476,-0.16404011845588684,0.004213150590658188,0.16627438366413116,-1.5181055068969727,0.32878559827804565,-0.9546929597854614,1.2818357944488525,0.272263765335083,-0.05067423731088638,0.2525705397129059,-1.5088777542114258,-0.628021776676178,0.9797333478927612,1.0040881633758545,-0.3363052010536194,-0.012824198231101036,-0.14736248552799225
5.454933166503906,-0.9511966109275818,0.7617923021316528,-0.022487370297312737,-0.008389375172555447,-0.7017573714256287,0.7120115756988525,-0.13394515216350555,0.1863538920879364,0.07786761224269867,0.2550114095211029,-0.1560472995042801,0.014866932295262814,-0.176909938454628,-0.11234885454177856,0.06592408567667007,0.3256024718284607,-0.06442900747060776,0.045169465243816376,-0.1709655523300171,0.004347909241914749,0.16761603951454163,-1.5193135738372803,0.32479822635650635,-0.9551167488098145,1.2896145582199097,0.273270845413208,-0.04857997968792915,0.2535119354724884,-1.5050013065338135,-0.6384615302085876,0.9825114011764526,1.0007380247116089,-0.33691930770874023,-0.012582363560795784,-0.14819514751434326
5.454807758331299,-0.9529721736907959,0.7614944577217102,-0.02247541956603527,-0.008133970201015472,-0.701379120349884,0.7123876214027405,-0.13668319582939148,0.1893652379512787,0.08394797146320343,0.259338915348053,-0.16161127388477325,0.021271217614412308,-0.18077825009822845,-0.11311361938714981,0.06398559361696243,0.3323501944541931,-0.06589588522911072,0.04375572130084038,-0.17955058813095093,0.00682294275611639,0.1686403751373291,-1.5171034336090088,0.32617777585983276,-0.9560363292694092,1.292742371559143,0.27574974298477173,-0.047472938895225525,0.2557220160961151,-1.4964441061019897,-0.6556347012519836,0.9865700602531433,0.9870314598083496,-0.33681929111480713,-0.015336526557803154,-0.14891085028648376
5.455389499664307,-0.9549176692962646,0.7611538171768188,-0.022226259112358093,-0.007541496306657791,-0.7015543580055237,0.712229311466217,-0.14037539064884186,0.19196754693984985,0.08975683897733688,0.2664240598678589,-0.1681911200284958,0.02798924222588539,-0.1860089898109436,-0.11430460214614868,0.06292936950922012,0.3433406949043274,-0.06885926425457001,0.04312102124094963,-0.18799999356269836,0.009745477698743343,0.17159606516361237,-1.5178087949752808,0.33201634883880615,-0.9578421115875244,1.2920976877212524,0.278167188167572,-0.047117605805397034,0.2581882178783417,-1.4877781867980957,-0.6754645109176636,0.9913048148155212,0.9697765111923218,-0.33724239468574524,-0.018594328314065933,-0.1487329751253128
5.456456184387207,-0.9562376737594604,0.7604794502258301,-0.02203749120235443,-0.006651671603322029,-0.7022401094436646,0.7115679979324341,-0.14543859660625458,0.19406069815158844,0.09491723775863647,0.2761227488517761,-0.1765642911195755,0.03585080802440643,-0.19496560096740723,-0.11462727934122086,0.06362129747867584,0.3597240447998047,-0.07287872582674026,0.04397014528512955,-0.19636528193950653,0.012798886746168137,0.1787712574005127,-1.5204510688781738,0.34423625469207764,-0.9596996307373047,1.2883939743041992,0.27991193532943726,-0.04769931733608246,0.26058924198150635,-1.4815417528152466,-0.6996963024139404,0.9960442781448364,0.9453424215316772,-0.3370125889778137,-0.023082852363586426,-0.14876633882522583
5.458532333374023,-0.9566515684127808,0.7590457201004028,-0.021976860240101814,-0.005334292538464069,-0.703743577003479,0.7100940942764282,-0.15396623313426971,0.19561105966567993,0.0986420214176178,0.29241856932640076,-0.18832460045814514,0.04522714018821716,-0.2107442170381546,-0.11446605622768402,0.06640713661909103,0.3874627947807312,-0.0798722580075264,0.04552694410085678,-0.20482602715492249,0.016453977674245834,0.1914806365966797,-1.5254185199737549,0.3570778965950012,-0.9621884822845459,1.2760401964187622,0.2809562683105469,-0.04822540655732155,0.2641626298427582,-1.4730415344238281,-0.7216277122497559,0.9989405870437622,0.9223842620849609,-0.3367325961589813,-0.02631869912147522,-0.1489647477865219
5.460882186889648,-0.9562353491783142,0.7571749091148376,-0.02173069678246975,-0.0038332664407789707,-0.70658940076828,0.7072796821594238,-0.1645866483449936,0.1966661661863327,0.10045447200536728,0.3128710389137268,-0.20270562171936035,0.05499893054366112,-0.23079198598861694,-0.11427079886198044,0.06937329471111298,0.4195437431335449,-0.08700034022331238,0.048455387353897095,-0.2127428948879242,0.017610065639019012,0.20708367228507996,-1.5376214981079102,0.37419039011001587,-0.9677153825759888,1.2614549398422241,0.2807479202747345,-0.04924796149134636,0.26899105310440063,-1.4710304737091064,-0.7416760325431824,1.006316065788269,0.8947714567184448,-0.3375580906867981,-0.030964674428105354,-0.1497444212436676
5.463992118835449,-0.955416202545166,0.7535592913627625,-0.02171534299850464,-0.0018529058434069157,-0.711631715297699,0.7022146582603455,-0.18229565024375916,0.1985676884651184,0.10018067806959152,0.35002201795578003,-0.2256391942501068,0.0688093900680542,-0.2652575671672821,-0.11308908462524414,0.0721529871225357,0.4767869710922241,-0.10004468262195587,0.05289759486913681,-0.22033149003982544,0.01796380989253521,0.22616317868232727,-1.55120849609375,0.3961109519004822,-0.974339485168457,1.2425203323364258,0.27992895245552063,-0.050548944622278214,0.27818727493286133,-1.466049075126648,-0.7579655647277832,1.0099906921386719,0.8690686225891113,-0.3374324440956116,-0.03553766757249832,-0.15643638372421265
5.466780185699463,-0.9544275999069214,0.7507345080375671,-0.020659517496824265,-0.000564295332878828,-0.7186281681060791,0.6950873732566833,-0.20735955238342285,0.1991334706544876,0.09943893551826477,0.4076439440250397,-0.259430468082428,0.08336213231086731,-0.307887464761734,-0.11429727077484131,0.07115630805492401,0.5432561635971069,-0.11690354347229004,0.05355510115623474,-0.2246800661087036,0.015891993418335915,0.24330681562423706,-1.56173837184906,0.418883740901947,-0.9784460067749023,1.2132576704025269,0.27769115567207336,-0.05152975767850876,0.2929460108280182,-1.4561538696289062,-0.7663922309875488,1.0120137929916382,0.8413184881210327,-0.33880317211151123,-0.03988061845302582,-0.1671367585659027
5.469912528991699,-0.9532065987586975,0.74679034948349,-0.01901383325457573,0.00016084533126559108,-0.7273321747779846,0.6860221028327942,-0.23658037185668945,0.198428675532341,0.0974174439907074,0.47588056325912476,-0.29632270336151123,0.09635783731937408,-0.35643309354782104,-0.1163245365023613,0.06763438135385513,0.613019585609436,-0.13453394174575806,0.05297418311238289,-0.22584620118141174,0.011052816174924374,0.26194119453430176,-1.5734355449676514,0.43796098232269287,-0.9826176166534424,1.1916779279708862,0.27654707431793213,-0.05083830654621124,0.30807071924209595,-1.447365403175354,-0.7637572288513184,1.0141832828521729,0.8271416425704956,-0.34230828285217285,-0.041728414595127106,-0.17882950603961945
5.472330570220947,-0.9506696462631226,0.7404779195785522,-0.01621573232114315,-0.0006493657128885388,-0.7369790077209473,0.6757208108901978,-0.2754082977771759,0.19443395733833313,0.0906778872013092,0.5592176914215088,-0.33601170778274536,0.10467956960201263,-0.4002769887447357,-0.11966876685619354,0.06584803760051727,0.6706615686416626,-0.1524079442024231,0.05248428136110306,-0.21981343626976013,0.00130370631814003,0.28191477060317993,-1.5922515392303467,0.4609357714653015,-0.9908223152160645,1.173936128616333,0.2760368585586548,-0.05013078823685646,0.3246004581451416,-1.4522554874420166,-0.7609815001487732,1.023491621017456,0.8151130676269531,-0.3457542061805725,-0.0433620885014534,-0.18926659226417542
5.475536346435547,-0.9464330673217773,0.7329941391944885,-0.013980768620967865,-0.0012529726373031735,-0.7471681237220764,0.664486825466156,-0.31918299198150635,0.19065265357494354,0.07884957641363144,0.643815279006958,-0.3710695505142212,0.10925759375095367,-0.4487329125404358,-0.12018552422523499,0.06977140158414841,0.7339040040969849,-0.1705334633588791,0.057859502732753754,-0.21331465244293213,-0.006849471479654312,0.3082962930202484,-1.615215539932251,0.48663562536239624,-1.0087463855743408,1.1626746654510498,0.2826884984970093,-0.04927092045545578,0.33715182542800903,-1.459053874015808,-0.7661203145980835,1.0368927717208862,0.8134137392044067,-0.35000765323638916,-0.04411518573760986,-0.1962791383266449
5.479119300842285,-0.9394209980964661,0.7233423590660095,-0.011668598279356956,-0.0024359244853258133,-0.7569454312324524,0.6533693671226501,-0.37326955795288086,0.18724778294563293,0.06486212462186813,0.7325538396835327,-0.4007025361061096,0.10819436609745026,-0.4941774010658264,-0.12105456739664078,0.07649272680282593,0.7877610921859741,-0.185418963432312,0.06221144646406174,-0.20294758677482605,-0.0158555805683136,0.33917850255966187,-1.6419789791107178,0.5035340785980225,-1.0229872465133667,1.157519817352295,0.28806519508361816,-0.046389974653720856,0.35090893507003784,-1.4731721878051758,-0.7687952518463135,1.0458998680114746,0.8212913870811462,-0.3516107201576233,-0.04146834835410118,-0.20706909894943237
5.4836225509643555,-0.9306303858757019,0.7139375805854797,-0.009801652282476425,-0.0034830563236027956,-0.7668386101722717,0.6417557001113892,-0.433940052986145,0.1845179796218872,0.04806876927614212,0.8203165531158447,-0.42351165413856506,0.10333819687366486,-0.540981650352478,-0.12027768045663834,0.086524598300457,0.8432382345199585,-0.19978979229927063,0.06787236779928207,-0.19099046289920807,-0.02260591834783554,0.3742303252220154,-1.6681575775146484,0.508510410785675,-1.0326677560806274,1.1602740287780762,0.29170215129852295,-0.04185095056891441,0.3632994294166565,-1.4856297969818115,-0.7580270171165466,1.0448018312454224,0.8461259007453918,-0.3521932065486908,-0.03404076769948006,-0.22195106744766235
5.488169193267822,-0.9203301668167114,0.7047661542892456,-0.00807209499180317,-0.004529861267656088,-0.7761601209640503,0.6304678320884705,-0.4998016357421875,0.18250133097171783,0.02945004031062126,0.9048539400100708,-0.44196927547454834,0.0951743870973587,-0.5889551043510437,-0.11736997216939926,0.09769180417060852,0.8994578719139099,-0.21325337886810303,0.07194150239229202,-0.1787303388118744,-0.028854738920927048,0.4105761647224426,-1.6937658786773682,0.5194862484931946,-1.0464260578155518,1.1592010259628296,0.2992716431617737,-0.03797577694058418,0.3753024637699127,-1.4943515062332153,-0.7582598924636841,1.0425751209259033,0.8694741725921631,-0.3512878119945526,-0.027830494567751884,-0.23722396790981293
5.492952346801758,-0.9090732336044312,0.6931757926940918,-0.003521806327626109,-0.003242327831685543,-0.7850089073181152,0.6194659471511841,-0.5801584720611572,0.18015459179878235,0.008283562958240509,0.9886074066162109,-0.45474278926849365,0.08407243341207504,-0.6518792510032654,-0.1125192940235138,0.11018351465463638,0.9663275480270386,-0.22932898998260498,0.07575146853923798,-0.16448231041431427,-0.033056579530239105,0.43961620330810547,-1.7160377502441406,0.5190099477767944,-1.0553791522979736,1.1653026342391968,0.3035399317741394,-0.03199313208460808,0.38526177406311035,-1.5102035999298096,-0.7458181381225586,1.0377027988433838,0.9049826264381409,-0.3482379615306854,-0.018523115664720535,-0.25349074602127075
5.497512340545654,-0.898361325263977,0.6799925565719604,0.0014404376270249486,-0.0014950738986954093,-0.7926799654960632,0.6096343994140625,-0.6605851054191589,0.1772828996181488,-0.012810689397156239,1.0670459270477295,-0.46693724393844604,0.0736999660730362,-0.7189322710037231,-0.10592373460531235,0.12247845530509949,1.0380024909973145,-0.24621190130710602,0.07808523625135422,-0.15287837386131287,-0.034698113799095154,0.4609154462814331,-1.7319692373275757,0.5198390483856201,-1.0648797750473022,1.1587990522384644,0.3104167878627777,-0.02640949748456478,0.3950692117214203,-1.5203804969787598,-0.7383158206939697,1.0334423780441284,0.9243979454040527,-0.3444843292236328,-0.011921585537493229,-0.2691733241081238
5.502147674560547,-0.888320803642273,0.6643040180206299,0.0072747753001749516,0.0013024137588217854,-0.7997403144836426,0.6003006100654602,-0.7437745332717896,0.17348086833953857,-0.034290239214897156,1.1429510116577148,-0.479040265083313,0.06382331252098083,-0.7952170968055725,-0.09669245779514313,0.1344505399465561,1.117870569229126,-0.2626340985298157,0.07934456318616867,-0.14408108592033386,-0.036055486649274826,0.47869735956192017,-1.742323637008667,0.518392026424408,-1.0722037553787231,1.1513100862503052,0.31597891449928284,-0.020348114892840385,0.40432804822921753,-1.5272107124328613,-0.7313501834869385,1.0273946523666382,0.9410820007324219,-0.3380463123321533,-0.006000232417136431,-0.2850726842880249
5.506442546844482,-0.8790519833564758,0.6474424600601196,0.013333074748516083,0.0044844914227724075,-0.8056182861328125,0.5922679305076599,-0.8245658874511719,0.1692662388086319,-0.05424821376800537,1.212907314300537,-0.4912893772125244,0.055121637880802155,-0.8733699321746826,-0.0853961929678917,0.14512240886688232,1.1965153217315674,-0.27702611684799194,0.08056055009365082,-0.13824589550495148,-0.03860833868384361,0.49315327405929565,-1.7521357536315918,0.5227283835411072,-1.0845210552215576,1.1368657350540161,0.3244618773460388,-0.015372696332633495,0.4128550887107849,-1.529657244682312,-0.7328478693962097,1.0240570306777954,0.9455535411834717,-0.3315350413322449,-0.0029402347281575203,-0.3001629710197449
5.510631561279297,-0.8709794282913208,0.6297872066497803,0.018838845193386078,0.007428294979035854,-0.8108170628547668,0.5849491953849792,-0.9000019431114197,0.1648167073726654,-0.07235802710056305,1.276500940322876,-0.5030832886695862,0.046545349061489105,-0.9501728415489197,-0.0722360610961914,0.15472085773944855,1.2731107473373413,-0.2890610098838806,0.0819675475358963,-0.13466323912143707,-0.03925991803407669,0.5025495886802673,-1.7559030055999756,0.5264788269996643,-1.0948741436004639,1.124422550201416,0.3313729763031006,-0.010346760042011738,0.41881439089775085,-1.527694821357727,-0.7363966703414917,1.018807053565979,0.9485172033309937,-0.3227385878562927,-0.0005953647196292877,-0.3137943744659424
5.514505386352539,-0.8641469478607178,0.612923264503479,0.02323572337627411,0.009445047937333584,-0.8150087594985962,0.5789055824279785,-0.9673385620117188,0.1604643017053604,-0.08780506253242493,1.3314112424850464,-0.512462317943573,0.03824586793780327,-1.0190110206604004,-0.059276364743709564,0.16273751854896545,1.339585304260254,-0.2986048460006714,0.08440431952476501,-0.13077236711978912,-0.039177875965833664,0.5086572170257568,-1.7623627185821533,0.5297242403030396,-1.1026718616485596,1.1186000108718872,0.3346283435821533,-0.005893750581890345,0.4229182302951813,-1.5258499383926392,-0.738723635673523,1.0136094093322754,0.9597069025039673,-0.3137240409851074,0.002114145318046212,-0.32505273818969727
5.518162250518799,-0.8582672476768494,0.5962055325508118,0.02642657794058323,0.010678980499505997,-0.818661093711853,0.5735691785812378,-1.0281345844268799,0.15659387409687042,-0.10104763507843018,1.3808265924453735,-0.5207840204238892,0.029507886618375778,-1.0828944444656372,-0.0468144565820694,0.16906988620758057,1.3995946645736694,-0.30580008029937744,0.0878770649433136,-0.12830175459384918,-0.03917025402188301,0.5126271843910217,-1.763952612876892,0.5300567150115967,-1.1099728345870972,1.1095192432403564,0.33828604221343994,-0.0023639248684048653,0.42680007219314575,-1.521388053894043,-0.7388583421707153,1.0089335441589355,0.9653242826461792,-0.3054925799369812,0.0035880939103662968,-0.33595967292785645
5.521378993988037,-0.8528218269348145,0.579728901386261,0.02812380902469158,0.010620617307722569,-0.8216983079910278,0.5691293478012085,-1.0830426216125488,0.15363630652427673,-0.11223608255386353,1.4259426593780518,-0.5276062488555908,0.02101418748497963,-1.1413664817810059,-0.03574526309967041,0.17334973812103271,1.4526715278625488,-0.3108087182044983,0.0906524807214737,-0.1257474571466446,-0.039406515657901764,0.5152076482772827,-1.766481637954712,0.5285220146179199,-1.1170828342437744,1.1078150272369385,0.3416840732097626,0.0008502260316163301,0.42837926745414734,-1.5182839632034302,-0.7371171712875366,1.0058190822601318,0.9791979789733887,-0.2978012263774872,0.005703417584300041,-0.3445934057235718
5.524252891540527,-0.8484334945678711,0.563630223274231,0.028758814558386803,0.009907477535307407,-0.8245420455932617,0.5649824738502502,-1.1322076320648193,0.1514347493648529,-0.12133941054344177,1.4685096740722656,-0.5367032289505005,0.014038067311048508,-1.1944975852966309,-0.026422223076224327,0.17553681135177612,1.4999656677246094,-0.3162999451160431,0.0938667505979538,-0.12506306171417236,-0.040443919599056244,0.516884982585907,-1.7661356925964355,0.5324466824531555,-1.1255910396575928,1.099288821220398,0.3457911014556885,0.0028181022498756647,0.4311481714248657,-1.5117480754852295,-0.7425529360771179,1.0024713277816772,0.9800947904586792,-0.28944653272628784,0.005273350980132818,-0.35382455587387085
5.526826858520508,-0.8445061445236206,0.5482020974159241,0.0292352344840765,0.00906561128795147,-0.8271321654319763,0.5611733198165894,-1.1773154735565186,0.15003778040409088,-0.12969772517681122,1.5074752569198608,-0.5446969866752625,0.0059616100043058395,-1.2445769309997559,-0.01807284913957119,0.17673136293888092,1.5419909954071045,-0.31947121024131775,0.09765978902578354,-0.12455345690250397,-0.041534796357154846,0.5179752111434937,-1.773435115814209,0.5359447002410889,-1.1350762844085693,1.1029815673828125,0.34756991267204285,0.005144897848367691,0.4313276410102844,-1.5083842277526855,-0.7490365505218506,0.9994361400604248,0.9915953278541565,-0.2791345417499542,0.006133797578513622,-0.3615063726902008
5.5294599533081055,-0.8410090208053589,0.534361720085144,0.02937152050435543,0.008104562759399414,-0.8298670649528503,0.5571286082267761,-1.2160940170288086,0.1493787169456482,-0.13652242720127106,1.5409276485443115,-0.5522456169128418,-0.0008531745988875628,-1.2886974811553955,-0.011217264458537102,0.17644062638282776,1.5766534805297852,-0.3202362358570099,0.10216674953699112,-0.12592634558677673,-0.04252904653549194,0.5186838507652283,-1.7757680416107178,0.5432082414627075,-1.1435890197753906,1.1036406755447388,0.34863078594207764,0.006204026751220226,0.4321151673793793,-1.498516321182251,-0.7592906951904297,0.9932480454444885,0.9951982498168945,-0.2671276032924652,0.0045301844365894794,-0.3700060546398163
5.532082557678223,-0.8378638029098511,0.5221120715141296,0.02912738546729088,0.007013141643255949,-0.8324728012084961,0.5532553791999817,-1.248275876045227,0.1502237766981125,-0.1414175182580948,1.5694267749786377,-0.5587120652198792,-0.005940747447311878,-1.3263633251190186,-0.005763455294072628,0.17521890997886658,1.6058485507965088,-0.3207307755947113,0.10509505867958069,-0.12717625498771667,-0.04302525892853737,0.5191444754600525,-1.776394009590149,0.5520548224449158,-1.1504387855529785,1.1022570133209229,0.3493898808956146,0.007178623229265213,0.4340917468070984,-1.4849457740783691,-0.7717047929763794,0.9851377010345459,0.9973480105400085,-0.25508353114128113,0.002177902264520526,-0.3780660033226013
5.534801483154297,-0.8351527452468872,0.5122512578964233,0.028564943000674248,0.005918387323617935,-0.8351655602455139,0.5492244958877563,-1.2725715637207031,0.15154406428337097,-0.14399883151054382,1.5926334857940674,-0.5640637874603271,-0.009695148095488548,-1.3551888465881348,-0.0024539167061448097,0.17291419208049774,1.6272804737091064,-0.32245758175849915,0.10579312592744827,-0.12862467765808105,-0.04347599670290947,0.5194438695907593,-1.7755274772644043,0.5603585243225098,-1.1545695066452026,1.1056221723556519,0.35065850615501404,0.008663825690746307,0.43593698740005493,-1.4733107089996338,-0.7823731303215027,0.9774101972579956,0.9971714019775391,-0.2451050579547882,-0.0008406343404203653,-0.3848559260368347
5.537397384643555,-0.8327047228813171,0.5051805973052979,0.02767912857234478,0.00499246921390295,-0.8374904990196228,0.5457276105880737,-1.2879612445831299,0.15340830385684967,-0.14504143595695496,1.6080888509750366,-0.5677286982536316,-0.012281784787774086,-1.3743842840194702,-9.562773630023003e-05,0.17128053307533264,1.6412794589996338,-0.32409074902534485,0.10566923022270203,-0.13098706305027008,-0.043023500591516495,0.5196384787559509,-1.7707053422927856,0.5692653059959412,-1.156691074371338,1.1032307147979736,0.3532007932662964,0.010040074586868286,0.43836551904678345,-1.4548237323760986,-0.7939666509628296,0.9682062864303589,0.9915683269500732,-0.23758965730667114,-0.004697496071457863,-0.39011311531066895
5.540037631988525,-0.830228328704834,0.501636803150177,0.026047414168715477,0.003764021908864379,-0.839884877204895,0.5421262383460999,-1.2927528619766235,0.15632228553295135,-0.14393943548202515,1.6124136447906494,-0.566970944404602,-0.013960771262645721,-1.3815442323684692,0.00012172703281976283,0.16931185126304626,1.6446211338043213,-0.3239603340625763,0.10381215810775757,-0.13350380957126617,-0.04308702424168587,0.5197650194168091,-1.766861081123352,0.5780272483825684,-1.1568565368652344,1.1036816835403442,0.3555268347263336,0.011796493083238602,0.4415850043296814,-1.4386651515960693,-0.8046324253082275,0.9600762128829956,0.9841991066932678,-0.23338398337364197,-0.008440125733613968,-0.3950040936470032
5.5424699783325195,-0.8282016515731812,0.5014470815658569,0.02356962487101555,0.0024674502201378345,-0.8414714932441711,0.5397815108299255,-1.2865262031555176,0.15926066040992737,-0.1418166607618332,1.6088992357254028,-0.5646603107452393,-0.014674216508865356,-1.3762987852096558,8.023747068364173e-05,0.16898348927497864,1.6399588584899902,-0.3238936960697174,0.10276764631271362,-0.13700063526630402,-0.04205138981342316,0.5198472738265991,-1.7569234371185303,0.5851898789405823,-1.1545562744140625,1.0952684879302979,0.35986435413360596,0.013103840872645378,0.4468512535095215,-1.416926383972168,-0.8154810667037964,0.9499432444572449,0.9710733294487,-0.232494056224823,-0.013113106600940228,-0.3973122835159302
5.544764995574951,-0.8264278173446655,0.5052430033683777,0.0207538902759552,0.001047072117216885,-0.8427238464355469,0.5379448533058167,-1.2690935134887695,0.16226181387901306,-0.136922687292099,1.5940945148468018,-0.5598036050796509,-0.013821573927998543,-1.3586163520812988,-0.0016599565278738737,0.1679505705833435,1.6229894161224365,-0.3224296569824219,0.1005440205335617,-0.1405561864376068,-0.04038723558187485,0.5199007391929626,-1.750619649887085,0.5893608331680298,-1.152408242225647,1.0892465114593506,0.36485573649406433,0.014692721888422966,0.45103150606155396,-1.3987557888031006,-0.8253142237663269,0.9422708749771118,0.9619349241256714,-0.23414072394371033,-0.01693739742040634,-0.39737263321876526
5.546878814697266,-0.8247079253196716,0.5123220086097717,0.017690809443593025,-0.00013098272029310465,-0.8432139158248901,0.5372870564460754,-1.243165373802185,0.16498741507530212,-0.13092030584812164,1.570203185081482,-0.5530523061752319,-0.012028978206217289,-1.3303309679031372,-0.004570028744637966,0.16805598139762878,1.5963702201843262,-0.3201912045478821,0.099342480301857,-0.14472439885139465,-0.037593916058540344,0.5199354887008667,-1.7447454929351807,0.5960718393325806,-1.1526278257369995,1.0798417329788208,0.37190479040145874,0.014865981414914131,0.4547930061817169,-1.3825368881225586,-0.8394029140472412,0.9365657567977905,0.9491055607795715,-0.2377065122127533,-0.021988438442349434,-0.395062655210495
5.548783779144287,-0.8231731057167053,0.5222532749176025,0.013943704776465893,-0.001501616439782083,-0.8437713980674744,0.5365195274353027,-1.2086645364761353,0.16789045929908752,-0.1222350001335144,1.5371387004852295,-0.5435899496078491,-0.008772403001785278,-1.2922210693359375,-0.008883492089807987,0.16675612330436707,1.5602498054504395,-0.3161030411720276,0.09752751886844635,-0.14865010976791382,-0.03442959487438202,0.5199580788612366,-1.7474831342697144,0.6003564596176147,-1.1544623374938965,1.075473427772522,0.3778779208660126,0.014317911118268967,0.4565209150314331,-1.375198245048523,-0.851722240447998,0.9347476959228516,0.9468287229537964,-0.24297946691513062,-0.024722866714000702,-0.3901468515396118
5.55045747756958,-0.8222822546958923,0.535072922706604,0.009686666540801525,-0.0026357928290963173,-0.8440384864807129,0.5361886620521545,-1.165217638015747,0.1704382747411728,-0.11234281957149506,1.495408535003662,-0.5316057205200195,-0.004757276736199856,-1.2435568571090698,-0.014439614489674568,0.1660645306110382,1.5150951147079468,-0.311657190322876,0.09611921012401581,-0.15013307332992554,-0.028771454468369484,0.5199727416038513,-1.7479076385498047,0.59855055809021,-1.1539032459259033,1.0744853019714355,0.38204240798950195,0.012789575383067131,0.4569976329803467,-1.3812602758407593,-0.8579936027526855,0.9358075857162476,0.9544093608856201,-0.24801579117774963,-0.0261019729077816,-0.38297519087791443
5.551476001739502,-0.821936845779419,0.5517405271530151,0.004912723787128925,-0.003987244796007872,-0.8445432782173157,0.5354498624801636,-1.1099286079406738,0.17317572236061096,-0.09979621320962906,1.4396253824234009,-0.5178613662719727,0.0008726050145924091,-1.1812801361083984,-0.0219038724899292,0.16148270666599274,1.4555201530456543,-0.30703458189964294,0.09393499791622162,-0.15149326622486115,-0.025683728978037834,0.5199822783470154,-1.7547868490219116,0.6002143621444702,-1.1569064855575562,1.074570894241333,0.38593772053718567,0.00940706767141819,0.4560474157333374,-1.396244764328003,-0.8648524284362793,0.9433146715164185,0.9566093683242798,-0.25394538044929504,-0.029513467103242874,-0.37411779165267944
5.551896095275879,-0.8228548169136047,0.5707157254219055,0.0003901658346876502,-0.004586708731949329,-0.8445960879325867,0.5353841781616211,-1.0459486246109009,0.1754125952720642,-0.08698560297489166,1.3729872703552246,-0.5013461112976074,0.00737634627148509,-1.1107416152954102,-0.029081877321004868,0.15743279457092285,1.3885931968688965,-0.3021925687789917,0.09383313357830048,-0.15319505333900452,-0.02321595326066017,0.519988477230072,-1.7561347484588623,0.6014128923416138,-1.1575839519500732,1.0786107778549194,0.3886619210243225,0.0050313170067965984,0.4536340832710266,-1.4110774993896484,-0.8671700358390808,0.9507853388786316,0.9613572359085083,-0.2599709630012512,-0.032311707735061646,-0.36324289441108704
5.5514984130859375,-0.8255482912063599,0.5933355093002319,-0.004461309406906366,-0.0052906833589077,-0.8447093963623047,0.5351805090904236,-0.9674535989761353,0.17751628160476685,-0.07219399511814117,1.2876192331314087,-0.48112916946411133,0.014221224933862686,-1.02601957321167,-0.03741917014122009,0.15045398473739624,1.304883599281311,-0.29436737298965454,0.09388501942157745,-0.1552504003047943,-0.02226864919066429,0.516085684299469,-1.7569067478179932,0.6025527715682983,-1.1561810970306396,1.0839852094650269,0.38855063915252686,-0.00032690446823835373,0.4491284489631653,-1.4261500835418701,-0.8648257255554199,0.9583077430725098,0.9621530771255493,-0.2653847932815552,-0.03561864420771599,-0.35081321001052856
5.550552845001221,-0.830963134765625,0.6166902780532837,-0.008882529102265835,-0.004698950331658125,-0.8447429537773132,0.5350779294967651,-0.8815205693244934,0.18060864508152008,-0.05802634358406067,1.191758632659912,-0.45927321910858154,0.021367553621530533,-0.9366743564605713,-0.04399894177913666,0.14521315693855286,1.21506667137146,-0.2835035026073456,0.09815943241119385,-0.16012787818908691,-0.020545538514852524,0.5072849988937378,-1.7499377727508545,0.610158383846283,-1.1585633754730225,1.0907684564590454,0.39111649990081787,-0.006893094629049301,0.44097477197647095,-1.4296042919158936,-0.8696741461753845,0.9659653902053833,0.9535419940948486,-0.2721649408340454,-0.04258628562092781,-0.33674001693725586
5.548402786254883,-0.8392940759658813,0.6416035890579224,-0.01278360839933157,-0.0037934116553515196,-0.844931960105896,0.5347076058387756,-0.7845994234085083,0.1833556592464447,-0.04127752408385277,1.0773437023162842,-0.4322681427001953,0.028217867016792297,-0.8393721580505371,-0.05050414055585861,0.1378638744354248,1.1094582080841064,-0.2662016451358795,0.1015603318810463,-0.167030468583107,-0.01745712012052536,0.48878663778305054,-1.7356781959533691,0.6180135011672974,-1.1561672687530518,1.0975322723388672,0.39204758405685425,-0.015002487227320671,0.42933738231658936,-1.4215986728668213,-0.8763147592544556,0.9670581817626953,0.9409335255622864,-0.2770210802555084,-0.05006387084722519,-0.3203563988208771
5.545873165130615,-0.850074052810669,0.6641238927841187,-0.016306543722748756,-0.0029585682787001133,-0.845106840133667,0.534340500831604,-0.6894084215164185,0.18386447429656982,-0.025290079414844513,0.9670889973640442,-0.4047289192676544,0.03409916162490845,-0.7454278469085693,-0.05584678798913956,0.13341732323169708,1.0087229013442993,-0.24726511538028717,0.10416185855865479,-0.17322690784931183,-0.014699622057378292,0.46648135781288147,-1.7148593664169312,0.6145964860916138,-1.1496076583862305,1.0957045555114746,0.39157402515411377,-0.024491041898727417,0.41632726788520813,-1.4067301750183105,-0.873039186000824,0.9648820161819458,0.9175740480422974,-0.28265878558158875,-0.057362016290426254,-0.30338335037231445
5.543122291564941,-0.8627899289131165,0.685472309589386,-0.018708929419517517,-0.0020500433165580034,-0.8452996015548706,0.5339609980583191,-0.5980031490325928,0.1817101687192917,-0.008724813349545002,0.8585468530654907,-0.3761131167411804,0.03945780545473099,-0.6543999314308167,-0.06121973693370819,0.13121604919433594,0.904889702796936,-0.2234809696674347,0.109067901968956,-0.1783258020877838,-0.011232482269406319,0.4383486211299896,-1.6883316040039062,0.6114988923072815,-1.1409109830856323,1.0897200107574463,0.3904961347579956,-0.0340348482131958,0.4026811420917511,-1.387403964996338,-0.8724664449691772,0.9625862836837769,0.8877255916595459,-0.289756715297699,-0.06467203795909882,-0.28499841690063477
5.540823459625244,-0.8763855695724487,0.7033263444900513,-0.020344015210866928,-0.0008117544930428267,-0.8453813791275024,0.5337750911712646,-0.5173786282539368,0.17770856618881226,0.0065166279673576355,0.7627344727516174,-0.3491707444190979,0.04415439814329147,-0.5749766826629639,-0.06589111685752869,0.1322004497051239,0.8132328391075134,-0.2003476321697235,0.11345034837722778,-0.18144366145133972,-0.008222131989896297,0.41266167163848877,-1.6679575443267822,0.6031144261360168,-1.1352205276489258,1.086645245552063,0.39129310846328735,-0.04138763248920441,0.3880780339241028,-1.3721457719802856,-0.8727504014968872,0.9641711711883545,0.8709266781806946,-0.30095407366752625,-0.066091388463974,-0.2651636004447937
5.538398265838623,-0.8908839225769043,0.7182446718215942,-0.021127324551343918,0.0003886571212206036,-0.8453477025032043,0.5337984561920166,-0.44340646266937256,0.1721242070198059,0.02097424305975437,0.6728039383888245,-0.3240963816642761,0.04734757915139198,-0.49910768866539,-0.07197175920009613,0.1331750750541687,0.7214082479476929,-0.17564012110233307,0.11695022881031036,-0.18639212846755981,-0.005172145552933216,0.38322028517723083,-1.6415319442749023,0.5934168696403503,-1.1249146461486816,1.064257025718689,0.39130765199661255,-0.05115272104740143,0.3734910190105438,-1.3521478176116943,-0.8804786205291748,0.9589130878448486,0.827988862991333,-0.3081425726413727,-0.07173851132392883,-0.2460058480501175
5.535866737365723,-0.9053220748901367,0.7296697497367859,-0.02144109085202217,0.0023806472308933735,-0.8452931642532349,0.5338670611381531,-0.38382211327552795,0.16794899106025696,0.03364662453532219,0.6008434295654297,-0.3032878637313843,0.049712181091308594,-0.43962809443473816,-0.07615607231855392,0.13342922925949097,0.6540000438690186,-0.15649709105491638,0.11572478711605072,-0.18915951251983643,-0.0028503232169896364,0.35781264305114746,-1.6237025260925293,0.5730192065238953,-1.1178717613220215,1.0481306314468384,0.3929905295372009,-0.05680498480796814,0.3591259717941284,-1.3342562913894653,-0.886865496635437,0.9524680972099304,0.8097231388092041,-0.3171868920326233,-0.06969637423753738,-0.2296179234981537
5.533301830291748,-0.9197540283203125,0.7395329475402832,-0.021551258862018585,0.005012148525565863,-0.8445344567298889,0.5350438356399536,-0.32749316096305847,0.1649511754512787,0.04718638211488724,0.5303176641464233,-0.284166544675827,0.05063294619321823,-0.38412582874298096,-0.07999327778816223,0.13386580348014832,0.5882548689842224,-0.13798268139362335,0.11609421670436859,-0.19447138905525208,0.0032048842404037714,0.32801035046577454,-1.6007184982299805,0.5537325143814087,-1.1069839000701904,1.0309571027755737,0.39142054319381714,-0.0633380264043808,0.34565502405166626,-1.3046374320983887,-0.8914681673049927,0.9388188123703003,0.7843738198280334,-0.3205353617668152,-0.07200855016708374,-0.21700909733772278
5.5304107666015625,-0.9339755773544312,0.747101902961731,-0.02127673104405403,0.007687339559197426,-0.8429341912269592,0.5375407934188843,-0.28080257773399353,0.1624733805656433,0.05948229879140854,0.47004276514053345,-0.26736676692962646,0.05126404017210007,-0.33683034777641296,-0.08479107171297073,0.1302335113286972,0.5329739451408386,-0.12147342413663864,0.11402320861816406,-0.19955338537693024,0.00679900124669075,0.30031299591064453,-1.581986904144287,0.5388073921203613,-1.09712553024292,1.0167171955108643,0.39043182134628296,-0.06786175072193146,0.33277589082717896,-1.2624777555465698,-0.9024643301963806,0.9167748689651489,0.7532209753990173,-0.32336893677711487,-0.07358694076538086,-0.20594114065170288
5.527176856994629,-0.9470334053039551,0.7531465291976929,-0.02084311470389366,0.010247459635138512,-0.8400056958198547,0.5420802235603333,-0.23994000256061554,0.16132070124149323,0.07204079627990723,0.41534119844436646,-0.25121262669563293,0.04973829165101051,-0.29552558064460754,-0.08958923816680908,0.12446726113557816,0.48467814922332764,-0.10748382657766342,0.10985669493675232,-0.20666275918483734,0.010017503052949905,0.2729324400424957,-1.5681331157684326,0.5114924311637878,-1.0860614776611328,1.0004615783691406,0.3848070800304413,-0.07028809189796448,0.32158178091049194,-1.2208340167999268,-0.903207540512085,0.8909746408462524,0.7092691659927368,-0.32321760058403015,-0.07459992915391922,-0.1984649896621704
5.523656368255615,-0.9589980840682983,0.7578967213630676,-0.02089020423591137,0.012483499944210052,-0.8356915712356567,0.5486596822738647,-0.2035997062921524,0.16131632030010223,0.08487899601459503,0.36432966589927673,-0.2352364957332611,0.048058994114398956,-0.26141172647476196,-0.09236202389001846,0.11632645130157471,0.44437938928604126,-0.0948045402765274,0.10418431460857391,-0.21602967381477356,0.011622932739555836,0.24770481884479523,-1.5616135597229004,0.4838789105415344,-1.077506422996521,1.0005218982696533,0.37963634729385376,-0.06940764933824539,0.3103658854961395,-1.1839420795440674,-0.9056218266487122,0.8673887252807617,0.6691603660583496,-0.3231372833251953,-0.07443822920322418,-0.19156940281391144
5.52012825012207,-0.9697364568710327,0.7617752552032471,-0.0212110485881567,0.014647779054939747,-0.8296329975128174,0.5577137470245361,-0.17013618350028992,0.16194429993629456,0.09565349668264389,0.31635409593582153,-0.22002339363098145,0.04543358460068703,-0.23343080282211304,-0.09365114569664001,0.10930348932743073,0.4128992259502411,-0.0844029113650322,0.09955182671546936,-0.22664058208465576,0.014605301432311535,0.22235606610774994,-1.5567209720611572,0.4545096457004547,-1.0703033208847046,1.0028421878814697,0.37337517738342285,-0.06879903376102448,0.2997758090496063,-1.1533311605453491,-0.9143691658973694,0.8473531007766724,0.6378346681594849,-0.3220423460006714,-0.07353514432907104,-0.18337160348892212
5.516696929931641,-0.9796099662780762,0.7645190358161926,-0.021953962743282318,0.016100658103823662,-0.8222227096557617,0.5685144066810608,-0.14198020100593567,0.16246557235717773,0.10708976536989212,0.27558407187461853,-0.20731183886528015,0.044395171105861664,-0.21154449880123138,-0.09341371059417725,0.10018590092658997,0.3878493309020996,-0.0758795440196991,0.09297873079776764,-0.23711059987545013,0.01506996899843216,0.20044489204883575,-1.5533537864685059,0.4254191517829895,-1.0564616918563843,1.0089412927627563,0.36253392696380615,-0.06612524390220642,0.2947416305541992,-1.1353435516357422,-0.9186252355575562,0.8277426958084106,0.6062015891075134,-0.3181005120277405,-0.07220637798309326,-0.18156591057777405
5.51344108581543,-0.9878875613212585,0.7665253281593323,-0.022779393941164017,0.01730375923216343,-0.813965916633606,0.580207884311676,-0.11980894953012466,0.16334213316440582,0.11610649526119232,0.2440994381904602,-0.19729600846767426,0.04304541274905205,-0.1964629888534546,-0.09115078300237656,0.09164448827505112,0.37394437193870544,-0.07133086025714874,0.08306270837783813,-0.2484765499830246,0.014522010460495949,0.18390291929244995,-1.5483734607696533,0.397352933883667,-1.0373790264129639,1.0220260620117188,0.349213182926178,-0.0610862597823143,0.2931264638900757,-1.1180686950683594,-0.9164987802505493,0.8041344881057739,0.5899703502655029,-0.31208252906799316,-0.06750460714101791,-0.18495020270347595
5.510156631469727,-0.9949581623077393,0.767730176448822,-0.02353283390402794,0.017457155510783195,-0.806481659412384,0.590532660484314,-0.10158075392246246,0.16330865025520325,0.12616002559661865,0.21739926934242249,-0.18871526420116425,0.041084617376327515,-0.18609896302223206,-0.08801276981830597,0.08025965839624405,0.3602118194103241,-0.06661245226860046,0.07319626957178116,-0.2557820677757263,0.011730438098311424,0.1706623136997223,-1.5399878025054932,0.3703814148902893,-1.0181890726089478,1.0405343770980835,0.335649698972702,-0.05520399287343025,0.29312071204185486,-1.111598014831543,-0.9046363830566406,0.7885581851005554,0.5872402787208557,-0.30761587619781494,-0.06146528571844101,-0.1877419352531433
5.507602691650391,-1.001455307006836,0.7685437798500061,-0.024142319336533546,0.017715884372591972,-0.7994691133499146,0.5999602675437927,-0.08633318543434143,0.16447213292121887,0.13621309399604797,0.1957334727048874,-0.1829751580953598,0.04114649444818497,-0.1776147484779358,-0.08625831454992294,0.07045287638902664,0.3512253761291504,-0.06412187218666077,0.06687875092029572,-0.26602664589881897,0.010983108542859554,0.15858209133148193,-1.5348734855651855,0.34897521138191223,-1.0002918243408203,1.0562446117401123,0.3202795088291168,-0.051160573959350586,0.2945863902568817,-1.1065375804901123,-0.8883693218231201,0.7770073413848877,0.5733098387718201,-0.30231010913848877,-0.058887727558612823,-0.1919926404953003
5.50594425201416,-1.007354736328125,0.7689192295074463,-0.025141777470707893,0.017693758010864258,-0.793411910533905,0.6079081892967224,-0.07427014410495758,0.16630540788173676,0.1485159993171692,0.17896811664104462,-0.1797635704278946,0.043295830488204956,-0.17319191992282867,-0.08511820435523987,0.06014715135097504,0.3465380072593689,-0.06240256130695343,0.06199787184596062,-0.2760094106197357,0.010602179914712906,0.15003418922424316,-1.5302093029022217,0.3294025659561157,-0.9820818901062012,1.0699597597122192,0.30429279804229736,-0.04772993177175522,0.29841724038124084,-1.101747751235962,-0.8652210831642151,0.7679577469825745,0.5607330203056335,-0.29827070236206055,-0.0561029389500618,-0.19705334305763245
5.505788803100586,-1.0126785039901733,0.7690178155899048,-0.026145929470658302,0.017957061529159546,-0.7890841364860535,0.6134656667709351,-0.06591533124446869,0.1690351516008377,0.16071200370788574,0.1675223410129547,-0.1795007735490799,0.047043684870004654,-0.17074893414974213,-0.0859253853559494,0.05114253610372543,0.3464565873146057,-0.06304126977920532,0.05823313444852829,-0.288993239402771,0.010941487736999989,0.14483760297298431,-1.527827262878418,0.3158605992794037,-0.968124270439148,1.079268455505371,0.29069361090660095,-0.045384131371974945,0.30207157135009766,-1.0960837602615356,-0.8468953371047974,0.7604460716247559,0.5361749529838562,-0.2939511239528656,-0.05661396309733391,-0.20180565118789673
5.506922721862793,-1.0176433324813843,0.7690240144729614,-0.027295371517539024,0.01851079985499382,-0.7872797250747681,0.6157132983207703,-0.060261085629463196,0.1720789521932602,0.17189309000968933,0.15878276526927948,-0.1798577904701233,0.051257021725177765,-0.17121730744838715,-0.08737644553184509,0.04349106550216675,0.3482515811920166,-0.061920858919620514,0.05699335038661957,-0.29799675941467285,0.011894607916474342,0.14335037767887115,-1.5256023406982422,0.3132854104042053,-0.9602005481719971,1.0819668769836426,0.2811528742313385,-0.044902876019477844,0.3044685125350952,-1.0910162925720215,-0.8360080718994141,0.7567422986030579,0.5144500136375427,-0.2898227572441101,-0.05747327581048012,-0.20340591669082642
5.509317874908447,-1.0219188928604126,0.7688499093055725,-0.02828788384795189,0.019510937854647636,-0.7876729965209961,0.6151345372200012,-0.0579642727971077,0.17703181505203247,0.18559972941875458,0.15403826534748077,-0.18209156394004822,0.05502746254205704,-0.17283514142036438,-0.09214489161968231,0.03398584574460983,0.3520874083042145,-0.06188908591866493,0.055870022624731064,-0.30636006593704224,0.011905916035175323,0.1455107033252716,-1.5185303688049316,0.3107494115829468,-0.9543471336364746,1.067781925201416,0.2745600938796997,-0.04649617522954941,0.3071229159832001,-1.0812304019927979,-0.8305450677871704,0.752504289150238,0.4800061583518982,-0.2841678857803345,-0.061675164848566055,-0.20332804322242737
5.5125579833984375,-1.0257604122161865,0.7685149908065796,-0.028794728219509125,0.020459698513150215,-0.7913901209831238,0.6102901101112366,-0.05995488911867142,0.18195775151252747,0.1979072391986847,0.15554645657539368,-0.1855756640434265,0.060319557785987854,-0.1762256771326065,-0.09785737097263336,0.02608536183834076,0.35677003860473633,-0.06127713620662689,0.05500108748674393,-0.3121592402458191,0.009876761585474014,0.15145567059516907,-1.515826940536499,0.31462085247039795,-0.9507083892822266,1.0539071559906006,0.26896899938583374,-0.047129206359386444,0.3095950782299042,-1.0649030208587646,-0.8288580179214478,0.7481906414031982,0.44874870777130127,-0.2784498631954193,-0.06539192795753479,-0.20122908055782318
5.517064571380615,-1.0292177200317383,0.7678099870681763,-0.028318684548139572,0.021695420145988464,-0.7985818982124329,0.6008280515670776,-0.07352393865585327,0.18743909895420074,0.20776110887527466,0.1725013107061386,-0.1929616779088974,0.0700615644454956,-0.18538647890090942,-0.10539822280406952,0.019843023270368576,0.37300124764442444,-0.06585777550935745,0.052903927862644196,-0.30940982699394226,0.006377039011567831,0.16372203826904297,-1.5206081867218018,0.3233761489391327,-0.9536235928535461,1.0408986806869507,0.2661304473876953,-0.04665083438158035,0.3127383589744568,-1.068135380744934,-0.8276118040084839,0.7522022128105164,0.43268465995788574,-0.2754113972187042,-0.06587673723697662,-0.2012915462255478
5.523352146148682,-1.0318009853363037,0.7669382095336914,-0.027318602427840233,0.023042481392621994,-0.8089719414710999,0.5867598652839661,-0.09117959439754486,0.19318510591983795,0.21722270548343658,0.19373038411140442,-0.2001447081565857,0.07910950481891632,-0.19739660620689392,-0.1140529066324234,0.015045059844851494,0.38974541425704956,-0.06867452710866928,0.05349486321210861,-0.3035198748111725,0.0027839625254273415,0.17846649885177612,-1.5306434631347656,0.33365145325660706,-0.9614635705947876,1.0355279445648193,0.2669305205345154,-0.04638238251209259,0.3139423727989197,-1.0777640342712402,-0.8285828232765198,0.7613832950592041,0.43890541791915894,-0.27394819259643555,-0.06500176340341568,-0.20156361162662506
5.532139778137207,-1.030146598815918,0.7653580904006958,-0.025949085131287575,0.02442815899848938,-0.8215504884719849,0.5690208077430725,-0.12037807703018188,0.20024174451828003,0.22312039136886597,0.23149362206459045,-0.21203932166099548,0.09176591038703918,-0.22039642930030823,-0.12217068672180176,0.010106810368597507,0.42683732509613037,-0.07847712934017181,0.052930571138858795,-0.28821632266044617,-0.0018351885955780745,0.20249268412590027,-1.543039083480835,0.34394553303718567,-0.9712998867034912,1.0278029441833496,0.26739010214805603,-0.04592170566320419,0.31925806403160095,-1.1033788919448853,-0.8177434802055359,0.7752604484558105,0.46301567554473877,-0.27228206396102905,-0.060757867991924286,-0.20956513285636902
5.541794776916504,-1.0268054008483887,0.7627429366111755,-0.024091335013508797,0.025133531540632248,-0.834560751914978,0.5498148202896118,-0.15900357067584991,0.2062738835811615,0.22351115942001343,0.28537261486053467,-0.2293977290391922,0.10636670887470245,-0.25339454412460327,-0.12871472537517548,0.008890283294022083,0.47625672817230225,-0.09138695895671844,0.051799848675727844,-0.2700638771057129,-0.008575322106480598,0.2288253903388977,-1.5604417324066162,0.35001689195632935,-0.9795129895210266,1.0318633317947388,0.26743409037590027,-0.04316067695617676,0.3274749517440796,-1.136267066001892,-0.7981815338134766,0.7926629781723022,0.5038491487503052,-0.27159565687179565,-0.05526848882436752,-0.22183507680892944
5.553029537200928,-1.022963047027588,0.7578034996986389,-0.022130850702524185,0.026778290048241615,-0.8472605347633362,0.5300403237342834,-0.220432847738266,0.21432572603225708,0.21158380806446075,0.37903451919555664,-0.262773334980011,0.12737604975700378,-0.325771689414978,-0.12970486283302307,0.01561160571873188,0.5876975059509277,-0.1168094053864479,0.05372142791748047,-0.2515367865562439,-0.018015755340456963,0.26623624563217163,-1.5844981670379639,0.3609629273414612,-0.9908181428909302,1.0285615921020508,0.26851561665534973,-0.03971097618341446,0.3437618613243103,-1.178514003753662,-0.7840197086334229,0.811980664730072,0.5556365251541138,-0.2695297300815582,-0.0495603121817112,-0.2417810559272766
5.564037322998047,-1.0188363790512085,0.750190258026123,-0.020371977239847183,0.026716118678450584,-0.8583175539970398,0.5120177268981934,-0.28611302375793457,0.21718166768550873,0.1947685033082962,0.48215657472610474,-0.3019675016403198,0.14552085101604462,-0.39841020107269287,-0.12943628430366516,0.022534910589456558,0.6827080249786377,-0.13649994134902954,0.054345183074474335,-0.22742600739002228,-0.028900396078824997,0.30277425050735474,-1.613354206085205,0.37639540433883667,-1.0010818243026733,1.0392718315124512,0.2715354561805725,-0.0348767451941967,0.3625074028968811,-1.2337719202041626,-0.7716299295425415,0.8356735110282898,0.6257081627845764,-0.2692776322364807,-0.041610632091760635,-0.26193660497665405
5.575047492980957,-1.01376211643219,0.7411395907402039,-0.01996709406375885,0.026292605325579643,-0.8673020005226135,0.49668627977371216,-0.3477051258087158,0.2166612446308136,0.17496319115161896,0.5758718252182007,-0.33893585205078125,0.15863975882530212,-0.4699077606201172,-0.12450239062309265,0.026632938534021378,0.7696685791015625,-0.1544545590877533,0.05068064481019974,-0.20044371485710144,-0.03511446714401245,0.3355971574783325,-1.6275277137756348,0.3885182738304138,-1.004234790802002,1.0490682125091553,0.27607184648513794,-0.029463889077305794,0.38185566663742065,-1.2827951908111572,-0.7535288333892822,0.851797342300415,0.7132775783538818,-0.2695003151893616,-0.03174218907952309,-0.2815014719963074
5.584706783294678,-1.008406162261963,0.7316983342170715,-0.019726771861314774,0.025340989232063293,-0.874398946762085,0.4841437339782715,-0.4023364782333374,0.21176782250404358,0.1530737280845642,0.6560338735580444,-0.3708531856536865,0.16536183655261993,-0.5316382050514221,-0.11751160770654678,0.030972536653280258,0.8354332447052002,-0.16613203287124634,0.05003606155514717,-0.17453178763389587,-0.03837219625711441,0.364814817905426,-1.6475279331207275,0.40205317735671997,-1.0161609649658203,1.0611491203308105,0.2854635715484619,-0.026306388899683952,0.39422136545181274,-1.3329546451568604,-0.7431525588035583,0.8705933094024658,0.8046684265136719,-0.2707858979701996,-0.022216524928808212,-0.29396817088127136
5.594002723693848,-1.0025886297225952,0.7184191942214966,-0.019028324633836746,0.02391570806503296,-0.8813799023628235,0.47141847014427185,-0.4707358777523041,0.20449396967887878,0.12561802566051483,0.7590526342391968,-0.40994685888290405,0.170430526137352,-0.5998153686523438,-0.10564949363470078,0.03995606303215027,0.9144190549850464,-0.18366022408008575,0.05076175555586815,-0.15627521276474,-0.04562961310148239,0.39689701795578003,-1.6780078411102295,0.417543888092041,-1.0341260433197021,1.075595498085022,0.29626137018203735,-0.0235590822994709,0.40641874074935913,-1.3796846866607666,-0.740810751914978,0.8877608776092529,0.8777221441268921,-0.2703735828399658,-0.014192869886755943,-0.30788689851760864
5.6022844314575195,-0.9958149194717407,0.7006421685218811,-0.017031962051987648,0.021352820098400116,-0.8886206150054932,0.45782899856567383,-0.5526345372200012,0.1932406723499298,0.09377869963645935,0.8800417184829712,-0.45106571912765503,0.16998733580112457,-0.6698781251907349,-0.09119671583175659,0.05128674581646919,0.9957770109176636,-0.20766544342041016,0.0483434721827507,-0.1411707103252411,-0.056111957877874374,0.4271257221698761,-1.7027090787887573,0.4355589747428894,-1.0480533838272095,1.0842900276184082,0.30765068531036377,-0.018581848591566086,0.42265161871910095,-1.4143716096878052,-0.7392294406890869,0.8961585164070129,0.9226652383804321,-0.2681920826435089,-0.007480822969228029,-0.32663559913635254
5.61039924621582,-0.9892754554748535,0.6820014715194702,-0.01310405507683754,0.019650856032967567,-0.8955895900726318,0.44425371289253235,-0.6353342533111572,0.1792670488357544,0.06225091964006424,0.9909189939498901,-0.4842231571674347,0.16586102545261383,-0.7425774335861206,-0.07419512420892715,0.06423315405845642,1.0717271566390991,-0.22920003533363342,0.050244636833667755,-0.1298637092113495,-0.061267878860235214,0.45066186785697937,-1.716325283050537,0.4590739607810974,-1.0636835098266602,1.076548457145691,0.3219038248062134,-0.013942448422312737,0.43816661834716797,-1.4320285320281982,-0.7411271333694458,0.9010387063026428,0.9509037733078003,-0.2676035761833191,-0.002934813965111971,-0.343330442905426
5.6179423332214355,-0.9831439852714539,0.6649636626243591,-0.009152976796030998,0.01767117530107498,-0.9018276929855347,0.43163731694221497,-0.7061457633972168,0.16340923309326172,0.03393357992172241,1.0812499523162842,-0.5074321031570435,0.15787726640701294,-0.8060767650604248,-0.057452209293842316,0.07584646344184875,1.1306999921798706,-0.2435133457183838,0.05212908983230591,-0.12189173698425293,-0.06427888572216034,0.46913594007492065,-1.7275390625,0.4769839346408844,-1.0747731924057007,1.0758776664733887,0.3329799771308899,-0.008712057024240494,0.4510396122932434,-1.4415137767791748,-0.7402795553207397,0.9040471911430359,0.973696231842041,-0.2667005956172943,0.0005747545510530472,-0.3584161400794983
5.6256208419799805,-0.9784291982650757,0.6485095620155334,-0.004447069950401783,0.016418371349573135,-0.9078683257102966,0.4189101457595825,-0.7748923301696777,0.14701616764068604,0.007920892909169197,1.160581111907959,-0.5232216715812683,0.14620167016983032,-0.8693802356719971,-0.040029678493738174,0.08667019754648209,1.1889028549194336,-0.2555079460144043,0.0545383095741272,-0.1161508858203888,-0.06560281664133072,0.4838595986366272,-1.7348674535751343,0.4870176911354065,-1.0835310220718384,1.0805785655975342,0.3434542417526245,-0.0029428573325276375,0.46160972118377686,-1.4489017724990845,-0.7351484894752502,0.907854437828064,0.9903231859207153,-0.26711922883987427,0.004312238655984402,-0.3725215196609497
5.6329498291015625,-0.974222719669342,0.63217693567276,0.0007079098140820861,0.015440251678228378,-0.9133894443511963,0.4067933261394501,-0.8411182761192322,0.1327151358127594,-0.013623841106891632,1.2345197200775146,-0.5365338921546936,0.13551358878612518,-0.9322323799133301,-0.024151263758540154,0.09480336308479309,1.2461342811584473,-0.26851633191108704,0.05463266372680664,-0.1119549423456192,-0.06732430309057236,0.4961458444595337,-1.7397878170013428,0.49030348658561707,-1.0912916660308838,1.0903843641281128,0.35295766592025757,0.0031215527560561895,0.46756845712661743,-1.457359790802002,-0.72661292552948,0.9130949974060059,1.006940484046936,-0.26603296399116516,0.00791725143790245,-0.38275954127311707
5.6404242515563965,-0.9708290696144104,0.6153496503829956,0.006404893007129431,0.015316072851419449,-0.9183154106140137,0.39550110697746277,-0.9097214937210083,0.11876760423183441,-0.03352878987789154,1.3053139448165894,-0.5470442175865173,0.12328717857599258,-1.0003838539123535,-0.0069396011531353,0.10269387066364288,1.3068549633026123,-0.2779594957828522,0.05665513128042221,-0.11046021431684494,-0.0681154653429985,0.5044947862625122,-1.7437846660614014,0.49186116456985474,-1.0993870496749878,1.1046359539031982,0.3592032194137573,0.007669202983379364,0.4689953327178955,-1.467868447303772,-0.718849778175354,0.9193584322929382,1.0213496685028076,-0.26271748542785645,0.010731717571616173,-0.3899744749069214
5.647528648376465,-0.9680506587028503,0.5988246202468872,0.011424295604228973,0.015182176604866982,-0.9225380420684814,0.3854381740093231,-0.97444748878479,0.10616347938776016,-0.04972360283136368,1.370497703552246,-0.555496096611023,0.11189790815114975,-1.0653939247131348,0.009328460320830345,0.10953313112258911,1.3627887964248657,-0.2845032513141632,0.05797732248902321,-0.10957418382167816,-0.06662880629301071,0.5099216103553772,-1.747253179550171,0.49442076683044434,-1.1055454015731812,1.1160341501235962,0.36302292346954346,0.011731332167983055,0.4685840606689453,-1.4767286777496338,-0.7131516337394714,0.9226142764091492,1.0357184410095215,-0.25544679164886475,0.01344328373670578,-0.39745965600013733
5.6543450355529785,-0.9659654498100281,0.5825388431549072,0.0158968735486269,0.0151302395388484,-0.9266303181648254,0.37533271312713623,-1.035841464996338,0.0955413430929184,-0.0637931376695633,1.4307714700698853,-0.5631641149520874,0.09897244721651077,-1.130150556564331,0.023653727024793625,0.11316542327404022,1.4171792268753052,-0.2883436679840088,0.06080232560634613,-0.10892238467931747,-0.06463555991649628,0.5134490132331848,-1.7491381168365479,0.4972856640815735,-1.11466646194458,1.1246497631072998,0.3666568994522095,0.01386036816984415,0.46511539816856384,-1.4875633716583252,-0.707051157951355,0.9302946925163269,1.0483464002609253,-0.2501990795135498,0.014987459406256676,-0.3998759388923645
5.660668849945068,-0.9647457599639893,0.5681290626525879,0.02008952386677265,0.015169121325016022,-0.930625319480896,0.36510661244392395,-1.0894875526428223,0.08535371720790863,-0.07473984360694885,1.4841876029968262,-0.5689123868942261,0.08613170683383942,-1.1875958442687988,0.03547811880707741,0.11484886705875397,1.4632372856140137,-0.28981244564056396,0.0630585327744484,-0.10864119976758957,-0.062393493950366974,0.5157418251037598,-1.752461314201355,0.4992797374725342,-1.1206985712051392,1.1306365728378296,0.3691648244857788,0.016234923154115677,0.46274372935295105,-1.4987457990646362,-0.7021076083183289,0.9356341361999512,1.0580346584320068,-0.243979811668396,0.016513220965862274,-0.40349406003952026
5.6661458015441895,-0.9639451503753662,0.5546590685844421,0.02359997108578682,0.015394099056720734,-0.9340385794639587,0.3560589551925659,-1.138007402420044,0.07757251709699631,-0.08275510370731354,1.532196283340454,-0.5754252672195435,0.0747864693403244,-1.240290641784668,0.04324515536427498,0.11387316882610321,1.504972219467163,-0.2921769618988037,0.06487777829170227,-0.10697190463542938,-0.060071177780628204,0.5172321796417236,-1.7552690505981445,0.5031255483627319,-1.1301275491714478,1.139145851135254,0.372344434261322,0.017424874007701874,0.45625022053718567,-1.5102887153625488,-0.6968907117843628,0.9456607699394226,1.0689126253128052,-0.2400805801153183,0.016986723989248276,-0.40110355615615845
5.670698165893555,-0.9635549783706665,0.5427185893058777,0.02490888722240925,0.015680460259318352,-0.937390923500061,0.3470330834388733,-1.1780188083648682,0.07360094785690308,-0.08742114901542664,1.572086215019226,-0.5817021131515503,0.06685538589954376,-1.2843825817108154,0.047332264482975006,0.11223489046096802,1.539564609527588,-0.2954248785972595,0.06469275057315826,-0.10519298166036606,-0.05693720281124115,0.5182008743286133,-1.7548675537109375,0.5050193071365356,-1.1359790563583374,1.1443378925323486,0.3767085075378418,0.01853376068174839,0.45139920711517334,-1.5194809436798096,-0.6898695230484009,0.9529818296432495,1.0761234760284424,-0.23756566643714905,0.016989676281809807,-0.3988053500652313
5.674455642700195,-0.9637181758880615,0.5325709581375122,0.02407480776309967,0.015483612194657326,-0.9404872059822083,0.33862149715423584,-1.2085816860198975,0.06961918622255325,-0.0916614830493927,1.6030170917510986,-0.5858359932899475,0.059595610946416855,-1.3178107738494873,0.0501810684800148,0.11061049997806549,1.563103437423706,-0.29605114459991455,0.0660758912563324,-0.10387205332517624,-0.054819393903017044,0.5188305377960205,-1.7513437271118164,0.5068686008453369,-1.1427366733551025,1.1499289274215698,0.38217586278915405,0.019609849900007248,0.4455583691596985,-1.5302278995513916,-0.6824550032615662,0.9630136489868164,1.083052396774292,-0.23730653524398804,0.01728491485118866,-0.3924315869808197
5.6776509284973145,-0.9642983675003052,0.524964451789856,0.023725703358650208,0.015408756211400032,-0.9433870315551758,0.3304852843284607,-1.2312756776809692,0.06511324644088745,-0.09679388999938965,1.6275591850280762,-0.5891534686088562,0.05093461275100708,-1.3419631719589233,0.05287554860115051,0.11097054183483124,1.581270694732666,-0.2973218858242035,0.06982177495956421,-0.10276354849338531,-0.052568219602108,0.5192398428916931,-1.7477980852127075,0.5091931819915771,-1.1502853631973267,1.1554986238479614,0.3889114260673523,0.020328320562839508,0.441071093082428,-1.5401588678359985,-0.6764793992042542,0.9744491577148438,1.0889580249786377,-0.24034085869789124,0.01702357456088066,-0.38613688945770264
5.68071985244751,-0.9649959802627563,0.5204414129257202,0.023302078247070312,0.015190361067652702,-0.945809006690979,0.32353004813194275,-1.2444968223571777,0.06229804828763008,-0.09943607449531555,1.6427192687988281,-0.5899584293365479,0.043025899678468704,-1.3542611598968506,0.05298476666212082,0.11059108376502991,1.5904730558395386,-0.2994990050792694,0.07399057596921921,-0.10178083926439285,-0.05071018636226654,0.5195058584213257,-1.7403182983398438,0.5111740827560425,-1.1551806926727295,1.160196304321289,0.39492690563201904,0.02042968198657036,0.4375128746032715,-1.5457499027252197,-0.6708395481109619,0.9825282692909241,1.0948200225830078,-0.2438133955001831,0.01595074124634266,-0.3803359568119049
5.683526039123535,-0.9658190011978149,0.5186025500297546,0.02190994657576084,0.01528908684849739,-0.9479272365570068,0.3173643946647644,-1.2487636804580688,0.06135879456996918,-0.09982157498598099,1.6499533653259277,-0.5893861055374146,0.03672708570957184,-1.3579446077346802,0.05139130353927612,0.11077043414115906,1.59181547164917,-0.30078163743019104,0.0767514556646347,-0.10181251913309097,-0.04836973175406456,0.5196787714958191,-1.7333366870880127,0.512790322303772,-1.1574251651763916,1.1627936363220215,0.3984304666519165,0.020044466480612755,0.4343361556529999,-1.5465738773345947,-0.6672646999359131,0.987587571144104,1.1002817153930664,-0.24701453745365143,0.014202606864273548,-0.37312114238739014
5.686221122741699,-0.9665474891662598,0.5190733075141907,0.019165800884366035,0.01487480103969574,-0.9499642848968506,0.31141507625579834,-1.2442692518234253,0.061412520706653595,-0.09799782931804657,1.6471596956253052,-0.5856993794441223,0.03073279559612274,-1.350338339805603,0.04711458459496498,0.10939277708530426,1.5817432403564453,-0.30066657066345215,0.07903431355953217,-0.10198406875133514,-0.04714454710483551,0.5197911858558655,-1.7249302864074707,0.5164124369621277,-1.1577070951461792,1.162961721420288,0.4020209312438965,0.019783582538366318,0.43268346786499023,-1.5458614826202393,-0.6658840179443359,0.9894855618476868,1.1023633480072021,-0.25012385845184326,0.01204592827707529,-0.3675357699394226
5.688885688781738,-0.9673864841461182,0.5215467810630798,0.01567109115421772,0.014755881391465664,-0.9520218968391418,0.30527201294898987,-1.233204960823059,0.06354185938835144,-0.09425710886716843,1.638939619064331,-0.5806195139884949,0.025842973962426186,-1.3345013856887817,0.04160858690738678,0.10931031405925751,1.5650205612182617,-0.2995377480983734,0.08158092945814133,-0.10319025814533234,-0.045592594891786575,0.5198642611503601,-1.7180147171020508,0.5195070505142212,-1.1564853191375732,1.1628315448760986,0.40415915846824646,0.01939980685710907,0.432278037071228,-1.546572208404541,-0.6662008762359619,0.9902455806732178,1.103081226348877,-0.25273698568344116,0.009935315698385239,-0.3620820641517639
5.691627502441406,-0.9680370092391968,0.5263108611106873,0.011606156826019287,0.01448029838502407,-0.9536508917808533,0.30034253001213074,-1.2142213582992554,0.0676877573132515,-0.08791953325271606,1.6206539869308472,-0.5746561884880066,0.02470359206199646,-1.309312105178833,0.03565949201583862,0.1088065654039383,1.5387756824493408,-0.29780083894729614,0.08333776891231537,-0.1049177348613739,-0.04368186742067337,0.5199117660522461,-1.7118029594421387,0.523293137550354,-1.153558611869812,1.158129096031189,0.4057227373123169,0.018379947170615196,0.43405139446258545,-1.5469523668289185,-0.6694155931472778,0.9893443584442139,1.1018966436386108,-0.2550202012062073,0.007303548976778984,-0.35798320174217224
5.694400787353516,-0.9697636365890503,0.5656572580337524,-0.006063144188374281,0.007172903977334499,-0.9573758244514465,0.28869253396987915,-1.0412629842758179,0.07965685427188873,-0.0747840628027916,1.5571601390838623,-0.5587247014045715,0.029261514544487,-1.1413192749023438,0.0002344772219657898,0.05823412537574768,1.529940128326416,-0.29642772674560547,0.07856608182191849,-0.06551214307546616,-0.029046228155493736,0.46368181705474854,-1.3286093473434448,0.6332436203956604,-1.0194752216339111,0.9629961848258972,0.3753480315208435,-0.019292009994387627,0.3378991186618805,-1.25071120262146,-0.6720219254493713,0.8458507657051086,0.9726653099060059,-0.30432260036468506,0.012173574417829514,-0.312028706073761
5.695430755615234,-0.9724036455154419,0.5892220735549927,-0.017074191942811012,0.0029049564618617296,-0.95960932970047,0.28080230951309204,-0.9274685978889465,0.08671176433563232,-0.06615722924470901,1.5153934955596924,-0.5489543080329895,0.03306160867214203,-1.0288004875183105,-0.02112819440662861,0.026564937084913254,1.5223747491836548,-0.2971392869949341,0.07680705934762955,-0.03936674818396568,-0.019272182136774063,0.42452749609947205,-1.0744327306747437,0.7061432600021362,-0.9338787794113159,0.8303155303001404,0.35878786444664,-0.04381118714809418,0.27423346042633057,-1.0544633865356445,-0.6743120551109314,0.7547466158866882,0.8935786485671997,-0.33955878019332886,0.016849111765623093,-0.2809041738510132
5.695341110229492,-0.9758284091949463,0.6043673157691956,-0.022936981171369553,0.0009303628467023373,-0.961229681968689,0.2747916579246521,-0.8523639440536499,0.09022256731987,-0.060209669172763824,1.4867668151855469,-0.5418522357940674,0.03507235273718834,-0.9532575607299805,-0.034637995064258575,0.006127220578491688,1.5157277584075928,-0.29814016819000244,0.07639247179031372,-0.021448103711009026,-0.012801148928701878,0.3981616497039795,-0.9052863717079163,0.751969575881958,-0.8801679611206055,0.7377890348434448,0.3483228385448456,-0.060805466026067734,0.23126474022865295,-0.9288803339004517,-0.6745613217353821,0.6970570683479309,0.8408332467079163,-0.36227601766586304,0.019172167405486107,-0.26073363423347473
5.694299221038818,-0.9800792336463928,0.6153185367584229,-0.02524545043706894,0.0003439037536736578,-0.9625876545906067,0.26979172229766846,-0.8007532358169556,0.09153962135314941,-0.055375490337610245,1.4634239673614502,-0.5351834297180176,0.035662196576595306,-0.899507999420166,-0.04333632439374924,-0.007239040452986956,1.5054395198822021,-0.29809829592704773,0.0766734927892685,-0.008878188207745552,-0.007926957681775093,0.3795583248138428,-0.789250373840332,0.7738990783691406,-0.8442466259002686,0.6771622896194458,0.3411267399787903,-0.07190252095460892,0.2027502954006195,-0.8483335375785828,-0.6695790886878967,0.6606941819190979,0.8136179447174072,-0.37752342224121094,0.02205473557114601,-0.24812525510787964
5.692624092102051,-0.9853254556655884,0.623663604259491,-0.025022873654961586,0.0012498702853918076,-0.9639866948127747,0.26476773619651794,-0.7650259733200073,0.09088148176670074,-0.05168822407722473,1.444819688796997,-0.5308712124824524,0.03670288622379303,-0.8599598407745361,-0.048680443316698074,-0.015402737073600292,1.4937325716018677,-0.29898712038993835,0.07806887477636337,-4.2218249291181564e-05,-0.0040619466453790665,0.3646981120109558,-0.7090397477149963,0.7889718413352966,-0.8219560384750366,0.6350865364074707,0.3371448516845703,-0.08080163598060608,0.18211904168128967,-0.7941599488258362,-0.6640536785125732,0.6400988101959229,0.7975873947143555,-0.3889304995536804,0.022786831483244896,-0.2378053069114685
5.690318584442139,-0.991297721862793,0.6308885812759399,-0.022921010851860046,0.0029984042048454285,-0.9654099941253662,0.25970977544784546,-0.738519549369812,0.08981076627969742,-0.04853271320462227,1.4270883798599243,-0.5264797210693359,0.036877624690532684,-0.8288911581039429,-0.05199913680553436,-0.020427491515874863,1.4790176153182983,-0.2996174991130829,0.0800376832485199,0.006374157965183258,-0.0007512151496484876,0.35267728567123413,-0.6518840789794922,0.8014072179794312,-0.8029773235321045,0.6169942617416382,0.3348037600517273,-0.08603113889694214,0.16887061297893524,-0.7552756667137146,-0.6600151658058167,0.6262205243110657,0.7943826913833618,-0.3974755108356476,0.023694656789302826,-0.22984807193279266
5.687417030334473,-0.9983713626861572,0.6378953456878662,-0.01950518786907196,0.005653989035636187,-0.9667983651161194,0.25473204255104065,-0.7169471383094788,0.08883257210254669,-0.04521901533007622,1.4078948497772217,-0.5217493176460266,0.03767608106136322,-0.802106499671936,-0.05522257089614868,-0.02364046312868595,1.4604058265686035,-0.29929834604263306,0.08254072815179825,0.011273832060396671,0.0020418833009898663,0.3414771556854248,-0.6097992062568665,0.8023061752319336,-0.790066123008728,0.6001363396644592,0.3325346112251282,-0.09076885879039764,0.15878382325172424,-0.7250388860702515,-0.6504503488540649,0.6209877729415894,0.7947759628295898,-0.4051377773284912,0.023898258805274963,-0.22104385495185852
5.684354782104492,-1.005661129951477,0.6447504758834839,-0.0153346573933959,0.00850116740912199,-0.9680370688438416,0.25019365549087524,-0.6980794072151184,0.08750087022781372,-0.042505256831645966,1.3857104778289795,-0.517223596572876,0.03817867487668991,-0.776809573173523,-0.057706207036972046,-0.025012686848640442,1.4354650974273682,-0.29789936542510986,0.08685939013957977,0.01502880360931158,0.00531400041654706,0.33193129301071167,-0.5763553380966187,0.8059086203575134,-0.7800916433334351,0.5841986536979675,0.3318466246128082,-0.09644422680139542,0.14891470968723297,-0.6967659592628479,-0.6431710124015808,0.6182697415351868,0.7946314215660095,-0.41297009587287903,0.02246338129043579,-0.21101340651512146
5.681036949157715,-1.0130293369293213,0.651265561580658,-0.010822024196386337,0.01133088767528534,-0.9693106412887573,0.24533933401107788,-0.6809499263763428,0.08636005967855453,-0.04010690748691559,1.363389492034912,-0.5121824741363525,0.03765828534960747,-0.7537285089492798,-0.059559475630521774,-0.026104673743247986,1.4099109172821045,-0.2953950762748718,0.08971215039491653,0.017233310267329216,0.00740403775125742,0.32419538497924805,-0.5504142045974731,0.8041199445724487,-0.7734891772270203,0.5691173076629639,0.33158937096595764,-0.10129467397928238,0.13990271091461182,-0.676369309425354,-0.6367548704147339,0.6175030469894409,0.7879617810249329,-0.4184466302394867,0.020113416016101837,-0.20124498009681702
5.67724084854126,-1.020401120185852,0.657986581325531,-0.006531081162393093,0.014114274643361568,-0.9705771803855896,0.24028770625591278,-0.6623265743255615,0.08601225167512894,-0.03747923672199249,1.3382830619812012,-0.5066078901290894,0.03760528936982155,-0.7304205298423767,-0.06125496327877045,-0.0279802605509758,1.3810406923294067,-0.29176467657089233,0.09225647151470184,0.018294285982847214,0.0075377533212304115,0.317531555891037,-0.5372707843780518,0.7967698574066162,-0.7729775905609131,0.5581738948822021,0.33178138732910156,-0.10469832271337509,0.13073579967021942,-0.6623031497001648,-0.6258354187011719,0.6238657236099243,0.7829836010932922,-0.4248273968696594,0.01834503374993801,-0.1894340217113495
5.673430442810059,-1.0279734134674072,0.6644114255905151,-0.0018212187569588423,0.017168397083878517,-0.9718294739723206,0.2350519448518753,-0.6447651386260986,0.08601905405521393,-0.03464975208044052,1.312902569770813,-0.5024280548095703,0.037504661828279495,-0.7097381949424744,-0.06263434886932373,-0.03014734573662281,1.3530577421188354,-0.2884700298309326,0.09292794018983841,0.02018260583281517,0.006833071354776621,0.30981603264808655,-0.5304210782051086,0.7823584079742432,-0.7745133638381958,0.5533286333084106,0.33217406272888184,-0.10636143386363983,0.12479932606220245,-0.6580477356910706,-0.6105380654335022,0.6354285478591919,0.7797894477844238,-0.4313158392906189,0.017302341759204865,-0.17860178649425507
5.669620990753174,-1.0354676246643066,0.6708498001098633,0.002741709351539612,0.02022661082446575,-0.9730932116508484,0.22950614988803864,-0.6265093088150024,0.08655451983213425,-0.03151156008243561,1.2855225801467896,-0.4982104003429413,0.03694773465394974,-0.6897203326225281,-0.06369297951459885,-0.03232674300670624,1.32523775100708,-0.2860117256641388,0.09352052211761475,0.021437179297208786,0.006313459947705269,0.30441924929618835,-0.5245375633239746,0.7631866931915283,-0.771172821521759,0.5594789981842041,0.3316575586795807,-0.10624171793460846,0.12149953842163086,-0.65298992395401,-0.5927108526229858,0.6443297863006592,0.7796010971069336,-0.4363589882850647,0.01649550348520279,-0.16880321502685547
5.665875434875488,-1.0433467626571655,0.6774543523788452,0.006911443546414375,0.023236814886331558,-0.9744840860366821,0.22314372658729553,-0.6071829795837402,0.08810478448867798,-0.0279964841902256,1.2553402185440063,-0.4928116202354431,0.035472143441438675,-0.6705230474472046,-0.06536784768104553,-0.03445065766572952,1.298008918762207,-0.28237706422805786,0.09362226724624634,0.02201497182250023,0.006536176893860102,0.2990207076072693,-0.5208010673522949,0.7441926598548889,-0.7650611996650696,0.5730897188186646,0.3312208354473114,-0.10510989278554916,0.1203707680106163,-0.6472312808036804,-0.5775519609451294,0.6512694358825684,0.7832452058792114,-0.4407345652580261,0.016570456326007843,-0.15974637866020203
5.662038326263428,-1.0512137413024902,0.6840745210647583,0.010708510875701904,0.026059605181217194,-0.9760803580284119,0.21557685732841492,-0.587471604347229,0.09058963507413864,-0.023700155317783356,1.2221612930297852,-0.48700642585754395,0.034228112548589706,-0.6523613929748535,-0.06814506649971008,-0.03698376938700676,1.2719855308532715,-0.2795552611351013,0.09343549609184265,0.02195044793188572,0.007710064761340618,0.2931104004383087,-0.5161072611808777,0.7219313383102417,-0.7537614107131958,0.5905781388282776,0.32837775349617004,-0.10271413624286652,0.12137919664382935,-0.6386913061141968,-0.5624957084655762,0.6541361808776855,0.7848953604698181,-0.4426026940345764,0.016909023746848106,-0.15172725915908813
5.6582441329956055,-1.0593019723892212,0.6906957626342773,0.01369293313473463,0.028565824031829834,-0.9776184558868408,0.20798732340335846,-0.567003607749939,0.09409618377685547,-0.017860015854239464,1.185898780822754,-0.4805658757686615,0.03424505889415741,-0.6352863907814026,-0.07176728546619415,-0.03937290608882904,1.2477110624313354,-0.27682217955589294,0.09255355596542358,0.01916489005088806,0.007764929905533791,0.2861599326133728,-0.5169727802276611,0.6952304840087891,-0.7464128732681274,0.6042410731315613,0.3255857825279236,-0.10055279731750488,0.12213939428329468,-0.6238324642181396,-0.5494632720947266,0.6545137166976929,0.7841222286224365,-0.44392019510269165,0.016974318772554398,-0.14369440078735352
5.654872894287109,-1.067103624343872,0.6977151036262512,0.016107425093650818,0.030986016616225243,-0.9786899089813232,0.20235224068164825,-0.5447406768798828,0.09862995147705078,-0.01062049251049757,1.1441104412078857,-0.4731106162071228,0.033307068049907684,-0.6176392436027527,-0.07540284842252731,-0.041400156915187836,1.220787763595581,-0.2729310095310211,0.09204618632793427,0.015184661373496056,0.0071702077984809875,0.27868062257766724,-0.524922251701355,0.6694661378860474,-0.7389601469039917,0.6267844438552856,0.3217734694480896,-0.09706084430217743,0.12321069836616516,-0.612529456615448,-0.5429309010505676,0.6488885879516602,0.7881525158882141,-0.4424710273742676,0.018822966143488884,-0.1378321498632431
5.648175239562988,-1.0760703086853027,0.7403076887130737,0.012042960152029991,0.036849264055490494,-0.9779795408248901,0.2050687074661255,-0.40417665243148804,0.1243150383234024,0.06161987781524658,0.8149834871292114,-0.3675127923488617,0.030772190541028976,-0.430349737405777,-0.11295998841524124,-0.016583390533924103,0.8521159887313843,-0.18000762164592743,0.09975257515907288,-0.01911131478846073,0.006749267689883709,0.2090788632631302,-0.8243106007575989,0.5941855907440186,-0.8070899844169617,0.7699868083000183,0.30935049057006836,-0.07697935402393341,0.1919071227312088,-0.80165696144104,-0.579137921333313,0.6855403184890747,0.8224164247512817,-0.3827265202999115,0.008763551712036133,-0.167523592710495
5.64030647277832,-1.0856854915618896,0.7607667446136475,0.008483407087624073,0.040706511586904526,-0.9782277345657349,0.20332635939121246,-0.29775333404541016,0.14131057262420654,0.11420638859272003,0.5885496139526367,-0.29484567046165466,0.026439011096954346,-0.29217925667762756,-0.14071527123451233,-0.007362667471170425,0.6011253595352173,-0.11845111846923828,0.10421282798051834,-0.03657538443803787,0.007207424379885197,0.1540011763572693,-1.0143301486968994,0.5406455993652344,-0.842194139957428,0.8649686574935913,0.28987401723861694,-0.06532993912696838,0.23612761497497559,-0.9289674758911133,-0.5960724353790283,0.7071698307991028,0.8440291881561279,-0.33843135833740234,0.0023454492911696434,-0.18401013314723969
5.631981372833252,-1.095231294631958,0.7707840800285339,0.006812357809394598,0.04360059276223183,-0.9791141748428345,0.19846411049365997,-0.2201213240623474,0.1535288244485855,0.155223548412323,0.4317949712276459,-0.24398085474967957,0.02303849533200264,-0.19267798960208893,-0.16056829690933228,-0.008470767177641392,0.4296216368675232,-0.07735209912061691,0.10593609511852264,-0.04551704227924347,0.00584676256403327,0.10835783928632736,-1.1305174827575684,0.502739429473877,-0.8517318964004517,0.9247660040855408,0.2651331126689911,-0.0563478097319603,0.26741233468055725,-1.0109236240386963,-0.5950246453285217,0.7170268893241882,0.8444032669067383,-0.3036307692527771,-0.001606799429282546,-0.1962512731552124
5.6240234375,-1.1043751239776611,0.7758945822715759,0.006443331949412823,0.04584181308746338,-0.9807912111282349,0.1894875019788742,-0.16232599318027496,0.1618475317955017,0.18973377346992493,0.32247135043144226,-0.2085513025522232,0.021686814725399017,-0.122417151927948,-0.17561417818069458,-0.014584073796868324,0.3139105439186096,-0.050750426948070526,0.10720226913690567,-0.05075433850288391,0.0022480192128568888,0.06821876019239426,-1.1907202005386353,0.47051936388015747,-0.8437756299972534,0.9577682614326477,0.23874011635780334,-0.04859372228384018,0.2909637689590454,-1.0595498085021973,-0.5777187943458557,0.7199341058731079,0.8384972810745239,-0.27721691131591797,-0.002655390650033951,-0.20513148605823517
5.616969108581543,-1.112966537475586,0.7784421443939209,0.006537152919918299,0.047547128051519394,-0.9827322959899902,0.17870034277439117,-0.11918634176254272,0.16775959730148315,0.2193537801504135,0.24527963995933533,-0.18477463722229004,0.021743793040513992,-0.07391488552093506,-0.18666446208953857,-0.024691391736268997,0.23626530170440674,-0.033730387687683105,0.10785062611103058,-0.05040217190980911,-0.0022490969859063625,0.034699372947216034,-1.2151689529418945,0.4422968029975891,-0.8255014419555664,0.9694313406944275,0.21275503933429718,-0.042472027242183685,0.3097723722457886,-1.087828516960144,-0.5474611520767212,0.7229830026626587,0.8263514637947083,-0.2585574984550476,-0.0026089930906891823,-0.21068832278251648
5.6109113693237305,-1.1206121444702148,0.7795738577842712,0.00682696420699358,0.048975683748722076,-0.9851751327514648,0.1642703115940094,-0.0895596444606781,0.1717185378074646,0.2449793517589569,0.19602490961551666,-0.1718427538871765,0.025141924619674683,-0.03820043057203293,-0.19516193866729736,-0.039050325751304626,0.18236754834651947,-0.023734107613563538,0.1066611260175705,-0.045029837638139725,-0.008325842209160328,0.007468728348612785,-1.197461485862732,0.41556987166404724,-0.7961146831512451,0.9558128714561462,0.1905653178691864,-0.03797408938407898,0.3264206647872925,-1.0889478921890259,-0.5111314058303833,0.7218027114868164,0.7983993887901306,-0.244559183716774,-0.003943361341953278,-0.21492214500904083
5.60671329498291,-1.1268479824066162,0.7799472808837891,0.006893955636769533,0.04971756786108017,-0.9876760840415955,0.14824484288692474,-0.07018788158893585,0.17331235110759735,0.2695419192314148,0.1655747890472412,-0.16526056826114655,0.03307005763053894,-0.014366038143634796,-0.20128782093524933,-0.05560660362243652,0.14755581319332123,-0.01954052224755287,0.10390438884496689,-0.03789587318897247,-0.015502522699534893,-0.01036125235259533,-1.1629008054733276,0.3877682089805603,-0.7650715708732605,0.9262908101081848,0.17327642440795898,-0.03600568696856499,0.3413015305995941,-1.0799877643585205,-0.4761652946472168,0.7216508388519287,0.760165274143219,-0.23743298649787903,-0.006683219224214554,-0.21739602088928223
5.604167461395264,-1.1324087381362915,0.7799582481384277,0.006720427423715591,0.050275057554244995,-0.9902245998382568,0.12993288040161133,-0.058159224689006805,0.1743534356355667,0.29283350706100464,0.14986073970794678,-0.16443751752376556,0.04352550953626633,0.0018736226484179497,-0.20560163259506226,-0.071174755692482,0.12306401878595352,-0.015718726441264153,0.10670749843120575,-0.03299011290073395,-0.023556645959615707,-0.021359838545322418,-1.0876362323760986,0.36748164892196655,-0.7326050400733948,0.8972011804580688,0.16642805933952332,-0.035682231187820435,0.34790077805519104,-1.0327417850494385,-0.44479304552078247,0.7224811315536499,0.7277162075042725,-0.23622533679008484,-0.012622132897377014,-0.20997300744056702
5.602838039398193,-1.1369704008102417,0.7797150611877441,0.006410849746316671,0.05039745569229126,-0.9924711585044861,0.11144495755434036,-0.04880664497613907,0.1744491159915924,0.31600525975227356,0.13723093271255493,-0.16454002261161804,0.054223064333200455,0.011446066200733185,-0.20823195576667786,-0.08867193013429642,0.10627652704715729,-0.014513165690004826,0.10864044725894928,-0.02955160103738308,-0.032682254910469055,-0.025008520111441612,-1.0100324153900146,0.33745527267456055,-0.7096731662750244,0.8707948327064514,0.1615457683801651,-0.0366782620549202,0.34914225339889526,-0.9794341325759888,-0.4094122350215912,0.7293052077293396,0.6912513971328735,-0.23806065320968628,-0.020096201449632645,-0.20051081478595734
5.602845191955566,-1.1417768001556396,0.7795169353485107,0.005588732659816742,0.050106436014175415,-0.994511604309082,0.09167724847793579,-0.042021628469228745,0.17186452448368073,0.33549076318740845,0.1313665211200714,-0.16547152400016785,0.06637042760848999,0.017170680686831474,-0.2087181806564331,-0.09712062776088715,0.09152208268642426,-0.008770312182605267,0.11678577214479446,-0.028442542999982834,-0.038149259984493256,-0.0244525708258152,-0.8912814259529114,0.3090314567089081,-0.6880279779434204,0.8731147646903992,0.16787707805633545,-0.04257690906524658,0.33588987588882446,-0.8650012016296387,-0.39157480001449585,0.7083728313446045,0.7014695405960083,-0.23724284768104553,-0.02941456064581871,-0.18543677031993866
5.6038713455200195,-1.1460208892822266,0.7792694568634033,0.0044647324830293655,0.04937804490327835,-0.9961708188056946,0.072011299431324,-0.035910025238990784,0.16831916570663452,0.3521135151386261,0.12411144375801086,-0.1637597382068634,0.07561956346035004,0.01921672746539116,-0.20763187110424042,-0.10417445003986359,0.07723093032836914,-0.0004930440336465836,0.12386937439441681,-0.026851516216993332,-0.0446866974234581,-0.017852947115898132,-0.7738752365112305,0.2878516614437103,-0.6637372970581055,0.8954062461853027,0.17691178619861603,-0.047650452703237534,0.3185047507286072,-0.7471637725830078,-0.3751436769962311,0.6793534755706787,0.738945484161377,-0.23683474957942963,-0.035230766981840134,-0.17261692881584167
5.604146957397461,-1.1510409116744995,0.7790326476097107,0.003971680998802185,0.048827651888132095,-0.997543215751648,0.05007508397102356,-0.03239622712135315,0.163312628865242,0.36571529507637024,0.11910314112901688,-0.16273072361946106,0.08370775729417801,0.01833702251315117,-0.20801332592964172,-0.11262626200914383,0.07157206535339355,0.0024347153957933187,0.12903325259685516,-0.02072014845907688,-0.05064990371465683,-0.008945522829890251,-0.6522347927093506,0.2531895637512207,-0.6519663333892822,0.950839638710022,0.19380541145801544,-0.05244535207748413,0.29095733165740967,-0.6225417852401733,-0.33638620376586914,0.6526509523391724,0.8343861103057861,-0.24263688921928406,-0.03684346377849579,-0.15897724032402039
5.606184005737305,-1.158507227897644,0.7754706144332886,-0.004660321865230799,0.04848187416791916,-0.9985316395759583,0.02371247671544552,-0.10124558955430984,0.14255836606025696,0.2955498993396759,0.32135239243507385,-0.2419707328081131,0.09468159079551697,-0.10117631405591965,-0.17771026492118835,-0.09274253994226456,0.38634252548217773,-0.08406268805265427,0.12164437770843506,-0.019255757331848145,-0.03217913582921028,0.08363635838031769,-0.5301554799079895,0.32720261812210083,-0.6366597414016724,0.8241337537765503,0.19520467519760132,-0.08078659325838089,0.22659815847873688,-0.5057047009468079,-0.4134107828140259,0.5797024369239807,0.8319140672683716,-0.2641538083553314,-0.0280368123203516,-0.14160434901714325
5.607405662536621,-1.1655610799789429,0.7669644355773926,-0.0050532217137515545,0.046556584537029266,-0.9988965392112732,0.003562358906492591,-0.16956782341003418,0.1257312148809433,0.24772116541862488,0.4804295003414154,-0.3060814142227173,0.10758651047945023,-0.1944253146648407,-0.16340887546539307,-0.07676813006401062,0.6079158186912537,-0.15034808218479156,0.12050938606262207,-0.019000602886080742,-0.02336272783577442,0.13494640588760376,-0.43687450885772705,0.37367895245552063,-0.6509655714035034,0.7048838138580322,0.19739556312561035,-0.10157544910907745,0.17065925896167755,-0.42441868782043457,-0.45231500267982483,0.5563445091247559,0.784056544303894,-0.28253450989723206,-0.030727650970220566,-0.11851547658443451
5.607182025909424,-1.1711695194244385,0.7593706846237183,0.001710909535177052,0.04555578529834747,-0.9988940954208374,-0.011505256406962872,-0.23026230931282043,0.115621417760849,0.21408435702323914,0.5902992486953735,-0.34600070118904114,0.11655378341674805,-0.2666275203227997,-0.15311703085899353,-0.06540345400571823,0.7525074481964111,-0.1908932626247406,0.1218562126159668,-0.02186545357108116,-0.01720656082034111,0.15990453958511353,-0.35722577571868896,0.4062783122062683,-0.6586324572563171,0.6067678332328796,0.19817796349525452,-0.11397628486156464,0.12707749009132385,-0.35759222507476807,-0.4706290364265442,0.5452734231948853,0.7164016962051392,-0.29299020767211914,-0.03426867350935936,-0.09442158788442612
5.607571601867676,-1.1774687767028809,0.7541638612747192,0.008490829728543758,0.04544725641608238,-0.9986120462417603,-0.025227507576346397,-0.2716498374938965,0.10884883999824524,0.18978159129619598,0.6565207839012146,-0.3691055476665497,0.12094763666391373,-0.31264808773994446,-0.1451195776462555,-0.056653302162885666,0.8393617868423462,-0.2142104208469391,0.12641362845897675,-0.02443603426218033,-0.011062116362154484,0.17428022623062134,-0.2973305881023407,0.42679107189178467,-0.6701368093490601,0.5261725187301636,0.19838745892047882,-0.12492477893829346,0.09399953484535217,-0.31238147616386414,-0.4756106734275818,0.54856938123703,0.6472368240356445,-0.299736887216568,-0.04033765196800232,-0.07435599714517593
5.608576774597168,-1.1843122243881226,0.7508336305618286,0.014261781238019466,0.04560496658086777,-0.9980663061141968,-0.03975578770041466,-0.2990822494029999,0.10390938818454742,0.17258745431900024,0.6968094110488892,-0.38263842463493347,0.12397532165050507,-0.34256231784820557,-0.1399572789669037,-0.049125827848911285,0.895362138748169,-0.22844910621643066,0.13279253244400024,-0.027675364166498184,-0.0062063876539468765,0.18323765695095062,-0.2579101026058197,0.44060617685317993,-0.691422700881958,0.4627673923969269,0.20213553309440613,-0.13488510251045227,0.06667468696832657,-0.2844047546386719,-0.47370779514312744,0.563215434551239,0.5883523225784302,-0.3068087100982666,-0.04727799445390701,-0.05757799744606018
5.610249996185303,-1.1916500329971313,0.748734712600708,0.01890891045331955,0.04593745619058609,-0.997296929359436,-0.05413799360394478,-0.3186928927898407,0.10061772167682648,0.15956559777259827,0.7229561805725098,-0.3899822235107422,0.12509575486183167,-0.3614579439163208,-0.13663350045681,-0.042643800377845764,0.9308527708053589,-0.2360895425081253,0.13848932087421417,-0.030930493026971817,-0.002311057411134243,0.1891755908727646,-0.233967125415802,0.44816604256629944,-0.7172178626060486,0.41746997833251953,0.20782500505447388,-0.14285708963871002,0.043969910591840744,-0.27050483226776123,-0.467617928981781,0.5797901749610901,0.5460657477378845,-0.31327956914901733,-0.05225202441215515,-0.04554247856140137
5.611553192138672,-1.1985201835632324,0.7472615242004395,0.022890470921993256,0.04596679285168648,-0.9961894750595093,-0.07049602270126343,-0.33254486322402954,0.09864209592342377,0.15013331174850464,0.740879476070404,-0.39539140462875366,0.1257835477590561,-0.37511616945266724,-0.1351379007101059,-0.03800264745950699,0.9570412635803223,-0.24128663539886475,0.14284196496009827,-0.03437577933073044,0.0006375650409609079,0.19211070239543915,-0.21879813075065613,0.4546281695365906,-0.7409564256668091,0.3852726221084595,0.21431174874305725,-0.1495279222726822,0.026034440845251083,-0.26250165700912476,-0.4634426236152649,0.5925220251083374,0.517383337020874,-0.31857597827911377,-0.05565844476222992,-0.0377170704305172
5.612476348876953,-1.2053654193878174,0.7466327548027039,0.026633089408278465,0.04628833383321762,-0.9948635697364807,-0.08599192649126053,-0.34227654337882996,0.09847234189510345,0.14379176497459412,0.7515314817428589,-0.3974955677986145,0.12468040734529495,-0.38520804047584534,-0.13494838774204254,-0.03441860154271126,0.9756147861480713,-0.24261678755283356,0.14678649604320526,-0.037954676896333694,0.003978736698627472,0.1940404176712036,-0.20709103345870972,0.46219414472579956,-0.7599177956581116,0.36513620615005493,0.2204783856868744,-0.15469376742839813,0.011620309203863144,-0.25730636715888977,-0.46192920207977295,0.6004172563552856,0.5010764598846436,-0.32232868671417236,-0.057412371039390564,-0.03249805420637131
5.613150119781494,-1.212057113647461,0.7460618019104004,0.030185207724571228,0.04668378829956055,-0.9936168789863586,-0.09815800189971924,-0.35106557607650757,0.09919542074203491,0.13895286619663239,0.7625160217285156,-0.399372935295105,0.12224216759204865,-0.3927993178367615,-0.13525298237800598,-0.03148118034005165,0.9893022179603577,-0.24343422055244446,0.14848951995372772,-0.04082413762807846,0.006787472404539585,0.19589988887310028,-0.19758132100105286,0.4685102701187134,-0.7710381746292114,0.3568539619445801,0.2261403352022171,-0.15795563161373138,0.003177618607878685,-0.25239843130111694,-0.4625647962093353,0.6032352447509766,0.49638593196868896,-0.3252768814563751,-0.057721417397260666,-0.030079742893576622
5.613929271697998,-1.2189252376556396,0.7458521127700806,0.03334418311715126,0.04753535985946655,-0.9925981760025024,-0.10666480660438538,-0.3586955666542053,0.09986718744039536,0.13461345434188843,0.7716888189315796,-0.3988989591598511,0.11834238469600677,-0.39916250109672546,-0.13446936011314392,-0.028672022745013237,1.0008699893951416,-0.24329477548599243,0.14880318939685822,-0.04319145530462265,0.009210688062012196,0.19781672954559326,-0.18962018191814423,0.47427916526794434,-0.7737964987754822,0.36242175102233887,0.23167255520820618,-0.1585879623889923,0.001759673235937953,-0.24716663360595703,-0.4647327661514282,0.5999876260757446,0.5048567056655884,-0.3272579610347748,-0.055698469281196594,-0.03256900981068611
5.614670753479004,-1.223340630531311,0.7456484436988831,0.03575076907873154,0.0489514023065567,-0.9926656484603882,-0.10459764301776886,-0.36741435527801514,0.09917443990707397,0.12843947112560272,0.7830038070678711,-0.3963039517402649,0.11316761374473572,-0.4039836525917053,-0.13124403357505798,-0.024307982996106148,1.011854648590088,-0.24267813563346863,0.14802315831184387,-0.04400019347667694,0.011269044131040573,0.19989991188049316,-0.18603086471557617,0.4785812497138977,-0.7725491523742676,0.37586379051208496,0.2340366542339325,-0.15889480710029602,0.005293406546115875,-0.24818530678749084,-0.46710389852523804,0.5959200859069824,0.5164449214935303,-0.3265956938266754,-0.05346154421567917,-0.03841050714254379
5.615326404571533,-1.2261531352996826,0.7442866563796997,0.037006255239248276,0.05078958719968796,-0.9929571747779846,-0.10043466091156006,-0.37935230135917664,0.09693644940853119,0.12249904125928879,0.802712082862854,-0.39782923460006714,0.10979753732681274,-0.40831995010375977,-0.12687557935714722,-0.01811971887946129,1.0244947671890259,-0.24645821750164032,0.14604900777339935,-0.04417428374290466,0.01279944833368063,0.20214757323265076,-0.17919139564037323,0.4831721782684326,-0.7635200023651123,0.394315242767334,0.23488518595695496,-0.15835025906562805,0.01179724931716919,-0.24793756008148193,-0.4715849757194519,0.5874592065811157,0.5270450711250305,-0.32463476061820984,-0.05169292166829109,-0.04606267809867859
5.616026878356934,-1.2270601987838745,0.7439522743225098,0.03688151016831398,0.05298228934407234,-0.9942572712898254,-0.0853525772690773,-0.38769465684890747,0.09457346051931381,0.11509112268686295,0.812934160232544,-0.3942224681377411,0.10447180271148682,-0.4105178415775299,-0.1203342080116272,-0.01256762444972992,1.0294106006622314,-0.2475203573703766,0.14586129784584045,-0.04277289658784866,0.015191558748483658,0.20519331097602844,-0.17313054203987122,0.48170381784439087,-0.7601214647293091,0.40937769412994385,0.23455852270126343,-0.1572970449924469,0.014807569794356823,-0.25194892287254333,-0.47047221660614014,0.588239312171936,0.5349442958831787,-0.3257611393928528,-0.04923254996538162,-0.05079437792301178
5.616610050201416,-1.2255300283432007,0.7432652711868286,0.037163473665714264,0.05451236665248871,-0.9951777458190918,-0.07258445024490356,-0.39624840021133423,0.0918106958270073,0.10823412984609604,0.8246169090270996,-0.3926389515399933,0.10025875270366669,-0.4131997227668762,-0.11521975696086884,-0.008172258734703064,1.035302996635437,-0.2513316571712494,0.14484459161758423,-0.04176327586174011,0.01639300025999546,0.20766818523406982,-0.17009222507476807,0.4794510006904602,-0.7589111328125,0.4216987192630768,0.23362746834754944,-0.15629130601882935,0.01957392506301403,-0.25929197669029236,-0.4688667058944702,0.5933002233505249,0.5370737314224243,-0.3272915482521057,-0.04736688733100891,-0.05567241460084915
5.6172380447387695,-1.2215662002563477,0.7417333126068115,0.038139671087265015,0.055121004581451416,-0.9956415295600891,-0.06484587490558624,-0.4067704379558563,0.08859829604625702,0.10233676433563232,0.839917778968811,-0.3957540988922119,0.09829717129468918,-0.4181133806705475,-0.11153562366962433,-0.00474199466407299,1.0449763536453247,-0.2601679563522339,0.1441597044467926,-0.04082225635647774,0.016064124181866646,0.21060997247695923,-0.1694100946187973,0.4776984751224518,-0.7632022500038147,0.4315911531448364,0.23462872207164764,-0.15582197904586792,0.021277407184243202,-0.26581570506095886,-0.46821510791778564,0.601888120174408,0.5435665845870972,-0.3315308690071106,-0.04476597160100937,-0.05709444731473923
5.618141174316406,-1.2147529125213623,0.7407346963882446,0.03999548777937889,0.05527772381901741,-0.9959003925323486,-0.05939056724309921,-0.4140831232070923,0.08571026474237442,0.09645971655845642,0.8504029512405396,-0.3983778655529022,0.09739093482494354,-0.42356592416763306,-0.10876987874507904,-0.0019426093203946948,1.055301547050476,-0.2667660117149353,0.14612646400928497,-0.039849597960710526,0.015542926266789436,0.2117815464735031,-0.16964209079742432,0.4751526713371277,-0.7738080024719238,0.4331468939781189,0.2377297282218933,-0.15709300339221954,0.01886233128607273,-0.2712045907974243,-0.46595948934555054,0.6137444972991943,0.546537458896637,-0.3374798893928528,-0.04380239546298981,-0.05560373514890671
5.618268013000488,-1.2072069644927979,0.76275235414505,0.03817949444055557,0.056997962296009064,-0.9959704875946045,-0.05776017904281616,-0.30931684374809265,0.13439324498176575,0.15752553939819336,0.6176548600196838,-0.3305981755256653,0.0813552737236023,-0.2891595959663391,-0.1746591031551361,-0.04148378223180771,0.7343443036079407,-0.18340028822422028,0.1505163311958313,0.014590155333280563,-0.006749380379915237,0.16834579408168793,-0.17491956055164337,0.3978469967842102,-0.7065695524215698,0.6963986158370972,0.267758309841156,-0.12886866927146912,0.06688791513442993,-0.2385317087173462,-0.3734584152698517,0.5976097583770752,0.7678444385528564,-0.34362077713012695,-0.04116322845220566,-0.07235970348119736
5.617652893066406,-1.2017459869384766,0.7725495100021362,0.03610028326511383,0.05826277658343315,-0.9960494637489319,-0.05646030232310295,-0.23897747695446014,0.16758893430233002,0.20216438174247742,0.46674931049346924,-0.284943163394928,0.07178189605474472,-0.1968824416399002,-0.21773570775985718,-0.06812804937362671,0.5226547122001648,-0.12708185613155365,0.15574900805950165,0.05170813575387001,-0.022844072431325912,0.13893330097198486,-0.1693292111158371,0.3443380892276764,-0.6599128246307373,0.8766771554946899,0.28873080015182495,-0.11067706346511841,0.0988536924123764,-0.21614912152290344,-0.3071315884590149,0.5918972492218018,0.9186564683914185,-0.3504024147987366,-0.040797166526317596,-0.08343255519866943
5.61638069152832,-1.1986689567565918,0.7769118547439575,0.03470192849636078,0.059534281492233276,-0.9960548877716064,-0.05591222643852234,-0.1931113749742508,0.19076108932495117,0.23571154475212097,0.3704301714897156,-0.2541864216327667,0.06704828143119812,-0.13675811886787415,-0.24692022800445557,-0.08536632359027863,0.3887270987033844,-0.08994266390800476,0.16157884895801544,0.07527512311935425,-0.03424282371997833,0.11653339862823486,-0.15875162184238434,0.3088158071041107,-0.6216031312942505,0.9992847442626953,0.3013213276863098,-0.09829322248697281,0.12061332166194916,-0.19869302213191986,-0.2621800899505615,0.5857294201850891,1.02274751663208,-0.35447221994400024,-0.04052802920341492,-0.09156565368175507
5.615128993988037,-1.1995875835418701,0.770034670829773,0.025371670722961426,0.06028713285923004,-0.9960758686065674,-0.059620365500450134,-0.23354102671146393,0.15703710913658142,0.18303699791431427,0.5316308736801147,-0.30564501881599426,0.07614355534315109,-0.20970024168491364,-0.1954135298728943,-0.056061096489429474,0.6287950277328491,-0.15039587020874023,0.16253913938999176,0.038991376757621765,-0.018134281039237976,0.17330101132392883,-0.16179409623146057,0.3573662042617798,-0.6881598830223083,0.8128976821899414,0.28875982761383057,-0.1355454921722412,0.08082376420497894,-0.22359706461429596,-0.3229322135448456,0.6110705137252808,0.8737069368362427,-0.35820698738098145,-0.05483274906873703,-0.07080282270908356
5.613814353942871,-1.201017141342163,0.76083904504776,0.023938745260238647,0.058938927948474884,-0.9957522749900818,-0.06656236946582794,-0.2799500823020935,0.13154743611812592,0.14746063947677612,0.6544936895370483,-0.3463497757911682,0.08442835509777069,-0.2746662497520447,-0.1653263419866562,-0.03566466271877289,0.8005869388580322,-0.19639846682548523,0.16378732025623322,0.015084650367498398,-0.010351564735174179,0.197259783744812,-0.15792782604694366,0.3936818242073059,-0.7323883771896362,0.6759347319602966,0.27862995862960815,-0.15092960000038147,0.04808707535266876,-0.2307816594839096,-0.36585748195648193,0.6276702880859375,0.7652260661125183,-0.36000514030456543,-0.05753584951162338,-0.0502498596906662
5.612288475036621,-1.2015584707260132,0.7532401084899902,0.027610881254076958,0.05735521391034126,-0.9956569075584412,-0.06793621927499771,-0.32178404927253723,0.11451108753681183,0.12352634966373444,0.7396320700645447,-0.3717610836029053,0.08934769034385681,-0.327088326215744,-0.14642475545406342,-0.02145545929670334,0.9137089252471924,-0.2249380648136139,0.16529791057109833,0.00021762307733297348,-0.005934853572398424,0.2027408480644226,-0.15346094965934753,0.41879305243492126,-0.7591705918312073,0.583791971206665,0.2709052562713623,-0.15625375509262085,0.02276178076863289,-0.23127073049545288,-0.3943403959274292,0.6353039741516113,0.6921449899673462,-0.36035478115081787,-0.05572576820850372,-0.03299110382795334
5.610334873199463,-1.2013236284255981,0.7475951910018921,0.031826507300138474,0.05579947680234909,-0.9957702159881592,-0.06569020450115204,-0.3520349860191345,0.1038460060954094,0.1065395176410675,0.7979971170425415,-0.38798999786376953,0.09320336580276489,-0.36644452810287476,-0.13424956798553467,-0.010719758458435535,0.9935884475708008,-0.24248655140399933,0.1681041419506073,-0.009168529883027077,-0.0023187254555523396,0.2015693485736847,-0.14970237016677856,0.4355729818344116,-0.7791334390640259,0.5171447396278381,0.2649539113044739,-0.16038334369659424,0.0034036487340927124,-0.22930213809013367,-0.41281256079673767,0.6403138041496277,0.6405646800994873,-0.3602808117866516,-0.05500773340463638,-0.020340969786047935
5.606349468231201,-1.1998648643493652,0.7445716261863708,0.03571886941790581,0.05474815517663956,-0.9962913393974304,-0.05595054849982262,-0.36741745471954346,0.09621837735176086,0.09609353542327881,0.8268074989318848,-0.39714646339416504,0.09562177956104279,-0.39467376470565796,-0.12718230485916138,-0.0017923521809279919,1.0485249757766724,-0.2523725628852844,0.1717427521944046,-0.015214488841593266,0.0008841251255944371,0.19737422466278076,-0.14910341799259186,0.44118085503578186,-0.7899386882781982,0.48626017570495605,0.26238688826560974,-0.16013044118881226,-0.00792634766548872,-0.2280341386795044,-0.4201737642288208,0.6413754820823669,0.6243577003479004,-0.3621288239955902,-0.0513162761926651,-0.013464849442243576
5.600615978240967,-1.1968660354614258,0.7434862852096558,0.03760267794132233,0.05411446839570999,-0.9973190426826477,-0.03181573376059532,-0.3723450303077698,0.09138653427362442,0.08970113098621368,0.8360094428062439,-0.4006328582763672,0.09572580456733704,-0.4132930040359497,-0.12512074410915375,0.005689564161002636,1.083463430404663,-0.25475677847862244,0.17326611280441284,-0.01905081421136856,0.003838163334876299,0.1920689344406128,-0.15613079071044922,0.4357546865940094,-0.7983031272888184,0.48005348443984985,0.2603098452091217,-0.1572733223438263,-0.009986769407987595,-0.23723077774047852,-0.4172062873840332,0.6446706056594849,0.6326793432235718,-0.36464837193489075,-0.04515855014324188,-0.014845535159111023
5.593266487121582,-1.1922434568405151,0.7437899708747864,0.03783377259969711,0.054535701870918274,-0.9977525472640991,0.00918209832161665,-0.3688826560974121,0.08833733946084976,0.08518031239509583,0.8336209058761597,-0.4002147614955902,0.09178607165813446,-0.42000341415405273,-0.1258806586265564,0.0111943818628788,1.0972154140472412,-0.2543988525867462,0.17446459829807281,-0.021460698917508125,0.006623067893087864,0.18806245923042297,-0.16615015268325806,0.42958274483680725,-0.7990831136703491,0.4856950640678406,0.25664666295051575,-0.15450550615787506,-0.0061217122711241245,-0.24941374361515045,-0.41360849142074585,0.6458263397216797,0.6466878652572632,-0.3655985891819,-0.03972887992858887,-0.020013030618429184
5.586147785186768,-1.186472773551941,0.7442713975906372,0.0370025634765625,0.054663851857185364,-0.9963962435722351,0.05326540395617485,-0.363368421792984,0.08581098914146423,0.08180265128612518,0.8286325931549072,-0.39876192808151245,0.08829370141029358,-0.42374181747436523,-0.12744465470314026,0.014721325598657131,1.1065120697021484,-0.25444313883781433,0.17217667400836945,-0.022844646126031876,0.008528763428330421,0.18607759475708008,-0.1760190725326538,0.42169296741485596,-0.7969727516174316,0.49616533517837524,0.2532119154930115,-0.15106573700904846,0.0013733934611082077,-0.26082709431648254,-0.4065171778202057,0.6483575701713562,0.6609619855880737,-0.3669258952140808,-0.03466726094484329,-0.026550380513072014
5.579051971435547,-1.1790865659713745,0.74454665184021,0.03576873242855072,0.05489848181605339,-0.9928336143493652,0.09994049370288849,-0.35940003395080566,0.08566916733980179,0.07885323464870453,0.8267301321029663,-0.39710062742233276,0.08244068920612335,-0.42150750756263733,-0.1279030442237854,0.01654198206961155,1.1024153232574463,-0.2563893795013428,0.16914692521095276,-0.023102937266230583,0.010713017545640469,0.1856926828622818,-0.18844038248062134,0.41457074880599976,-0.794815182685852,0.5084997415542603,0.24992188811302185,-0.14791640639305115,0.010123025625944138,-0.27396461367607117,-0.3989957571029663,0.6518810391426086,0.6713721752166748,-0.36805230379104614,-0.030170569196343422,-0.03414926677942276
5.5774712562561035,-1.171128511428833,0.744317889213562,0.03473426401615143,0.05538719519972801,-0.9868180751800537,0.14804041385650635,-0.3593493402004242,0.08845049142837524,0.07588962465524673,0.8314210176467896,-0.39588695764541626,0.07286277413368225,-0.41115427017211914,-0.12835437059402466,0.017712533473968506,1.081257939338684,-0.259400337934494,0.16669081151485443,-0.022450922057032585,0.013582723215222359,0.18645215034484863,-0.2049228847026825,0.40831002593040466,-0.7905603647232056,0.5278077721595764,0.24630963802337646,-0.14405697584152222,0.021155424416065216,-0.29019516706466675,-0.3910699486732483,0.6571131944656372,0.6804076433181763,-0.3695111870765686,-0.025254234671592712,-0.04162445291876793
5.578276634216309,-1.1635032892227173,0.7436152696609497,0.03452588990330696,0.056587718427181244,-0.9771890044212341,0.20176099240779877,-0.3633175194263458,0.09419907629489899,0.07327309250831604,0.8415919542312622,-0.3955739438533783,0.06205161660909653,-0.39583665132522583,-0.128953754901886,0.01853470876812935,1.0519696474075317,-0.2636989951133728,0.1646367907524109,-0.021506095305085182,0.01767529547214508,0.18740075826644897,-0.22005899250507355,0.40713125467300415,-0.7852267026901245,0.543763279914856,0.24449720978736877,-0.14215263724327087,0.031717926263809204,-0.30040407180786133,-0.38933271169662476,0.6603643894195557,0.681984543800354,-0.3711453676223755,-0.022461017593741417,-0.0469268336892128
5.579922676086426,-1.1570886373519897,0.7420138120651245,0.03452972695231438,0.05798420310020447,-0.964227557182312,0.25634118914604187,-0.37341558933258057,0.10202294588088989,0.07003463804721832,0.8598622679710388,-0.39668601751327515,0.0533868670463562,-0.38037949800491333,-0.12931597232818604,0.02006841078400612,1.027376651763916,-0.27076560258865356,0.16272635757923126,-0.020246069878339767,0.021602556109428406,0.1896960437297821,-0.23476412892341614,0.40807968378067017,-0.7845010757446289,0.5500069856643677,0.2438385784626007,-0.1419200748205185,0.03862294182181358,-0.30619585514068604,-0.39008575677871704,0.6656305193901062,0.677537202835083,-0.3735204041004181,-0.02119394764304161,-0.04825973138213158
5.580842971801758,-1.1498970985412598,0.7398910522460938,0.03443211317062378,0.058101218193769455,-0.948835015296936,0.30846530199050903,-0.3884070813655853,0.11138518154621124,0.06690141558647156,0.8806706666946411,-0.3964281678199768,0.04735739156603813,-0.36683905124664307,-0.1289542019367218,0.021610397845506668,1.0078381299972534,-0.2794000804424286,0.15931859612464905,-0.018688630312681198,0.025490261614322662,0.19252581894397736,-0.2559691071510315,0.41106849908828735,-0.7874162197113037,0.5645811557769775,0.24867019057273865,-0.13962262868881226,0.044070445001125336,-0.3136841356754303,-0.39247268438339233,0.6719613075256348,0.682375967502594,-0.3776554763317108,-0.018036892637610435,-0.04901491850614548
5.579813480377197,-1.1419930458068848,0.7373300790786743,0.032762203365564346,0.056042224168777466,-0.9292482733726501,0.363707959651947,-0.40546947717666626,0.12144409120082855,0.06346465647220612,0.8996788263320923,-0.39537376165390015,0.0455460250377655,-0.36102086305618286,-0.12661252915859222,0.024322310462594032,1.0053588151931763,-0.2898421883583069,0.15694992244243622,-0.017539404332637787,0.02979600429534912,0.1955650895833969,-0.2712406814098358,0.42251652479171753,-0.7961444854736328,0.5709763765335083,0.25957298278808594,-0.14011678099632263,0.0435754731297493,-0.3112759590148926,-0.40316763520240784,0.6768718957901001,0.6826921105384827,-0.38204848766326904,-0.01755920797586441,-0.046193502843379974
5.576581001281738,-1.1343159675598145,0.734623908996582,0.02998744137585163,0.050961945205926895,-0.9038001298904419,0.4238501191139221,-0.4230598211288452,0.1305016279220581,0.06162584573030472,0.9110262989997864,-0.39156389236450195,0.0485047809779644,-0.35655325651168823,-0.12380098551511765,0.02601228654384613,1.0054935216903687,-0.3013952970504761,0.15473833680152893,-0.01616816408932209,0.03586621955037117,0.19955039024353027,-0.2884332239627838,0.43443387746810913,-0.8126342296600342,0.5717766880989075,0.27318066358566284,-0.14160162210464478,0.037053920328617096,-0.3065569996833801,-0.4179101586341858,0.6805001497268677,0.689524233341217,-0.38538289070129395,-0.016406556591391563,-0.040224235504865646
5.571239471435547,-1.1298003196716309,0.7327558994293213,0.02365555800497532,0.04219041019678116,-0.8686670660972595,0.49302929639816284,-0.4362104535102844,0.13999837636947632,0.06538041681051254,0.9048632383346558,-0.3801475763320923,0.05090843886137009,-0.33282220363616943,-0.11993462592363358,0.022555094212293625,0.9713987112045288,-0.3081049919128418,0.14964023232460022,-0.011356839910149574,0.04550975561141968,0.1963263601064682,-0.3022310435771942,0.4401344060897827,-0.8212160468101501,0.5736166834831238,0.28309229016304016,-0.14352574944496155,0.03278927505016327,-0.30268561840057373,-0.4320279359817505,0.6764456629753113,0.7008737325668335,-0.3837639093399048,-0.01544650923460722,-0.03642987459897995
5.567193031311035,-1.1301203966140747,0.7469806671142578,0.011080862022936344,0.03282352536916733,-0.8390272259712219,0.5429854989051819,-0.3965386152267456,0.12052552402019501,0.03730377182364464,0.7261969447135925,-0.30588337779045105,0.08187521249055862,-0.21252210438251495,-0.10422534495592117,0.05812610685825348,0.794741153717041,-0.3033125400543213,0.1451616734266281,0.019500767812132835,0.05808454751968384,0.18244312703609467,-0.31330424547195435,0.38204675912857056,-0.8505146503448486,0.6545804738998413,0.32719701528549194,-0.14408712089061737,0.04686222970485687,-0.22791904211044312,-0.44083917140960693,0.66143798828125,0.7107503414154053,-0.35511788725852966,-0.05132805183529854,-0.025784919038414955
5.564783573150635,-1.1337125301361084,0.7517522573471069,1.3714268789044581e-05,0.023806093260645866,-0.811051607131958,0.5844900608062744,-0.3636496365070343,0.10492723435163498,0.026751695200800896,0.6059014797210693,-0.25883615016937256,0.1091037392616272,-0.1335996389389038,-0.08352915942668915,0.08219234645366669,0.6867685914039612,-0.2991851270198822,0.14277206361293793,0.03464995697140694,0.07324151694774628,0.1727396547794342,-0.3101661205291748,0.3591291010379791,-0.8702693581581116,0.7006739974021912,0.35920894145965576,-0.1510642170906067,0.05349031835794449,-0.17173387110233307,-0.46353113651275635,0.6427963972091675,0.7161573171615601,-0.3389577269554138,-0.07776477932929993,-0.020549649372696877
5.562899589538574,-1.1401740312576294,0.7513916492462158,-0.008582007139921188,0.015803134068846703,-0.7888930439949036,0.6142673492431641,-0.3453337252140045,0.09398558735847473,0.02653367444872856,0.541973352432251,-0.23590168356895447,0.13542982935905457,-0.09163679927587509,-0.06413295120000839,0.09439187496900558,0.64643394947052,-0.3002043068408966,0.14052410423755646,0.042037419974803925,0.08705244958400726,0.17161013185977936,-0.29726552963256836,0.3643066883087158,-0.8664888143539429,0.7406246662139893,0.38268721103668213,-0.1568470597267151,0.05817556381225586,-0.13602566719055176,-0.4902036786079407,0.6180087327957153,0.7351869940757751,-0.33057528734207153,-0.09521573036909103,-0.019657449796795845
5.561155319213867,-1.1485888957977295,0.7499154210090637,-0.016189642250537872,0.009468603879213333,-0.769676148891449,0.6381589770317078,-0.32990115880966187,0.08911842107772827,0.03132134675979614,0.5040168762207031,-0.22788852453231812,0.15848049521446228,-0.07691241800785065,-0.0453890897333622,0.09877011179924011,0.6500502824783325,-0.3025878071784973,0.13875313103199005,0.040605317801237106,0.09994015097618103,0.16863380372524261,-0.2646024227142334,0.3762224614620209,-0.8475167155265808,0.7835142016410828,0.4023730754852295,-0.1616942435503006,0.060811419039964676,-0.102964386343956,-0.5146157741546631,0.5887066721916199,0.7522352337837219,-0.32495570182800293,-0.11018213629722595,-0.019513294100761414
5.558512210845947,-1.1562656164169312,0.7473616003990173,-0.021017152816057205,0.003602906595915556,-0.7537058591842651,0.6568658947944641,-0.32515475153923035,0.08547883480787277,0.03359789773821831,0.49431928992271423,-0.2289406955242157,0.1721082329750061,-0.07332602143287659,-0.03075495921075344,0.10077066719532013,0.6679978966712952,-0.30725669860839844,0.13176152110099792,0.03869706392288208,0.10674738883972168,0.16878658533096313,-0.22757510840892792,0.3840257525444031,-0.8119000196456909,0.8538553714752197,0.4211094379425049,-0.15928608179092407,0.06920181959867477,-0.07652445882558823,-0.5300606489181519,0.5564013719558716,0.7893545627593994,-0.32240504026412964,-0.11722975224256516,-0.02294427528977394
5.556124210357666,-1.1625818014144897,0.7455190420150757,-0.025128161534667015,-0.0008696303120814264,-0.7406758666038513,0.6713918447494507,-0.3203737139701843,0.08551814407110214,0.035756487399339676,0.48741209506988525,-0.22972959280014038,0.1791158765554428,-0.07386532425880432,-0.019037984311580658,0.10079026222229004,0.6878082752227783,-0.31208956241607666,0.12454777956008911,0.03524322062730789,0.11081661283969879,0.16848525404930115,-0.18804669380187988,0.3870592713356018,-0.7656663656234741,0.9308550357818604,0.4322616457939148,-0.15269455313682556,0.07993005216121674,-0.054332584142684937,-0.5404424667358398,0.5265137553215027,0.816588282585144,-0.3191494941711426,-0.12265583872795105,-0.026478823274374008
5.5538105964660645,-1.1672555208206177,0.7444717884063721,-0.02910352684557438,-0.003923139069229364,-0.7309747934341431,0.6817722916603088,-0.3137160837650299,0.08842870593070984,0.03484570235013962,0.4754624366760254,-0.22785508632659912,0.17944806814193726,-0.08014196902513504,-0.008361611515283585,0.09920378029346466,0.7095417380332947,-0.31480422616004944,0.11719653010368347,0.03339768946170807,0.11455948650836945,0.17100156843662262,-0.1579226553440094,0.39199313521385193,-0.7099961042404175,1.0010336637496948,0.4336157441139221,-0.14541463553905487,0.09429560601711273,-0.03595462813973427,-0.547754168510437,0.49703249335289,0.8422906398773193,-0.31580257415771484,-0.12441980838775635,-0.0313914455473423
5.551886558532715,-1.1703429222106934,0.7443904876708984,-0.033133238554000854,-0.005777617916464806,-0.7253434658050537,0.6875650882720947,-0.30201220512390137,0.09305936098098755,0.032772697508335114,0.45213717222213745,-0.221653014421463,0.17730534076690674,-0.08611443638801575,0.002463852521032095,0.09507949650287628,0.7235834002494812,-0.3139842450618744,0.11069290339946747,0.03592942655086517,0.11923986673355103,0.17403659224510193,-0.12496955692768097,0.3953077793121338,-0.6516172885894775,1.0520730018615723,0.42390185594558716,-0.14141497015953064,0.1087280660867691,-0.022232379764318466,-0.5493541955947876,0.4697794020175934,0.8516625165939331,-0.31051507592201233,-0.12705098092556,-0.03822503611445427
5.5511298179626465,-1.1725314855575562,0.7450231313705444,-0.038274940103292465,-0.006261961534619331,-0.7218004465103149,0.691013753414154,-0.28566861152648926,0.1001133918762207,0.030752744525671005,0.41993004083633423,-0.21367037296295166,0.17457422614097595,-0.09713428467512131,0.015034894458949566,0.08744482696056366,0.7452712655067444,-0.3128591477870941,0.10348883271217346,0.03957797959446907,0.12661029398441315,0.17740917205810547,-0.11262631416320801,0.4094155430793762,-0.5947574973106384,1.0654401779174805,0.40204471349716187,-0.1395144909620285,0.1280858963727951,-0.012125346809625626,-0.5477557182312012,0.44621989130973816,0.8537851572036743,-0.3061147928237915,-0.1274063140153885,-0.047970935702323914
5.550749778747559,-1.1734035015106201,0.7454917430877686,-0.04350802302360535,-0.00657625449821353,-0.7198944687843323,0.6926873922348022,-0.27030691504478455,0.10656844079494476,0.029822928830981255,0.38464993238449097,-0.2015325129032135,0.16820809245109558,-0.10134457796812057,0.027145683765411377,0.07840833067893982,0.7535910606384277,-0.3091506361961365,0.09457708895206451,0.046977125108242035,0.13430872559547424,0.17937852442264557,-0.11014091968536377,0.42141038179397583,-0.5475567579269409,1.0579055547714233,0.37429776787757874,-0.13759836554527283,0.14743253588676453,-0.016034143045544624,-0.5392720699310303,0.4306052327156067,0.8506649136543274,-0.3025403618812561,-0.1252201944589615,-0.06169770658016205
5.551225662231445,-1.1736900806427002,0.7457742691040039,-0.0490068681538105,-0.006874161306768656,-0.7180435657501221,0.6942366361618042,-0.25648033618927,0.11245699226856232,0.031070858240127563,0.35195499658584595,-0.18822835385799408,0.16203290224075317,-0.10115145146846771,0.03855748847126961,0.07016262412071228,0.7590142488479614,-0.306556761264801,0.08690150082111359,0.05353786423802376,0.14252020418643951,0.18033555150032043,-0.11633039265871048,0.4321322441101074,-0.5086120963096619,1.0369510650634766,0.3465534746646881,-0.13650795817375183,0.16689641773700714,-0.024726569652557373,-0.5271382927894592,0.41863369941711426,0.8529436588287354,-0.3009220361709595,-0.12152312695980072,-0.07694482803344727
