frame_id,left_foot_x,left_foot_y,left_foot_z,right_foot_x,right_foot_y,right_foot_z,left_ankle_x,left_ankle_y,left_ankle_z,right_ankle_x,right_ankle_y,right_ankle_z
0,0.3286544680595398,-0.7815491557121277,-0.6529579162597656,-0.1509004384279251,-0.8348857164382935,-0.6750749349594116,0.24776656925678253,-0.677051842212677,-0.585957944393158,-0.10517148673534393,-0.7168956398963928,-0.608074963092804
4,0.3382562372935354,-0.7795873435097747,-0.6446144997726078,-0.1612295981394709,-0.8217047603684478,-0.6674534499297733,0.2537600819123327,-0.6759546549874358,-0.5776144997726078,-0.11330694964999566,-0.7043785603600554,-0.6004534499297733
13,0.2678585066769301,-0.6700237020086206,-0.6961527429939378,-0.09419530487321026,-0.7483899220060266,-0.6840814315200914,0.19830422246195667,-0.5819393023084558,-0.6291527429939379,-0.05682769274972088,-0.6483802422117151,-0.6170814315200914
14,0.2675060851925082,-0.6699548273136315,-0.6955737611951844,-0.09346916540926031,-0.748156121258944,-0.6834969064893739,0.19790201619798609,-0.5823128728916345,-0.6285737611951845,-0.05635340526168875,-0.6487629919101892,-0.6164969064893739
15,0.26716585125723213,-0.6702837875163823,-0.6954177259012722,-0.09282476786574989,-0.7480926444804936,-0.6833817003771328,0.19755421247282356,-0.5829575588977605,-0.6284177259012722,-0.0559333596011129,-0.6491828491962224,-0.6163817003771328
16,0.26794553566469403,-0.6713306605633989,-0.6948573280369528,-0.09272280317054538,-0.7495525777158036,-0.6826330114399679,0.1982073711205885,-0.583968609553267,-0.6278573280369528,-0.05584482085214404,-0.6505133211430802,-0.615633011439968
17,0.26878441195913183,-0.6720593909667514,-0.6950261784822869,-0.09216638583711756,-0.7502963284896396,-0.6825063420565056,0.19904316287465917,-0.5846342782424472,-0.6280261784822869,-0.055307797380010015,-0.6511726121352694,-0.6155063420565057
18,0.26934692599206755,-0.6734077683468058,-0.694405813788755,-0.09191960505813768,-0.7513395896930888,-0.682356138800962,0.19963753559022734,-0.5859726420421794,-0.627405813788755,-0.0550003018197458,-0.6521094194431498,-0.6153561388009621
19,0.2695888666148676,-0.674022306320694,-0.6934420646703001,-0.09157492092890607,-0.7514652503705292,-0.6814925254857298,0.1999237177606119,-0.5865105880475312,-0.6264420646703002,-0.0546059521202551,-0.6521699322438508,-0.6144925254857299
20,0.2700214799206151,-0.6752490933104127,-0.6935758213257868,-0.09112437407566176,-0.7515699203177064,-0.6815143446183283,0.20033228059219255,-0.5876445706053346,-0.6265758213257868,-0.05403413216663466,-0.6523593599958986,-0.6145143446183283
21,0.2705032782341732,-0.6769350321083039,-0.6938318613410883,-0.09104964568359719,-0.7524130494384735,-0.6818537119270258,0.20081714854495658,-0.5892631561546295,-0.6268318613410884,-0.05392930342895852,-0.6532517821578949,-0.6148537119270259
22,0.2714140464904631,-0.6784779258996423,-0.6939096433616141,-0.09077283987971896,-0.753843409660476,-0.6817258579230765,0.20166978737142927,-0.5907936521798547,-0.6269096433616141,-0.053625787293640315,-0.6547257133752282,-0.6147258579230765
23,0.2717585622685874,-0.6793390612401708,-0.694481974258444,-0.09085948175015801,-0.75473893688104,-0.6822674328232023,0.20203397268232948,-0.5916140179433569,-0.6274819742584441,-0.05367563074651116,-0.6555997233190283,-0.6152674328232024
24,0.27209676434904395,-0.6800973807876289,-0.6947652133903757,-0.09081095824330987,-0.7555374299590767,-0.6825873288116708,0.20238646497637092,-0.5923065339629829,-0.6277652133903757,-0.05360857764571847,-0.6563271080558479,-0.6155873288116709
25,0.27278907620529935,-0.6812093654771161,-0.694821634087013,-0.09076108760018542,-0.7560224333901715,-0.6829451701969373,0.20308399223904416,-0.5933703580994916,-0.6278216340870131,-0.05352482176203921,-0.6568155685563397,-0.6159451701969374
26,0.2733996868500981,-0.6823266482715553,-0.695183352337146,-0.09070434566638141,-0.7574093675975746,-0.6835099018671753,0.20365188125470013,-0.5944630241756386,-0.6281833523371461,-0.053384007476779516,-0.6581382489566749,-0.6165099018671754
27,0.3406111167587369,-0.7910269773019536,-0.6467765195220563,-0.15503558350428648,-0.8371997153772099,-0.6628766877502057,0.2550984488643735,-0.6894658482087834,-0.5797765195220563,-0.10571187568530149,-0.7210583961023076,-0.5958766877502057
28,0.34100488024887454,-0.7918343830569938,-0.6463342607503291,-0.15470613342586148,-0.8378244925006584,-0.662403255749261,0.2555046846264304,-0.6902052450641349,-0.5793342607503291,-0.10535736930432904,-0.7216381717189506,-0.595403255749261
29,0.34153493993107986,-0.7924195933192095,-0.645851064265109,-0.1544750953453331,-0.8377097058146319,-0.6623577361706265,0.2560442363483162,-0.6907484936564288,-0.578851064265109,-0.10511546082670975,-0.7215629029124102,-0.5953577361706266
30,0.3421826164867525,-0.7926396164875769,-0.6451747244691359,-0.1539532441947813,-0.8382946882229589,-0.6618524617051589,0.25664783526917745,-0.6909986171704077,-0.578174724469136,-0.10472301881054591,-0.7221211824398779,-0.5948524617051589
31,0.3425561883504997,-0.7929431546617707,-0.6452594272504866,-0.15374638652247086,-0.8390767324854096,-0.6619040839086592,0.25705752754765854,-0.6912787903238495,-0.5782594272504866,-0.1045863530580391,-0.7228159058977326,-0.5949040839086592
32,0.3432581514953199,-0.7932448425817711,-0.6451229006488501,-0.15357512823356956,-0.8396499195623619,-0.6616189033229529,0.2576902300952497,-0.6916861572790367,-0.5781229006488502,-0.10440473101152747,-0.7234372535276634,-0.594618903322953
33,0.3435639327599347,-0.7937038272757491,-0.6442915340739928,-0.1533751154111087,-0.8399186462302168,-0.6607353826839171,0.2581067120863736,-0.692182216062065,-0.5772915340739928,-0.10412738861305115,-0.7238203615088423,-0.5937353826839171
34,0.3443571526095184,-0.7937225067253166,-0.644255804672859,-0.15254674372226873,-0.8406202756996208,-0.6604612347036818,0.2588930475994857,-0.6922059023017937,-0.5772558046728591,-0.10337794092447439,-0.7244072520370537,-0.5934612347036818
35,0.34477901429090707,-0.7939671666499635,-0.6443005985201962,-0.15230676561441214,-0.8404089600917359,-0.6604880279482968,0.25929734081182687,-0.6924642116900941,-0.5773005985201962,-0.1030364710077265,-0.7242823631640931,-0.5934880279482968
36,0.3454729006134585,-0.7949503843374259,-0.6441810603064295,-0.15186686958440987,-0.8411045853681571,-0.6604500288885828,0.25990535174241813,-0.6934310977048881,-0.5771810603064296,-0.10260570938953606,-0.7249283377714164,-0.5934500288885829
37,0.3455348322113423,-0.7951707754509698,-0.6440046232355525,-0.15175434854427294,-0.8409847531693231,-0.6600827973497798,0.2599813947399525,-0.6936358724015008,-0.5770046232355526,-0.10243423935571627,-0.7248456988709222,-0.5930827973497799
38,0.3459174227045878,-0.7950693623824918,-0.6437920788675837,-0.1511359471751348,-0.8408782141013944,-0.6598198870569758,0.2603922229336604,-0.6935938851638639,-0.5767920788675838,-0.10188432372342504,-0.7247442858024442,-0.5928198870569759
39,0.3463277675637073,-0.795583969749714,-0.6426039506468368,-0.15083704810058407,-0.8409836355822335,-0.658550815728624,0.26076559801185795,-0.6940966312067758,-0.5756039506468369,-0.10156357209598355,-0.7248613301890146,-0.591550815728624
40,0.34653672424792603,-0.7967055492081272,-0.6414583934165348,-0.15030238183499023,-0.8419082812943088,-0.6575216067649234,0.26097269205092744,-0.6952204160370457,-0.5744583934165348,-0.10109707119227096,-0.7257462792076694,-0.5905216067649235
41,0.3471314290090959,-0.7974561308983539,-0.6411888205966461,-0.14975208253417804,-0.8422862147453998,-0.6572864854297149,0.26156069128956005,-0.6959897731903766,-0.5741888205966461,-0.10055343271051242,-0.726167306816933,-0.590286485429715
42,0.27873972966517613,-0.6906298950671044,-0.6922126997069353,-0.08357297465954616,-0.7616736844538536,-0.6782793987349505,0.20899028494204686,-0.6024641350268212,-0.6252126997069354,-0.04660147265349224,-0.6623439744471398,-0.6112793987349505
43,0.27923447475950525,-0.6922399459181179,-0.6924565518720482,-0.08317866339166358,-0.7624110637007107,-0.6786571229322289,0.20943004475157068,-0.6041217503843654,-0.6254565518720483,-0.046259710330559756,-0.6631375012693752,-0.611657122932229
44,0.2794418898138247,-0.6939723040741228,-0.6923399583765713,-0.08278540850551508,-0.7630691077392839,-0.6784592883059231,0.20961701541273214,-0.6058784868400835,-0.6253399583765713,-0.045858595081881504,-0.663945868222072,-0.6114592883059231
45,0.28052405374364753,-0.6958722085291811,-0.6939806473246717,-0.08244220806045632,-0.7641526669794985,-0.6797161829463148,0.21063079791383643,-0.6075794309908815,-0.6269806473246717,-0.04552767319364648,-0.6649978370005556,-0.6127161829463148
46,0.28100924917634984,-0.6968771227002435,-0.6941533385634029,-0.08224466464344005,-0.7646309145093255,-0.6795116363882625,0.21113748082098027,-0.6083937295079522,-0.6271533385634029,-0.045218028340968885,-0.6654619582295709,-0.6125116363882626
47,0.2812227416779933,-0.6976472428250418,-0.6945075656167246,-0.08189999721980712,-0.7655796697545156,-0.6793338919869638,0.2114468026902614,-0.6091392329144583,-0.6275075656167246,-0.04487802498078963,-0.6664424827504263,-0.6123338919869639
48,0.28158004566466843,-0.6988742489957076,-0.6943651379970033,-0.08155306444132293,-0.766012026801036,-0.6789206208613832,0.21180815979278123,-0.6102570433758956,-0.6273651379970033,-0.044393420374035486,-0.6669005890034896,-0.6119206208613832
49,0.2816954184872884,-0.7005612124230538,-0.6941370732074501,-0.08102966802289302,-0.7667555679108773,-0.6779298550372841,0.21197906924317067,-0.6118696798112069,-0.6271370732074502,-0.04384238230159099,-0.6677371133591805,-0.6109298550372841
50,0.28218709734755976,-0.702308660158451,-0.6944176434558285,-0.08046803566139715,-0.7668119722693518,-0.6775689600985897,0.21241695491153223,-0.6135254556029395,-0.6274176434558285,-0.04322058650177496,-0.6679549867003516,-0.6105689600985897
51,0.28237696410178614,-0.704461882738542,-0.6944551934998271,-0.07988589583874273,-0.766634176401567,-0.6767881383698222,0.21259601832389308,-0.6155821186584944,-0.6274551934998271,-0.04251721083164739,-0.6679824096245284,-0.6097881383698223
52,0.28284531609642727,-0.7071254887450777,-0.6955229104555583,-0.07916114701401966,-0.766188088880881,-0.6771625937021708,0.21307582931149227,-0.6180384793151461,-0.6285229104555583,-0.041766280666706734,-0.6677277126182162,-0.6101625937021709
53,0.28319777343676833,-0.7093098247751186,-0.6966354574928955,-0.07836216147734376,-0.7646129811510036,-0.6773154463539794,0.21340989861892012,-0.6200931156381557,-0.6296354574928955,-0.04096512701107713,-0.6664776886209438,-0.6103154463539795
54,0.2835861144903902,-0.7116661199870578,-0.697254106841221,-0.07777456209623779,-0.7631871828380099,-0.6771925543166544,0.21380086227691208,-0.6222947964015475,-0.6302541068412211,-0.040314532971024164,-0.6653748282733432,-0.6101925543166544
55,0.28387602391558175,-0.713838617066358,-0.6970587500995788,-0.07714125541133399,-0.761617998341535,-0.676562322086731,0.21411872628050332,-0.62441227839372,-0.6300587500995789,-0.0396215545861196,-0.6641936104097113,-0.609562322086731
56,0.2843582302066352,-0.7163457370879769,-0.6978456645169826,-0.0762980163362954,-0.7598182655456185,-0.6765908270040126,0.21472686228480597,-0.626753518688929,-0.6308456645169827,-0.0388205081490014,-0.6628391243102669,-0.6095908270040127
57,0.28485418740274326,-0.7185658512571536,-0.6985010774455913,-0.07547074672220333,-0.7580057082632266,-0.6767857940517314,0.2153008866644086,-0.6288742123106204,-0.6315010774455914,-0.03803880256054981,-0.6614119110563479,-0.6097857940517315
58,0.35427725980662217,-0.8203838107110641,-0.6453626283177909,-0.13941188981152663,-0.8464366433145187,-0.6481117137441215,0.2686395115651976,-0.7189240691186569,-0.578362628317791,-0.08976534088469634,-0.7325626251222275,-0.5811117137441215
59,0.28543303626611305,-0.7234014016103174,-0.6984026693057712,-0.07403874677584099,-0.7557937246274378,-0.6762912534427341,0.21597869413926674,-0.6335178953122522,-0.6314026693057713,-0.03667094093725609,-0.659862313837948,-0.6092912534427342
60,0.28537005808721005,-0.7255021382043196,-0.6979284372669026,-0.07335274788965762,-0.7539236593911482,-0.6754635062557026,0.21607413020501554,-0.6354861903855635,-0.6309284372669026,-0.036037852349181776,-0.6584602642724349,-0.6084635062557027
61,0.28564425751210365,-0.7279385920737695,-0.6968476230358573,-0.07287537858246651,-0.7525662776206445,-0.6746730858540031,0.2165475134515873,-0.6377640958999109,-0.6298476230358574,-0.03566352084635582,-0.6575133796904993,-0.6076730858540031
62,0.2857966289830074,-0.7291935639987059,-0.6968496318113393,-0.0726199730324879,-0.7506645279536315,-0.6751397128355092,0.21694329539059254,-0.6388199287066527,-0.6298496318113393,-0.03545374637724308,-0.6558826523432799,-0.6081397128355093
63,0.2859328665163048,-0.7311736388837744,-0.6964509526478577,-0.07224969041089935,-0.7491328163778235,-0.6753432790028382,0.2172896094944008,-0.6406547470724036,-0.6294509526478578,-0.03523033705096168,-0.6546568318044592,-0.6083432790028382
64,0.28610058150115947,-0.7325197251520876,-0.6966403193855439,-0.0720055846231844,-0.7479252608500246,-0.6759511299514924,0.2175357343894575,-0.6419243009768252,-0.629640319385544,-0.03489091598567029,-0.6537344248972659,-0.6089511299514925
65,0.28633172420995834,-0.7346616790055123,-0.6953964976255447,-0.07204936833841202,-0.7466966912506905,-0.6752351073209792,0.21777453629511,-0.6440758511780587,-0.6283964976255447,-0.03484839962584374,-0.6528965041397896,-0.6082351073209793
66,0.28684158124269743,-0.7365424953895854,-0.6941050277232461,-0.07207894824205141,-0.7468713842827128,-0.6746901855944925,0.21829449631513853,-0.6459381305176066,-0.6271050277232462,-0.03492154307423334,-0.6531683527427958,-0.6076901855944925
67,0.2875034031621908,-0.7374916440385277,-0.6933135260919625,-0.0719536873348261,-0.7456055051225121,-0.6743005980829293,0.2188989338628744,-0.646947777880996,-0.6263135260919626,-0.03472241711097013,-0.652213252200454,-0.6073005980829294
68,0.2882851257618313,-0.7387389609430102,-0.6927217251481961,-0.07192834022680472,-0.7453526327226427,-0.6744877106370877,0.21961224523147393,-0.6482779452417162,-0.6257217251481961,-0.03467619720140647,-0.6521744796846178,-0.6074877106370877
69,0.2885747701093351,-0.7407240479733446,-0.6913944419607032,-0.07226195184739481,-0.7446790545727708,-0.6737517651304115,0.21998262407032598,-0.6502652972485521,-0.6243944419607033,-0.03487617893370043,-0.6518193095471361,-0.6067517651304115
70,0.28877423960693704,-0.7420222370274132,-0.6904044186171558,-0.07257894914619101,-0.7439238636143273,-0.6738957201537159,0.22020051140316355,-0.6516239850170678,-0.6234044186171559,-0.03511968743077887,-0.6511857120640343,-0.606895720153716
71,0.289018898309223,-0.7444661555200582,-0.6885215502347746,-0.07281480818892305,-0.7437439856439596,-0.6735480290021696,0.2204740187535208,-0.6540795860200888,-0.6215215502347746,-0.03512027949000185,-0.6512568292528158,-0.6065480290021696
72,0.28908043128649297,-0.7471438443608349,-0.6879918723875489,-0.07291411834557948,-0.7445668971486157,-0.6734138875776734,0.22048421723047795,-0.6566598212666577,-0.6209918723875489,-0.03504335361321864,-0.6522527134366101,-0.6064138875776734
73,0.2886014567211532,-0.7497241073142504,-0.6875103871802748,-0.07352922991958621,-0.7443071179877734,-0.6741223494986952,0.22024132176193234,-0.6591178350936389,-0.6205103871802748,-0.035473884503517183,-0.6521635227691149,-0.6071223494986953
74,0.288357775325494,-0.7518578502495075,-0.6868321131491866,-0.0736850987723301,-0.7444563838798786,-0.6730643938803877,0.220047827477174,-0.6611534091789508,-0.6198321131491866,-0.03556631911305885,-0.6526906225044513,-0.6060643938803878
75,0.35111631477957417,-0.857061278729816,-0.639165108624631,-0.14162586604470562,-0.8493147014669375,-0.6572303227817355,0.2653379144776409,-0.7546054243139224,-0.5721651086246311,-0.09094814186209987,-0.7362024306348758,-0.5902303227817356
76,0.3502267831518111,-0.8589318524609553,-0.6381657896358701,-0.14151853979092266,-0.8470651637326228,-0.6573360143024656,0.2641659909440932,-0.7563032637845026,-0.5711657896358702,-0.09048323244314815,-0.7338983546505915,-0.5903360143024656
77,0.3496474162257073,-0.8616782854805933,-0.6375227300245496,-0.1410312368952873,-0.8444548081170069,-0.6592806307394239,0.26318225120667194,-0.7587308119545924,-0.5705227300245497,-0.08944493676062848,-0.73097239244089,-0.5922806307394239
78,0.34925193777780805,-0.8645699163462268,-0.6379700522897946,-0.14039714941282,-0.8414691825892078,-0.6625389080522763,0.26199930599432264,-0.761111034968053,-0.5709700522897947,-0.08824232527513232,-0.727254047014867,-0.5955389080522764
79,0.3501687570987997,-0.8674012115952792,-0.6393324349423819,-0.13986936960827734,-0.8376803687569918,-0.6680897686978751,0.2621622904716787,-0.7631795695779147,-0.572332434942382,-0.08714612577568914,-0.7223269036767306,-0.6010897686978751
80,0.3506834154995886,-0.8705335267150076,-0.6401129639211758,-0.1401588821736368,-0.8331953294837149,-0.672874716526614,0.26213557478513394,-0.7656451471411856,-0.5731129639211758,-0.08678858521852817,-0.7168893225752981,-0.6058747165266141
81,0.35197161851283454,-0.872549098028685,-0.6400309843825125,-0.14057721974495507,-0.8293236308236374,-0.6763406438635611,0.26335095582362555,-0.7670641951699508,-0.5730309843825125,-0.08665173532608605,-0.7123971395631088,-0.6093406438635611
82,0.35362718781289004,-0.8740373430919135,-0.6392141174378521,-0.14121903697196103,-0.8251574812602485,-0.6774712990822918,0.26502324422654056,-0.7683302341174567,-0.5722141174378521,-0.0868348501080618,-0.708085018224665,-0.6104712990822918
83,0.3555689162185445,-0.8767366521205986,-0.6365414399274341,-0.14118727980348922,-0.8233962170925224,-0.6769669789441577,0.26715181829240464,-0.771036934122094,-0.5695414399274341,-0.0865383291074977,-0.706341516241082,-0.6099669789441577
84,0.3579370220850251,-0.8806138304207707,-0.6341668691106788,-0.1402246663619735,-0.823242810103693,-0.6753457512327186,0.26949570977194526,-0.7750141886208439,-0.5671668691106788,-0.08539132869736932,-0.7063027885888005,-0.6083457512327186
85,0.3602546215715847,-0.8839856141858036,-0.6306702382657858,-0.1390049099263706,-0.8234972113423282,-0.6730202920530173,0.27212340242294886,-0.7783538454823429,-0.5636702382657859,-0.08415269249053381,-0.7066599482350284,-0.6060202920530173
86,0.3624927266228042,-0.888090988402837,-0.6260011559147569,-0.13713887196900032,-0.8270791375689441,-0.6682007675785753,0.27451113003371574,-0.7825470769457752,-0.559001155914757,-0.08259184521557472,-0.710235317950719,-0.6012007675785753
87,0.36570869616298296,-0.8951388078421587,-0.6199904911131779,-0.13480548330517195,-0.8310430126875872,-0.6637978188605229,0.27802808812884905,-0.7896062212676043,-0.552990491113178,-0.08043907352657698,-0.7140644269675249,-0.596797818860523
88,0.3665501929081074,-0.8999355093255872,-0.614580468428805,-0.13237231902712665,-0.8353639498964185,-0.6584707658416773,0.278737635091602,-0.7946499840036267,-0.547580468428805,-0.07851271264189563,-0.7183336273446912,-0.5914707658416773
89,0.3674450942507974,-0.9073395489394898,-0.6074911398259173,-0.12975700411880098,-0.839798247689032,-0.6530843419400225,0.27976755585586943,-0.8023264764487976,-0.5404911398259173,-0.07646171960914216,-0.7225267051398987,-0.5860843419400226
90,0.3652917802992306,-0.9099189593835035,-0.6034095191075648,-0.1272067218360462,-0.8421041324181715,-0.6462986373021449,0.27734238511948206,-0.8057579352898756,-0.5364095191075648,-0.07442810528846167,-0.7253242089791456,-0.5792986373021449
91,0.36382960246010043,-0.9109340427821735,-0.6018943268077164,-0.1253988249500253,-0.8427081821864704,-0.6411755758540421,0.2756167100469611,-0.8072735188907245,-0.5348943268077164,-0.07336315049724362,-0.7257643459743122,-0.5741755758540421
92,0.35870975753823586,-0.9124532031273702,-0.6018294027976407,-0.12070342400511436,-0.841646103785024,-0.630199544780673,0.27086417874852486,-0.8096093224739889,-0.5348294027976408,-0.06801335015734367,-0.7267041491722921,-0.563199544780673
93,0.3543927925366006,-0.9141781845974037,-0.6015277573692328,-0.1168523622018256,-0.8391132274555275,-0.6211504408943183,0.2675972091692529,-0.8115227142261574,-0.5345277573692329,-0.06439218346895359,-0.7259271660732338,-0.5541504408943183
94,0.3499059188343381,-0.9138090851629386,-0.6020288135127811,-0.10985224366413604,-0.8442399742925772,-0.6026981736736088,0.26368197381270875,-0.8116999509657035,-0.5350288135127812,-0.056827817561497795,-0.7347040417516837,-0.5356981736736088
95,0.34968630684488744,-0.9202321692282567,-0.5984153733093007,-0.09966518269902735,-0.8506336732680211,-0.5873962030250295,0.2652996898996207,-0.817974321442307,-0.5314153733093008,-0.04731834219819575,-0.7439209743315587,-0.5203962030250295
96,0.34971159108863503,-0.9263899744400987,-0.5956480056715845,-0.08761302224411338,-0.8694124043831835,-0.5679812581015466,0.26652179070697457,-0.8240081489930162,-0.5286480056715845,-0.03570056549324363,-0.7671976507554064,-0.5009812581015467
97,0.34934848060947843,-0.9353581803297857,-0.5933099289045385,-0.07782379278796725,-0.8891184466338018,-0.5585590500936559,0.26913417389732786,-0.8316748278593877,-0.5263099289045385,-0.02768968531745486,-0.7895493047690252,-0.49155905009365597
98,0.3496398018178297,-0.9426390333246673,-0.5922179591229833,-0.06432005898386706,-0.9120453996729339,-0.546257771210996,0.2709735320386244,-0.8381298585009063,-0.5252179591229833,-0.015544490379397757,-0.8163616461824859,-0.479257771210996
99,0.35023105564323487,-0.9538115156028653,-0.59187778375189,-0.0494822072723764,-0.9375892770622158,-0.5411889209512919,0.2742693019172293,-0.8477054727409268,-0.5248777837518901,-0.003246660802687984,-0.8432332766387844,-0.47418892095129195
100,0.35150732656802575,-0.9657790970086353,-0.5922495355057362,-0.018468597923856578,-0.9893276404618518,-0.5351433982300404,0.27673461099948327,-0.8584431719064014,-0.5252495355057363,0.02493750115718285,-0.8946992468117969,-0.4681433982300405
101,0.35290731743771175,-0.980666814444703,-0.5935404391652737,0.013444232501569786,-1.039189217684907,-0.5387613864308987,0.2804873611112271,-0.8719305378181161,-0.5265404391652737,0.05290505544144253,-0.9416179639083566,-0.4717613864308987
102,0.35480421845022647,-0.9954083369375439,-0.594263460692211,0.0584016895681998,-1.1269877360464307,-0.5457009339893302,0.2849271899849555,-0.8852581189275952,-0.5272634606922111,0.0916685095817229,-1.0219394372106763,-0.4787009339893302
103,0.3564738297081931,-1.013875612130505,-0.5931150804353746,0.08989631768235995,-1.1981492127088131,-0.5550790320230516,0.2903611176825507,-0.9022473777440609,-0.5261150804353747,0.11592558409938647,-1.0863650525716366,-0.4880790320230517
104,0.35856787685224845,-1.0324608553928556,-0.5935311996909076,0.12558191839525534,-1.283037649540347,-0.5630876505347187,0.2958406192428811,-0.9198076595348539,-0.5265311996909077,0.14253397110769583,-1.1644639839214506,-0.4960876505347187
105,0.3614925175152166,-1.0535973744263174,-0.5933628176753627,0.1522894605241163,-1.358977063166094,-0.5703286623065578,0.3017282216987951,-0.9407716231216909,-0.5263628176753627,0.16190593607643677,-1.2361213998665335,-0.5033286623065578
106,0.36503125552007987,-1.0715720852167578,-0.5936645925794364,0.18935379210779502,-1.4310260017664405,-0.5749101103101493,0.307107133901809,-0.9600875576288672,-0.5266645925794364,0.19255813781092002,-1.3058377702982398,-0.5079101103101493
107,0.3695987142800732,-1.0903187434450956,-0.5939051061104619,0.21920566039079858,-1.4798417131678434,-0.5803266911934697,0.31265663878912164,-0.9801607768313261,-0.5269051061104619,0.2180229701280041,-1.3538858334795805,-0.5133266911934697
108,0.3718291573404713,-1.1006567388103576,-0.5911414674883344,0.2516949676155491,-1.5183948188350769,-0.5829867176180341,0.31336525605911447,-0.9945986180828186,-0.5241414674883345,0.24826472030872537,-1.3929238825367065,-0.5159867176180342
109,0.36273478494877054,-1.0969054878951283,-0.5904081706357756,0.2655112497686787,-1.5332738341094228,-0.5865472797704496,0.30179428087467386,-0.9954336763621541,-0.5234081706357756,0.2611265905379696,-1.4077097357512685,-0.5195472797704497
110,0.35708786243958457,-1.0872403952089371,-0.5795792327662566,0.2750381126479624,-1.5449729534593644,-0.5910532460948088,0.29503045672936423,-0.9961121055093827,-0.5125792327662566,0.2707492231802462,-1.4192807647195878,-0.5240532460948089
111,0.35063655807789473,-1.07502844366536,-0.5717472762735196,0.2785563035231462,-1.5549568775604712,-0.5937664837510892,0.2850548340302339,-0.9939223173569189,-0.5047472762735197,0.27448303385790496,-1.4291567448090063,-0.5267664837510893
112,0.34548526320759265,-1.0562261214508908,-0.5532570493341991,0.2765057763845107,-1.558783309723367,-0.5945253384234019,0.27794838015142886,-0.9900797178997891,-0.4862570493341991,0.27401096437279193,-1.4320861866726773,-0.527525338423402
113,0.3423656292670785,-1.0526459798129508,-0.5449348134388783,0.27175482292113884,-1.5631191715510795,-0.5959035796513417,0.27035369653640373,-0.9970570787700126,-0.47793481343887834,0.27294064987836464,-1.4357385024341056,-0.5289035796513417
114,0.33897156058264954,-1.0648461872624466,-0.5328613910979807,0.26630992232276185,-1.5674210185097763,-0.5960286192530402,0.2693511748166202,-1.0272697949694702,-0.44578268619716255,0.2723343425841449,-1.4383193248795578,-0.5290286192530402
115,0.33638333077578864,-1.101269319318817,-0.5332184037342298,0.2618584587708028,-1.5702005472412566,-0.5966691824541994,0.2683154075875791,-1.0756162848701933,-0.4203556348429629,0.2703233092561277,-1.440577134155319,-0.5296691824541995
116,0.3384517879694613,-1.1413191036699573,-0.5258901425031581,0.25832293941675744,-1.5736868159292499,-0.5975702992109218,0.2715572865217837,-1.1219231860159198,-0.4013581581739345,0.26794560640155396,-1.444058455657796,-0.5305702992109218
117,0.34963520490600786,-1.1917150459630648,-0.5075282497191438,0.2552347319669934,-1.5749713025434176,-0.5966680373930939,0.2816414745993825,-1.1746872804505983,-0.38320070932149974,0.264358534152052,-1.4456804833753267,-0.529668037393094
118,0.37738558198361716,-1.284486832926632,-0.49573060645252554,0.25370155568271,-1.5780626860359916,-0.596486624137462,0.30462736929803214,-1.2635591951111564,-0.3747231043735155,0.26224128450303397,-1.4489789334038505,-0.5294866241374621
119,0.4906144571959885,-1.2849534942215541,-0.47588854877903214,0.2723423076331528,-1.6217521323269466,-0.5128921851392005,0.395963190263501,-1.2494726671284297,-0.40888854877903213,0.26727795056103787,-1.5145293964451412,-0.4458921851392006
120,0.5067249435469421,-1.307912977776141,-0.478867739158879,0.28701933580487093,-1.6270724855276057,-0.5169089731752974,0.4096448916479858,-1.2757791601034114,-0.411867739158879,0.2788155797406944,-1.521191569408984,-0.44990897317529743
121,0.5230664640203031,-1.3333756461652229,-0.48398168403581804,0.300894375099233,-1.6304295793088386,-0.5208184273906153,0.423995557381204,-1.3045818343671272,-0.41698168403581803,0.2888067543044599,-1.52621961980185,-0.4538184273906154
122,0.5384958234153601,-1.3582151619630167,-0.4900244802811285,0.31588851627930126,-1.6321964351373026,-0.52705249494101,0.43749694493635616,-1.3345743803220103,-0.4230244802811285,0.2996302616320463,-1.5297320572572062,-0.4600524949410101
123,0.5537173009015532,-1.3818759637797484,-0.4959306155324084,0.3308942175008269,-1.633886100622476,-0.5309112106442553,0.4507990038491698,-1.3633025902236113,-0.4289306155324084,0.3106301134921523,-1.5340067761862883,-0.46391121064425533
124,0.5742633255667897,-1.4127722027624259,-0.5022099480956894,0.34323283904268465,-1.6354712488973746,-0.5348623857826096,0.4704067619986745,-1.3974223676050315,-0.43520994809568947,0.3216567399449559,-1.537987375530065,-0.46786238578260964
125,0.5988199512012216,-1.447590013864101,-0.5115537894416702,0.35573456683232507,-1.6410761381412158,-0.538368429009999,0.49381939568593225,-1.4336069132114062,-0.44455378944167023,0.3339347640521737,-1.5460985208774218,-0.4713684290099991
126,0.6232811172030779,-1.4771111513400683,-0.5189623998703536,0.36936579239591083,-1.6480332518840441,-0.5398580001892623,0.5175548453353258,-1.465325584533275,-0.4519623998703537,0.347355406405768,-1.5566236282611499,-0.4728580001892624
127,0.6466751756615849,-1.5014513925561914,-0.5248815053600919,0.3827701496429654,-1.655381400967599,-0.5399695867199552,0.5402453603692265,-1.4919021920213709,-0.457881505360092,0.361067852611086,-1.5670787290582666,-0.47296958671995526
128,0.6742945487148972,-1.5240097063506255,-0.5302316075649214,0.39975886293723306,-1.6628057974303374,-0.5407932525958967,0.5678175265438767,-1.5171617883170256,-0.46323160756492143,0.377603287482998,-1.576913537355722,-0.4737932525958968
129,0.6995570363014849,-1.5432144327933202,-0.5316864891028599,0.4181537927597674,-1.6699254437262425,-0.5375323338484959,0.5930208863228472,-1.5392153783614049,-0.4646864891028599,0.3961227016061457,-1.5863112731749425,-0.4705323338484959
130,0.7269668818571517,-1.558778463935596,-0.5293123702685916,0.44710714529537654,-1.6828649035451235,-0.5292832832019412,0.6207748294928024,-1.558197020625812,-0.4623123702685916,0.4249522031404922,-1.602157711124164,-0.46228328320194123
131,0.7540262608326884,-1.5737736032024259,-0.5271557901760315,0.478170615295312,-1.6959286139026517,-0.5222922895809388,0.6477573780812236,-1.574772696258151,-0.4601557901760316,0.4555237113036128,-1.6176914975658292,-0.4552922895809388
132,0.7869342799767765,-1.585709049817524,-0.5202061291674835,0.5182989771947177,-1.7133596683706855,-0.5091817732791168,0.6804220016583713,-1.5901921535696601,-0.4532061291674836,0.49370060223191103,-1.6380017543997383,-0.4421817732791169
133,0.8179641372826154,-1.5937652147949848,-0.5161386824220171,0.5554180301096494,-1.7306338108719501,-0.492597470340108,0.7103499478962476,-1.6011561907471332,-0.44913868242201715,0.5310656733181531,-1.6596315659226093,-0.425597470340108
134,0.8190805204048957,-1.6075739023617643,-0.5167955675169578,0.5689543671742285,-1.7658305523327726,-0.48307960415331036,0.710947085155567,-1.62161180948533,-0.4497955675169578,0.5403961129322852,-1.6989147422245878,-0.41607960415331036
135,0.8227932436693663,-1.619457552307722,-0.5202951337450867,0.5949616415728087,-1.8015001212297648,-0.48235582367123425,0.7145168764818663,-1.6386967097460001,-0.4532951337450868,0.5604859276045318,-1.7377523575960367,-0.41535582367123425
136,0.8285720977564779,-1.633154452256349,-0.5221393196443314,0.6305272612353292,-1.8409394625941786,-0.47560865567719884,0.7205374274035421,-1.6603291038791212,-0.4551393196443314,0.5901581380148855,-1.7817699317256483,-0.40860865567719884
137,0.8331705564032745,-1.642666685163931,-0.5198084404291803,0.6727016800414276,-1.8732561643719237,-0.4650053074183161,0.7268603676329803,-1.6780817683338682,-0.45280844042918034,0.6275658839713287,-1.819302337944464,-0.3980053074183161
138,0.835285458188082,-1.6534094049147825,-0.5189993454441646,0.7220423551607382,-1.905691189926074,-0.46285892262311973,0.733041885714556,-1.6983689500502805,-0.45199934544416465,0.6694280090141547,-1.858136041324542,-0.3958589226231197
139,0.8353450996783067,-1.66207727311712,-0.5161697343755731,0.7842310173418809,-1.9288023364410947,-0.46747756757030584,0.7387522263434221,-1.7158269238339017,-0.44916973437557317,0.7226242078450014,-1.8884785425530026,-0.40047756757030584
140,0.8319945922103216,-1.66998346905757,-0.51275194537083,0.8515478065219213,-1.9416859970574478,-0.47457189213672973,0.7436038246360113,-1.73279126744319,-0.44575194537083007,0.7807041397300054,-1.9109286890511612,-0.40757189213672973
141,0.8281491567595367,-1.674794709694197,-0.5089155869391033,0.9172909130556945,-1.9433282971499466,-0.48134492205644347,0.7479174901945953,-1.744464641821196,-0.4419155869391034,0.8394354750616912,-1.9221069574473404,-0.41434492205644347
142,0.8244792261375551,-1.6773402024177813,-0.5055817555003086,0.9768486061348085,-1.9350479174522661,-0.4876876662783543,0.7522638925565843,-1.752189420547893,-0.43858175550030865,0.8934708872093324,-1.9222450781730913,-0.4206876662783543
143,0.8181674455972825,-1.677444384235514,-0.5032127967169726,1.0197667157026444,-1.9218992449227699,-0.4932002296736682,0.7531150554987107,-1.7555923320237525,-0.43621279671697266,0.9336159800859605,-1.9166524864617713,-0.4262002296736682
144,0.8126485523516749,-1.6784241763293721,-0.4995690068062613,1.0500430491501902,-1.9100899962127187,-0.49544448459709384,0.7542118456894968,-1.7591160801589467,-0.4325690068062613,0.9626609709794138,-1.9108107951819875,-0.42844448459709383
145,0.809803553738675,-1.6712729628548004,-0.495923450203456,1.0678105883980606,-1.895379960106311,-0.4992600586133376,0.7581570380116318,-1.7536841328605988,-0.428923450203456,0.98009594611176,-1.9002617295250275,-0.4322600586133376
146,0.8178730615163659,-1.6625218554750063,-0.48781665602427166,1.0895235546613549,-1.8797608330264666,-0.5018143300126139,0.7732321181083535,-1.7458118810668566,-0.42081665602427165,1.0016042896295403,-1.8877040162101366,-0.43481433001261394
147,0.8269715624610399,-1.655376299319414,-0.471223841437215,1.1079511659900163,-1.8664436778403797,-0.4985255105580036,0.7901557105342363,-1.739140733180193,-0.404223841437215,1.020069898919246,-1.8770985147334613,-0.4315255105580036
148,0.8551751641771261,-1.643774254922846,-0.44870236331325214,1.1402427597186033,-1.8521417069482595,-0.48871865683894794,0.8248626185795729,-1.727985321288088,-0.38170236331325214,1.052298460735983,-1.86370643854616,-0.42171865683894794
149,0.8766730370680307,-1.632524958322847,-0.4290427151295189,1.1636506261984323,-1.836445412109697,-0.4819261017414574,0.853980356709144,-1.7175705642207504,-0.3620427151295189,1.0759023966948007,-1.8495702654822708,-0.4149261017414574
150,0.912253659857015,-1.612819027074238,-0.41707884006930235,1.1932730196840566,-1.8179478458246194,-0.47863603478025835,0.8938888131506246,-1.6988369039377176,-0.3488524954850618,1.1045135079748434,-1.8312769345125162,-0.41163603478025834
151,0.9393301527288713,-1.5958143401426241,-0.41146459921244716,1.2114172796991625,-1.8028279322666094,-0.4780348176295702,0.9254928450372972,-1.6826647001785204,-0.33935051673006456,1.121484405854062,-1.8162548023742602,-0.41103481762957017
152,0.9770146475912043,-1.578404433420019,-0.40551287514108164,1.2310544492484041,-1.7919065201190278,-0.47623649380829375,0.9654998572350451,-1.6663523906377122,-0.33057958195831816,1.1395901532650896,-1.8035609269049928,-0.40923649380829374
153,1.0188520818755933,-1.5549687224906847,-0.409268284637059,1.2424883216426679,-1.784460813133137,-0.4773143655779604,1.005223315934927,-1.645101875392811,-0.3373125040056948,1.1508039802120038,-1.7945700887125895,-0.4103143655779604
154,1.0764293521915533,-1.529420977551581,-0.4201867879107156,1.254421480027304,-1.7803982702084795,-0.48200704343025064,1.0588471740757086,-1.6224966255017534,-0.35230617577735757,1.163020648089514,-1.7885017004796282,-0.41500704343025063
155,1.1345057399867073,-1.5087260675850303,-0.4316515839686799,1.259701660454084,-1.7799891826930434,-0.48283123141435863,1.113641223490049,-1.6045469192090422,-0.3646515839686799,1.1712021293042199,-1.7858257887187392,-0.4158312314143586
156,1.1944851021671639,-1.4913886405761332,-0.4482128565227795,1.2704428027773247,-1.7792847819860071,-0.486662739983778,1.1690582226419792,-1.5889959402616114,-0.3812128565227795,1.1861161928081856,-1.7824043400819392,-0.419662739983778
157,1.252326585670744,-1.471192822069952,-0.4630384174902174,1.2843028980696545,-1.7720935197780818,-0.48985621610471936,1.2211452502215252,-1.5700996669243068,-0.3960384174902174,1.203588255068098,-1.7725979836891383,-0.42285621610471935
158,1.3074538599157677,-1.4509161060909719,-0.4752333586597997,1.2952610890770302,-1.7652596479515523,-0.49166141203885855,1.2711029689216957,-1.550611669407317,-0.4082333586597997,1.2182378213310585,-1.7629879659275502,-0.42466141203885854
159,1.3538099492125184,-1.4273366410984636,-0.48461460186216937,1.3131338918738038,-1.750830464507544,-0.4969141395208608,1.3140794450573594,-1.5275507201208711,-0.41761460186216937,1.2376579160027177,-1.7476741899504304,-0.42991413952086077
160,1.3949042355798156,-1.4108850313118637,-0.49116887214176314,1.322851965405789,-1.7384996963432968,-0.49518354299060957,1.3517122661851317,-1.5116548193386734,-0.42416887214176313,1.2506059652350814,-1.732868487923497,-0.42818354299060957
161,1.4266628874156595,-1.3933608699358047,-0.4960049618180092,1.3362168324802042,-1.724026495567614,-0.493285499900132,1.3821900738093973,-1.4947764817393363,-0.4290049618180092,1.266443873724711,-1.7177365664160789,-0.426285499900132
162,1.4571701511431456,-1.3737198132789672,-0.500751210763603,1.3570406362105132,-1.7071081492817939,-0.493243886544853,1.411363445191455,-1.474801519862467,-0.433751210763603,1.2888652309466124,-1.7001828346169532,-0.426243886544853
163,1.4828464425791026,-1.3542494866765082,-0.5049280658508832,1.376326907395196,-1.6897246930516303,-0.48725338132634716,1.4360933042753459,-1.4554304871476234,-0.4379280658508833,1.311752397536111,-1.680633971444422,-0.42025338132634715
164,1.5205391421604872,-1.3227622024483026,-0.5097835952560599,1.4082792177487136,-1.66228439284032,-0.4843009406845267,1.4708626344490767,-1.4238834865159333,-0.4427835952560599,1.346179060607028,-1.6515602357453645,-0.4173009406845267
165,1.5574976131010771,-1.2941935695475877,-0.5118883502814169,1.4327305778551818,-1.6411201320356668,-0.48069187525242524,1.5037166699457885,-1.393636431521827,-0.44488835028141693,1.373365677862239,-1.628800507611686,-0.41369187525242523
166,1.5959721868548513,-1.2685347143328727,-0.5183685071910913,1.4640145217690588,-1.6147798243678153,-0.4880780227626856,1.5375445549998403,-1.3657612297452033,-0.45136850719109134,1.4055242454323889,-1.6024180892623008,-0.4210780227626856
167,1.6218960210371733,-1.2500745830825508,-0.5250943145160745,1.4864881559897185,-1.5937361670426071,-0.49786506503868805,1.560341112284732,-1.3450732929400147,-0.4580943145160745,1.4281428679514647,-1.5816321028164566,-0.43086506503868804
168,1.6216329999424488,-1.2455852110638261,-0.5281393090640376,1.4828443147398502,-1.5956079442753435,-0.5040164748584102,1.5583475001312763,-1.3398299743189455,-0.46113930906403766,1.4249290295101673,-1.5850931186928392,-0.4370164748584102
169,1.6271847106672794,-1.2317262436031342,-0.5355214004316549,1.484672433898595,-1.590745776402855,-0.5130474691190938,1.5632657922960789,-1.325724139320755,-0.4685214004316549,1.4275941170908482,-1.5813452000497819,-0.4460474691190939
170,1.6274912674834923,-1.2228388220305533,-0.5410521950193397,1.4785073717048363,-1.591444793366918,-0.5209232892461768,1.5631351192405418,-1.3161806047196478,-0.4740521950193397,1.4224608261993126,-1.5825876027579397,-0.45392328924617686
171,1.62226351312529,-1.2138151165331692,-0.5456483305983892,1.4700113233102456,-1.5917121555889935,-0.5310575903945318,1.5591062527073518,-1.307008334645161,-0.4786483305983893,1.414163685954918,-1.58399347329987,-0.46405759039453187
172,1.6291624343411968,-1.2102546631126643,-0.5407069472216717,1.4720689243094967,-1.595043027284646,-0.5292968300723186,1.5671596264855907,-1.3035661815433741,-0.4737069472216717,1.4177370703237102,-1.587998682144189,-0.4622968300723187
173,1.6301832878361893,-1.2100782830734715,-0.5347417746756873,1.4735654675732803,-1.5981639314909444,-0.5278604780410132,1.5703732454549026,-1.303758679749535,-0.46774177467568734,1.4205051147710037,-1.5916831184645162,-0.46086047804101327
174,1.6400139804736682,-1.2091640646453925,-0.5300842837982527,1.4740372102514812,-1.6002214441891738,-0.5270415262871138,1.5816573377505847,-1.3027815113659926,-0.4630842837982527,1.4234173770801135,-1.5938510189648696,-0.4600415262871138
175,1.6454041886881896,-1.2101237469237276,-0.5269793176644197,1.4740306090370723,-1.605828262202067,-0.5227978730194918,1.589339158292205,-1.3037183352630564,-0.4599793176644198,1.4269595283822127,-1.5987065800350138,-0.4557978730194918
176,1.6540724573696934,-1.2120193046634995,-0.5211520649113408,1.4709207726682507,-1.6113780764048897,-0.5182418681301824,1.5988260446156346,-1.3045631972258889,-0.45415206491134086,1.4262434927786671,-1.603088769049009,-0.4512418681301824
177,1.6526475503615075,-1.2177275346243732,-0.5157813273922256,1.4653652563265496,-1.621116593631541,-0.5129592262760452,1.5995626031926804,-1.3090073914850109,-0.44878132739222565,1.423222745912426,-1.6114261896932476,-0.44595922627604523
178,1.6544836902448878,-1.2262773972820469,-0.5118702957492969,1.4617826932499156,-1.6276339602541157,-0.5073184678417346,1.6012983539530978,-1.3161555391620823,-0.44487029574929693,1.422184362394546,-1.6161804509233662,-0.4403184678417347
179,1.6578427356125758,-1.2333776301588841,-0.5069201882083616,1.4603755426051066,-1.6372085458483525,-0.5013764794070921,1.605249966347401,-1.3223015612807103,-0.43992018820836165,1.4227721047045634,-1.6247018820490666,-0.4343764794070921
180,1.6634881415793643,-1.2433550826158353,-0.5003098542888365,1.460696085674499,-1.6468302032794782,-0.49535861565663436,1.6100930192897067,-1.3309511861648389,-0.4333098542888365,1.423887229842876,-1.63301256512068,-0.42835861565663436
181,1.6699745280475327,-1.2536860062159576,-0.5009639314462146,1.4608344508142181,-1.6572046457208671,-0.48961806810392955,1.61574282476613,-1.3404296515859642,-0.4339639314462147,1.4270503593415924,-1.641204285470394,-0.42261806810392955
182,1.6791031481971004,-1.264460801880432,-0.4969435795296631,1.466241401647494,-1.6661072743941077,-0.4858438833703003,1.6242667557944515,-1.3503688050318488,-0.4299435795296631,1.4329604925860622,-1.6492137683439978,-0.4188438833703003
183,1.9093260993522563,-1.194414502743257,-0.3406559531663261,1.3027180661720195,-1.9277081999812253,-0.3625929062341056,1.8162830104392924,-1.2872700158391126,-0.27365595316632607,1.2560923327964701,-1.8897272858653196,-0.2955929062341056
184,1.9178879666415014,-1.201849422219766,-0.33912330913289407,1.3078935551729955,-1.924544117215646,-0.3636062746022544,1.823867421158866,-1.2928787682089933,-0.27212330913289406,1.2576419222441473,-1.8863345000777372,-0.2966062746022544
185,1.9226777470012166,-1.2097789363820084,-0.3402031346426993,1.312469652881191,-1.9226931201178559,-0.36603149615392977,1.827848277082012,-1.2995509521920212,-0.2732031346426993,1.2589265620608785,-1.8835552798468598,-0.29903149615392977
186,1.9222345399011829,-1.2149777354557045,-0.3423746156708985,1.317962442552016,-1.9221782030422219,-0.37054389000103766,1.826766257201598,-1.3036486746627816,-0.2753746156708985,1.2593066441168048,-1.882619673188401,-0.30354389000103765
187,1.9195618778740027,-1.2220118225436636,-0.34359721310601526,1.326696142581568,-1.917008954368157,-0.3714299000071078,1.823978856233225,-1.3096496046405264,-0.27659721310601526,1.2642136067424872,-1.8764873922687002,-0.3044299000071078
188,1.9085897411259793,-1.230658411316199,-0.3497635459730118,1.3412410224827909,-1.907475761405749,-0.37187818048686677,1.812445660963931,-1.3173221417587229,-0.2827635459730118,1.2738479877862119,-1.866730801097674,-0.30487818048686677
189,1.8847808880946104,-1.2482451026212402,-0.35831269442268604,1.347126860751814,-1.9064135079156586,-0.37529209076591724,1.7888321919581358,-1.3342173819314667,-0.29131269442268604,1.2759470684668486,-1.8662479047548004,-0.30829209076591724
190,1.8564707990135503,-1.2573864001665243,-0.37755662986591415,1.3521682973350835,-1.9056718189153798,-0.37337017843082504,1.76163751439708,-1.3443157959613927,-0.31055662986591415,1.2817535753692937,-1.8654509026441701,-0.30637017843082504
191,1.8393815596919012,-1.2625231508050092,-0.3877214303224646,1.3634030063967657,-1.9046802956495412,-0.36576528455906737,1.7452346523623419,-1.3501599121723302,-0.3207214303224646,1.2942944308142614,-1.8655880529317983,-0.29876528455906737
192,1.8102629560144123,-1.2654317967012503,-0.40388919240785254,1.4004965203912434,-1.899989960284529,-0.34464366561723364,1.7189145016582188,-1.3571025557234861,-0.33688919240785253,1.3391406911523518,-1.8592169261887648,-0.27764366561723364
193,1.8123653359343734,-1.2688994636177995,-0.39883411340405656,1.4620354450871673,-1.8713671048521974,-0.33569005511877936,1.7241642154385772,-1.3631737013697602,-0.33183411340405655,1.4042708254983154,-1.8318445165991761,-0.24600640515973282
194,1.8142894463944685,-1.269443889183549,-0.3952310517429323,1.5546542065549147,-1.8352617593832292,-0.3309423626584785,1.7302964436221373,-1.368225720746068,-0.3282310517429323,1.5020880209613097,-1.796454367262868,-0.21181149798621846
195,1.8183632278214645,-1.2697264615330823,-0.39270586930205537,1.652931013084526,-1.768365836504472,-0.3273119969360633,1.7385566317807388,-1.3721521708998807,-0.32570586930205536,1.5936708831559372,-1.7373300555977949,-0.20583043824126435
196,1.8229793533082557,-1.273080650519205,-0.39156789870457215,1.797379665016706,-1.6878448461998232,-0.3181031193275885,1.7469532265658927,-1.3791928624618777,-0.32456789870457214,1.727163873552854,-1.6657736038673647,-0.20047734637455505
197,1.8282986619706207,-1.2773876217274847,-0.3882814672319837,1.8921229877705628,-1.6079969284205617,-0.31023911074089483,1.7559215762848908,-1.3854792294173421,-0.3212814672319837,1.8124030419821793,-1.5969427106051626,-0.1973967893450208
198,1.8337101504403108,-1.2831955448805275,-0.3862988639225405,2.0490495428639406,-1.4707344667135658,-0.3060326668275902,1.7640160262781137,-1.3918638126074256,-0.3192988639225405,1.950875447710132,-1.479976464909214,-0.21795070222515278
199,1.8398813890489691,-1.2909020231186332,-0.3849501960280504,2.162763005700981,-1.3448362098156394,-0.31095154182284035,1.772714419868862,-1.3980554089962425,-0.3179501960280504,2.0535848500403517,-1.3724613235413017,-0.239629990816411
200,1.8453985211635882,-1.2987279001704337,-0.3843980314045366,2.3218056914593035,-1.1992512647143485,-0.31667494380496597,1.7799416241432482,-1.4042448107234122,-0.3173980314045366,2.201021378972655,-1.243820727252114,-0.2511889535694536
201,1.8712483098461234,-1.2006437555269258,-0.32230938465317377,2.164500748152932,-1.3313584402517336,-0.2910938957424987,1.8490576347066963,-1.2916223779634493,-0.25530938465317377,2.0896151115848625,-1.3568084910825746,-0.22409389574249872
202,1.872458174239,-1.2033205367938535,-0.3216218609081734,2.2300593996151292,-1.2708867378846662,-0.30340930406918415,1.853833138357004,-1.2910843976155775,-0.2546218609081734,2.149137541066011,-1.305902380527641,-0.23640930406918415
203,1.8670058319075906,-1.2082584332988517,-0.3220818838521991,2.2745161870225274,-1.2264438700244682,-0.3139680823728595,1.8530078151925409,-1.2931471001670616,-0.2550818838521991,2.1904257157548273,-1.2688008379504936,-0.2469680823728595
204,1.865485149781307,-1.210484860496308,-0.3174920216620121,2.302529472271999,-1.2072970252797859,-0.32281054411532023,1.855486068288883,-1.2908811848924415,-0.2504920216620121,2.216458755890926,-1.2520431559846656,-0.2558105441153202
205,1.8598185324772203,-1.2151782326714056,-0.3193165810730461,2.3195935332878435,-1.1888028197304266,-0.33402277547383347,1.8552683734997117,-1.293078642369892,-0.2523165810730461,2.2338549935921037,-1.2362401001469152,-0.26702277547383346
206,1.8634913674286508,-1.2041245741152125,-0.3142117910970155,2.3343705943516397,-1.1714318734907465,-0.33897024923452773,1.8642589113405847,-1.2809165162348108,-0.24721179109701552,2.2496770730904245,-1.220307086160119,-0.27197024923452773
207,1.8641423879853392,-1.192262649101849,-0.30505036452768036,2.343698918699374,-1.1496884818502622,-0.3406826768255014,1.8723884074679518,-1.2683324511476712,-0.23805036452768036,2.2604295610180998,-1.2002947922178464,-0.2736826768255014
208,1.8706752461112046,-1.1681127115466552,-0.29876194318739363,2.3549638193762803,-1.1204299195983367,-0.3333495648762364,1.8837656479990983,-1.2474466725566344,-0.23176194318739363,2.2734411460078263,-1.170180515883203,-0.2663495648762364
209,1.8518851468070352,-1.1703140153863387,-0.29770332080760636,2.3455047080024087,-1.1124757840611892,-0.33328878385463395,1.8692530462249124,-1.252440841434236,-0.23070332080760636,2.2645732829078042,-1.162491770026918,-0.26628878385463395
210,1.8357339751637483,-1.1721898983546453,-0.2967127114020441,2.342334057084372,-1.0991017590590673,-0.33204467589484193,1.856842900506308,-1.2564198146887975,-0.22971271140204408,2.2613198411381745,-1.14938203201973,-0.26504467589484193
211,1.82007927388986,-1.1759975883492189,-0.2975938266094927,2.3457299241526925,-1.0805110517271714,-0.3308986371334795,1.8419363865359628,-1.2634494635590272,-0.23059382660949268,2.2629367479785287,-1.1328385505207734,-0.2638986371334795
212,1.8045574506941193,-1.1818241700843828,-0.2988019826075215,2.3553476413908356,-1.05428662154236,-0.3330347182413716,1.828213550728833,-1.2713244185165422,-0.2318019826075215,2.2700838973942155,-1.1101119146064775,-0.2660347182413716
213,1.7955955183097103,-1.187907155634548,-0.29625192337652334,2.362216434437869,-1.0480975024715917,-0.3294992750229467,1.8202667748519161,-1.2785125635878103,-0.22925192337652334,2.274618378836749,-1.1048113070742147,-0.2624992750229467
214,1.7874107595671376,-1.1974972557823094,-0.2930268832201291,2.359451049207564,-1.0568899583618077,-0.3284189887995053,1.813688808320876,-1.2878809642593296,-0.2260268832201291,2.271263980506774,-1.1141892146865757,-0.2614189887995053
215,1.7814076429604029,-1.204116353214431,-0.29163252498937436,2.358557466268394,-1.0681243030435326,-0.32581608679128476,1.8078845924137568,-1.294732490003753,-0.22463252498937436,2.270093712806556,-1.1242197541600945,-0.25881608679128476
216,1.7753341335737787,-1.2181275289353835,-0.2910067552652363,2.35541988796831,-1.0790593873557555,-0.3254719490137104,1.8034081596815668,-1.3079306881722914,-0.22400675526523628,2.2686302650654397,-1.1350028913316237,-0.2584719490137104
217,1.6394351160088263,-1.3020565815118061,-0.24437197014237563,2.431585255817481,-1.104679018988918,-0.3053048097713072,1.6666710412064276,-1.393947453036617,-0.17584820195270368,2.3179111665049277,-1.1547632522729145,-0.2383048097713072
218,1.632011088931904,-1.3190544598351153,-0.24586383134691642,2.441269549930439,-1.1022855096111925,-0.3042428258117907,1.6610870095137216,-1.4082208626518877,-0.1788638313469164,2.3273265393618203,-1.150502090955797,-0.23724282581179068
219,1.6301841343920387,-1.3287708104203375,-0.2448086514846109,2.4492143596689857,-1.100558096225086,-0.3033880963698648,1.6630710567515052,-1.413591796214405,-0.1778086514846109,2.334849795250193,-1.1462517023633154,-0.2363880963698648
220,1.624903780331806,-1.3481169675092133,-0.24626607681861273,2.459806126465992,-1.0935988460282715,-0.3072353251986824,1.6631413520481146,-1.4264737103681,-0.17644178519776688,2.34557737123032,-1.1389087472657593,-0.2402353251986824
221,1.627206091692642,-1.362840378339115,-0.2507878303400073,2.471010123303131,-1.0898352504323157,-0.3121073074648775,1.6709396884943999,-1.435215318257633,-0.1791966700861849,2.3569200084712065,-1.1341707945416601,-0.24510730746487752
222,1.6289284163322009,-1.3776297193567189,-0.25633231748633956,2.479859971364931,-1.0870421749154957,-0.318379374780754,1.6788113051261462,-1.4423287135164173,-0.1804957430745162,2.365886189898447,-1.1310240548650654,-0.251379374780754
223,1.6330363004635728,-1.3873223305295141,-0.2609820344521634,2.4884492009114183,-1.0837497354100378,-0.32322534206422643,1.687864944262401,-1.4462736487935217,-0.1834756081393607,2.3748221098612703,-1.128456378037754,-0.2562253420642264
224,1.6350937224160589,-1.3939747527788313,-0.26558474467635085,2.4949878788720525,-1.0840741411398085,-0.32843182006717325,1.6942327357064642,-1.4468742326448591,-0.1840422817790568,2.381388176156179,-1.1291955128858717,-0.26143182006717325
225,1.6408195767253346,-1.3993769457179042,-0.2685224464677187,2.5001502010672993,-1.085100220664117,-0.3315888462889161,1.7031632933467336,-1.447415666802499,-0.18538786324143075,2.386536059126229,-1.1305762102442714,-0.2645888462889161
226,1.644735290126846,-1.4044973744626077,-0.270663055082748,2.5047205224800564,-1.0893914295907052,-0.33451332935464234,1.7100312844086147,-1.4479789628262552,-0.18301379140984864,2.391620202379272,-1.1353242291684182,-0.26751332935464234
227,1.6509810536335863,-1.406266490145299,-0.2714216779043839,2.5091910212468065,-1.0932211076456042,-0.3354509015984986,1.7173890321682848,-1.4481386338907214,-0.18304412135557868,2.3963118194769777,-1.1387035941320391,-0.2684509015984986
228,1.6520470839859627,-1.403658816738698,-0.27189454268642765,2.5127652150513313,-1.0996271466451617,-0.3369738794349287,1.7191884976746223,-1.445523927136037,-0.17927909431682565,2.400686891091027,-1.1448012983041735,-0.2699738794349287
229,1.6544448195891164,-1.3998669061425062,-0.27213849323026945,2.5162666796641133,-1.1052644226315351,-0.3372017640572194,1.7204502879576467,-1.4440631541970106,-0.18022950644308366,2.4049699514107488,-1.1501179609063001,-0.2702017640572194
230,1.65936115877048,-1.3908625516655775,-0.27168612684627896,2.516029869479098,-1.1161819073918195,-0.33832193463557997,1.7229333867253445,-1.4413427982094618,-0.17657343762630262,2.4061666925372265,-1.1616249356034132,-0.27132193463557996
231,1.6714941861973784,-1.3785666759672495,-0.2725902393079069,2.511686265741446,-1.1288643415632578,-0.3403579256914709,1.7320504191266082,-1.4351699288549753,-0.17678528813348748,2.4032317700730346,-1.1739758189382883,-0.2733579256914709
232,1.6922591039146937,-1.3703283902455041,-0.27565170873376715,2.4976372727360285,-1.1466813024330804,-0.34671656234376497,1.7494472571816004,-1.43395467961318,-0.17465664060227937,2.390877128502325,-1.1917276915360162,-0.27971656234376496
233,1.7377133964728273,-1.3512194577801893,-0.2632389393047254,2.500315993947879,-1.1425219301331708,-0.3366898543022144,1.7952516078185,-1.4152734700787732,-0.15625589720229982,2.395534440798656,-1.1878819588769147,-0.26968985430221437
234,1.8291273153554357,-1.312556841616697,-0.24114638899709462,2.5052952206860937,-1.1343995418596933,-0.32725951241399526,1.8900739587079443,-1.3715864207792947,-0.12823152874852894,2.4011597669850744,-1.179839202408857,-0.26025951241399525
235,1.8998782699163712,-1.2811188820946882,-0.22951762920502006,2.5106507902200974,-1.1268830124486158,-0.32304807382705986,1.9575215642507828,-1.3391758922684858,-0.1140450740444976,2.4065212075765885,-1.1715979103196332,-0.25604807382705985
236,2.030626032192231,-1.1938514217931697,-0.22030445823702394,2.521627094287396,-1.117197583635516,-0.31450766048464357,2.0818031464405067,-1.2499053582746456,-0.10081997404131471,2.415512565214158,-1.1576749190885494,-0.24750766048464357
237,2.0976741180456884,-1.128850559444345,-0.2134085467064324,2.5324315667785413,-1.1103994052123198,-0.3099238131248894,2.137743519309879,-1.1915859977912078,-0.09290571715473561,2.4247190371788747,-1.147155265064157,-0.24292381312488942
238,2.230532608966314,-1.0104533910948703,-0.2225521786117497,2.545764997641527,-1.1032496571738193,-0.3060927059554997,2.249970831016981,-1.0866358757216403,-0.10476410221099286,2.4355731681389443,-1.1350968063075015,-0.2390927059554997
239,2.300729252438032,-0.9201314646948049,-0.2225820077096614,2.5598839074773423,-1.1019148726213643,-0.30550681907288163,2.3044566736025445,-1.0082554120767782,-0.11159136420837967,2.4491684586209885,-1.132053216193981,-0.23850681907288163
240,2.438962543830712,-0.7952637537114242,-0.2226155661345981,2.5745315165077045,-1.1022699787013153,-0.30502589457272916,2.419542266503413,-0.8995377435080627,-0.1370435861849728,2.4621053547416523,-1.1292166425578216,-0.23802589457272916
241,2.533142894430057,-0.6832354573730299,-0.23462518999745674,2.583906281663076,-1.1056972054961989,-0.3035273397394958,2.495109982712165,-0.7983607856754134,-0.16640390567272334,2.470575880182878,-1.128336331081755,-0.2365273397394958
242,2.7425862857307948,-0.6034394439507196,-0.23035075107905637,2.5940068894233264,-1.110353672151632,-0.3021154918528664,2.6823451825584925,-0.7211116042185495,-0.1655862564898598,2.478686363359884,-1.1251119312096307,-0.2351154918528664
243,2.855166925506637,-0.5578430697519252,-0.2251295034908733,2.5981944188642956,-1.1110983297426174,-0.2968963908783662,2.7813163235950924,-0.6727473467785785,-0.16173645301978468,2.484557135419891,-1.1194741532403896,-0.22989639087836622
244,3.010007884742663,-0.5262494471121499,-0.19067691005567122,2.6012229439038492,-1.111858331804342,-0.290947313681947,2.9235160317439295,-0.6367742505121896,-0.14030530776153682,2.489209037663386,-1.1137198444653222,-0.22394731368194698
245,3.1041495082135953,-0.5043490875709722,-0.16792991238371602,2.604996296500758,-1.1148301113594243,-0.2836038868695068,3.011541473602847,-0.6117928374756048,-0.12685312011535643,2.496619465684489,-1.1115861881721685,-0.21660388686950682
246,3.207740735186235,-0.4990924990001986,-0.11540830518273484,2.6113273016344465,-1.1211747026268313,-0.2792739037245083,3.1110839358698286,-0.6038320234242747,-0.1014080723493862,2.505747910512582,-1.1142158603493044,-0.21227390372450827
247,3.274665341636137,-0.49646546153462623,-0.0823570104062128,2.6136933871712245,-1.1253535619202921,-0.2745364203869867,3.1755156972612895,-0.598942199927933,-0.08442851023073672,2.5115760424341715,-1.1153737774316141,-0.20753642038698672
248,3.334518491446943,-0.49295553585625385,-0.069651770589644,2.618581890284986,-1.1326932909164498,-0.2648987336137834,3.2348548166155524,-0.5943755807552407,-0.07513760328083663,2.5208285741209693,-1.1196786167297432,-0.1978987336137834
249,3.36589909034592,-0.47317689025885556,-0.08535698313920376,2.6233750327191956,-1.1387928363133142,-0.25779884579196005,3.266523484762729,-0.574947701041765,-0.07916918089404135,2.5304067178331024,-1.1242644425678918,-0.19079884579196005
250,3.379130976896704,-0.4615337059099147,-0.14898243047717552,2.627415763836325,-1.1487632498342464,-0.24704223489924698,3.2801583583168394,-0.5635718584258029,-0.10147616052790909,2.5405678624920256,-1.1296539411146114,-0.18004223489924698
251,3.390347868826211,-0.4551524941075513,-0.18568176790676444,2.632267296936334,-1.1517031315911481,-0.2431215123792681,3.2909006184600003,-0.55586797485239,-0.11868176790676443,2.549345285322488,-1.127082658206291,-0.1761215123792681
252,3.4001938623077876,-0.453556089868016,-0.20708202468767195,2.6358365338928706,-1.1588113598722884,-0.2335941706837657,3.300785235751391,-0.5533842511672447,-0.14008202468767195,2.559160791028262,-1.1282889537710616,-0.1665941706837657
253,3.4193976835049398,-0.45645383393502925,-0.21622491689003437,2.638133259180904,-1.1595099756691525,-0.23102022023476093,3.318139286402584,-0.5538057724211285,-0.14922491689003436,2.5638739482201345,-1.125017304179437,-0.16402022023476093
254,3.4241406569890387,-0.45059292830637787,-0.2187553245162162,2.639556104939402,-1.1560363999765286,-0.2251337963675651,3.3226832995824225,-0.5469244650762448,-0.1517553245162162,2.5697630594186194,-1.1202486387651334,-0.15813379636756508
255,3.423424644552142,-0.45440829426161145,-0.21963670570357136,2.6379008425101347,-1.1555652830015788,-0.22197541315062336,3.3224538398608274,-0.5504394385229716,-0.15263670570357135,2.570867670856387,-1.1185322019468913,-0.15497541315062335
256,3.4230743676125712,-0.45364167422167156,-0.21777764055831722,2.6388661890923686,-1.1527747723471293,-0.22194132301910213,3.3221333056389994,-0.5492197486769328,-0.15077764055831722,2.5739288657605357,-1.1142052027594218,-0.15494132301910213
257,3.4146201267540164,-0.45548778932652567,-0.2155862380745857,2.638274277716846,-1.1525047288473615,-0.22134887473611525,3.314584101706714,-0.5508203149970541,-0.1485862380745857,2.5743194475471682,-1.1142396793898115,-0.15434887473611525
258,3.4135636332612194,-0.4579158543806443,-0.2125809291605874,2.637593293486134,-1.149783921168364,-0.22536213195370874,3.313730919657246,-0.5527256845693955,-0.1455809291605874,2.57441362172176,-1.112171959803618,-0.15836213195370874
259,3.409757750148856,-0.46551580305322204,-0.2107326577820386,2.631590412969672,-1.1441840114734987,-0.22740431534429445,3.3095238376808993,-0.5585516798041681,-0.1437326577820386,2.569994645233237,-1.106733578696094,-0.16040431534429445
260,3.4119372773384384,-0.4694654172949413,-0.20871480726008668,2.6227801549648575,-1.1417412212781528,-0.22819724105601563,3.3111291933273606,-0.5614028102449993,-0.14171480726008667,2.5644425559257797,-1.1042964509420017,-0.16119724105601563
261,3.4139387049181096,-0.47772428763209973,-0.20860178986867323,2.612896058748447,-1.1379508413106123,-0.2287257484563197,3.3113558032018773,-0.5677877105504194,-0.14160178986867322,2.5594086088640324,-1.0991127527981917,-0.1617257484563197
262,3.4231197050939954,-0.4852974139816979,-0.20616985225887402,2.6046376637350477,-1.1310783945687035,-0.2280250873586665,3.318557750357286,-0.5728520177967766,-0.13916985225887402,2.556143265141145,-1.0911276065476159,-0.1610250873586665
263,3.4348268665016803,-0.49514323051198517,-0.20529672344809297,2.5945547975243244,-1.1264247852109293,-0.22493669232016328,3.327072963827959,-0.5795277910970071,-0.13829672344809296,2.5522641397656116,-1.0847350316785196,-0.15793669232016327
264,3.4474344479494903,-0.5014579654402951,-0.20551502138504657,2.5824759828501556,-1.1245845318503598,-0.22305154234299335,3.3371338474207732,-0.583549550241969,-0.13851502138504657,2.5451928007059905,-1.081431007451556,-0.15605154234299334
265,3.4546818176859233,-0.5061856824636379,-0.2079611293006492,2.573112968599162,-1.1275236922979275,-0.2199773064780784,3.3431855777853343,-0.5872760731458584,-0.1409611293006492,2.5407186488264415,-1.0824009496450344,-0.1529773064780784
266,3.46701867716547,-0.5145632372900764,-0.21072401663649726,2.560173018147907,-1.125261147479705,-0.21808101794112372,3.354167683293781,-0.5936331944271842,-0.14372401663649725,2.5326038433813665,-1.0792319373890678,-0.15108101794112372
267,3.477756087886519,-0.5222463188424626,-0.2147269688280103,2.550263171302504,-1.127131733085207,-0.21368829828815433,3.36325851570291,-0.5991418985381642,-0.14772696882801029,2.5281492520443862,-1.0800681439891378,-0.14668829828815433
268,3.4898153284884756,-0.5327359772950331,-0.216535209579426,2.5377792457438773,-1.1244900859624067,-0.20736747877116796,3.3732949832774466,-0.6061362661152998,-0.149535209579426,2.5200014451838797,-1.0762540138989607,-0.14036747877116795
269,3.4996777458436554,-0.5418284896027217,-0.21757283878422823,2.5307220502145356,-1.123614540995277,-0.2005639381418332,3.3815562708623474,-0.6122562202822337,-0.15057283878422822,2.516320018316037,-1.0738236817728648,-0.1335639381418332
270,3.5075779681355925,-0.5488058579817334,-0.21857786611098345,2.523400319114444,-1.1235048426046887,-0.1948118253089815,3.387895685926196,-0.616409028853468,-0.15157786611098345,2.5110537533910247,-1.0720268143072644,-0.1278118253089815
271,3.5117721482092747,-0.5571119800174529,-0.21761188215486255,2.5212358756834874,-1.121647746857434,-0.1919491619514629,3.391479007797898,-0.6222374752128417,-0.15061188215486254,2.5096369906241307,-1.068233998116284,-0.12494916195146288
272,3.514381556257831,-0.5650724550164341,-0.21754226474467214,2.5200266525598636,-1.1228517373479008,-0.19618592052164968,3.393165586933719,-0.6277911742604374,-0.15054226474467214,2.505456893190967,-1.0675306995785832,-0.12918592052164968
273,3.277771146221312,-0.6253833908508568,-0.4251059486009508,2.7872992169095596,-0.8792169231842308,-0.3965993715860277,3.194077343864592,-0.6776626545856743,-0.3581059486009508,2.775016815586241,-0.8430681068371086,-0.3295993715860277
274,3.2805630235916396,-0.6311324651273935,-0.4187333350014269,2.789678183103206,-0.8758645470174997,-0.3887642984222948,3.197170492911937,-0.6811680014166086,-0.3517333350014269,2.778301831985118,-0.8382377440962046,-0.3217642984222948
275,3.2745091611968746,-0.6340107114906459,-0.411318908114019,2.7944464976417294,-0.873788485109344,-0.378593454737249,3.191747903309988,-0.682136246740356,-0.344318908114019,2.7862173015701046,-0.8357743116016536,-0.311593454737249
276,3.2726894826146236,-0.6325555418538897,-0.39749136533963975,2.8032500952931514,-0.8691097174692004,-0.3575202521346837,3.190700224086868,-0.6788366411733477,-0.33049136533963974,2.798365494653808,-0.83066430435656,-0.2905202521346837
277,3.268071484238135,-0.6305304465736299,-0.3793364643529385,2.814186465412604,-0.870857000156775,-0.33352749342474636,3.1868414100708833,-0.6760786769832521,-0.3123364643529385,2.8122074123921266,-0.831801950737372,-0.26652749342474635
278,3.2775724865014126,-0.6229739578361659,-0.35483794835771915,2.8483007885033658,-0.8724830539817958,-0.30688684610094424,3.1964547372872403,-0.6689635308380275,-0.28783794835771914,2.8465534187371304,-0.8326205404396205,-0.23988684610094424
279,3.2761254894530794,-0.6219044204722195,-0.33615011642131504,2.878416015485527,-0.8743646021853237,-0.2793405718580216,3.193752362111809,-0.6678508993159085,-0.26915011642131503,2.8798051613366624,-0.8350494977007656,-0.21234057185802158
280,3.2788873851050084,-0.6251209299466609,-0.33881570621769425,2.9129461288202947,-0.8902264754674434,-0.27854683577035894,3.1953876703728383,-0.6730683963201045,-0.27181570621769424,2.912781023954267,-0.8508645813367366,-0.20889251323978897
281,3.2818348131359016,-0.6275364472917317,-0.33899767395950403,2.9493998310745155,-0.9060247852853536,-0.27786128454418857,3.196858140009681,-0.6768886759332418,-0.271997673959504,2.948270084637443,-0.866960318332076,-0.20012436673141565
282,3.283412058905924,-0.6310786961498707,-0.34382466688429486,2.9878136115830785,-0.9257647751751392,-0.2828502710653923,3.1972154873174077,-0.6819723903122394,-0.27682466688429486,2.978465427712763,-0.8861685155811756,-0.2074653643635429
283,3.284457727476365,-0.6340850489600598,-0.344482899253755,3.033154844447381,-0.9340613382323681,-0.28281634920913123,3.1972642682039805,-0.6859282451137005,-0.277482899253755,3.0191984913790293,-0.8944309251769482,-0.20298585516729872
284,3.285632481648463,-0.6438630938450842,-0.34625325126716416,3.112137755229014,-0.9458122670571356,-0.2844036917733515,3.2006996477384746,-0.7007606446663885,-0.27925325126716416,3.0870421285171687,-0.9073439657609015,-0.2055788704878978
285,3.284918075335554,-0.6546474143783598,-0.3474518047473721,3.202236642969183,-0.9560459002773314,-0.28647513052218265,3.2058801407938518,-0.718203936509326,-0.2804518047473721,3.16427249265962,-0.9222702726642638,-0.21452418004491847
286,3.282918396605055,-0.6675720552834719,-0.34643955093951445,3.2888158589730665,-0.9603372554215639,-0.28554012596543304,3.21203604639868,-0.7388530711564272,-0.27943955093951445,3.239822793019812,-0.9331314305695741,-0.21505127579303007
287,3.2832767802419767,-0.6772399153946935,-0.34515428178155344,3.387330754393588,-0.9444547202824651,-0.2970814072355024,3.220415218466769,-0.7525176313160955,-0.27815428178155344,3.3254526096525296,-0.926208427214533,-0.2300814072355024
288,3.2829707293740285,-0.6859355510937348,-0.34322435071543805,3.482691022657491,-0.9172042550312653,-0.3113001625783836,3.2275193511477482,-0.7634386958347932,-0.27622435071543805,3.4087494938603413,-0.9092967750298158,-0.2443001625783836
289,3.273579513744153,-0.7622593373785094,-0.4112772825205793,3.874302288607396,-0.7377287477979735,-0.3360002439052064,3.172452947214879,-0.8320915729532317,-0.3442772825205793,3.7426467147624862,-0.7701594562063292,-0.27467002467756174
290,3.274620348677672,-0.7683514259083495,-0.4126505223134627,3.980923229918517,-0.6818580529911742,-0.28330440356567943,3.1772156302786243,-0.8396971724255309,-0.3456505223134627,3.848268622622527,-0.7211133740170226,-0.2474488898137679
291,3.2747002775749934,-0.7723528673200235,-0.4107893439972868,4.043937438257672,-0.6399379303006754,-0.2397233847778832,3.182151728399731,-0.8458461691884622,-0.3437893439972868,3.9112329418740046,-0.6827073027639017,-0.22687495247964762
292,3.319131691098846,-0.6936344886457846,-0.3510171014381667,3.7744735070473325,-0.7715023244059012,-0.3519685703827163,3.2877326794869077,-0.7699076915419028,-0.2840171014381667,3.679582107902206,-0.7941530728971884,-0.2849685703827163
293,3.3163346872634065,-0.6898051891735122,-0.3470974641418179,3.8023790792531145,-0.7469830308368728,-0.35507340007779203,3.290616564542688,-0.766000339787297,-0.2800974641418179,3.7065032199925554,-0.7729507182052657,-0.28807340007779203
294,3.317546108827628,-0.6822736878207252,-0.34354685992320083,3.8308378999090564,-0.724496783714585,-0.3599769994648268,3.29623300777439,-0.7580784578135535,-0.2765468599232008,3.7343350891924274,-0.7529265303423927,-0.2929769994648268
295,3.3167324998385084,-0.6765696490442679,-0.3423801916101111,3.852146376014389,-0.705808498922579,-0.3673078673341406,3.2991263159519804,-0.7531979764139578,-0.27538019161011107,3.75542988264624,-0.7370673800146506,-0.3003078673341406
296,3.3263009824759138,-0.6614095056688711,-0.3398612397172583,3.8713743426806104,-0.6892476165926382,-0.3726429598786963,3.3122045137888563,-0.7405143762266562,-0.2728612397172583,3.775496754885353,-0.7218292141592428,-0.3056429598786963
297,3.304981203141324,-0.6630214755682573,-0.3401095992335213,3.8579687488700074,-0.6917997901587114,-0.37782139837826617,3.296738923850171,-0.746519238248311,-0.2731095992335213,3.7647382629538697,-0.7232925598768816,-0.31082139837826617
298,3.294049842838831,-0.6586206499746368,-0.3404933101878596,3.8559636013551426,-0.6912459675481841,-0.37343328068117626,3.2882072763486576,-0.7465620581319854,-0.2734933101878596,3.7637334005876255,-0.7209908906629607,-0.30643328068117626
299,3.285341731362678,-0.6575003182774708,-0.33954740938815303,3.854655615144111,-0.6943902736788914,-0.3700398343530578,3.282346806578971,-0.7485037213450596,-0.27254740938815303,3.7619529283574593,-0.7239415711051151,-0.3030398343530578
300,3.2740028587168126,-0.6597537862367062,-0.34060898656343125,3.863549837190476,-0.6867330836362271,-0.36876729363893174,3.2723605123346715,-0.7535733746594815,-0.27360898656343124,3.769058951455918,-0.7180437015599637,-0.30176729363893173
301,3.267608375567761,-0.6645738816118865,-0.3404471308490356,3.864425272960034,-0.692715976224008,-0.36826426093784176,3.2689321947282224,-0.7598322367525725,-0.2734471308490356,3.7679062199777036,-0.7242273723936705,-0.30126426093784175
302,3.261040292144571,-0.6704188155240445,-0.3383010877328088,3.8620236138112887,-0.7032094763821988,-0.36452677380611204,3.264796159625803,-0.7664753066605954,-0.2713010877328088,3.765104881883417,-0.7334904538697629,-0.29752677380611203
303,3.255298207443957,-0.6752873128975807,-0.3379123350637128,3.8562889200866266,-0.7205924457634865,-0.3630470177190473,3.2601190311133905,-0.7712255782212196,-0.2709123350637128,3.759905303758387,-0.7485922044838844,-0.2960470177190473
304,3.244405001564701,-0.6856644917975245,-0.33736892865589835,3.8451391013104512,-0.7301868070612727,-0.361789190038955,3.2522688211638524,-0.7810140718470393,-0.27036892865589834,3.7513879539210393,-0.7572590281019984,-0.294789190038955
305,3.2352115250714633,-0.6923756304427116,-0.33539397467711024,3.831905264366469,-0.7453047338171928,-0.3590294217024093,3.244213048327765,-0.7865510883971183,-0.26839397467711024,3.741046208847365,-0.7703171077414481,-0.2920294217024093
306,3.2276801308207723,-0.7015439889623849,-0.3315701636051854,3.818911760073206,-0.7557116470529763,-0.35624606930968367,3.2399756451659414,-0.7941207013323037,-0.26457016360518537,3.7308665802293035,-0.7802892050935952,-0.28924606930968366
307,3.220381992595321,-0.7065649333640067,-0.32990313985236935,3.805398198502189,-0.7710478010817496,-0.35208387591728024,3.233763354556686,-0.797668844763848,-0.26290313985236935,3.7206838156153026,-0.7927559617205588,-0.28508387591728024
308,3.215802679306762,-0.714105325471337,-0.3271505941843243,3.788153643256919,-0.7913136060346915,-0.3492729773020001,3.23088158155133,-0.80278794718879,-0.2601505941843243,3.7069686302011178,-0.8099202091802908,-0.28227297730200007
309,3.2106036868090087,-0.7220895710165678,-0.32511733445016217,3.7750754680628233,-0.8051526966269194,-0.34120230349389385,3.226602914571231,-0.8086209418947874,-0.25811733445016216,3.6979485478395873,-0.8204822960074125,-0.27420230349389385
310,3.2057903053673726,-0.7304212061685575,-0.32283666926695515,3.7642386796387655,-0.8176599649709715,-0.33504775363279987,3.2233751656922323,-0.8144401816648497,-0.25583666926695514,3.6905104609641057,-0.829996487311746,-0.26804775363279987
311,3.2023065279672664,-0.7384434516538931,-0.3211386949292246,3.7581366490076107,-0.8220534796823813,-0.32958705727968846,3.2221883128831905,-0.820078807603295,-0.2541386949292246,3.6867952834318203,-0.833078372012551,-0.26258705727968845
312,3.200392928166366,-0.7426641922907038,-0.3209766218637851,3.752082165522552,-0.8316229921297236,-0.32302118038887057,3.2218054199647668,-0.8226581555322809,-0.2539766218637851,3.682943251175857,-0.8410900276617213,-0.25602118038887056
313,3.2041446374087172,-0.7408303742527096,-0.31788971672312255,3.750325779738887,-0.8363669340728848,-0.31714686403528686,3.2270261452822524,-0.8194605832218258,-0.25088971672312255,3.682910855236514,-0.8444002990841,-0.25014686403528685
314,3.2083054125678245,-0.7397144210958686,-0.31734205067868243,3.7506961018216316,-0.8411690366888251,-0.31234247267956744,3.231712573803634,-0.818027861180326,-0.2503420506786824,3.685575702823371,-0.8483367932462897,-0.24534247267956744
315,3.2097381924531874,-0.7413822933999654,-0.3153111574497343,3.751256396367353,-0.8444853648511526,-0.3094988105144621,3.2350799416444715,-0.819267503914034,-0.2483111574497343,3.688476261987489,-0.8518185242978689,-0.2424988105144621
316,3.2145586774995536,-0.7404485139963981,-0.31261106250121157,3.7527450041225165,-0.8473104629633781,-0.30739964959456484,3.2406939433267326,-0.818421224128997,-0.24561106250121156,3.692017914479038,-0.8542551789400932,-0.24039964959456483
317,3.2187157106664017,-0.7392332996209916,-0.3080929939892412,3.750688789513333,-0.8517685080846604,-0.3058391039517046,3.246268196132405,-0.8174871350606736,-0.24109299398924122,3.6921636295583085,-0.8585438276609239,-0.2388391039517046
318,3.216359922646916,-0.738821033035947,-0.3098349985079876,3.7446313593382,-0.8572115335814487,-0.3081257757144085,3.244776258229649,-0.8181023631445896,-0.24283499850798762,3.6889601740831495,-0.8637153540007603,-0.24112577571440852
319,3.2119824085229993,-0.7438838338680398,-0.3125935295533891,3.733700560390389,-0.8657486295528543,-0.3126846054506059,3.241335907935536,-0.824770495874418,-0.2455935295533891,3.680798033236897,-0.8732595300502908,-0.2456846054506059
320,3.2176628727311254,-0.733290978354944,-0.28842507730541184,3.7277778331035734,-0.8655206343360078,-0.2942559016805644,3.249174894749558,-0.8145249864287507,-0.22142507730541183,3.6766409445399404,-0.8735136768050324,-0.22725590168056442
321,3.2175015266830087,-0.724792423771305,-0.26730428004474743,3.720447694867289,-0.8646017044052314,-0.28732333445758923,3.2513654883796335,-0.8056617110237312,-0.20030428004474743,3.670914357512629,-0.8737096815571022,-0.22032333445758923
322,3.2385987564766765,-0.7051714645899665,-0.2424740944693367,3.7221188396060825,-0.8573341952837836,-0.26829792602756425,3.272835366412437,-0.7861363576926124,-0.1754740944693367,3.6718275323355556,-0.8658812927283179,-0.20129792602756424
323,3.254267021998203,-0.6903155698641967,-0.22730744382669582,3.713173165901935,-0.8506307556494903,-0.26387763521005764,3.29016040264014,-0.7697634353503418,-0.16030744382669582,3.6616250872457385,-0.8600357129439544,-0.19687763521005763
324,3.284596047348714,-0.6652774460349065,-0.2234301747225727,3.7177699943849802,-0.8329010255370122,-0.27077128304471626,3.3179685687491656,-0.7442283279929143,-0.1564301747225727,3.6628651683995486,-0.843521440747736,-0.20377128304471626
325,3.316564332678354,-0.6543000548813325,-0.22111996993725552,3.7234078682804466,-0.8185083180401307,-0.27996680125897183,3.348676215841806,-0.730963399979828,-0.15411996993725552,3.6643067858958602,-0.8300685494873505,-0.21296680125897183
326,3.370715740121341,-0.6325372065152806,-0.22850416982858768,3.7497507063517332,-0.7972844148721379,-0.28991968251602157,3.397035959161258,-0.7088523412789982,-0.15982745076553329,3.6862269816765547,-0.8089242781247776,-0.22291968251602157
327,3.4382086896648616,-0.6070091350670737,-0.24200554596563234,3.7810789847126216,-0.7793495728369635,-0.30013014780660524,3.456910302614233,-0.6845361663695257,-0.17500554596563234,3.7127956205358714,-0.7914199604388159,-0.23313014780660524
328,3.5237757131535545,-0.5702851490318608,-0.2510381500173862,3.819172160335256,-0.765879400187714,-0.3026395599294956,3.530510054536535,-0.6501198486625981,-0.18403815001738622,3.746673376866056,-0.774099923783524,-0.2356395599294956
329,3.5981423271505264,-0.5316295529451054,-0.258511225314116,3.8376713035313514,-0.7556926811780613,-0.3080050149869676,3.594992847522917,-0.6136341149654072,-0.19151122531411602,3.7622406495420364,-0.7608497644509953,-0.24100501498696758
330,3.6800278084565434,-0.493208173295443,-0.2695032629121597,3.860531601517323,-0.7442668560947823,-0.3142507943261917,3.6648191469002995,-0.5767276916708397,-0.2025032629121597,3.7829750808168683,-0.744638431450312,-0.24725079432619168
331,3.767087636618271,-0.45805609550416193,-0.27533487332356527,3.8784121853395845,-0.7313693645232888,-0.31671867621434285,3.74144449654068,-0.5420072856181832,-0.20833487332356526,3.80029748949255,-0.7268983009093972,-0.24971867621434285
332,4.1579664150349345,-0.32034451512708984,-0.3364437002160157,3.873185629593536,-0.7889462783755334,-0.3906978744484986,4.064975688802406,-0.41962132601156554,-0.2694437002160157,3.7541365126244273,-0.7816853895606073,-0.3236978744484986
333,4.289663647404268,-0.315636091847864,-0.32133987957469556,3.8779402869849946,-0.7985127949909838,-0.39080617422541036,4.18454266070421,-0.40709230395123086,-0.25787127775629415,3.761304606786325,-0.7844617152409228,-0.32380617422541036
334,4.434836323475793,-0.3126630526789995,-0.25109953032513166,3.88389914772506,-0.8063501608380648,-0.38876020567794695,4.3216317846536185,-0.3981293034562441,-0.22029796069045915,3.7693344160079505,-0.7880360674867006,-0.32176020567794694
335,4.500595180886194,-0.3079282212825092,-0.21334589860236086,3.88545586784403,-0.8130832854481014,-0.38086694324692144,4.38454970588009,-0.39006082153036914,-0.20065256965835943,3.7749152319602217,-0.7905529681415828,-0.31386694324692144
336,4.587623056592747,-0.32639427108779273,-0.16800412734528436,3.889350709142491,-0.8203599341036352,-0.37372136147995844,4.470168587388798,-0.40627324951901755,-0.17062279780884637,3.7824811307809796,-0.7940790243269475,-0.30672136147995843
337,4.635543541998231,-0.32922428192659936,-0.15416120855161353,3.892757641167009,-0.8258294099764498,-0.3681990722829978,4.517627673239076,-0.40790224911734185,-0.16031753389188452,3.7891544271415114,-0.7969396048979434,-0.3011990722829978
338,4.678762335345709,-0.3329849457190903,-0.1510133717770259,3.8953640349363923,-0.8374134516166123,-0.35824712688872024,4.561458248660529,-0.4122599875377091,-0.15741193039366408,3.7965906448816895,-0.805558226053563,-0.29124712688872023
339,4.701488278756187,-0.33629909889396004,-0.16631132432611614,3.8995860293007354,-0.8425744174569445,-0.3527153431127699,4.583810053715752,-0.41504916535313896,-0.16695070421201308,3.804428271899269,-0.8077898620217638,-0.2857153431127699
340,4.722645005626873,-0.3413903339355784,-0.23129774059114128,3.9048602790071527,-0.8514167963116961,-0.34482210163650234,4.604713878078655,-0.4195249973386126,-0.1912891512351962,3.815691700620846,-0.8126231132596331,-0.27782210163650234
341,4.751066203644768,-0.3503814906403022,-0.2740779675335154,3.9111745911150138,-0.8529961303397613,-0.3404338977920743,4.6311217504053275,-0.42467377042021326,-0.2100996711837979,3.82834559254934,-0.8086660102530914,-0.2734338977920743
342,4.772021007906915,-0.3538471775650578,-0.2952418037380012,3.9154383961076746,-0.8615308644771176,-0.33209094485891183,4.651430857550622,-0.42545046830173305,-0.22824180373800118,3.840560597550393,-0.8126132729053097,-0.2650909448589118
343,4.786749737229002,-0.36369737550239734,-0.2996634620862933,3.903941945995939,-0.8620482788942354,-0.3190101165014239,4.665524558987272,-0.432382653798868,-0.2326634620862933,3.8383826183935525,-0.8071534739397066,-0.2520101165014239
344,4.793919312892285,-0.36011536731939486,-0.3011341382439168,3.9023964285233887,-0.8646000729463594,-0.3118301917488607,4.673047828612653,-0.42786779567222766,-0.23413413824391682,3.844519901213971,-0.8077158437631624,-0.24483019174886067
345,4.794693465469209,-0.3637085960767763,-0.30000695014995654,3.8940626933554086,-0.8587556587121981,-0.30804147745174487,4.673844988582459,-0.43051142558078936,-0.23300695014995654,3.843156333206025,-0.8007626639268892,-0.24104147745174487
346,4.798647760538188,-0.3659831801019209,-0.30004249686998447,3.8886613539734753,-0.8536349752507704,-0.3093856441478165,4.677455722478953,-0.43159823804717234,-0.23304249686998446,3.841386764434901,-0.7953037241063612,-0.2423856441478165
347,4.796840172851262,-0.3734908051378625,-0.3000388041759761,3.880787592971501,-0.84475981663536,-0.30856524861109574,4.675418358886418,-0.436966637480964,-0.2330388041759761,3.838212948882756,-0.7868400759584802,-0.24156524861109574
348,4.800358012443212,-0.3844116477816897,-0.2981893242026599,3.8780345768982443,-0.8398465363829928,-0.3073872745658191,4.678531482940343,-0.4457148312180834,-0.23118932420265992,3.8387623281532797,-0.7823759763091402,-0.2403872745658191
349,4.801733113426053,-0.40384878856684736,-0.2961090207022535,3.8777682851732607,-0.8345668528750139,-0.31052523850620856,4.679191149371945,-0.4613401208594041,-0.22910902070225347,3.842432118553006,-0.7768759344294267,-0.24352523850620855
350,4.807191995766516,-0.4182009870241927,-0.2965581243547531,3.875273017075415,-0.8331360990237044,-0.30679832153645475,4.683856336262579,-0.4721898609827804,-0.2295581243547531,3.843273786690588,-0.7757130438517379,-0.23979832153645475
351,4.8137351177656456,-0.4350139658022272,-0.29780381113913973,3.8734677039110466,-0.8297185163069116,-0.3064514318170877,4.688918580862264,-0.485515699820553,-0.23080381113913973,3.846571376177053,-0.772065148787533,-0.23945143181708772
352,4.825612272697072,-0.4463121198173212,-0.29880163876031657,3.8665093440586134,-0.8286929331775355,-0.3028692981383683,4.699778135495762,-0.4939004980083155,-0.23180163876031656,3.8437882322841688,-0.7719239197726893,-0.23586929813836832
353,4.835993776659052,-0.45916829919997326,-0.30110648657818456,3.8625391820469304,-0.8296352467555153,-0.3009509184553208,4.708735535482447,-0.5035746834296333,-0.23410648657818456,3.8446898559132023,-0.7731529912966835,-0.2339509184553208
354,4.845042559879403,-0.4685352128985869,-0.30409929772530814,3.8555392954522176,-0.8321550768855559,-0.29793009778176566,4.716901514309029,-0.5100584906581389,-0.23709929772530813,3.842719468849282,-0.7760310453418242,-0.23093009778176565
355,4.852840039974581,-0.4797749343383657,-0.3048941668744119,3.8543194868625505,-0.8380572023856985,-0.2973067340130838,4.724390033728014,-0.5186210098731863,-0.2378941668744119,3.845340583568941,-0.7822032394874441,-0.23030673401308377
356,4.860527256599198,-0.48948358381721846,-0.30628236009896864,3.853970268836747,-0.8457089551779973,-0.29731841757119765,4.731457421651612,-0.5255682059619176,-0.23928236009896864,3.847714701762925,-0.7894873508307683,-0.23031841757119764
357,4.867942170335482,-0.49602902876767985,-0.3076879465293059,3.8540278236405356,-0.8520252500716197,-0.2983217918585906,4.738226489259432,-0.5298037325087535,-0.24068794652930592,3.8492861549393638,-0.7949995790663706,-0.2313217918585906
358,4.875868261887263,-0.4986236594672846,-0.3071572231051432,3.853174985481928,-0.8601142071242975,-0.30069196689100136,4.745572120978068,-0.5319533549304651,-0.2401572231051432,3.849022568299006,-0.8020250104423212,-0.23369196689100136
359,4.881179529614201,-0.5040749696022431,-0.30457285261172,3.85399790424799,-0.8667255428558747,-0.2994503102304334,4.750726986117115,-0.5372237351662079,-0.23757285261172,3.8506260098884013,-0.807165482354776,-0.2324503102304334
360,4.889186953217177,-0.512169935781003,-0.30231055936700796,3.853924726158766,-0.8724184716525087,-0.30364993533975576,4.758034323364882,-0.5442965114893923,-0.23531055936700795,3.849387501389174,-0.8113235915484438,-0.23664993533975576
361,4.896506182406483,-0.5236822986448715,-0.29932405874523466,3.8564987103682142,-0.8750587725485275,-0.3050312630871231,4.765075020049153,-0.5541555309141586,-0.23232405874523465,3.850950412009297,-0.8121265196646164,-0.23803126308712308
362,4.902676687249368,-0.5347246909918795,-0.2999979217051914,3.8547459101764616,-0.8717756653609285,-0.3117687065600803,4.770217255362695,-0.5624179030241976,-0.2329979217051914,3.847855255612558,-0.8064554119887362,-0.24476870656008032
363,4.904774472489407,-0.5428518169032941,-0.3019370813740279,3.854220435395291,-0.8704628460513959,-0.30857215122113485,4.772558436169675,-0.5690118484603772,-0.2349370813740279,3.8470256183290985,-0.8032794110881696,-0.24157215122113485
364,4.901170845631896,-0.5499845901908884,-0.30641484698889326,3.8568049031537157,-0.8697633902015696,-0.3054208203279741,4.768553997878371,-0.5750250975074778,-0.23941484698889326,3.8487610179226976,-0.7994679967346201,-0.23842082032797407
365,4.890249811368449,-0.5561012016082714,-0.30815701048731353,3.868253253655894,-0.8714054213310192,-0.2921600775039151,4.758769028144343,-0.5803059325958202,-0.24115701048731353,3.862391911702616,-0.7991090999389598,-0.2251600775039151
366,4.884826376358433,-0.5614885506624887,-0.30894223520908054,3.8975892209209633,-0.8685616073603342,-0.27623943159732517,4.753603264013691,-0.5836733696455667,-0.24194223520908054,3.891599669376774,-0.7923900899882028,-0.20923943159732517
367,4.878610446373386,-0.5699121263282905,-0.3058767123325124,3.9333273314632606,-0.8641760852592597,-0.2563810749156728,4.748382731596394,-0.5884352233665595,-0.2388767123325124,3.9284570955433082,-0.7854941990631232,-0.1893810749156728
368,4.8739145694062245,-0.5797257488998184,-0.304957258678307,3.9939923284337056,-0.8598474925788651,-0.2439127721997339,4.7437085209176075,-0.5938779777320633,-0.23795725867830697,3.9908969996258747,-0.779537982347847,-0.1737944679030079
369,4.869889162270738,-0.5897252522813687,-0.3044637321031514,4.0520461721107495,-0.8465942107545743,-0.24094311230697052,4.740879826037599,-0.5995714031564603,-0.23746373210315141,4.047878198115541,-0.7659339867936978,-0.1635770991838399
370,4.870193643285347,-0.6019497290658364,-0.30458462662090097,4.161221368028237,-0.8293390348958383,-0.2392040890158878,4.741209877444817,-0.6071737185525308,-0.23758462662090096,4.155620766593529,-0.7508893683957467,-0.15383616680492196
371,4.869916360615207,-0.6143320016967664,-0.3007265467490397,4.236723344562961,-0.813102107535542,-0.23419113987947604,4.742293339012576,-0.6162171774017224,-0.2337265467490397,4.228044014213992,-0.7374521904098401,-0.1411797857131205
372,4.871522984723015,-0.6284769257003973,-0.30062813942230787,4.359305105427666,-0.8413934489185522,-0.23353510822614174,4.7438783862389755,-0.6281824489528844,-0.23362813942230787,4.341056457976265,-0.7653791685993383,-0.1413646792630061
373,4.87157702040804,-0.6423211323967735,-0.2997168251281364,4.431057314993268,-0.853934519266204,-0.23183080147633,4.744391139270192,-0.6406711268177787,-0.2327168251281364,4.403282042266255,-0.7781197952976981,-0.14139887344890667
374,4.8713372671563775,-0.6579220089301998,-0.29998071149429234,4.593135389085546,-0.9005468580112392,-0.2322629414708157,4.7437043809850366,-0.6584707590923244,-0.23298071149429234,4.541146996017233,-0.8275361153469021,-0.15174089196761997
375,4.871259610453308,-0.6698192294393266,-0.2999589723153731,4.707196335592926,-0.9065350230489457,-0.23087159950121233,4.743531863489807,-0.6778663929258073,-0.2329589723153731,4.635127122798622,-0.8468283351216996,-0.15132695422607867
376,4.87375076519038,-0.6818080196212577,-0.29903044168576526,4.89119021998431,-0.9194169590305137,-0.2316983082969582,4.746607173548,-0.6985270926784324,-0.23203044168576525,4.794205773935573,-0.8740889379810142,-0.16083770029172229
377,4.878017185802491,-0.6897519311573888,-0.29895457935025843,5.0046092556667645,-0.9049998006489659,-0.23457486628326632,4.752497030968698,-0.7132625064518834,-0.23195457935025843,4.896185277576478,-0.8748710236218358,-0.16625130653073938
378,4.88340998309377,-0.6973043807488466,-0.2974748223318711,5.188533699686559,-0.8761980362874056,-0.23416678178958503,4.759820228989156,-0.7264731057625795,-0.2304748223318711,5.065441674168142,-0.8638387151700044,-0.1673942730917588
379,4.888423923018308,-0.7012907047578665,-0.30057324732160123,5.333271029951902,-0.8306467314073416,-0.23282136967184844,4.7670444879559,-0.7354348976919027,-0.23357324732160123,5.202825788023802,-0.8329183836290213,-0.1676698817095712
380,4.892507785546513,-0.7032970750410641,-0.30155833514844926,5.48351702986929,-0.7754649782259548,-0.20078881229777903,4.773526290046902,-0.7418274843771542,-0.23455833514844926,5.347967007744046,-0.7869872117121304,-0.14942543824827226
381,4.89445431864533,-0.7025221226908798,-0.30251929427003416,5.577698979142042,-0.740547889301979,-0.17271460790260246,4.778818342449995,-0.7446520565249557,-0.23551929427003415,5.440578076603742,-0.7580401538111801,-0.13674343062257321
382,4.893380123737188,-0.698503718635493,-0.3019171048185781,5.659129101398321,-0.7167950430125529,-0.1386805913286789,4.78262131250176,-0.7449880101889903,-0.23491710481857808,5.521741527679296,-0.7386270024985606,-0.12130528745865377
383,4.887282761360439,-0.6879859521691287,-0.299289977014716,5.7193806493532975,-0.7114727750126804,-0.12161779626024974,4.782403203274043,-0.7398356154267276,-0.232289977014716,5.581222447181972,-0.733945752650925,-0.1133149933225468
384,4.877414018462332,-0.6715210663792277,-0.28629215417867454,5.7723654812079985,-0.7229038762566233,-0.13731833626408602,4.781794697592886,-0.7282491313931132,-0.21929215417867454,5.634207040618094,-0.745416908216157,-0.11448763834005149
385,4.870328909332784,-0.6499439512085701,-0.277886352338548,5.816499775822194,-0.7515793476891304,-0.16355555536644567,4.783391779835256,-0.7111772034954811,-0.21088635233854802,5.677901572163137,-0.7729633186650062,-0.12293099669432195
386,4.861892121459277,-0.6293249667328382,-0.259842279087472,5.844794618512424,-0.7716543317478681,-0.21224344028131964,4.786892997647556,-0.6952528000515485,-0.19284227908747198,5.706510412122043,-0.7917054534595991,-0.14524344028131964
387,4.85198255310479,-0.6325174473863626,-0.24440169585840704,5.865489680866631,-0.7907457255464578,-0.2379134322513819,4.792027224401863,-0.7037173115354562,-0.17740169585840704,5.727471966843041,-0.8092891477685953,-0.1709134322513819
388,4.845406534696849,-0.6350440277424241,-0.2285870469172478,5.879444005514415,-0.8010540946092988,-0.25914807682828905,4.801108601118358,-0.7131044014063264,-0.1615870469172478,5.741518440271648,-0.8150727196302796,-0.19214807682828905
389,4.8266848545399625,-0.6432584809776927,-0.21032254183636906,5.877556465181442,-0.8130198555704737,-0.26858620131360295,4.797294817480179,-0.7281699019190455,-0.14332254183636906,5.739986203226181,-0.8195169108626033,-0.20158620131360294
390,4.814729857805105,-0.6397875497755194,-0.20673361375442942,5.87462799585137,-0.8223229746040488,-0.2703986777455539,4.795169639947744,-0.7321938673671866,-0.1331311196477145,5.737964707973333,-0.8221963147339011,-0.20339867774555387
391,4.803002305875452,-0.6513857363429452,-0.20433301895678696,5.87014830912176,-0.8251552848782922,-0.2709808921904296,4.794225760350855,-0.7480722038712884,-0.12747993994662465,5.734539993653925,-0.821432050940075,-0.20398089219042959
392,4.794256840447815,-0.661324553814211,-0.20141316107215312,5.866142605046662,-0.8239427885678197,-0.27264493745723667,4.794337723950775,-0.7604150852826024,-0.12023982614437045,5.731664483050736,-0.8202173492577458,-0.20564493745723667
393,4.7889258825098295,-0.6838533884551907,-0.19890601508871805,5.859041091135623,-0.824300379183569,-0.2729461718813509,4.797634240320804,-0.7817475205924893,-0.11313411057153644,5.725805576971652,-0.8202772742774869,-0.2059461718813509
394,4.78807882786441,-0.700550076242962,-0.19631740967169986,5.858532531267883,-0.8222216336694146,-0.2736875451632768,4.80293045759845,-0.7981876699891473,-0.10748240886414351,5.726411921984436,-0.8192318348851586,-0.2066875451632768
395,4.786677596240224,-0.7200134998824979,-0.19657259520796574,5.847324249415578,-0.8288757509258176,-0.27654699138337674,4.80651247230071,-0.8148076540496731,-0.10120923141175808,5.716899094252767,-0.8251895910766507,-0.20954699138337674
396,4.787411308651826,-0.7398136930246437,-0.1968905762591586,5.847813970213792,-0.8294464723844612,-0.27925191943040045,4.812633788948915,-0.8327058629770363,-0.09746153942933233,5.718363321190736,-0.8268593923826302,-0.21225191943040045
397,4.7898282430041945,-0.7508755718995417,-0.19756860809093268,5.842192800985686,-0.8396574055482233,-0.2819521835303858,4.8185604235995925,-0.8414937650491083,-0.09384347276454719,5.714015873419157,-0.8353612219621027,-0.2149521835303858
398,4.792386000314764,-0.7614448630888546,-0.19724879028899522,5.846337770381979,-0.8491608464796627,-0.286252560163568,4.823622172037176,-0.851104464538821,-0.09309265377623888,5.718769018808416,-0.8436674141962612,-0.21925256016356798
399,4.798470027316398,-0.7695707339266846,-0.19732356449048893,5.845960415471382,-0.8588584918002198,-0.28725818010251897,4.831493265498466,-0.8582721013049195,-0.09299451490323918,5.719563118685073,-0.851315285585315,-0.22025818010251896
400,4.8066213932261235,-0.7717639152365336,-0.198693199133686,5.8495419230685,-0.8686068002539287,-0.28789771745186227,4.839790603183246,-0.8603650872069011,-0.09453300950508492,5.723972177170253,-0.8596077207880626,-0.22089771745186226
401,4.8113398601353765,-0.7725441819898151,-0.20229546857854075,5.851866518431962,-0.8724469310513996,-0.2871784117319221,4.846123104268372,-0.861754125999596,-0.09930043054600901,5.726816718751252,-0.8632597095243,-0.2201784117319221
402,4.815339729503648,-0.768093253511779,-0.20624157672766674,5.8563120815315415,-0.8802488697951958,-0.28930264728978,4.850025639251726,-0.8586869193500206,-0.10636338776066623,5.731233164981859,-0.8706152392810509,-0.22230264728978
403,4.823465006739752,-0.7666417097466365,-0.20673158482191728,5.8593602947303225,-0.8848774766343013,-0.28922215028568826,4.857713120371955,-0.8591026996987239,-0.11164856048389993,5.7342129371472765,-0.8761660491841212,-0.22222215028568826
404,4.834244560414845,-0.7598231259294153,-0.20726798345020603,5.857586156541402,-0.893692654699862,-0.28900821964042916,4.867542397195393,-0.8543724540181756,-0.11606179801719918,5.7320836446824615,-0.8846631470628381,-0.22200821964042916
405,4.845703477702955,-0.7523062256191224,-0.2103007832424904,5.856745953403333,-0.9016227451179475,-0.2909832776363073,4.877778584800581,-0.848706993183896,-0.12184708293034419,5.730509291134695,-0.8927372423027009,-0.22398327763630732
406,4.872620554372588,-0.7529660369295925,-0.20826211389445523,5.8503284470289145,-0.9052864219088406,-0.2904088016671194,4.906792135640899,-0.8498763049979061,-0.12010417710962429,5.724056126281539,-0.8987355734248013,-0.2234088016671194
407,4.915080764993945,-0.7615372370023579,-0.20236767714395554,5.858665147527972,-0.9059045742292255,-0.2865203213018431,4.951541164621631,-0.8575551341314167,-0.11174534838619365,5.732820996746341,-0.9027686844606251,-0.21952032130184307
408,4.9974855312257205,-0.7898183473412246,-0.1945949126743544,5.868467015877286,-0.9040607520405501,-0.2793835545030488,5.039119852438489,-0.8814051457707137,-0.09992681555422678,5.743749720707456,-0.9053120919529647,-0.2123835545030488
409,5.082913187995473,-0.8304807831559629,-0.19295302683254992,5.880130199447194,-0.9059853841577024,-0.2738227075037612,5.1241207995562945,-0.9178003062520474,-0.0952019833025588,5.756899712338964,-0.910052954128787,-0.2068227075037612
410,5.208139082148591,-0.8599721760515422,-0.19248361867715114,5.892696937277833,-0.9075766772989482,-0.2681792782691373,5.251365205004731,-0.9369952053789348,-0.08499581851037874,5.770990660145799,-0.9123361677889079,-0.20117927826913728
411,5.288236039422372,-0.886776867232129,-0.18289682753356828,5.906543123267511,-0.9136724499080628,-0.26283806879791155,5.326598423264841,-0.9578386572216004,-0.06688860543044939,5.785871165536264,-0.9169473675106019,-0.19583806879791155
412,5.415324861846784,-0.851200173518464,-0.1813898502846314,5.918629969201902,-0.918650249860093,-0.2597389918823792,5.441724802099088,-0.9215573770020455,-0.0615979253311707,5.798678154788831,-0.9169050854657144,-0.1927389918823792
413,5.472761027246634,-0.8255274658117742,-0.17481030449243917,5.931173406273047,-0.9230496649656743,-0.25737164673181906,5.48521577540032,-0.8994501595411748,-0.054749085753883264,5.811756245523611,-0.918846285811469,-0.19037164673181906
414,5.616529038838962,-0.7406262521658391,-0.18342147042907173,5.942725500754932,-0.9272636537466497,-0.25551131289238765,5.602353325776676,-0.8238749270353765,-0.0739404567980273,5.823415889136413,-0.9188402657423467,-0.18851131289238765
415,5.681045418802569,-0.6900633451555223,-0.1789503467175068,5.953110536757777,-0.9356647607896775,-0.2534975985486126,5.643113887134859,-0.778642016372487,-0.08874562348910331,5.834249882224867,-0.9244408187482804,-0.1864975985486126
416,5.840896494069057,-0.5931116341639608,-0.1856469790237873,5.960558756568389,-0.940423667340383,-0.2518917525608158,5.767818405606704,-0.6806485503007025,-0.11608999188729285,5.8413615071558525,-0.9249688982058615,-0.1848917525608158
417,5.943000988824679,-0.5351250380304009,-0.1941784360401398,5.967990198893858,-0.9453541174557358,-0.24971333527491152,5.8444919304683935,-0.6090960338738114,-0.1271784360401398,5.849327938421084,-0.924214674535051,-0.18271333527491151
418,6.12447642810821,-0.49424186136138815,-0.19024881636277496,5.9713763249683325,-0.9507558548034467,-0.24805983816758453,6.002697418408388,-0.5381307655156888,-0.12324881636277496,5.854109740780586,-0.9196168684543409,-0.18105983816758453
419,6.235085921559403,-0.500165129513789,-0.19412554669678866,5.971409427199433,-0.9610654660177715,-0.24784792828858554,6.1048714688158725,-0.512251550765086,-0.12712554669678866,5.8605013063288425,-0.9139929362249859,-0.18084792828858554
420,6.346473614911702,-0.5507444924119227,-0.18904467005767583,5.968624527792599,-0.9705263561013453,-0.2442919768814063,6.216319243650105,-0.5329775175455325,-0.12204467005767583,5.868578049580719,-0.9043145364526026,-0.1772919768814063
421,6.409657596269426,-0.6055813005482378,-0.19191036032997727,5.96545950941163,-0.9639248123680773,-0.24212882327400803,6.283457695165453,-0.5701110085760774,-0.12491036032997727,5.881857095876512,-0.8783304563080492,-0.17512882327400803
422,6.479686023821159,-0.6743799871296687,-0.18676497842670142,5.966033788551613,-0.9561337208838268,-0.2357314458072251,6.358684005369469,-0.6241642361969753,-0.11976497842670142,5.900657089580818,-0.8576665496916576,-0.1687314458072251
423,6.50982987864063,-0.7275485941031548,-0.18898933729860073,5.967536821794965,-0.9511720784762474,-0.23255234560701138,6.395634889436224,-0.6649262257674309,-0.12198933729860073,5.919387668204763,-0.8440832742312523,-0.16555234560701138
424,6.5538791466469775,-0.792002779239283,-0.18992589926119036,5.968964760374547,-0.9441948950229744,-0.226384153121664,6.448495869707585,-0.7167034268318275,-0.12292589926119035,5.938180764388562,-0.8321119964061836,-0.15938415312166399
425,6.568679050492392,-0.8308141630081991,-0.19872677838201708,5.977496535467253,-0.9328925412087301,-0.2263293913542766,6.474853710221396,-0.7438594799427847,-0.13172677838201707,5.962870509313689,-0.8183500867276052,-0.1593293913542766
426,6.589409901826912,-0.8538769294214035,-0.21068410877841598,5.98517031881147,-0.9225018431138778,-0.22307633165973312,6.510342969625526,-0.7555249740075851,-0.14368410877841598,5.986722900598579,-0.8086753298234726,-0.15607633165973311
427,6.594960887633533,-0.8892928637619661,-0.21427852450641877,5.978087861739368,-0.9087861754055666,-0.21480459510120636,6.53237359663126,-0.780500916397159,-0.14727852450641876,5.998690535031528,-0.7974890150185274,-0.14780459510120636
428,6.601166524117616,-0.9222393424320217,-0.21508019721431265,5.980147041505006,-0.9030812771129604,-0.20610504901332388,6.54797873658481,-0.8084867090988155,-0.14808019721431265,6.014710344498781,-0.7951728493976589,-0.13910504901332388
429,6.5900631923223045,-0.9917050989647578,-0.21563102026765774,5.9789429981256035,-0.9124273451348017,-0.19919396658723781,6.550498612597039,-0.8710979314823817,-0.14863102026765773,6.025824644043496,-0.8086076470394801,-0.1321939665872378
430,6.591702231534327,-1.0207163157942887,-0.2172962110612316,6.003764518864955,-0.9633167448523636,-0.19732257538770864,6.552473106749858,-0.8986519935610886,-0.1502962110612316,6.056948968537654,-0.8599290314200516,-0.13032257538770864
431,6.589257660592011,-1.0504125851043682,-0.2183871726860998,6.028720560753754,-1.0233323472389202,-0.19753734873437861,6.550727787697724,-0.9271628754981975,-0.1513871726860998,6.088117364132813,-0.9201070564636211,-0.1305373487343786
432,6.58883617423362,-1.08809606668774,-0.21602524992839972,6.058244239314263,-1.0726296150428425,-0.19838340756313483,6.5493610610801625,-0.9645814144355427,-0.14902524992839972,6.1226981093723225,-0.9692164504272114,-0.13138340756313482
433,6.588025004116389,-1.1140261413133885,-0.21589341900607179,6.080305695978495,-1.1152702690637852,-0.19755211613436768,6.546396017519328,-0.9902710439241673,-0.14889341900607178,6.148649305549952,-1.0133671881235387,-0.13055211613436768
434,6.585040535291228,-1.1456540133408453,-0.2165552163037246,6.091130461057219,-1.1355873848847295,-0.19913224219407494,6.542278613408598,-1.0214973594597723,-0.1495552163037246,6.164347018559965,-1.0369002725533392,-0.13213224219407493
435,6.580987684174943,-1.1677875904902066,-0.21931019086104425,6.095745883628297,-1.1526723890169706,-0.19901850480299982,6.5343396586622475,-1.0439059524401273,-0.15231019086104425,6.171732432886529,-1.056717315183505,-0.13201850480299981
436,6.579406647456381,-1.1866145692370083,-0.22195777673686462,6.098609356654379,-1.172938521911874,-0.19820490856135803,6.528502284062597,-1.0633566341898586,-0.15495777673686462,6.176191060317251,-1.0787126384279873,-0.13120490856135802
437,6.578394860386652,-1.193993181998394,-0.22385028561756554,6.10053849256019,-1.1934353421279411,-0.19787350854084435,6.523218542694849,-1.0722964714118461,-0.15685028561756553,6.178128973007006,-1.0990702817985039,-0.13087350854084434
438,6.583354148599938,-1.194725184865547,-0.22618098925294544,6.104895148012474,-1.210807114072395,-0.2009324021214452,6.525722685787514,-1.0742143682914502,-0.15918098925294544,6.180031958553627,-1.1140137009101636,-0.1339324021214452
439,6.588817662832298,-1.1906111754183257,-0.22870843875306673,6.1113949485989,-1.2191474951509917,-0.20391463506120272,6.529404334065475,-1.0712217606310332,-0.16170843875306673,6.184161789056816,-1.121030739665457,-0.13691463506120272
440,6.595146515364831,-1.1859567832839275,-0.22991386911552764,6.118314423556512,-1.2127015662085796,-0.21057508251350737,6.5345859610988555,-1.068501896847465,-0.16291386911552763,6.189839118118471,-1.113956935394981,-0.14357508251350737
441,6.600416264673186,-1.1827552034342261,-0.23151262142663837,6.1218877948722366,-1.206747086235282,-0.2171026621103847,6.538549847145987,-1.0674270107233497,-0.16451262142663836,6.192128203054381,-1.1074526621782752,-0.1501026621103847
442,6.604989879355344,-1.1810893866754668,-0.23359409140493154,6.123463474736127,-1.19333402845632,-0.2236987070932555,6.542515896782788,-1.0676800462938445,-0.16659409140493153,6.193351649269971,-1.0946801159120696,-0.1566987070932555
443,6.609542363245055,-1.1903540822390823,-0.2329208224680242,6.1251661115475144,-1.1880609723452835,-0.2263963788416204,6.546547927815482,-1.0786329838160782,-0.1659208224680242,6.194403164941832,-1.0896455379847794,-0.1593963788416204
444,6.613687268438298,-1.1985755247301313,-0.23067095504506324,6.126215762438733,-1.1855446380800458,-0.22719409690602516,6.549479118528325,-1.0891808551973554,-0.16367095504506324,6.195395282449681,-1.0879035276598188,-0.16019409690602515
445,6.618065922883034,-1.2057330592074322,-0.2313578550113034,6.126656829741478,-1.1883989556231427,-0.23028211038239715,6.552567585733414,-1.0983453972735333,-0.1643578550113034,6.194257065084457,-1.0898011906542706,-0.16328211038239715
446,6.620800500602854,-1.2076083615106654,-0.23380986862888858,6.127337863536013,-1.1908618405145717,-0.23311630898228214,6.553659519047869,-1.1014915302080226,-0.16680986862888858,6.194350993127955,-1.0921367004198146,-0.16611630898228213
447,6.623628463448767,-1.2091992845621462,-0.235498640457301,6.12854763478208,-1.1958741297808047,-0.23597357026687132,6.554953258337264,-1.1045797219362612,-0.168498640457301,6.194043185414557,-1.0959279885378237,-0.16897357026687132
448,6.625723921725921,-1.2099975052396985,-0.23858518265591738,6.129925631950073,-1.1964193287412854,-0.23950047158108828,6.555770018170051,-1.1063959303419324,-0.17158518265591738,6.1953400755621715,-1.0966428223173352,-0.17250047158108828
449,6.627722288683117,-1.212282310521914,-0.24010003442639755,6.13171420545882,-1.2009399638536706,-0.24091268415326522,6.5563080564290885,-1.1094722257021203,-0.17310003442639754,6.196589733675182,-1.1006152735117212,-0.17391268415326522
450,6.630093409957453,-1.2145487425386818,-0.2437279315702126,6.132684274854228,-1.202138638263932,-0.24347544629494405,6.558672591390177,-1.111353909736863,-0.1767279315702126,6.197953968586489,-1.1018235442697915,-0.17647544629494405
451,6.632522767323508,-1.216711433016826,-0.24500020757044877,6.134784048336996,-1.2050348235006823,-0.24422647967661942,6.560239707964911,-1.1141861391897692,-0.17800020757044877,6.20014076485063,-1.105010480963756,-0.17722647967661942
452,6.635841570388266,-1.2189055377330078,-0.2462260042077487,6.136181763898321,-1.2090306574191345,-0.24602489813627654,6.562048278342672,-1.1170574122752441,-0.1792260042077487,6.201556793939062,-1.1088627272929443,-0.17902489813627653
453,6.6400223581015325,-1.218829129698861,-0.2474579009860845,6.1371572373329855,-1.2160516128569725,-0.2477788123935552,6.56381588260524,-1.1180928692847374,-0.1804579009860845,6.202309465211556,-1.1156920537978294,-0.1807788123935552
454,6.643835916155922,-1.2209710798269953,-0.2468792013817092,6.136594339245903,-1.2223230323797907,-0.2517126612358352,6.566351025337326,-1.1212842187887873,-0.1798792013817092,6.201112552517998,-1.1211708507544245,-0.18471266123583518
455,6.64800612464137,-1.2240655767454882,-0.245096231155223,6.136851219679784,-1.2287198054327746,-0.25631758039457236,6.569260491277646,-1.1254704343809863,-0.178096231155223,6.200601486708592,-1.126171623422124,-0.18931758039457236
456,6.648882553142585,-1.2306042975469609,-0.243806766621894,6.13539771751789,-1.2304592198415776,-0.2596804371998969,6.5699381084862125,-1.131366676716425,-0.17680676662189398,6.199584841889418,-1.1278464860006352,-0.19268043719989691
457,6.65097610034104,-1.234401269517548,-0.2447081375569196,6.133060106412131,-1.2331579166275333,-0.2638747263401838,6.571851530448157,-1.1348509031158756,-0.1777081375569196,6.197722801343161,-1.1302381592613528,-0.19687472634018377
458,6.652853603927042,-1.2384169047509204,-0.24597809507326202,6.129535790053751,-1.233549291435338,-0.2648290176577957,6.574637304512407,-1.1381980126534472,-0.178978095073262,6.195751737324144,-1.1316906159554492,-0.1978290176577957
459,6.653467137353118,-1.2413096285818028,-0.24686119153852087,6.125254143016036,-1.23188708791713,-0.2658661325251542,6.576132405535873,-1.1406624771116185,-0.17986119153852087,6.193233389393981,-1.1309249258993077,-0.19886613252515417
460,6.65578060665689,-1.2453179411168094,-0.2482087071541555,6.1222292117174675,-1.2310075811619754,-0.266620760739208,6.579408102422576,-1.1444058470005984,-0.1812087071541555,6.191938348799567,-1.131227438854694,-0.19962076073920798
461,6.656478610341992,-1.2493749249188113,-0.24722795534693615,6.1202697423152586,-1.2288560855595279,-0.26643561173045055,6.580684047644581,-1.1488361942974734,-0.18022795534693614,6.191888642018284,-1.1305747616497683,-0.19943561173045055
462,6.6576311234250625,-1.2538024459427106,-0.25000273482805097,6.119070196510847,-1.227731851155113,-0.2674325634718498,6.582499528290327,-1.1531675134247052,-0.18300273482805096,6.19267987644821,-1.1309700284546125,-0.2004325634718498
463,6.659249234931167,-1.2577297727038967,-0.2523271471138669,6.118402499692138,-1.2268926540782559,-0.2689179807778073,6.584656897918876,-1.1564160624911892,-0.18532714711386689,6.193401534096893,-1.1316546241214382,-0.20191798077780732
464,6.659695575931664,-1.263976939713757,-0.2543818814585775,6.1191246611863335,-1.2258044562695432,-0.2698181731532186,6.5862178010731895,-1.1612939916012692,-0.18738188145857748,6.195697824457284,-1.1316549859402585,-0.2028181731532186
465,6.660640248084064,-1.2691332558097201,-0.2560070278843723,6.119857289814945,-1.225844786495145,-0.27074272658432347,6.588179745697971,-1.1654826262893039,-0.1890070278843723,6.19749543907642,-1.1328097442092258,-0.20374272658432346
466,6.661121248254176,-1.2738499988263356,-0.2567473775391063,6.12298455739915,-1.2270915259068715,-0.2726300484184703,6.5895424177736,-1.1691829312985647,-0.1897473775391063,6.2010146072000225,-1.1342551459019887,-0.20563004841847032
467,6.66265552443042,-1.2776487257142435,-0.2577465333649725,6.126431397614624,-1.2315879251618753,-0.27378608366938534,6.5910727004386445,-1.1721707369943033,-0.1907465333649725,6.20470949214473,-1.1385161068101297,-0.20678608366938533
468,6.663650266114246,-1.2821369778757798,-0.25888524733431223,6.129638037863742,-1.2394281041270006,-0.2750204034889448,6.591793350163471,-1.175674618447374,-0.19188524733431223,6.207892096820842,-1.1453192841654527,-0.2080204034889448
469,6.664332805537242,-1.286239094704797,-0.25987018064392214,6.133087037467021,-1.2467572760288022,-0.2753202410115064,6.59232389774229,-1.1791822385494015,-0.19287018064392214,6.21103653159048,-1.1516119312946103,-0.20832024101150637
470,6.6650083570141305,-1.2912388240583823,-0.26185623342620784,6.134451678242158,-1.2535087262876914,-0.2768252247058099,6.5927713124413,-1.1834433471449302,-0.19485623342620784,6.212265601601075,-1.1573528444059775,-0.2098252247058099
471,6.666539281389532,-1.2955529577011475,-0.26382798659573564,6.137378960630713,-1.2591354138130555,-0.27797944056759843,6.594128578684149,-1.1873904353851685,-0.19682798659573564,6.2146913407061675,-1.1621625906700501,-0.21097944056759843
472,6.667173876792049,-1.300951310477103,-0.2659941017320689,6.137703611880397,-1.2639724696491612,-0.2792999446085032,6.594583883315181,-1.1922032321308507,-0.19899410173206888,6.21502245905981,-1.1662198985432042,-0.2122999446085032
473,6.668041936952477,-1.3033076258798246,-0.26675990692387314,6.140006832677727,-1.2667250367303495,-0.27893200985203476,6.5955039187258535,-1.1943803759713774,-0.19975990692387313,6.21689056595028,-1.168589148153842,-0.21193200985203475
474,6.66923700891607,-1.3055951478381758,-0.2685442981594333,6.140388301240137,-1.2668321015735273,-0.2795154271000156,6.596712535844972,-1.196373212565959,-0.2015442981594333,6.217650464402368,-1.1686224820514326,-0.21251542710001559
475,6.67035810150378,-1.3055812619058997,-0.2701612477787803,6.141854862348964,-1.2676208517877967,-0.2788078551777671,6.597880820410182,-1.1965306303827674,-0.2031612477787803,6.219114730732372,-1.169134189876786,-0.21180785517776712
476,6.670296142941197,-1.307237920620537,-0.2727034717638544,6.143347392922124,-1.2663091395879746,-0.2800633340914301,6.597641791349133,-1.1979200814748765,-0.2057034717638544,6.221330846791943,-1.1677267526174546,-0.21306333409143008
477,6.669076395003913,-1.3078215768400696,-0.2737863302202113,6.147967588870642,-1.2650771191183594,-0.28191914558123427,6.596418094604132,-1.1983239700857666,-0.2067863302202113,6.226062279908774,-1.1659309914175537,-0.21491914558123426
478,6.667325991992811,-1.3077157248699223,-0.2753584823978981,6.153367955093245,-1.2624247183048283,-0.2859098158253273,6.594501901273588,-1.1976435889446293,-0.20835848239789811,6.232186797861914,-1.1625174988948856,-0.21890981582532731
479,6.664513529133956,-1.3085077035430004,-0.27967044637193067,6.1594353028060596,-1.259817682504945,-0.28864291236390455,6.592005283427397,-1.1976596343520214,-0.21267044637193067,6.238792256307761,-1.1592436063292553,-0.22164291236390454
480,6.659198993206928,-1.308195948433422,-0.2846309465705799,6.164927297593067,-1.2549206016774406,-0.2899278921424793,6.587806308031986,-1.1964627502675285,-0.2176309465705799,6.244426959515522,-1.1539786456341972,-0.22292789214247932
481,6.655128049054156,-1.3039528433655505,-0.2901350868080426,6.169102715649615,-1.2466404740189319,-0.28948319080813417,6.584916102089892,-1.1923103038643603,-0.22313508680804262,6.2479774228716,-1.1459743086670642,-0.22248319080813417
482,6.649307729997645,-1.2955599682827597,-0.29362072859952787,6.171322422423373,-1.2370844142933493,-0.2907023063773904,6.580876412191401,-1.1840564268131857,-0.22662072859952787,6.248632865347872,-1.136285449792922,-0.22370230637739041
483,6.645420679445351,-1.2824595808706363,-0.2956549081020439,6.17204322814473,-1.2254938125333865,-0.2904596480541313,6.5781355142546545,-1.1722583412847598,-0.22865490810204392,6.247797319288338,-1.1251141667089541,-0.22345964805413132
484,6.640626637819196,-1.27374041191797,-0.29357281695705933,6.1732047783164035,-1.2177665244744276,-0.29127237569195313,6.575005380990888,-1.1646221291230177,-0.22657281695705933,6.247124953749562,-1.117298306147859,-0.22427237569195313
485,6.637422547298456,-1.2658286515579675,-0.291656317265044,6.174300611573244,-1.210165006290481,-0.29088550999880863,6.5728743528900395,-1.158022147785232,-0.22465631726504398,6.246602967935587,-1.1099004570351099,-0.22388550999880863
486,6.634423986282172,-1.2621365452141617,-0.2890738949238239,6.175191894378486,-1.2073791289658402,-0.2889588579594074,6.571459278669181,-1.1548721456856583,-0.2220738949238239,6.245904281940284,-1.1072296166748856,-0.2219588579594074
487,6.633693563607494,-1.2591062323845108,-0.2853660621501531,6.175629543927471,-1.2058020965851028,-0.28794992350116627,6.571419986751835,-1.1529896991050919,-0.21836606215015308,6.244745704201023,-1.105434788922139,-0.22094992350116627
488,6.6325885394774104,-1.257317358518776,-0.281659603820337,6.1768887678347255,-1.2065303864728776,-0.28343439172316903,6.570737365838113,-1.1521595063459245,-0.214659603820337,6.244479183312478,-1.106466824079689,-0.21643439172316903
489,6.633231310378733,-1.2580655384881538,-0.28045522497017555,6.17736618055028,-1.2111773062570137,-0.28197234199364357,6.571806250344935,-1.1531970668656868,-0.21345522497017555,6.242743520271006,-1.1104645896775764,-0.21497234199364357
490,6.633252158965888,-1.2576167104780325,-0.2771323691433663,6.178428247775855,-1.217497896963323,-0.2777497540539498,6.571421623434844,-1.1532731769621023,-0.2101323691433663,6.241821587290588,-1.1162445066511282,-0.2107497540539498
491,6.634317187797251,-1.2597663282431313,-0.2773648919921852,6.179053662549677,-1.226264464763517,-0.27549646519241106,6.572424350511255,-1.1552411197699257,-0.21036489199218522,6.24021179808301,-1.1243553637541481,-0.20849646519241105
492,6.634519562097239,-1.2613812035488081,-0.27593041518775135,6.1809937208611245,-1.2334519571231795,-0.27301503280249745,6.572073131771731,-1.1568995660709334,-0.20893041518775135,6.240399867268252,-1.130699390785594,-0.20601503280249744
493,6.634667293839129,-1.2659346527725575,-0.27658734757277853,6.181889371685656,-1.2409634656578419,-0.2738764091191042,6.572028444819125,-1.1611999339729664,-0.20958734757277853,6.24034823637453,-1.1373452610641834,-0.2068764091191042
494,6.634932242305922,-1.26850377512892,-0.27470599048682925,6.182876132400679,-1.2464721698852372,-0.2729772769744086,6.571569822700667,-1.1640087862106157,-0.20770599048682925,6.239619828732657,-1.1419411201568437,-0.2059772769744086
495,6.635343566887286,-1.2738096711764229,-0.2759384915479968,6.183142438881305,-1.2561568615565193,-0.27514664384215576,6.5710999373125105,-1.1688194272646797,-0.20893849154799682,6.238432601444629,-1.1502836344370735,-0.20814664384215575
496,6.637206410280896,-1.2740696999026113,-0.2750635636166335,6.184087281338407,-1.2637218567324453,-0.2738417876080275,6.57054619979067,-1.16961369242199,-0.20806356361663347,6.238071461431218,-1.1572900744868093,-0.20684178760802752
497,6.637951008005302,-1.2778868988461909,-0.2762640104592647,6.183805844707649,-1.2726161793179926,-0.27592092612393754,6.56991674654023,-1.1731565311856684,-0.20926401045926468,6.236694774551552,-1.1648245171018061,-0.20892092612393753
498,6.63974574862209,-1.2778590581510798,-0.2766278262715714,6.18462643681255,-1.2807064912412898,-0.2763236041646378,6.569631255252034,-1.173566128978564,-0.2096278262715714,6.236360020024449,-1.172105517158343,-0.2093236041646378
499,6.6410369755992775,-1.279624742352098,-0.27647052362066643,6.184123504377354,-1.2886539519658982,-0.27672479703527825,6.569188240385998,-1.1754889310232102,-0.20947052362066643,6.235523659206379,-1.179151338421434,-0.20972479703527824
500,6.643537804914345,-1.281332470205598,-0.2758800793369501,6.184342697692742,-1.2920138013632823,-0.27737788445551087,6.569962889386048,-1.177855588224702,-0.20888007933695008,6.235662803483834,-1.182087160375886,-0.21037788445551087
501,6.645012169951556,-1.283177294279085,-0.27754869020258593,6.183381944769977,-1.2943786163577897,-0.27940924918924975,6.570239364976047,-1.1794471521625383,-0.21054869020258593,6.23460671293175,-1.1840650816211564,-0.21240924918924975
502,6.6460002012088495,-1.2860216168373881,-0.27759827658655195,6.18221614728715,-1.295218077084428,-0.2799121288967326,6.570078069670458,-1.1824382809609233,-0.21059827658655195,6.234058508975764,-1.1851586369484721,-0.2129121288967326
503,6.646252261830128,-1.2885458684650075,-0.27886385388273266,6.181542368961132,-1.295548877784313,-0.28054136700529125,6.5692523889072305,-1.1844929075923574,-0.21186385388273266,6.234042870236195,-1.1858480191913259,-0.21354136700529125
504,6.64735226129757,-1.2895274133625207,-0.2796703089465991,6.180908514015542,-1.2937104673328577,-0.28079039943121825,6.569571344010697,-1.1856417627277551,-0.2126703089465991,6.234363822095261,-1.1848453254642664,-0.21379039943121825
505,6.646824271214669,-1.2896894440054893,-0.28041721972703454,6.180972874892419,-1.2930022701621056,-0.2800288358616781,6.568425656092828,-1.185716412961483,-0.21341721972703454,6.2351810790426185,-1.1851196512579918,-0.2130288358616781
506,6.645992816200547,-1.2889638538472354,-0.2814080236625996,6.180618450751595,-1.290233492385596,-0.27790470106128123,6.567771256676011,-1.1844788189046085,-0.2144080236625996,6.2361693091300054,-1.1841003294102848,-0.21090470106128123
507,6.6443784810146695,-1.2879949818598107,-0.282185907787145,6.179448214872778,-1.287352682207711,-0.2764562324941762,6.5668013073048,-1.1827701936708763,-0.21518590778714497,6.237088782294691,-1.1829954992281273,-0.20945623249417622
508,6.641110674059988,-1.2874529074179009,-0.2846979703667712,6.178071305668951,-1.283200831268914,-0.2726110424759936,6.564596012747884,-1.1807481955038384,-0.2176979703667712,6.239501029766203,-1.1827960918890312,-0.2056110424759936
509,6.6362253206791735,-1.283563039265573,-0.2845883013019302,6.177767686826215,-1.2825438594445586,-0.27181359541508937,6.561392270308957,-1.176329336129129,-0.2175883013019302,6.243949257117734,-1.1853225445374846,-0.20481359541508937
510,6.632930655312762,-1.2817213963717222,-0.28476827798157683,6.180169526767955,-1.285028262063861,-0.2704469507721042,6.560783673358188,-1.1735026072710752,-0.21776827798157683,6.2508709619762755,-1.191415710374713,-0.20344695077210417
511,6.62941413342584,-1.2825684323324822,-0.28092923652115315,6.181305683847555,-1.2821981682791375,-0.2761419106620833,6.560833953019269,-1.174035526753869,-0.21392923652115314,6.25551576137174,-1.1901661529554985,-0.20914191066208332
512,6.628688783781641,-1.2859749923809431,-0.2837429434523456,6.180308462517374,-1.2770976554020308,-0.27805850808476135,6.564010993974321,-1.175947500334587,-0.21674294345234557,6.256842242019289,-1.1880768667324446,-0.21105850808476134
513,6.629206440808289,-1.2939919717027806,-0.2813698466300066,6.178749225499146,-1.26905928918859,-0.2847167666434343,6.567526064278596,-1.1836088783456944,-0.21436984663000658,6.258125371696465,-1.1814449317171238,-0.2177167666434343
514,6.629457947263532,-1.30468416394433,-0.28116183105816345,6.1770064499471715,-1.2576740402146243,-0.2890664798389862,6.572002452263646,-1.1924316305085085,-0.21416183105816344,6.258733403334432,-1.1721901911660098,-0.2220664798389862
515,6.628993935115673,-1.3164070215425454,-0.2791310174027258,6.176866478450634,-1.2472178902826272,-0.29374726839454707,6.574904523022511,-1.2026972141466103,-0.21213101740272577,6.260721526272633,-1.1631587710580789,-0.22674726839454706
516,6.627702350426503,-1.3290487550548278,-0.27983576819246264,6.176573062945195,-1.2355639957240783,-0.2969784812623784,6.577708060551473,-1.2131977103999816,-0.21283576819246264,6.262396628666707,-1.153262379055377,-0.2299784812623784
517,6.626373388968446,-1.3384703541523777,-0.28173081642602665,6.1775220419988415,-1.228829636645969,-0.30027507311319096,6.579403379164674,-1.2208261633641087,-0.21473081642602665,6.264597186051347,-1.1476942444569431,-0.23327507311319096
518,6.6235886012912175,-1.3473885966814123,-0.2851237188181058,6.178495356977024,-1.2238161875284277,-0.30152846678105744,6.580117801368274,-1.2275656773126684,-0.21812371881810577,6.266949067056217,-1.1441026641405188,-0.23452846678105743
519,6.621179637895935,-1.3540101235848852,-0.2878286111620055,6.180400488363617,-1.2225359862786718,-0.3026321995523558,6.580098477589004,-1.2329311555367894,-0.22082861116200547,6.269609150873535,-1.1432064956170507,-0.23563219955235581
520,6.618359629927241,-1.36144055967452,-0.2925392485151333,6.182562683640086,-1.2223890626919456,-0.3044576144704861,6.5797877655607095,-1.2389296496403404,-0.2255392485151333,6.272158672032916,-1.1431809270870872,-0.23745761447048608
521,6.616431112332307,-1.3699518314679153,-0.29416033238816636,6.184537465615236,-1.225955890782643,-0.30566355199265854,6.579733009381258,-1.2464797369320877,-0.22716033238816635,6.274289692683183,-1.1464200488408096,-0.23866355199265854
522,6.6138306482937566,-1.3778014607378282,-0.29762914654860834,6.184972666135096,-1.2303204364725389,-0.30739834782729486,6.578913204303049,-1.253247303480748,-0.23062914654860833,6.27500457309749,-1.1504005618044175,-0.24039834782729486
523,6.611702752929219,-1.386083997611422,-0.2999820525685591,6.184761119704731,-1.2372330201906152,-0.3093060667554182,6.577806694131382,-1.2606650365632959,-0.23298205256855908,6.275185925584324,-1.1566681040567346,-0.24230606675541821
524,6.608227212611624,-1.3930824036360718,-0.3005209224168011,6.183892179910131,-1.243642532324884,-0.30923142599498715,6.575824786607214,-1.2667387361289002,-0.2335209224168011,6.274831776205488,-1.1625020141364075,-0.24223142599498715
525,6.606865586411246,-1.3981668097549118,-0.3026862441431531,6.18285179294277,-1.2484250409179367,-0.31027665723672,6.575484813820609,-1.2711497289710678,-0.2356862441431531,6.27434897578884,-1.1671133381896652,-0.24327665723671998
526,6.604587867554315,-1.40215129830176,-0.30532008608428624,6.182168259915002,-1.2513349769287743,-0.3121045847758451,6.574524566229471,-1.2742596385651268,-0.23832008608428623,6.274460777338632,-1.1697903988533653,-0.24510458477584507
527,6.603752799961754,-1.4043405491975136,-0.30806523619252585,6.182400502894112,-1.2527094323304482,-0.31345713196355246,6.574372657273003,-1.276261611666996,-0.24106523619252584,6.275326617691704,-1.1713976103928871,-0.24645713196355246
528,6.601609024848827,-1.404253501270432,-0.31048834135730613,6.182556215371974,-1.2523382490617223,-0.3148795943518435,6.573492709245571,-1.2759033626061864,-0.24348834135730613,6.276543635573276,-1.1712488120538183,-0.24787959435184348
529,6.601251220378131,-1.4030258053098805,-0.31309391754188437,6.182728370699138,-1.2503243678365834,-0.31607212322273154,6.573891064199657,-1.2748931043897755,-0.24609391754188437,6.2772691753236955,-1.169548451260198,-0.24907212322273153
530,6.599691757979841,-1.403249746945221,-0.31664151894369025,6.182071665349454,-1.247141725209076,-0.3189711068800916,6.573108444037885,-1.2749556366470642,-0.24964151894369024,6.277858713689298,-1.1669466558960266,-0.2519711068800916
531,6.602029442834706,-1.4002104744431563,-0.31914511193030376,6.182971686172337,-1.2441388115403242,-0.32073184717886943,6.575459778356404,-1.2725356564042158,-0.25214511193030376,6.278663963126988,-1.1639734849450178,-0.25373184717886943
532,6.602244573911108,-1.397178267245181,-0.3216072811439899,6.184682595809377,-1.2420435297535732,-0.3232990993812946,6.5759709955057275,-1.2698734152363613,-0.2546072811439899,6.2808481783470285,-1.1621619808720425,-0.2562990993812946
533,6.605068049892239,-1.392398527241312,-0.32356866601480033,6.1856766264284175,-1.2373943239217624,-0.32592281106484916,6.578401289447598,-1.2658308654790744,-0.25656866601480033,6.281867287620358,-1.1575716644292697,-0.25892281106484916
534,6.603377474272079,-1.388755717431195,-0.32618769799159236,6.186284271800346,-1.2326327349292114,-0.32912739907191463,6.577006904208488,-1.2625973607646301,-0.25918769799159236,6.28309456797821,-1.1535215164767578,-0.2621273990719146
535,6.603686675695158,-1.3830680813407525,-0.3306610150350407,6.186023012069441,-1.2250496115302667,-0.333725170613654,6.577465728191115,-1.2575570311164483,-0.2636610150350407,6.283116475013472,-1.1466200317954645,-0.266725170613654
536,6.600694007971711,-1.3780908774788259,-0.33394672326925684,6.188049725988336,-1.2172736715729116,-0.3388591592777102,6.5751320643214655,-1.2528104972298024,-0.26694672326925684,6.285723306038804,-1.1394397210533498,-0.2718591592777102
537,6.601647425708748,-1.3703461623954354,-0.3382357816992608,6.190165359792687,-1.2062165475654183,-0.34170059970005423,6.576380122718788,-1.2457782364654122,-0.27123578169926077,6.287375618038155,-1.128946397380787,-0.2747005997000542
538,6.601005026870794,-1.3646114947478054,-0.3416987268903922,6.1930721195278835,-1.1964310290495632,-0.34504511046201697,6.57663921433074,-1.2402696492354153,-0.2746987268903922,6.2902914376793575,-1.1196192385832546,-0.27804511046201696
539,6.603755436637826,-1.3580836052278755,-0.34584614589788726,6.194515995481439,-1.1858952636102913,-0.34522446945287993,6.5799726767329645,-1.2341979736665962,-0.27884614589788725,6.290771133997865,-1.1093279713968514,-0.27822446945287993
540,6.602935122126169,-1.3540974645147799,-0.3484970291649388,6.195921944254465,-1.1804685382376192,-0.3454194029366063,6.580561028593607,-1.230319478941965,-0.2814970291649388,6.291880072825975,-1.1041835336218355,-0.2784194029366063
541,6.602939726584978,-1.349249313978362,-0.347914761008944,6.19796787368638,-1.1747178541700123,-0.3427830991170067,6.581622244590349,-1.2263792263547657,-0.28091476100894397,6.2930782602964115,-1.098807166723418,-0.2757830991170067
542,6.601346897692807,-1.3464156085829018,-0.34671230645130163,6.199205401153691,-1.172690659223008,-0.34188444943378454,6.581161173792012,-1.2241367990354775,-0.27971230645130163,6.293303268761761,-1.096902757344651,-0.27488444943378454
543,6.599972613887317,-1.3440131707320688,-0.3453018042093772,6.2000896714491915,-1.171665505899,-0.3385972353464622,6.580545329288967,-1.2223170561919687,-0.2783018042093772,6.293305867151744,-1.0963484211097239,-0.2715972353464622
544,6.598598212735183,-1.3436376009340165,-0.3416559961226467,6.200676531331069,-1.1708540473337052,-0.3367951777365688,6.579933286444671,-1.222629979645717,-0.2746559961226467,6.293053136007316,-1.0951821360940812,-0.2697951777365688
545,6.595835153977774,-1.3449094082898227,-0.3402965336756479,6.201193456571005,-1.1695489074772922,-0.3333146840052377,6.5771410810159665,-1.2244941975659458,-0.2732965336756479,6.293175433795355,-1.0949460651463596,-0.2663146840052377
546,6.595688683013819,-1.3435388651414542,-0.33733564704402125,6.200472143511675,-1.170591279558721,-0.3286157855366055,6.576478731851481,-1.2235951867623953,-0.27033564704402124,6.291023311238192,-1.0958111730142264,-0.26161578553660547
547,6.594644905100964,-1.3470111225469736,-0.33425600066060907,6.199071944724224,-1.1737299297674326,-0.3253333641516674,6.573910684357784,-1.2275722359045176,-0.26725600066060906,6.289322883855007,-1.0990200970991282,-0.2583333641516674
548,6.596262211944364,-1.3476792815345107,-0.3297818022149313,6.1975431992070895,-1.1781397107261,-0.3201403932946432,6.5728792799966556,-1.2291837576049147,-0.2627818022149313,6.28659736647775,-1.1028279903548537,-0.2531403932946432
549,6.596941173226028,-1.3508471590612317,-0.3299494508485095,6.196505338102966,-1.1902923924062634,-0.31912387645046875,6.570214748531967,-1.2327673179242993,-0.2629494508485095,6.283957988173157,-1.1134978276822949,-0.25212387645046874
550,6.600298733599871,-1.3494086526479805,-0.32899666719662674,6.195092351325243,-1.2007086537923897,-0.3162047355674458,6.569859416373461,-1.2320165895071113,-0.26199666719662673,6.279898450859278,-1.1222611926641548,-0.24920473556744582
551,6.601815588456034,-1.35220136262069,-0.3280817093056994,6.195908583384394,-1.2192584476579214,-0.31487641946500117,6.566740862708926,-1.2355225882638479,-0.2610817093056994,6.278305329066157,-1.1380022964585805,-0.24787641946500116
552,6.604214182360252,-1.3506345712085022,-0.32756641900254363,6.198520323498329,-1.2312449180026306,-0.3135845998497116,6.565327411754211,-1.235019680156256,-0.2605664190025436,6.278123772008499,-1.1477882229228271,-0.2465845998497116
553,6.603598200254297,-1.3547241117776139,-0.32827566904801825,6.202011965684747,-1.2508372690499527,-0.31532584471482733,6.561631404332971,-1.2394043829262955,-0.26127566904801824,6.280489497356271,-1.165324571353267,-0.24832584471482733
554,6.607461759184176,-1.3556766352121485,-0.32805668357490686,6.202530511949831,-1.2582173189584864,-0.31458484176277307,6.561769166324908,-1.241012974685873,-0.26105668357490686,6.2794812557442725,-1.1719029387895716,-0.24758484176277307
555,6.609475528417775,-1.3608775422762847,-0.3287697481430241,6.2032440058576555,-1.2715125367831206,-0.31449932330018965,6.560172086178014,-1.2465430185984587,-0.2617697481430241,6.279880022226521,-1.1845949576090788,-0.24749932330018964
556,6.613139881698103,-1.3659018345497316,-0.3286090280600929,6.202737851945372,-1.274715728344745,-0.3132165457793617,6.561653493849249,-1.251886970581836,-0.2616090280600929,6.279955997077437,-1.1886719532631105,-0.2462165457793617
557,6.6144278936010465,-1.3744341579586035,-0.33134508061652196,6.20139779075204,-1.2795308676868444,-0.3143440477872373,6.562335043392764,-1.2596392480045324,-0.26434508061652195,6.280408903203593,-1.1950944510608679,-0.2473440477872373
558,6.6183278690916865,-1.382441626439686,-0.33024638226219577,6.197448162351307,-1.2762912377220346,-0.3118602566976206,6.565275369201359,-1.2677561506134225,-0.26324638226219577,6.279800964508709,-1.1949003204208566,-0.24486025669762057
559,6.618870161637702,-1.393398830012302,-0.32997841491327745,6.195693947538771,-1.2713384118833346,-0.31133312835321886,6.567536033853926,-1.2776291456975741,-0.26297841491327745,6.28187582658235,-1.1936049547948642,-0.24433312835321885
560,6.617318775203117,-1.4091411241533933,-0.33004753150475336,6.196081842925437,-1.2565346368792234,-0.310585899729851,6.568568508770355,-1.2919374712946592,-0.26304753150475335,6.287335719611534,-1.1847788104059873,-0.243585899729851
561,6.616466330761128,-1.4231877007259754,-0.3308596642311768,6.197865622514897,-1.2415515460743336,-0.3108892472084717,6.571847604984455,-1.3038080014957814,-0.2638596642311768,6.294178786153012,-1.17675176046032,-0.24388924720847172
562,6.616078353883736,-1.4287516103795497,-0.33028280023449225,6.210097081424706,-1.213343344788882,-0.30889772657268805,6.575625061454289,-1.307575248341891,-0.26328280023449224,6.3112430343646935,-1.1570520030072657,-0.24189772657268804
563,6.613343960536682,-1.4345544312818674,-0.32813724035826636,6.220481402171814,-1.198988292060676,-0.30722352022734595,6.5778860514294735,-1.3113408420904307,-0.26113724035826635,6.324467203510963,-1.1493055556638865,-0.24022352022734594
564,6.610635889625215,-1.4399316270573763,-0.32761996051726056,6.232127902960443,-1.1960325200780062,-0.29467218181547833,6.5799156706091395,-1.3141938407643465,-0.26061996051726055,6.3362424205299845,-1.155136879227939,-0.22767218181547833
565,6.6062676002514,-1.4446183477266459,-0.3301265430493386,6.2343820025455585,-1.209658059917274,-0.3009456586880715,6.581116272999012,-1.3174824152811198,-0.2631265430493386,6.340511410428249,-1.1707094643934397,-0.2339456586880715
566,6.601629306493365,-1.4482280664815335,-0.33187468627897215,6.2407473818641535,-1.2236115389241604,-0.3002426801106067,6.581659962354266,-1.319865410841885,-0.26487468627897215,6.347485770402514,-1.1849132531060604,-0.23324268011060667
567,6.597520120838695,-1.4496684215700952,-0.3336101174211235,6.242532335618549,-1.2350483976042597,-0.3039268851136894,6.582663268247657,-1.3206952951586572,-0.2666101174211235,6.349336095551067,-1.1958632014429895,-0.23692688511368942
568,6.592469044426494,-1.4521962191647617,-0.3329778406625719,6.251594491699748,-1.2386446978634922,-0.3086304161554308,6.583432279923969,-1.3228234436101047,-0.2659778406625719,6.358578019240909,-1.1994247819966404,-0.2416304161554308
569,6.585545370286368,-1.455448163600522,-0.33171847525976955,6.25960005999174,-1.2394234071689425,-0.32050374213599025,6.583470078116321,-1.3267550002055941,-0.26471847525976955,6.368056582218074,-1.1991865466552554,-0.25350374213599025
570,6.580245038425588,-1.4576019085216103,-0.33431828102788314,6.264416923677587,-1.2415978945064126,-0.32658910832127913,6.5852557475921145,-1.32960331805225,-0.26731828102788313,6.373194297706746,-1.2012884653377114,-0.2595891083212791
571,6.576699582790994,-1.4581863609346328,-0.3353810200280732,6.267498163437509,-1.2458182898553787,-0.33123575540252387,6.587658112799787,-1.3311730352434097,-0.2683810200280732,6.376974148606919,-1.2055000988038955,-0.26423575540252386
572,6.570746773785018,-1.4630829272064148,-0.33729260280255585,6.273532835697793,-1.2463018474372802,-0.3340561898005417,6.587790375506543,-1.3372315940650878,-0.27029260280255585,6.383565438842439,-1.2065563974174438,-0.2670561898005417
573,6.567911062320732,-1.4642227272706805,-0.3380823288973643,6.278274666449093,-1.2464123348909197,-0.33562238560283914,6.589154083212875,-1.3397863487916766,-0.2710823288973643,6.389012586256527,-1.2076641897874651,-0.26862238560283913
574,6.563509279793166,-1.4680028724687872,-0.34200242091196015,6.281741077011489,-1.2483195233362494,-0.33803805638330414,6.589179390972518,-1.3446140456217108,-0.27500242091196014,6.392735743826293,-1.2098864483850775,-0.27103805638330414
575,6.5594556498583785,-1.4706187415140448,-0.3449850517720206,6.282853217726611,-1.2512501645105658,-0.34113661827745273,6.588498705929183,-1.3479966092127142,-0.2779850517720206,6.394765438443088,-1.2129737305658637,-0.2741366182774527
576,6.554800441419744,-1.473853057177621,-0.3490937908575161,6.283304383909368,-1.253068452628213,-0.3430250247404201,6.587532659923696,-1.352271562369424,-0.28209379085751607,6.395887961542272,-1.2154728229361353,-0.2760250247404201
577,6.551032110979818,-1.472204258592683,-0.3550881969206257,6.284452088108324,-1.2521237637120066,-0.3484457957022114,6.587474420597815,-1.352350046785432,-0.2880881969206257,6.397857136955523,-1.215752532632905,-0.2814457957022114
578,6.5470830806773535,-1.4724112599360524,-0.3592303339321388,6.283501692978703,-1.2519507258402882,-0.3510809484798683,6.58584261026796,-1.353423580454546,-0.2922303339321388,6.397770889965855,-1.216415032671648,-0.2840809484798683
579,6.537591917371415,-1.473041559496778,-0.36171973436307053,6.276222450589799,-1.2487560165318428,-0.35054636686276536,6.57868748710122,-1.3549285781773506,-0.29471973436307053,6.392080111360215,-1.2153309238346992,-0.28354636686276535
580,6.528367572395169,-1.476007150413352,-0.3647783463022661,6.268149607745968,-1.2506544458883582,-0.3525502150080156,6.572592944769227,-1.3584291803854285,-0.2977783463022661,6.385697209207379,-1.2175088393705664,-0.2855502150080156
581,6.526583665913009,-1.4748301379586337,-0.3686754657612637,6.268249640172385,-1.2442961804772494,-0.35687452095611844,6.573228860205077,-1.3586147897149203,-0.3016754657612637,6.386249164050483,-1.2122360341454623,-0.28987452095611843
582,6.526602095040531,-1.4734546221297933,-0.37254605961083326,6.270961349877567,-1.2403284586471273,-0.36209527921914014,6.5742505770652,-1.358320621351595,-0.30554605961083325,6.389235710772724,-1.2091537393134786,-0.29509527921914014
583,6.524216208538078,-1.470648974805954,-0.3754962640307367,6.2682784385290375,-1.235894710451248,-0.36336302333096865,6.57274891801741,-1.3567374056874542,-0.3084962640307367,6.387254673918747,-1.2063050574361114,-0.29636302333096864
584,6.51880522717353,-1.4697135972528486,-0.37509793477533276,6.265558457864486,-1.2330817269830732,-0.3643689199018281,6.568900561822616,-1.3566842960863141,-0.30809793477533276,6.385760850204193,-1.2049444603471784,-0.2973689199018281
585,6.515283985460215,-1.4660484191699652,-0.37598424623887877,6.262842668617182,-1.2241127487941412,-0.3659956998674188,6.566559492075854,-1.354267358474317,-0.30898424623887877,6.383879406774454,-1.198345064811292,-0.2989956998674188
586,6.513452329138332,-1.464538493353757,-0.37475739920795786,6.2629109103475145,-1.2208035375660984,-0.3662533661192738,6.565052993992381,-1.3528942253178684,-0.30775739920795786,6.384521641233974,-1.196291902262601,-0.2992533661192738
587,6.6313652213905385,-1.3938037726766197,-0.4640149114495598,6.445342775831037,-1.1411983940488426,-0.4560888049966179,6.663762364933305,-1.3062584969884483,-0.3970149114495598,6.532544967183881,-1.1410491142160026,-0.3890888049966179
588,6.630726536667012,-1.3946020760777174,-0.46226619583489265,6.447497775709294,-1.1419765510800062,-0.4550834785115894,6.663166603004598,-1.3077058353665052,-0.39526619583489264,6.534252306377553,-1.1421758094074903,-0.3880834785115894
589,6.630899330532216,-1.3936268837860553,-0.4619084982916702,6.45147087231841,-1.1408668907097308,-0.45465723562687527,6.663401892339849,-1.3079404385498492,-0.3949084982916702,6.537494053995275,-1.1420810075214831,-0.38765723562687526
590,6.630795803783499,-1.3935090067534475,-0.4617143407015119,6.4553845496159425,-1.1405133071093587,-0.45534284259360175,6.663500328479373,-1.3089065315871267,-0.3947143407015119,6.540961486218535,-1.142677849784377,-0.38834284259360174
591,6.629830605514385,-1.391894946267712,-0.46053865514863174,6.460189274676182,-1.1374715365673183,-0.45462503992188613,6.663347958751061,-1.3087978460098384,-0.39353865514863173,6.545183501370289,-1.1412475802208064,-0.3876250399218861
592,6.630043788045683,-1.3915182938071666,-0.4605554680822406,6.465048445552625,-1.1352412988635479,-0.45505372095089297,6.6640963984430215,-1.3097217072936473,-0.3935554680822406,6.549359737128057,-1.140799431988853,-0.38805372095089297
593,6.630016391329505,-1.3916638710506959,-0.46043054221831153,6.469165285281875,-1.1321771361836,-0.45482353328429054,6.664666031651237,-1.311132750750403,-0.39343054221831153,6.5530341464803,-1.1397800662525697,-0.38782353328429053
594,6.630646808236875,-1.3927099826250924,-0.45950222083069275,6.472990548402109,-1.1300395848666085,-0.4554255611512799,6.665855011135378,-1.3132712962542428,-0.39250222083069275,6.556711262255945,-1.1390488567267312,-0.3884255611512799
595,6.631649496197738,-1.3934978194738505,-0.46080047029703747,6.47825768047575,-1.128390813639271,-0.45730596918314587,6.66736756467823,-1.315148467590916,-0.39380047029703746,6.561535069882908,-1.1390641875768779,-0.39030596918314586
596,6.632377431891896,-1.3942309391422896,-0.4629311258688558,6.481284798286893,-1.1276936900540022,-0.4595970208540548,6.668721162878015,-1.3167179596348433,-0.3959311258688558,6.5644655983671925,-1.1399054896755842,-0.3925970208540548
597,6.6338634203896305,-1.3945837070496054,-0.46402751978188644,6.485744455061891,-1.1269260098488303,-0.46004640634804855,6.671004259191491,-1.3180158187897177,-0.39702751978188644,6.56870544811342,-1.1406872024090262,-0.39304640634804855
598,6.634836831294038,-1.395193785216179,-0.46568380433767925,6.4902307476625225,-1.1257362065571215,-0.4601815207645286,6.673277110956647,-1.3193813858288195,-0.39868380433767925,6.572954350315072,-1.1411444542663958,-0.3931815207645286
599,6.6347129141688725,-1.3985355204113148,-0.4690978498913337,6.493808904826679,-1.1246906822689198,-0.4612061353184272,6.6746725311279675,-1.3233715599544666,-0.4020978498913337,6.576311880886593,-1.1421705490120075,-0.3942061353184272
600,6.6315957677327475,-1.402545883311177,-0.47206914702132236,6.496553010936864,-1.1228031059636123,-0.4609410194464017,6.673725597258695,-1.327981068743611,-0.40506914702132235,6.578841693397649,-1.1427560588253982,-0.3939410194464017
601,6.6271814577524,-1.4087444638043962,-0.4766988283738483,6.497141862684899,-1.1230640505582414,-0.4616439468011249,6.671552220756226,-1.3341387008458696,-0.4096988283738483,6.579523975426369,-1.1451268588334642,-0.3946439468011249
602,6.625306566642635,-1.414066703631761,-0.47924803637601326,6.496693087207191,-1.123605699851396,-0.46083139323331307,6.670930398093574,-1.3391538575433515,-0.41224803637601326,6.579518390284889,-1.1466495111726545,-0.39383139323331307
603,6.560480384552889,-1.468013228955897,-0.5935806373383838,6.405519886339121,-1.007690163436564,-0.5672531465318043,6.617579257512503,-1.3624528070122324,-0.5265806373383839,6.523091970408373,-1.027735294881495,-0.5002531465318043
604,6.558112939052322,-1.4737967609453335,-0.5911922945890564,6.414185312740543,-1.0028786866951123,-0.5614709153089661,6.615766015999057,-1.3690407036829129,-0.5241922945890565,6.530651946716048,-1.0276479332733288,-0.49447091530896614
605,6.55415992536679,-1.4808723193036712,-0.5913794764567155,6.422266163910777,-1.0007368486749328,-0.5592681297350663,6.6124537522448605,-1.3762080531942047,-0.5243794764567156,6.537967705215365,-1.0300905120002426,-0.4922681297350664
606,6.549224496255434,-1.4848579053123103,-0.5927063231140364,6.431996353338278,-0.9967523102004634,-0.5577211384445417,6.609535947809732,-1.3808948282439815,-0.5257063231140364,6.546160597721851,-1.032067183061372,-0.4907211384445418
607,6.5436647682547715,-1.4905787301086093,-0.5940543949620787,6.437749184584632,-0.9972685468219424,-0.5575242579000059,6.605688489890113,-1.386735994818082,-0.5270543949620787,6.550993107175842,-1.0376268667005206,-0.490524257900006
608,6.533789578770907,-1.4915471059921401,-0.5932118616549287,6.450356524383338,-0.9937935901525634,-0.5553052745310578,6.598889756893428,-1.3893709761741775,-0.5262118616549287,6.562412347590239,-1.0405817163828033,-0.4883052745310579
609,6.524380129183797,-1.4907862974632735,-0.5932644690403703,6.461122006531028,-0.9941652102697844,-0.5556473816761736,6.592034414763717,-1.3894291950691695,-0.5262644690403704,6.571511473859815,-1.0469537211884017,-0.4886473816761736
610,6.516078876218913,-1.4897541678928974,-0.5920321767118748,6.473557973168013,-0.9943612344050052,-0.5544337456014927,6.586421200893042,-1.3897428191685322,-0.5250321767118749,6.581473627946494,-1.0530862338328006,-0.4874337456014928
611,6.508514403020186,-1.4898659114096517,-0.5926673948781553,6.481457232152266,-0.9972205285284872,-0.5560581624524656,6.58142475656156,-1.3903178099844808,-0.5256673948781554,6.5873276578534075,-1.0614749763462896,-0.4890581624524657
612,6.502411218829607,-1.4869286715820635,-0.5901502693088714,6.490346426613783,-1.0035726129844988,-0.5549618924053374,6.579769986219858,-1.389705926163515,-0.5231502693088714,6.594416151292776,-1.071458935721239,-0.4879618924053375
613,6.495546766444264,-1.486725227890929,-0.5912019794125098,6.494152688308773,-1.0096638072118367,-0.557964581741764,6.577083208485661,-1.3912623692140187,-0.5242019794125099,6.596752979680119,-1.0817206371411885,-0.49096458174176405
614,6.484552622430115,-1.4832748305689165,-0.5897836851438496,6.508511111728936,-1.0121503379832575,-0.5565813350042317,6.572301254265099,-1.3920312058817217,-0.5227836851438497,6.607767597429543,-1.0906222742687532,-0.48958133500423173
615,6.5015991308676035,-1.4365000209127174,-0.4966666042821471,6.564651099680546,-1.1288557729039894,-0.4586223304288451,6.5863038205491335,-1.3828438302789436,-0.4296666042821471,6.628206168948296,-1.192129664710592,-0.3916223304288451
616,6.503666022508028,-1.4413936369546718,-0.4955264293569071,6.577182123153094,-1.1346618019470043,-0.4586014115231974,6.588571028499487,-1.3889534108766384,-0.4285264293569071,6.639196255891207,-1.199310072553999,-0.3916014115231974
617,6.507010796870659,-1.4442900519079558,-0.49924210235280225,6.587061079050969,-1.1370790104574553,-0.46197382136983106,6.591984415258835,-1.392667392939984,-0.43224210235280225,6.647857861425351,-1.2023239086574904,-0.39497382136983106
618,6.51001422195192,-1.4501640966354898,-0.5017041958383215,6.600611441717106,-1.142914818805366,-0.46395490537201295,6.5963146695351185,-1.4008443823277048,-0.43470419583832154,6.660193667695481,-1.2091295739828638,-0.39695490537201295
619,6.513043142861775,-1.4553456802113942,-0.5035159430446965,6.616976879543714,-1.1493494708283833,-0.4636860332432134,6.600864879793576,-1.409080167506545,-0.43651594304469654,6.673589274293832,-1.2173976797803334,-0.3966860332432134
620,6.515203260473996,-1.4618665515172324,-0.5046481661013258,6.632111333899289,-1.1566678895342193,-0.4639712146929396,6.604014091782361,-1.418557160972341,-0.43764816610132584,6.686497517518788,-1.2263248054969154,-0.3969712146929396
621,6.515836256899334,-1.4665185270587244,-0.505413702052685,6.646891030826069,-1.1646084991971293,-0.463450184386822,6.606066692032314,-1.426954483775262,-0.43841370205268504,6.697617072023846,-1.236332317976121,-0.396450184386822
622,6.517023828223742,-1.4720799898950645,-0.5057728292342671,6.659134377137221,-1.1706856316177436,-0.4615319969054708,6.607645798817671,-1.4350096559373924,-0.4387728292342672,6.706673849717177,-1.2439845925418922,-0.3945319969054708
623,6.520640212628919,-1.4791089393420407,-0.5044265789367655,6.667465749714452,-1.1771193020267674,-0.4595807594634989,6.610490161511976,-1.4433292843623349,-0.4374265789367655,6.713627431128103,-1.2511082686705777,-0.3925807594634989
624,6.524424566124495,-1.4851658376155683,-0.5048030380896689,6.673580235038813,-1.184435720950205,-0.45794544264594333,6.613602830265577,-1.4504604669509717,-0.4378030380896689,6.718814632092531,-1.2584232272802183,-0.39094544264594333
625,6.5294256858772,-1.4852082248416991,-0.5051051523807855,6.66852880048215,-1.1818109642354102,-0.45697767998012023,6.615791028017398,-1.447968703099832,-0.4381051523807855,6.71630122291505,-1.2529742385831923,-0.38997767998012023
626,6.529982904177146,-1.4791809532198386,-0.49957657247818316,6.666429663281875,-1.1783356431278662,-0.4518030920628389,6.614341618698077,-1.4425081226381735,-0.43257657247818315,6.715297619085746,-1.2478439274582342,-0.3848030920628389
627,6.5294709514139555,-1.4795497119357606,-0.5027798768753582,6.644732677495327,-1.1727456659009476,-0.45480672090001645,6.611534574186649,-1.4381768762996217,-0.43577987687535824,6.699610912358608,-1.2376074254443665,-0.38780672090001644
628,6.532079574071091,-1.4726377393253642,-0.5023383874906739,6.642437380157631,-1.166078228796323,-0.45424816799299333,6.613207098447006,-1.430870380545457,-0.435338387490674,6.698792677723091,-1.22953053965648,-0.38724816799299333
629,6.533650674043443,-1.4623678003572422,-0.4985673218727625,6.645396389184739,-1.1589490150236088,-0.4508600622177637,6.614730596659925,-1.4215472911619145,-0.4315673218727625,6.701891698060777,-1.222124946596523,-0.3838600622177637
630,6.541206623836175,-1.450160139998843,-0.4997249828413642,6.651409532352105,-1.146709704598834,-0.45021486149584417,6.6223263400036245,-1.4092637242883939,-0.4327249828413642,6.7072058724600225,-1.2092764767021436,-0.38321486149584416
631,6.498292406359965,-1.5364382429415855,-0.5821810950985691,6.616149780610854,-0.963219152241436,-0.5174892879654944,6.603174467841441,-1.465510742216793,-0.5151810950985691,6.701378059843833,-1.0584011910850677,-0.45118644902618144
632,6.4963193486685356,-1.5360631399835256,-0.5833479895484215,6.616532052611788,-0.9603663587058691,-0.5179380664193839,6.600237841462572,-1.4635382943833974,-0.5163479895484215,6.701704959129771,-1.0555438377941755,-0.4517128319632775
633,6.494553497435177,-1.5367915787956008,-0.5847381710884674,6.61904915273341,-0.9582562380692252,-0.5169443625140185,6.5976195245996365,-1.462956652905632,-0.5177381710884674,6.702674722673024,-1.0541138434073218,-0.45092953013158876
634,6.54088106132555,-1.450445794604093,-0.4980279933190486,6.656531476746082,-1.1451927433827223,-0.4423358570313594,6.622701906929493,-1.411402368090421,-0.4310279933190486,6.7067173359494205,-1.2095962847688497,-0.3753358570313594
635,6.536115024976667,-1.4519870435342455,-0.4949643651891547,6.661021617047723,-1.1515399669751787,-0.4397684375692206,6.619191144399579,-1.4154689466104173,-0.4279643651891547,6.708928194634851,-1.2172899400338792,-0.3727684375692206
636,6.539269797717921,-1.4540261493984872,-0.4941249678779441,6.65782814494311,-1.1497132049862557,-0.44006266099699315,6.620681755458705,-1.4160055981938058,-0.4271249678779441,6.706229798709742,-1.2144595252339059,-0.37306266099699315
637,6.543237904919138,-1.4581575527718087,-0.49408525378043305,6.655176508141508,-1.1487110465695878,-0.43815690428549897,6.623431603325358,-1.4180190697243233,-0.42708525378043305,6.702734949899664,-1.212273059778454,-0.37115690428549897
638,6.543765490455613,-1.4570933220838924,-0.49472701466242325,6.6394167817664,-1.1403224108671566,-0.4346011945316729,6.622703557414994,-1.413309091136398,-0.42772701466242324,6.68768298397778,-1.2014260379528423,-0.3674479433313991
639,6.5412201020838125,-1.4578084115801175,-0.49637095453748953,6.6029324863077505,-1.1259054456768354,-0.43452782419793023,6.616505574059616,-1.4056668047724088,-0.4293709545374895,6.656286868822704,-1.1821014498291333,-0.36518366625318777
640,6.5453165328756455,-1.4532299680304277,-0.49683161718370866,6.554370321954835,-1.110300500471567,-0.4355102823689811,6.611921445156682,-1.3911823076796281,-0.42983161718370866,6.615496419991601,-1.1584793967795122,-0.3668413093757863
641,6.5475352613532465,-1.447549250560769,-0.4975392083690549,6.520141663243763,-1.10434645845271,-0.4360565326344477,6.607912356247894,-1.3789960710582818,-0.4305392083690549,6.585857028355591,-1.1460231809196557,-0.3671672520206357
642,6.551327770789854,-1.4392009867606248,-0.4987778024335439,6.4839955551826876,-1.0992661310610856,-0.4418889836926992,6.603105021854631,-1.3651492489752854,-0.4317778024335439,6.555774277290098,-1.132353295224675,-0.3748889836926992
643,6.575768725927688,-1.4317143525713618,-0.49055553307356786,6.468638507630445,-1.0945911671751674,-0.44189895024123144,6.6178603377004634,-1.3535677756899531,-0.42355553307356786,6.546084744836904,-1.1181077178353007,-0.37489895024123143
644,6.602284190691776,-1.422672858579972,-0.48297428960744765,6.448346511907644,-1.0939576086839224,-0.44083481903020766,6.631513686366148,-1.3407129255374457,-0.41597428960744764,6.529438511915274,-1.1057846156199957,-0.37383481903020765
645,6.622676075999394,-1.4181499647693272,-0.47689169599856723,6.431393863265171,-1.0977172869042988,-0.4388523693307816,6.6400932982608225,-1.3338588940696354,-0.40989169599856723,6.513773845140591,-1.099143938978159,-0.3718523693307816
646,6.636714785573773,-1.416559443461665,-0.4727588267526171,6.415152251003079,-1.1042860305187787,-0.4401319594583056,6.643595083830647,-1.329925492989787,-0.4057588267526171,6.497855751989178,-1.0957301115868177,-0.3731319594583056
647,6.648279833937764,-1.4200062968320708,-0.4721504090814433,6.389659564341187,-1.1269659467525344,-0.442500674584373,6.641931201661706,-1.3303852893895964,-0.4051504090814433,6.469708617175698,-1.1063547052926879,-0.375500674584373
648,6.662034292104423,-1.4298322274717066,-0.4731676815538249,6.365770172658145,-1.1647768392595026,-0.4508047340898356,6.640231859269321,-1.3383710458310816,-0.4061676815538249,6.4412374909545775,-1.1293704732688639,-0.3838047340898356
649,6.678144609944198,-1.4567725880788203,-0.47165624629655395,6.342310076968047,-1.231903903071725,-0.46701930295625244,6.637186354414794,-1.3671953006432886,-0.40465624629655395,6.409495762006614,-1.174253590290391,-0.40001930295625243
650,6.637717126777048,-1.5754779651197168,-0.5316783947930543,6.325195087959642,-1.2219683005841944,-0.5215262932763307,6.605371466746206,-1.4535353257688257,-0.4646783947930544,6.390319972207422,-1.1356462314161035,-0.45452629327633076
651,6.645884668353361,-1.5871480904115742,-0.5297984259088862,6.338856866482061,-1.2615674636854237,-0.5237740652521479,6.603516673568052,-1.4673468075288838,-0.4627984259088862,6.395893981579107,-1.1716025672449177,-0.4567740652521479
652,6.648326563955166,-1.6018348513116507,-0.5278040121631802,6.3498801694520495,-1.2835935531129508,-0.5224204014377773,6.599885735035755,-1.4832140980233817,-0.46080401216318023,6.405189316094734,-1.1963509200086264,-0.4554204014377774
653,6.654309384583726,-1.6115948783062777,-0.5274715543930524,6.353884331940904,-1.3124264405869326,-0.5179248572533124,6.5990844667546895,-1.494869314303287,-0.46047155439305243,6.4060603604309705,-1.2274334655903658,-0.45092485725331244
654,6.660289728025205,-1.6164905803107104,-0.5259686661158793,6.35729441879154,-1.3275969998740038,-0.5187952471171611,6.601655461767919,-1.5019674079321703,-0.4589686661158794,6.406408914307363,-1.2415388004683336,-0.4517952471171611
655,6.665703527746487,-1.6208434219970513,-0.5273340170826868,6.357036717353154,-1.3391474600448419,-0.5183995192494348,6.6043248699286465,-1.507510792793255,-0.46033401708268684,6.404050201294709,-1.2524937208308984,-0.4513995192494349
656,6.668460626101265,-1.6268031268209597,-0.5293046475128376,6.355982173180351,-1.3509977130979678,-0.5174672842697345,6.60652611026741,-1.513020005711951,-0.4623046475128376,6.402201775407562,-1.264335957059302,-0.4504672842697346
657,6.667335033122768,-1.6335169176400086,-0.5314074749915034,6.359187408987751,-1.3584745029747864,-0.5173130030600459,6.606707118157615,-1.5183303455651185,-0.4644074749915035,6.40558373153614,-1.271618674212732,-0.45031300306004596
658,6.666710835347445,-1.6404152088161936,-0.5326101413668238,6.363160368452341,-1.3672506682869425,-0.5109052291811549,6.60666554088381,-1.5237789921757212,-0.4656101413668239,6.410411987850935,-1.2823420636650553,-0.44390522918115494
659,6.663643104188637,-1.6511117661848402,-0.5343957957231777,6.36821576689978,-1.3705714488878584,-0.5136066492998379,6.60480363404055,-1.5336630190267897,-0.4673957957231778,6.41560737525721,-1.2845586980238295,-0.44660664929983795
660,6.663022051580597,-1.6594682593986363,-0.5359420462630096,6.372190455921341,-1.3714221378013463,-0.5135790987990203,6.603986422546555,-1.5416736264869542,-0.4689420462630096,6.419153998621155,-1.2854952176257939,-0.44657909879902036
