0.021680021658539772,-0.3873128890991211,0.7313754558563232,-0.026157401502132416,-0.11614234745502472,-0.6128101944923401,0.7812108397483826,-0.9886640906333923,-0.008121819235384464,-0.04355371370911598,1.08790922164917,0.061701465398073196,-0.0352591797709465,-1.0151331424713135,-0.32278260588645935,0.11679143458604813,1.1665072441101074,0.040091753005981445,0.112211212515831,0.06422240287065506,0.4492502510547638,-0.16457943618297577,0.13105589151382446,-0.35284340381622314,-0.08726999908685684,-1.3079580068588257,0.9376189112663269,0.40557992458343506,-0.09126269817352295,0.5755517482757568,-0.40382152795791626,0.04515060782432556,0.8403688073158264,1.238198161125183,-0.4286118447780609,-0.13171523809432983,0.86222904920578
0.020308559760451317,-0.38205596804618835,0.7309625744819641,-0.02726813405752182,-0.11541686952114105,-0.6243982911109924,0.7720506191253662,-0.9787510633468628,0.018176663666963577,-0.03849188983440399,1.0708881616592407,0.0845746099948883,-0.013972992077469826,-1.0185644626617432,-0.30090203881263733,0.11631304770708084,1.156038522720337,0.0609082467854023,0.10436546802520752,0.06590054929256439,0.45993417501449585,-0.1348721832036972,0.07994332164525986,-0.36696064472198486,-0.0842934399843216,-1.293233871459961,0.9039424061775208,0.4192635715007782,-0.0782429575920105,0.5823636651039124,-0.458672434091568,0.05179375782608986,0.8605797290802002,1.2211408615112305,-0.44713854789733887,-0.12402679026126862,0.8830073475837708
0.0182348620146513,-0.3785729706287384,0.7281759977340698,-0.026764540001749992,-0.11098890751600266,-0.6328580379486084,0.76580411195755,-0.9925130009651184,0.04508160799741745,-0.0283393282443285,1.0827447175979614,0.07818112522363663,0.0025396253913640976,-1.0345767736434937,-0.2863587737083435,0.1153746247291565,1.1589808464050293,0.06295803934335709,0.0816604495048523,0.06813149899244308,0.4686232805252075,-0.11638090759515762,0.05037412792444229,-0.38404470682144165,-0.08495165407657623,-1.2857930660247803,0.8913944959640503,0.4485021233558655,-0.05058477818965912,0.5770325660705566,-0.5142230987548828,0.07112013548612595,0.8855392932891846,1.2322500944137573,-0.4685351848602295,-0.10105612128973007,0.9129717350006104
0.01701975427567959,-0.37635016441345215,0.7259095311164856,-0.026534462347626686,-0.10740596801042557,-0.6387960314750671,0.7613800764083862,-1.0023635625839233,0.06440100073814392,-0.020409448072314262,1.0927265882492065,0.07297314703464508,0.014596282504498959,-1.0466569662094116,-0.2750646770000458,0.1143377274274826,1.161889910697937,0.0658479705452919,0.06546637415885925,0.07044317573308945,0.47464996576309204,-0.10434824973344803,0.033294301480054855,-0.39439857006073,-0.0853145569562912,-1.2808890342712402,0.8866548538208008,0.4723239541053772,-0.03062795288860798,0.572752833366394,-0.5511932969093323,0.0809679627418518,0.9026266932487488,1.2377921342849731,-0.483822762966156,-0.08685653656721115,0.9326003789901733
0.01624666340649128,-0.37490594387054443,0.7242098450660706,-0.026270315051078796,-0.1047370433807373,-0.6428115963935852,0.7583754062652588,-1.0095759630203247,0.07761158049106598,-0.014791984111070633,1.0999006032943726,0.06946111470460892,0.02279479429125786,-1.0556349754333496,-0.2670111060142517,0.11374472826719284,1.164125919342041,0.06820229440927505,0.05482278764247894,0.07244345545768738,0.4787155091762543,-0.09661033749580383,0.02260904386639595,-0.4012441039085388,-0.0855538547039032,-1.2782357931137085,0.8870881795883179,0.4893665313720703,-0.017268408089876175,0.5696113705635071,-0.5710325241088867,0.08557769656181335,0.9141260981559753,1.2414405345916748,-0.4943718910217285,-0.07752759009599686,0.9452539682388306
0.01569860428571701,-0.3739962875843048,0.7228471040725708,-0.025778753682971,-0.10267122834920883,-0.6453675627708435,0.7565016746520996,-1.0153766870498657,0.08635155856609344,-0.01061625499278307,1.1048998832702637,0.06711264699697495,0.028024733066558838,-1.0631330013275146,-0.261627733707428,0.11357918381690979,1.1661850214004517,0.0700199156999588,0.047903720289468765,0.07413342595100403,0.4815341830253601,-0.09208467602729797,0.015953365713357925,-0.4063027501106262,-0.08572791516780853,-1.278280258178711,0.8899430632591248,0.5019769072532654,-0.008366968482732773,0.56708824634552,-0.5797634720802307,0.08756783604621887,0.9226511716842651,1.2443063259124756,-0.5018488168716431,-0.07100740820169449,0.9535706043243408
0.01535051129758358,-0.37339654564857483,0.7218771576881409,-0.02557503618299961,-0.10140687972307205,-0.6470495462417603,0.755241334438324,-1.0189701318740845,0.09228307753801346,-0.007920406758785248,1.107879400253296,0.06595650315284729,0.03144196420907974,-1.0678538084030151,-0.2580038905143738,0.11338784545660019,1.167049765586853,0.07147765904664993,0.04365270957350731,0.07528665661811829,0.48334288597106934,-0.0885947048664093,0.01168334111571312,-0.40929532051086426,-0.08585026115179062,-1.2783470153808594,0.892779529094696,0.5102282762527466,-0.002564971335232258,0.5654707551002502,-0.5814400315284729,0.08775251358747482,0.9277188777923584,1.2465850114822388,-0.5066874027252197,-0.06684000790119171,0.9586259722709656
0.015107760205864906,-0.37304753065109253,0.7211868762969971,-0.025124816223978996,-0.1003587618470192,-0.6481295824050903,0.7544699907302856,-1.022092580795288,0.09615656733512878,-0.006094056181609631,1.109226942062378,0.06561736017465591,0.03322133421897888,-1.071955680847168,-0.2556404173374176,0.11333657801151276,1.167433500289917,0.07289028912782669,0.04054656997323036,0.07613680511713028,0.48462921380996704,-0.08661399781703949,0.009158942848443985,-0.41194480657577515,-0.08593615889549255,-1.278663158416748,0.8939434885978699,0.5155469179153442,0.0010781765449792147,0.5646713972091675,-0.5818979144096375,0.08698388189077377,0.931082010269165,1.2477731704711914,-0.5095775127410889,-0.0639810636639595,0.961753249168396
0.014875227585434914,-0.3728155791759491,0.720539927482605,-0.024700293317437172,-0.09966239333152771,-0.6487853527069092,0.7540125846862793,-1.0247602462768555,0.09875151515007019,-0.004857958760112524,1.110231637954712,0.06572441756725311,0.03439466282725334,-1.0754598379135132,-0.25416141748428345,0.11340341717004776,1.1679677963256836,0.073921799659729,0.038317471742630005,0.07676137983798981,0.485493540763855,-0.08513642847537994,0.007722608745098114,-0.414214164018631,-0.08600510656833649,-1.2794082164764404,0.8943831920623779,0.518858790397644,0.003366665681824088,0.5641467571258545,-0.5829330682754517,0.0859425812959671,0.9330781698226929,1.2484419345855713,-0.5110722780227661,-0.06194382905960083,0.963441789150238
0.014677394181489944,-0.3726874589920044,0.7199329137802124,-0.0243129413574934,-0.09915737062692642,-0.649202823638916,0.7537323236465454,-1.0272246599197388,0.10047775506973267,-0.003915851004421711,1.111016035079956,0.06614427268505096,0.03513383865356445,-1.0785642862319946,-0.2531430721282959,0.11354640871286392,1.16885244846344,0.07458648085594177,0.036620743572711945,0.07731172442436218,0.4860391616821289,-0.08442816883325577,0.0064362939447164536,-0.41626450419425964,-0.08605966717004776,-1.279789924621582,0.8944389820098877,0.5206465125083923,0.004898525308817625,0.5641955733299255,-0.5849744081497192,0.08474878966808319,0.9339758157730103,1.2487480640411377,-0.5114330053329468,-0.060446273535490036,0.9641529321670532
0.014523654244840145,-0.37259507179260254,0.71929532289505,-0.023912156000733376,-0.09862374514341354,-0.6494960784912109,0.7535625100135803,-1.0298595428466797,0.10193878412246704,-0.0033492022193968296,1.1119555234909058,0.06649519503116608,0.03564073517918587,-1.081781268119812,-0.252338171005249,0.11360538005828857,1.1698918342590332,0.07515522837638855,0.03522180765867233,0.0774921178817749,0.48647403717041016,-0.08404139429330826,0.005543502047657967,-0.4184119701385498,-0.08609796315431595,-1.2798970937728882,0.8948009014129639,0.521526575088501,0.006104104220867157,0.5646671056747437,-0.5876280069351196,0.08380000293254852,0.9349958896636963,1.2482819557189941,-0.5114970207214355,-0.059374745935201645,0.964240550994873
0.014453006908297539,-0.3724866509437561,0.7188032865524292,-0.023750504478812218,-0.09837851673364639,-0.649738609790802,0.7533905506134033,-1.031440258026123,0.10295724868774414,-0.003011898137629032,1.1125884056091309,0.06685549765825272,0.036024898290634155,-1.083803415298462,-0.2518029808998108,0.11361189186573029,1.1707475185394287,0.07557863742113113,0.03428909182548523,0.0776224285364151,0.486756294965744,-0.08373422920703888,0.004859888460487127,-0.4196648895740509,-0.08610844612121582,-1.28019118309021,0.8953273892402649,0.5223388075828552,0.006949019618332386,0.5651137828826904,-0.5896586775779724,0.0828719213604927,0.93596351146698,1.2474712133407593,-0.511783242225647,-0.05887262895703316,0.9642086029052734
0.014459243044257164,-0.3724074065685272,0.7184550166130066,-0.023720048367977142,-0.09817982465028763,-0.6499693393707275,0.753218412399292,-1.0324910879135132,0.10381822288036346,-0.0029149437323212624,1.1128954887390137,0.06719943881034851,0.03624328225851059,-1.085074782371521,-0.25132355093955994,0.11346655339002609,1.1711575984954834,0.07600913196802139,0.033627137541770935,0.07763174176216125,0.4869442880153656,-0.083736851811409,0.004429112188518047,-0.4205555319786072,-0.08610130846500397,-1.280315637588501,0.896041214466095,0.5226582884788513,0.007429875433444977,0.5653525590896606,-0.5911096930503845,0.08209053426980972,0.937026858329773,1.246269702911377,-0.5120728611946106,-0.05879487842321396,0.9642053842544556
0.014502926729619503,-0.3723432421684265,0.7182288765907288,-0.023703180253505707,-0.09807402640581131,-0.6501553654670715,0.753072202205658,-1.0331518650054932,0.10445492714643478,-0.0028699643444269896,1.1128562688827515,0.06764303147792816,0.03619954735040665,-1.0858644247055054,-0.2510969042778015,0.11338093876838684,1.1712056398391724,0.07647257298231125,0.03332474082708359,0.0775662511587143,0.48707687854766846,-0.08396557718515396,0.004151998087763786,-0.4209764301776886,-0.08609066903591156,-1.2804896831512451,0.8966696858406067,0.52305668592453,0.007846302352845669,0.5655431151390076,-0.5919478535652161,0.0815155878663063,0.9378517866134644,1.2453439235687256,-0.5122950673103333,-0.05875736102461815,0.9642349481582642
0.014551941305398941,-0.372273325920105,0.718063473701477,-0.02381674386560917,-0.0980365052819252,-0.6503477692604065,0.7529073357582092,-1.0334405899047852,0.1050340086221695,-0.003014592919498682,1.112792730331421,0.06804439425468445,0.03623746335506439,-1.0861420631408691,-0.2508087754249573,0.11322669684886932,1.1711928844451904,0.07685810327529907,0.033194344490766525,0.07729870080947876,0.4871637225151062,-0.0843474343419075,0.004302029497921467,-0.4210101366043091,-0.08607585728168488,-1.2803021669387817,0.8974214196205139,0.523056149482727,0.008244981989264488,0.5654807090759277,-0.5923418402671814,0.08100485056638718,0.938664436340332,1.244384765625,-0.512414276599884,-0.05889148265123367,0.9646459817886353
0.014635584317147732,-0.37228554487228394,0.7179465293884277,-0.023707212880253792,-0.09785721451044083,-0.6505476832389832,0.7527613639831543,-1.03399658203125,0.10556888580322266,-0.003140895627439022,1.1123913526535034,0.06852898001670837,0.036119937896728516,-1.0868430137634277,-0.25076401233673096,0.11325368285179138,1.1705976724624634,0.07757958769798279,0.03333181515336037,0.07690700888633728,0.4872567653656006,-0.08497873693704605,0.004721281584352255,-0.42125633358955383,-0.08607028424739838,-1.2796539068222046,0.8977883458137512,0.522513747215271,0.008636584505438805,0.5655344128608704,-0.5929831862449646,0.08063334226608276,0.9396143555641174,1.2438030242919922,-0.5122085213661194,-0.05886564403772354,0.9650776386260986
0.014706342481076717,-0.37234193086624146,0.7179039120674133,-0.023536600172519684,-0.09772417694330215,-0.6506450176239014,0.7526999115943909,-1.0344830751419067,0.1059701219201088,-0.003091340884566307,1.1116758584976196,0.06917267292737961,0.035976119339466095,-1.0873725414276123,-0.25088801980018616,0.11341529339551926,1.169637680053711,0.0783962532877922,0.0335606187582016,0.0766807496547699,0.48729562759399414,-0.08543568849563599,0.004726084880530834,-0.4216489791870117,-0.08606714010238647,-1.2790138721466064,0.8977916240692139,0.5220944881439209,0.008990088477730751,0.5657724738121033,-0.5937117338180542,0.08021950721740723,0.9400322437286377,1.2434272766113281,-0.511826753616333,-0.05876109004020691,0.9652316570281982
0.014753183349967003,-0.3724002242088318,0.7178068161010742,-0.02335493080317974,-0.09772743284702301,-0.6506415009498596,0.7527081966400146,-1.0349042415618896,0.10613299161195755,-0.0028827583882957697,1.111058235168457,0.06990482658147812,0.035690926015377045,-1.0879464149475098,-0.25121599435806274,0.11375664174556732,1.1690082550048828,0.07912813127040863,0.033766452223062515,0.07659478485584259,0.4872913360595703,-0.08586038649082184,0.004858021624386311,-0.42207959294319153,-0.08607538044452667,-1.2788755893707275,0.8977063894271851,0.5220035910606384,0.009379182010889053,0.5658971071243286,-0.5945061445236206,0.08006501197814941,0.9403516054153442,1.2437186241149902,-0.5116133093833923,-0.05840369686484337,0.9653300642967224
0.01480669155716896,-0.37237945199012756,0.7177959680557251,-0.023323243483901024,-0.09784739464521408,-0.6506391763687134,0.752695620059967,-1.0348632335662842,0.10624951869249344,-0.0027589353267103434,1.1103979349136353,0.07057067006826401,0.03544575721025467,-1.087860107421875,-0.25155705213546753,0.11401925981044769,1.1683087348937988,0.07971246540546417,0.034044213593006134,0.07651656866073608,0.4873031973838806,-0.0861281082034111,0.004926138091832399,-0.42176032066345215,-0.08606543391942978,-1.278641700744629,0.8977165222167969,0.522293210029602,0.009789559058845043,0.565859317779541,-0.5945261716842651,0.079537533223629,0.9402296543121338,1.2434206008911133,-0.5115790963172913,-0.05839937925338745,0.9655348062515259
0.014844143763184547,-0.37234729528427124,0.7179225087165833,-0.023733757436275482,-0.09800772368907928,-0.6507152915000916,0.7525960206985474,-1.0340077877044678,0.10682617127895355,-0.0031425203196704388,1.11001718044281,0.07100528478622437,0.035048242658376694,-1.0864288806915283,-0.2512530982494354,0.11361858248710632,1.1673316955566406,0.08013863116502762,0.03421436622738838,0.07583862543106079,0.4872293472290039,-0.08622472733259201,0.005947500467300415,-0.4213548004627228,-0.08607277274131775,-1.2780885696411133,0.8986707329750061,0.5221372842788696,0.01025787740945816,0.5653309226036072,-0.5940848588943481,0.0794377326965332,0.9405274391174316,1.2434030771255493,-0.5115792751312256,-0.05843307450413704,0.9661527872085571
0.014978677034378052,-0.3722703456878662,0.7181960940361023,-0.02400071918964386,-0.09814445674419403,-0.6507591009140015,0.752531886100769,-1.032875657081604,0.10716907680034637,-0.0033569964580237865,1.109020471572876,0.07141607999801636,0.03477960452437401,-1.0848824977874756,-0.2511982321739197,0.11336228251457214,1.1657977104187012,0.08077694475650787,0.03455841541290283,0.07529721409082413,0.48727473616600037,-0.08644024282693863,0.007193525321781635,-0.42074912786483765,-0.0860343724489212,-1.2773408889770508,0.89871746301651,0.5223888158798218,0.010667674243450165,0.5651525855064392,-0.5934191346168518,0.07850145548582077,0.9408662915229797,1.2420940399169922,-0.5118146538734436,-0.058926817029714584,0.9668468832969666
0.015130529180169106,-0.37204259634017944,0.71833336353302,-0.02421252429485321,-0.09835533797740936,-0.6507253646850586,0.7525267601013184,-1.0318918228149414,0.10717052221298218,-0.0034541040658950806,1.108315110206604,0.07164795696735382,0.034893136471509933,-1.083762288093567,-0.2513793408870697,0.1133790835738182,1.1648123264312744,0.08121828734874725,0.03494064509868622,0.07509373128414154,0.4874277710914612,-0.08673283457756042,0.00842355564236641,-0.4199426770210266,-0.08598148822784424,-1.2764188051223755,0.8981977105140686,0.5226458311080933,0.011038344353437424,0.5648157596588135,-0.5929473042488098,0.07711359858512878,0.9406769275665283,1.2405704259872437,-0.5120997428894043,-0.0593525692820549,0.9679218530654907
0.015293488278985023,-0.3718746304512024,0.7185003161430359,-0.024351269006729126,-0.09837498515844345,-0.6507643461227417,0.752485990524292,-1.0311377048492432,0.10735645890235901,-0.0036246851086616516,1.1073496341705322,0.07204774767160416,0.03493267670273781,-1.0829098224639893,-0.2513517737388611,0.11322609335184097,1.163710594177246,0.08168449997901917,0.03533518686890602,0.0747370570898056,0.48760735988616943,-0.08668619394302368,0.009839212521910667,-0.4194504916667938,-0.08593215048313141,-1.2748405933380127,0.8979218602180481,0.5228613018989563,0.01171071082353592,0.5649796724319458,-0.5927306413650513,0.07593472301959991,0.9405308961868286,1.2387869358062744,-0.5125973224639893,-0.05964761972427368,0.9685186147689819
0.015515260398387909,-0.3717462420463562,0.7187759876251221,-0.02430737018585205,-0.09839220345020294,-0.6507643461227417,0.7524851560592651,-1.0301580429077148,0.10720779001712799,-0.003483925014734268,1.105625867843628,0.07265130430459976,0.03511529788374901,-1.082118272781372,-0.25161951780319214,0.11321836709976196,1.1621685028076172,0.08237139880657196,0.03583322465419769,0.07465840876102448,0.48780331015586853,-0.08702444285154343,0.011429456993937492,-0.41878846287727356,-0.08586828410625458,-1.2736847400665283,0.8973926305770874,0.5233749151229858,0.01223573088645935,0.5652220845222473,-0.5926835536956787,0.07460753619670868,0.9403437972068787,1.237189769744873,-0.5131841897964478,-0.059856168925762177,0.9689502716064453
0.01572369784116745,-0.3716517388820648,0.7192018032073975,-0.024143990129232407,-0.09850553423166275,-0.650657057762146,0.7525684237480164,-1.0287866592407227,0.1066393330693245,-0.003088388592004776,1.1035354137420654,0.07333565503358841,0.03535294532775879,-1.081064224243164,-0.25228211283683777,0.1134476289153099,1.1605651378631592,0.08289939165115356,0.036502424627542496,0.07501491904258728,0.487922340631485,-0.08762326091527939,0.013459933921694756,-0.41798144578933716,-0.08581126481294632,-1.2732123136520386,0.8968147039413452,0.5236852765083313,0.012356562539935112,0.5647846460342407,-0.5928918123245239,0.07331128418445587,0.9395279884338379,1.2363660335540771,-0.5132677555084229,-0.05989579111337662,0.969481348991394
0.01592235639691353,-0.37164217233657837,0.7195747494697571,-0.023762336000800133,-0.09831992536783218,-0.650546133518219,0.7527007460594177,-1.0282948017120361,0.10617712140083313,-0.002666625427082181,1.1015205383300781,0.07409963756799698,0.03552164137363434,-1.0809065103530884,-0.2528444826602936,0.11365265399217606,1.1591558456420898,0.08338674157857895,0.03692145645618439,0.07546563446521759,0.48809993267059326,-0.08824656903743744,0.015467342920601368,-0.4177429676055908,-0.08576838672161102,-1.2732181549072266,0.8962050676345825,0.5239356756210327,0.012402823194861412,0.564706563949585,-0.5933069586753845,0.07238685339689255,0.9391462802886963,1.2356809377670288,-0.5133118629455566,-0.05990332365036011,0.9694303870201111
0.016113802790641785,-0.37157338857650757,0.7198198437690735,-0.02320527657866478,-0.09792054444551468,-0.6504666209220886,0.7528388500213623,-1.0286856889724731,0.10577678680419922,-0.002152882982045412,1.0998432636260986,0.07472826540470123,0.03590909764170647,-1.0817062854766846,-0.2532922625541687,0.11388887465000153,1.1582220792770386,0.08369838446378708,0.037010952830314636,0.07577881217002869,0.48845845460891724,-0.08872178941965103,0.017520006746053696,-0.4176740050315857,-0.08571995049715042,-1.2734218835830688,0.8948991894721985,0.5243174433708191,0.01220913976430893,0.5651172995567322,-0.5935545563697815,0.07124686241149902,0.9387383460998535,1.2343058586120605,-0.5135133266448975,-0.06015670299530029,0.968779981136322
0.016243671998381615,-0.3715430498123169,0.7199985384941101,-0.022754445672035217,-0.09770631790161133,-0.65032958984375,0.7529987692832947,-1.0288076400756836,0.10526043176651001,-0.0015490661608055234,1.0982332229614258,0.07551459968090057,0.036037083715200424,-1.0823101997375488,-0.25373023748397827,0.11416410654783249,1.1576614379882812,0.0838768482208252,0.03706922009587288,0.07634366303682327,0.4886828064918518,-0.08932225406169891,0.019643833860754967,-0.4176602363586426,-0.08569052815437317,-1.2741680145263672,0.8942451477050781,0.5248646140098572,0.012123139575123787,0.5651448965072632,-0.5942482948303223,0.07050622999668121,0.9385471343994141,1.233806848526001,-0.5135157108306885,-0.06005281209945679,0.9684358239173889
0.01634974032640457,-0.37146714329719543,0.7201328873634338,-0.022458115592598915,-0.09748188406229019,-0.650271475315094,0.7530869841575623,-1.0289082527160645,0.10505470633506775,-0.0011464341077953577,1.0967216491699219,0.07630915939807892,0.03611106425523758,-1.082740068435669,-0.25384533405303955,0.11414116621017456,1.1571139097213745,0.08406655490398407,0.037110116332769394,0.07666780054569244,0.48893868923187256,-0.08951364457607269,0.021645188331604004,-0.41746973991394043,-0.08566364645957947,-1.2745261192321777,0.8938085436820984,0.5255239605903625,0.012287987396121025,0.5654141902923584,-0.5943918228149414,0.06985020637512207,0.9385783076286316,1.2328405380249023,-0.5137503147125244,-0.060115471482276917,0.96795254945755
0.0164512787014246,-0.37137603759765625,0.7202703356742859,-0.022160721942782402,-0.0974201112985611,-0.6502127647399902,0.753154456615448,-1.028804898262024,0.10469716787338257,-0.0005598609568551183,1.0950756072998047,0.07724802941083908,0.036254554986953735,-1.0830384492874146,-0.2541828751564026,0.11417636275291443,1.1566433906555176,0.0843091607093811,0.03726889565587044,0.07691113650798798,0.4891619384288788,-0.08960254490375519,0.02334165945649147,-0.4170302450656891,-0.08563187718391418,-1.2748503684997559,0.893317699432373,0.5263315439224243,0.012474451214075089,0.5654650330543518,-0.5944970846176147,0.06919239461421967,0.9385981559753418,1.2320215702056885,-0.5139961242675781,-0.06012323498725891,0.9676870107650757
0.01653316430747509,-0.37130337953567505,0.7203546762466431,-0.02191890962421894,-0.09733863919973373,-0.650191605091095,0.7531903386116028,-1.0289421081542969,0.1044921949505806,-0.00022299720149021596,1.0937806367874146,0.07823639363050461,0.03624720126390457,-1.0834105014801025,-0.25438112020492554,0.11410610377788544,1.1564375162124634,0.0844644233584404,0.03746679425239563,0.07719870656728745,0.48935574293136597,-0.08953815698623657,0.02501591295003891,-0.41648364067077637,-0.08561412990093231,-1.2754147052764893,0.89278244972229,0.526939868927002,0.012608027085661888,0.5652430057525635,-0.594607412815094,0.0688951164484024,0.9385037422180176,1.2317183017730713,-0.5140914916992188,-0.06000029668211937,0.9674500226974487
0.016626469790935516,-0.37126678228378296,0.7204257845878601,-0.02156750299036503,-0.09717109799385071,-0.6501892805099487,0.7532240748405457,-1.0294318199157715,0.10431826859712601,0.00011098735558334738,1.0928089618682861,0.07904770225286484,0.03612033650279045,-1.0841734409332275,-0.2546060085296631,0.11408823728561401,1.1566063165664673,0.08446124941110611,0.037559062242507935,0.0776083841919899,0.48955038189888,-0.08982284367084503,0.026836588978767395,-0.4163168668746948,-0.08559652417898178,-1.2762094736099243,0.8916568160057068,0.5272073745727539,0.012460271827876568,0.5649559497833252,-0.595001220703125,0.06858490407466888,0.9382240176200867,1.2314972877502441,-0.5139293670654297,-0.05991208925843239,0.967034101486206
0.016757907345891,-0.3712449073791504,0.7205606698989868,-0.021190308034420013,-0.09688033908605576,-0.6502520442008972,0.7532181143760681,-1.0300495624542236,0.10432061553001404,0.00040977721801027656,1.0920875072479248,0.07955177873373032,0.0360243059694767,-1.0849480628967285,-0.2547937035560608,0.11391983926296234,1.1566886901855469,0.08434607088565826,0.037487853318452835,0.07810372114181519,0.4897612929344177,-0.09078908711671829,0.029124848544597626,-0.41636624932289124,-0.08556240797042847,-1.2767834663391113,0.8902612924575806,0.52703857421875,0.012025379575788975,0.5647761225700378,-0.5952398777008057,0.0678606629371643,0.9374262094497681,1.2305147647857666,-0.5134124159812927,-0.06004226207733154,0.9662864208221436
0.016939088702201843,-0.3712500333786011,0.7207501530647278,-0.021064113825559616,-0.09645359218120575,-0.6504878997802734,0.7530727982521057,-1.0304501056671143,0.10486559569835663,0.00024003288126550615,1.0914887189865112,0.07980257272720337,0.03602931275963783,-1.0851818323135376,-0.25444871187210083,0.11314476281404495,1.1563574075698853,0.08431994915008545,0.03713441640138626,0.07863867282867432,0.4899333119392395,-0.0920795127749443,0.031540192663669586,-0.41668182611465454,-0.0855167806148529,-1.2765207290649414,0.8894699811935425,0.5265204906463623,0.01163073256611824,0.5651289224624634,-0.5949303507804871,0.06687632203102112,0.9364830255508423,1.2286105155944824,-0.512995719909668,-0.060480207204818726,0.9651467800140381
0.017156098037958145,-0.37140360474586487,0.7210951447486877,-0.021104352548718452,-0.09609130769968033,-0.6508098244667053,0.7528397440910339,-1.029783844947815,0.10570502281188965,-0.00011155866377521306,1.0901679992675781,0.08015216886997223,0.035799093544483185,-1.0845495462417603,-0.2539536952972412,0.11209934949874878,1.1552860736846924,0.08458525687456131,0.0372946672141552,0.0793006643652916,0.4899236559867859,-0.09339801967144012,0.03397137671709061,-0.41618579626083374,-0.08547957986593246,-1.2768173217773438,0.8899703025817871,0.5263198018074036,0.011387732811272144,0.5652570724487305,-0.5940311551094055,0.06616223603487015,0.9359146952629089,1.2275638580322266,-0.5127525925636292,-0.060814619064331055,0.9642702341079712
0.017269136384129524,-0.3715161085128784,0.7211087942123413,-0.021304694935679436,-0.09556787461042404,-0.6511896848678589,0.752572238445282,-1.029921054840088,0.10706611722707748,-0.0010009947000071406,1.0900661945343018,0.08002419769763947,0.0354086309671402,-1.0847159624099731,-0.25290846824645996,0.11082243919372559,1.1553895473480225,0.08454255014657974,0.037184104323387146,0.07984712719917297,0.4899224042892456,-0.09410152584314346,0.0356682725250721,-0.4161126911640167,-0.0854894146323204,-1.2771157026290894,0.8906805515289307,0.5258485078811646,0.011248589493334293,0.565390408039093,-0.5936885476112366,0.06602924317121506,0.9353536367416382,1.2272634506225586,-0.5123791694641113,-0.06087131425738335,0.9635238647460938
0.017328860238194466,-0.37154093384742737,0.720954954624176,-0.021679876372218132,-0.09509647637605667,-0.6516357660293579,0.7522350549697876,-1.0300304889678955,0.10870105028152466,-0.0021081934683024883,1.0907279253005981,0.07935363799333572,0.03520844876766205,-1.0849785804748535,-0.2516736090183258,0.10938657820224762,1.156142234802246,0.08422570675611496,0.03701535984873772,0.0800972580909729,0.4899424612522125,-0.09447327256202698,0.037064969539642334,-0.4159167408943176,-0.08549864590167999,-1.2769584655761719,0.8913307785987854,0.5255351066589355,0.011365886777639389,0.5657526850700378,-0.5935276746749878,0.06589850783348083,0.9347705245018005,1.2262675762176514,-0.5119227766990662,-0.06110246479511261,0.9630624055862427
0.017407309263944626,-0.37147843837738037,0.7205767631530762,-0.022017747163772583,-0.09457901120185852,-0.6520864367485046,0.751899778842926,-1.0305498838424683,0.1102965772151947,-0.003250574227422476,1.0917372703552246,0.07851196825504303,0.03523368760943413,-1.0860399007797241,-0.25034230947494507,0.10805341601371765,1.157837152481079,0.08368425816297531,0.036608971655368805,0.08069002628326416,0.49006688594818115,-0.0948939174413681,0.03845248371362686,-0.4159044027328491,-0.08549755811691284,-1.2765942811965942,0.8911293745040894,0.525171160697937,0.011606818065047264,0.5660215616226196,-0.5937041640281677,0.0654817447066307,0.9341762065887451,1.224714756011963,-0.5112856030464172,-0.06133940443396568,0.9629778861999512
0.0174875371158123,-0.3714180886745453,0.7201011180877686,-0.022375714033842087,-0.09404714405536652,-0.6525829434394836,0.7515251040458679,-1.031066656112671,0.11197730898857117,-0.004406086169183254,1.0930317640304565,0.0774431824684143,0.03542955219745636,-1.0874124765396118,-0.2489045262336731,0.1066938042640686,1.1603262424468994,0.08277175575494766,0.03592274338006973,0.0813533365726471,0.4901639521121979,-0.0950421467423439,0.03947095200419426,-0.416126012802124,-0.08550262451171875,-1.2765202522277832,0.890532374382019,0.5248885154724121,0.011848006397485733,0.5662668943405151,-0.5939564108848572,0.06514435261487961,0.9338964223861694,1.2232469320297241,-0.5108253359794617,-0.06154099851846695,0.9629799127578735
0.0175301656126976,-0.3714134097099304,0.7195669412612915,-0.022940300405025482,-0.09355703741312027,-0.6531312465667725,0.7510928511619568,-1.0311059951782227,0.11401325464248657,-0.005716878920793533,1.0940885543823242,0.07645883411169052,0.03563480079174042,-1.0885202884674072,-0.2471332848072052,0.10496249794960022,1.1632063388824463,0.08157564699649811,0.035123035311698914,0.08196645230054855,0.49016591906547546,-0.09434330463409424,0.04043034464120865,-0.4162065386772156,-0.08552844077348709,-1.276724934577942,0.8908159732818604,0.5248532295227051,0.012334845960140228,0.5663862824440002,-0.5941340923309326,0.06521313637495041,0.9339276552200317,1.2224445343017578,-0.5106463432312012,-0.06161763519048691,0.9630017280578613
0.017530251294374466,-0.37140411138534546,0.7188419699668884,-0.023511281237006187,-0.09303206205368042,-0.6536380052566528,0.7506994009017944,-1.0314712524414062,0.11612715572118759,-0.007135240361094475,1.0956344604492188,0.0753055214881897,0.03557945415377617,-1.0902472734451294,-0.24515292048454285,0.10332740098237991,1.1674168109893799,0.07974911481142044,0.03401607647538185,0.08236243575811386,0.4901376962661743,-0.09372344613075256,0.04124990478157997,-0.41695576906204224,-0.08558797836303711,-1.2772369384765625,0.8915354013442993,0.5244303941726685,0.012779750861227512,0.5659828186035156,-0.5951534509658813,0.06598106771707535,0.9344304800033569,1.223056435585022,-0.5102865695953369,-0.061225056648254395,0.9634909629821777
0.01755501702427864,-0.3713589310646057,0.7179673314094543,-0.023869600147008896,-0.09247727692127228,-0.6540969014167786,0.750356912612915,-1.032024621963501,0.11804375052452087,-0.008258447982370853,1.0971107482910156,0.07400908321142197,0.035628706216812134,-1.0929372310638428,-0.2434026002883911,0.10203149914741516,1.1729323863983154,0.07739768177270889,0.032691068947315216,0.08258525282144547,0.4902166426181793,-0.0936155766248703,0.04253019019961357,-0.41781631112098694,-0.08562824130058289,-1.2782729864120483,0.8919885754585266,0.5242500305175781,0.013023478910326958,0.5654449462890625,-0.5967143177986145,0.06642567366361618,0.9353179335594177,1.2234923839569092,-0.510138750076294,-0.06099014729261398,0.9640132188796997
0.017555851489305496,-0.3713685870170593,0.7169361114501953,-0.024214670062065125,-0.09203518182039261,-0.6544762253761292,0.7500694394111633,-1.0322606563568115,0.11995011568069458,-0.009175675921142101,1.0984238386154175,0.07283439487218857,0.03532834351062775,-1.0960676670074463,-0.24167177081108093,0.10087171196937561,1.1799885034561157,0.07423457503318787,0.031059958040714264,0.08283219486474991,0.49019449949264526,-0.09354501962661743,0.044024597853422165,-0.41878700256347656,-0.08566915988922119,-1.2800499200820923,0.8927512168884277,0.5242388248443604,0.013003060594201088,0.5647062063217163,-0.599012553691864,0.06683095544576645,0.9367671012878418,1.2242289781570435,-0.5101059675216675,-0.06077510118484497,0.9646559953689575
0.017567815259099007,-0.37137722969055176,0.7158489227294922,-0.024548755958676338,-0.09178255498409271,-0.6547926664352417,0.7498131990432739,-1.0318886041641235,0.12163608521223068,-0.009845972061157227,1.0992672443389893,0.07180361449718475,0.034889474511146545,-1.0992357730865479,-0.24016237258911133,0.0999276340007782,1.1880333423614502,0.07043997943401337,0.02945971116423607,0.08312372863292694,0.4901312589645386,-0.09351550787687302,0.04597780853509903,-0.41943398118019104,-0.08570030331611633,-1.281886339187622,0.8935080766677856,0.5244744420051575,0.012877184897661209,0.5638631582260132,-0.6015259027481079,0.0667741522192955,0.9376897811889648,1.2251887321472168,-0.5100361704826355,-0.06065191701054573,0.9652170538902283
0.01753031089901924,-0.3713967800140381,0.7146362066268921,-0.02467358484864235,-0.09149600565433502,-0.6550700664520264,0.7496019005775452,-1.0317621231079102,0.1231326162815094,-0.010486645624041557,1.099961519241333,0.07080164551734924,0.03416163846850395,-1.1032894849777222,-0.23874348402023315,0.09922313690185547,1.1975911855697632,0.06575164198875427,0.027627356350421906,0.08369310200214386,0.49008047580718994,-0.0939413458108902,0.047811634838581085,-0.42016416788101196,-0.08574187755584717,-1.28379487991333,0.893668532371521,0.52442467212677,0.012439822778105736,0.5631552934646606,-0.6050546169281006,0.0665673315525055,0.9381788969039917,1.2264795303344727,-0.5095346570014954,-0.0604119673371315,0.9656633138656616
0.01742912083864212,-0.37139594554901123,0.713341474533081,-0.024958021938800812,-0.09123286604881287,-0.6554242968559265,0.7493147850036621,-1.0314840078353882,0.12489694356918335,-0.011447214521467686,1.1005818843841553,0.06993285566568375,0.03320452943444252,-1.107236385345459,-0.23691368103027344,0.09836725890636444,1.208106279373169,0.06034473329782486,0.025485921651124954,0.08399194478988647,0.49004054069519043,-0.09424829483032227,0.04998500645160675,-0.42057210206985474,-0.08579244464635849,-1.2850061655044556,0.894407331943512,0.5241383910179138,0.012082399800419807,0.5626462697982788,-0.6085686087608337,0.06656117737293243,0.9386801719665527,1.2272343635559082,-0.5091044902801514,-0.06044888496398926,0.9659501910209656
0.017264826223254204,-0.3714839220046997,0.7121360301971436,-0.025287745520472527,-0.09125317633152008,-0.6556876301765442,0.7490708827972412,-1.0306633710861206,0.1262931525707245,-0.012296780943870544,1.1010926961898804,0.06917743384838104,0.031870946288108826,-1.1105250120162964,-0.23532363772392273,0.09786395728588104,1.2189981937408447,0.054389264434576035,0.02344302088022232,0.08416201174259186,0.48976069688796997,-0.09442918002605438,0.051501743495464325,-0.4212362468242645,-0.08587832003831863,-1.286353349685669,0.8961021900177002,0.5233207941055298,0.011729227378964424,0.561332106590271,-0.6126430630683899,0.06730955839157104,0.9392385482788086,1.2298157215118408,-0.5082901120185852,-0.05992580205202103,0.9667762517929077
0.01707334816455841,-0.37157511711120605,0.7111324667930603,-0.02550160326063633,-0.09133274853229523,-0.6558874249458313,0.7488788962364197,-1.0298762321472168,0.12732502818107605,-0.013053439557552338,1.1012970209121704,0.06861905008554459,0.03033379092812538,-1.1133517026901245,-0.2340429723262787,0.09764614701271057,1.2295539379119873,0.04801956191658974,0.021489718928933144,0.08446819335222244,0.48948705196380615,-0.09330280870199203,0.053172118961811066,-0.4219193458557129,-0.08598330616950989,-1.2880852222442627,0.8976956605911255,0.5224298238754272,0.011394813656806946,0.5597577095031738,-0.6163132786750793,0.06848686933517456,0.939355731010437,1.233156442642212,-0.507468581199646,-0.05929231643676758,0.9673286080360413
0.016903366893529892,-0.3716624975204468,0.7105116844177246,-0.02571393921971321,-0.09151051938533783,-0.6560684442520142,0.7486913800239563,-1.0288442373275757,0.1280193328857422,-0.013769865967333317,1.1012662649154663,0.06811045855283737,0.028790205717086792,-1.1149098873138428,-0.23294579982757568,0.09755483269691467,1.2386871576309204,0.04173020273447037,0.019664688035845757,0.08472137153148651,0.48919519782066345,-0.09111655503511429,0.05440941080451012,-0.4226228892803192,-0.08607453107833862,-1.289757490158081,0.8988038301467896,0.5217815637588501,0.011065125465393066,0.5581275820732117,-0.6190916895866394,0.06923547387123108,0.9389355182647705,1.235837459564209,-0.5068426728248596,-0.05891309678554535,0.9678038954734802
0.016720769926905632,-0.37172240018844604,0.7100028395652771,-0.025669440627098083,-0.09169910103082657,-0.6561447381973267,0.7486029863357544,-1.0285099744796753,0.1282956600189209,-0.014168569818139076,1.101257562637329,0.0679551213979721,0.0272003635764122,-1.116590142250061,-0.23210904002189636,0.09790079295635223,1.2472859621047974,0.0354754813015461,0.017795711755752563,0.08525557816028595,0.4889894127845764,-0.08786587417125702,0.0554359033703804,-0.4236074686050415,-0.08617433160543442,-1.2918468713760376,0.8998945951461792,0.521381139755249,0.010926887392997742,0.5564268827438354,-0.621706485748291,0.07019475102424622,0.9388245940208435,1.2390086650848389,-0.5063338279724121,-0.05844150111079216,0.968523383140564
0.01654941588640213,-0.37173596024513245,0.7097429633140564,-0.025856904685497284,-0.09206515550613403,-0.6561467051506042,0.7485498785972595,-1.0279216766357422,0.12838920950889587,-0.014660680666565895,1.101511836051941,0.06787141412496567,0.025811929255723953,-1.116806149482727,-0.23135554790496826,0.09818512201309204,1.2546652555465698,0.029398534446954727,0.016284221783280373,0.08602943271398544,0.48869943618774414,-0.08314450085163116,0.056033771485090256,-0.42453229427337646,-0.08627477288246155,-1.293686866760254,0.9011946320533752,0.520826518535614,0.010902054607868195,0.5543074011802673,-0.6234651803970337,0.07119521498680115,0.9384602904319763,1.2424355745315552,-0.5060014724731445,-0.05809617042541504,0.9695959687232971
0.016498029232025146,-0.3716784417629242,0.7098854184150696,-0.025832967832684517,-0.09246539324522018,-0.6560364961624146,0.748598039150238,-1.0270609855651855,0.12793943285942078,-0.014575093984603882,1.1005829572677612,0.06831987202167511,0.02476005256175995,-1.116204857826233,-0.23104684054851532,0.09875927865505219,1.2599490880966187,0.024134527891874313,0.015240596607327461,0.08744021505117416,0.4885585308074951,-0.07690095156431198,0.05577094852924347,-0.4246256351470947,-0.08632007986307144,-1.294999122619629,0.90056973695755,0.520931601524353,0.010580765083432198,0.552990198135376,-0.6236950755119324,0.07080981135368347,0.9363257884979248,1.244236946105957,-0.5061219334602356,-0.058570537716150284,0.9699209928512573
0.01636066846549511,-0.37163040041923523,0.710111141204834,-0.025929024443030357,-0.09290444850921631,-0.6558011174201965,0.7487465739250183,-1.0264346599578857,0.12752433121204376,-0.01451227068901062,1.0998141765594482,0.06912118941545486,0.023788124322891235,-1.1149811744689941,-0.23074838519096375,0.09930530190467834,1.2641632556915283,0.019468802958726883,0.01448163203895092,0.08899565041065216,0.4883551299571991,-0.06923897564411163,0.05435885116457939,-0.4248688220977783,-0.08638377487659454,-1.2963980436325073,0.9001940488815308,0.5210433602333069,0.010221169330179691,0.5514118075370789,-0.6237924098968506,0.07064808905124664,0.9338164925575256,1.2457834482192993,-0.5063508152961731,-0.05913581699132919,0.9705711007118225
0.01624157652258873,-0.3715707063674927,0.7104474306106567,-0.02612021006643772,-0.09335912764072418,-0.6554880142211914,0.7489574551582336,-1.0260664224624634,0.12717700004577637,-0.014327703043818474,1.0996307134628296,0.06987111270427704,0.02350459061563015,-1.1131644248962402,-0.230759397149086,0.09970397502183914,1.2671316862106323,0.015460784547030926,0.014044487848877907,0.09075219929218292,0.48813360929489136,-0.059682685881853104,0.05208239704370499,-0.4250803291797638,-0.08645111322402954,-1.2979191541671753,0.8996764421463013,0.5213333964347839,0.009793262928724289,0.5500165224075317,-0.6228672862052917,0.07067862153053284,0.93123459815979,1.2472230195999146,-0.5071078538894653,-0.06006148084998131,0.9710741639137268
0.01608419604599476,-0.3715060353279114,0.710772693157196,-0.026352595537900925,-0.09381656348705292,-0.6550618410110474,0.7492650151252747,-1.0261929035186768,0.12681826949119568,-0.014127174392342567,1.099855661392212,0.0706695094704628,0.02328583225607872,-1.1112240552902222,-0.2310105264186859,0.10017341375350952,1.269446849822998,0.012065229006111622,0.01383043359965086,0.09234999865293503,0.48794350028038025,-0.049132462590932846,0.04860352724790573,-0.4251076877117157,-0.0865335687994957,-1.2998155355453491,0.8988199234008789,0.5221448540687561,0.009169401600956917,0.5488862991333008,-0.6214006543159485,0.0710270032286644,0.928742527961731,1.248838186264038,-0.5085257887840271,-0.06114110350608826,0.9715073108673096
0.015898127108812332,-0.37154465913772583,0.7111714482307434,-0.026526207104325294,-0.09433148056268692,-0.6545111536979675,0.7496753334999084,-1.0265562534332275,0.12620970606803894,-0.01385331992059946,1.1006836891174316,0.07114697247743607,0.022989805787801743,-1.109073281288147,-0.23149126768112183,0.10107442736625671,1.2715709209442139,0.008603695780038834,0.014078933745622635,0.09404053539037704,0.48769623041152954,-0.03803093358874321,0.04499202221632004,-0.42526480555534363,-0.08662278205156326,-1.3019640445709229,0.8978050947189331,0.5230364799499512,0.008452549576759338,0.5481379628181458,-0.6198396682739258,0.07176633179187775,0.9256365299224854,1.2514958381652832,-0.5103079080581665,-0.06258777529001236,0.9708936810493469
0.01576295867562294,-0.37146925926208496,0.7115285396575928,-0.026577357202768326,-0.09463613480329514,-0.6539590954780579,0.750116765499115,-1.0276999473571777,0.12561273574829102,-0.013385126367211342,1.101536512374878,0.07201899588108063,0.02317020297050476,-1.1074600219726562,-0.23216183483600616,0.10206975787878036,1.2727878093719482,0.006178040523082018,0.014484710991382599,0.09534158557653427,0.48756468296051025,-0.026150329038500786,0.040917880833148956,-0.42593473196029663,-0.08669355511665344,-1.303831696510315,0.8968088030815125,0.5242916345596313,0.007995045743882656,0.5477015972137451,-0.6178731322288513,0.07238546013832092,0.9230344295501709,1.2525486946105957,-0.5125924348831177,-0.06364838033914566,0.970604658126831
0.01566902920603752,-0.37146928906440735,0.7119043469429016,-0.026384864002466202,-0.09499148279428482,-0.653367817401886,0.7505937218666077,-1.0289523601531982,0.12451295554637909,-0.012472795322537422,1.102415680885315,0.07259770482778549,0.023289013653993607,-1.1062307357788086,-0.23334290087223053,0.10372263193130493,1.2738760709762573,0.0038911851588636637,0.015356775373220444,0.09642869234085083,0.4875037372112274,-0.014230946078896523,0.03820611536502838,-0.4264032244682312,-0.08672907948493958,-1.3057191371917725,0.8958422541618347,0.5258108973503113,0.00770153384655714,0.5478496551513672,-0.6156609654426575,0.07275664806365967,0.9202393293380737,1.253741979598999,-0.5151587724685669,-0.06525868922472,0.9692455530166626
0.01565367542207241,-0.3712848126888275,0.7122083306312561,-0.025976113975048065,-0.09520899504423141,-0.6528341770172119,0.7510446906089783,-1.030814290046692,0.1230560839176178,-0.011070063337683678,1.1027946472167969,0.0738183856010437,0.024073131382465363,-1.1057965755462646,-0.23489099740982056,0.10558877885341644,1.274582862854004,0.002333541866391897,0.016704455018043518,0.09737177193164825,0.48769494891166687,-0.001750260591506958,0.03669338673353195,-0.4267372190952301,-0.08670961856842041,-1.307875633239746,0.8941823840141296,0.5285338163375854,0.007948413491249084,0.5482531785964966,-0.6130947470664978,0.07214381545782089,0.9182384014129639,1.252363681793213,-0.5183405876159668,-0.06670759618282318,0.9683741927146912
0.01564248837530613,-0.37105822563171387,0.7123392224311829,-0.025143904611468315,-0.09518512338399887,-0.652317225933075,0.7515249252319336,-1.0342332124710083,0.12118449807167053,-0.00917141791433096,1.103811502456665,0.07498053461313248,0.02522866241633892,-1.106943130493164,-0.23663178086280823,0.10825258493423462,1.2758246660232544,0.000714812777005136,0.018104365095496178,0.09786015748977661,0.48810505867004395,0.010344132781028748,0.035698097199201584,-0.4271741509437561,-0.08665488660335541,-1.3096354007720947,0.8917143940925598,0.5313612222671509,0.008337557315826416,0.5492128133773804,-0.6110696196556091,0.07062525302171707,0.9161694049835205,1.2495228052139282,-0.5213249325752258,-0.06838331371545792,0.9669606685638428
0.015666769817471504,-0.37080100178718567,0.712332546710968,-0.024199647828936577,-0.09482702612876892,-0.6519981622695923,0.7518781423568726,-1.0389776229858398,0.11951211094856262,-0.0068937926553189754,1.10495924949646,0.07643675059080124,0.026897918432950974,-1.1090457439422607,-0.23802679777145386,0.11100516468286514,1.2770159244537354,-0.0006165144150145352,0.019704272970557213,0.0974835455417633,0.48878106474876404,0.021488133817911148,0.03385273367166519,-0.4268980622291565,-0.08655517548322678,-1.3102188110351562,0.8886978030204773,0.5348853468894958,0.008913608267903328,0.55191969871521,-0.6085941791534424,0.06859597563743591,0.91599440574646,1.243430256843567,-0.525284469127655,-0.071193166077137,0.964626669883728
0.015858791768550873,-0.3704836070537567,0.712098240852356,-0.022764768451452255,-0.09422524273395538,-0.6517000794410706,0.7522569298744202,-1.0455522537231445,0.11737871915102005,-0.0035218726843595505,1.1068763732910156,0.07783134281635284,0.029643211513757706,-1.1130250692367554,-0.23978689312934875,0.1147545576095581,1.2784889936447144,-0.0015656022587791085,0.022080939263105392,0.09658851474523544,0.48977527022361755,0.03205202519893646,0.030450496822595596,-0.42561331391334534,-0.08636997640132904,-1.311320185661316,0.8845670819282532,0.5399473309516907,0.009477228857576847,0.5555516481399536,-0.6060002446174622,0.06486533582210541,0.9166470766067505,1.234907627105713,-0.5300476551055908,-0.0747687965631485,0.961612343788147
0.016487877815961838,-0.36987006664276123,0.7116367816925049,-0.02054782584309578,-0.09327718615531921,-0.651475191116333,0.7526336312294006,-1.0547631978988647,0.1142154186964035,0.0015826583839952946,1.1097357273101807,0.07925544679164886,0.03379906713962555,-1.119603157043457,-0.24252629280090332,0.11990247666835785,1.2800815105438232,-0.0017908422742038965,0.02621721290051937,0.09611311554908752,0.49138087034225464,0.040998104959726334,0.02622431516647339,-0.42362546920776367,-0.08598577976226807,-1.3122799396514893,0.8769578337669373,0.5474950075149536,0.010481955483555794,0.5602573156356812,-0.6034380197525024,0.05786298215389252,0.9190494418144226,1.2202328443527222,-0.536618173122406,-0.0791439339518547,0.9584195017814636
0.017514977604150772,-0.3690568208694458,0.7110375165939331,-0.01751059480011463,-0.09210501611232758,-0.6512713432312012,0.7530310153961182,-1.0657554864883423,0.1101711094379425,0.008457004092633724,1.1126136779785156,0.08083723485469818,0.03861260786652565,-1.1284867525100708,-0.2465020716190338,0.126625657081604,1.281588077545166,-0.0015996433794498444,0.03338949754834175,0.09667310118675232,0.49362713098526,0.051560431718826294,0.021437788382172585,-0.4201201796531677,-0.08545452356338501,-1.316875696182251,0.8654329776763916,0.5586084127426147,0.011110655963420868,0.5653353929519653,-0.6003509163856506,0.04806940630078316,0.9236284494400024,1.2013922929763794,-0.5465621948242188,-0.08475547283887863,0.9539470672607422
0.018374115228652954,-0.36821791529655457,0.7096118330955505,-0.01379386056214571,-0.0896613821387291,-0.6512787938117981,0.7533966302871704,-1.081822156906128,0.10742504894733429,0.0154216717928648,1.1174551248550415,0.0822746679186821,0.04298293590545654,-1.1423230171203613,-0.24946445226669312,0.13343995809555054,1.285233974456787,-0.001379315392114222,0.042310938239097595,0.09707123041152954,0.49679291248321533,0.0646703764796257,0.015197372995316982,-0.41741010546684265,-0.08073551952838898,-1.326235055923462,0.8460860848426819,0.5736783146858215,0.011300954967737198,0.5708171725273132,-0.5783366560935974,0.050539735704660416,0.9322446584701538,1.1762746572494507,-0.5595329999923706,-0.09098420292139053,0.9483318328857422
0.018562454730272293,-0.367520809173584,0.7069917321205139,-0.009660500101745129,-0.08474339544773102,-0.6517568230628967,0.7536168098449707,-1.1058564186096191,0.10832274705171585,0.020598798990249634,1.1239537000656128,0.0846058651804924,0.04621650278568268,-1.1627416610717773,-0.2494708001613617,0.13791505992412567,1.2911086082458496,-0.0010045540984719992,0.05292754992842674,0.09861783683300018,0.5013346672058105,0.08142584562301636,0.00575040839612484,-0.41653263568878174,-0.06839477270841599,-1.3387709856033325,0.8111959099769592,0.5914205312728882,0.010326516814529896,0.5806146860122681,-0.5483494997024536,0.05787356570363045,0.9451581239700317,1.1421997547149658,-0.5762225985527039,-0.09871438145637512,0.9379180073738098
0.018236130475997925,-0.36672133207321167,0.7029940485954285,-0.005319689866155386,-0.0780167207121849,-0.6526639461517334,0.7536012530326843,-1.137352466583252,0.11222005635499954,0.024981962516903877,1.1320710182189941,0.08872352540493011,0.04958776384592056,-1.1891255378723145,-0.2470366656780243,0.14060071110725403,1.299303650856018,-0.00034321597195230424,0.0659371018409729,0.10144087672233582,0.5072634220123291,0.10301744937896729,-0.007008310407400131,-0.41571521759033203,-0.04954162612557411,-1.3540383577346802,0.7621556520462036,0.6122159361839294,0.009032245725393295,0.5944206714630127,-0.5157175660133362,0.06443824619054794,0.9612811207771301,1.0998191833496094,-0.5966853499412537,-0.10805647820234299,0.9235042333602905
0.01802937686443329,-0.3663368821144104,0.6979991793632507,-0.0005759870982728899,-0.06910200417041779,-0.6540350914001465,0.753301203250885,-1.176744818687439,0.11908046901226044,0.02830526977777481,1.1408251523971558,0.0955580547451973,0.05261611565947533,-1.2210156917572021,-0.24243038892745972,0.1412496566772461,1.3069766759872437,0.0018654060550034046,0.0793825089931488,0.10629814118146896,0.5129811763763428,0.12439607083797455,-0.023420434445142746,-0.41469866037368774,-0.03674392029643059,-1.366788625717163,0.7204145193099976,0.633574366569519,0.009258542209863663,0.6151013970375061,-0.48505446314811707,0.07022935897111893,0.9777036905288696,1.0579859018325806,-0.6181058287620544,-0.11660774797201157,0.9044262170791626
0.01817282661795616,-0.3670584261417389,0.6928085088729858,0.005128979217261076,-0.05877026915550232,-0.6553612351417542,0.753008246421814,-1.2207188606262207,0.12661495804786682,0.03176235407590866,1.1473344564437866,0.10532888770103455,0.05455484986305237,-1.2563354969024658,-0.23733381927013397,0.142335444688797,1.3133115768432617,0.00500452471897006,0.09143806993961334,0.11248037964105606,0.5166977643966675,0.14079314470291138,-0.04377537965774536,-0.41509026288986206,-0.03220190480351448,-1.3747514486312866,0.6899238228797913,0.6525157690048218,0.01116589829325676,0.6408094763755798,-0.46323657035827637,0.07602804899215698,0.9920767545700073,1.0241975784301758,-0.6367987394332886,-0.1222328394651413,0.8823922872543335
0.01883050613105297,-0.36908644437789917,0.6886914372444153,0.010840306058526039,-0.04892660304903984,-0.6563543081283569,0.7527866959571838,-1.2617074251174927,0.13279592990875244,0.036076463758945465,1.152359962463379,0.1153695359826088,0.056232668459415436,-1.2877542972564697,-0.23325654864311218,0.14497244358062744,1.3182318210601807,0.007087416015565395,0.10075928270816803,0.11857738345861435,0.5191135406494141,0.15205633640289307,-0.06461551040410995,-0.4113772213459015,-0.03241671249270439,-1.3765432834625244,0.6666268110275269,0.6689239740371704,0.014204584062099457,0.6669983267784119,-0.4365653395652771,0.08090785145759583,1.0004425048828125,0.9876489043235779,-0.652047336101532,-0.12527930736541748,0.8602843284606934
0.020447101444005966,-0.37286376953125,0.6863542199134827,0.016820257529616356,-0.03905768319964409,-0.6567642092704773,0.7528960704803467,-1.2987449169158936,0.13675320148468018,0.03962048888206482,1.1573052406311035,0.12277659773826599,0.05713581293821335,-1.314340591430664,-0.23085296154022217,0.14893656969070435,1.32221519947052,0.005917019210755825,0.10717430710792542,0.12531396746635437,0.520683765411377,0.15706820785999298,-0.08270777761936188,-0.4061926007270813,-0.039761703461408615,-1.3782620429992676,0.6555187702178955,0.6823753118515015,0.01710071600973606,0.68899005651474,-0.40980687737464905,0.08600210398435593,1.0054676532745361,0.9579524993896484,-0.6637200117111206,-0.12503556907176971,0.84134840965271
0.023191146552562714,-0.378418505191803,0.6858270764350891,0.022234760224819183,-0.031293127685785294,-0.656265139579773,0.7535531520843506,-1.327177882194519,0.13671287894248962,0.04371371120214462,1.1648398637771606,0.12479649484157562,0.05846383050084114,-1.332411766052246,-0.2311132699251175,0.1563531756401062,1.32859206199646,-0.0012519264128059149,0.11051914840936661,0.1348026692867279,0.5217044353485107,0.1582893431186676,-0.09591236710548401,-0.40167123079299927,-0.05586633086204529,-1.3773759603500366,0.6621631383895874,0.6891807317733765,0.02107132039964199,0.7038192749023438,-0.38790252804756165,0.07848310470581055,1.0016705989837646,0.9187606573104858,-0.6687619686126709,-0.12032622843980789,0.8277974128723145
0.02812010422348976,-0.38849353790283203,0.6885544657707214,0.02689836360514164,-0.025526244193315506,-0.6541863679885864,0.7554237842559814,-1.346118688583374,0.13042736053466797,0.0476379469037056,1.1782032251358032,0.11816376447677612,0.062107883393764496,-1.3369438648223877,-0.23531657457351685,0.16820460557937622,1.3399145603179932,-0.02153594233095646,0.10777980089187622,0.15199482440948486,0.518754780292511,0.15330687165260315,-0.1069597452878952,-0.40229469537734985,-0.07656549662351608,-1.3683559894561768,0.6814621686935425,0.6831732988357544,0.02899324521422386,0.7069519758224487,-0.38193464279174805,0.06889406591653824,0.9810455441474915,0.9037984013557434,-0.6586629152297974,-0.10659341514110565,0.8268277645111084
0.03198553994297981,-0.3984982669353485,0.6921740174293518,0.02840637043118477,-0.02284708246588707,-0.6515694260597229,0.7577126026153564,-1.3523547649383545,0.12333287298679352,0.04829446226358414,1.1901520490646362,0.10840547829866409,0.06577485799789429,-1.3292161226272583,-0.239551842212677,0.17630812525749207,1.350386142730713,-0.04486721009016037,0.10208752751350403,0.16834726929664612,0.5140457153320312,0.14312471449375153,-0.1137838065624237,-0.4070918560028076,-0.08988562226295471,-1.3595244884490967,0.6942104697227478,0.6692101359367371,0.034521862864494324,0.7043853998184204,-0.4230768382549286,0.05969074368476868,0.9561720490455627,0.9426077604293823,-0.642238438129425,-0.0927051305770874,0.8311192393302917
0.03473835811018944,-0.40889960527420044,0.6969269514083862,0.026097824797034264,-0.023251669481396675,-0.6486768126487732,0.7602609395980835,-1.3445888757705688,0.11706262826919556,0.04543203115463257,1.2006480693817139,0.09543296694755554,0.06902818381786346,-1.3071144819259644,-0.24277257919311523,0.179342120885849,1.3584959506988525,-0.07007148861885071,0.09639200568199158,0.18257126212120056,0.5074829459190369,0.13245871663093567,-0.11710421741008759,-0.4095890522003174,-0.0958319827914238,-1.35525381565094,0.7088744044303894,0.6510270833969116,0.038473647087812424,0.6934066414833069,-0.4750499427318573,0.055551085621118546,0.9325552582740784,1.0090185403823853,-0.6237218976020813,-0.07950583100318909,0.8417410850524902
0.037886567413806915,-0.4234248399734497,0.7084817886352539,0.018782956525683403,-0.02722259797155857,-0.6448125243186951,0.763624906539917,-1.3082467317581177,0.10967373102903366,0.04077598452568054,1.1997358798980713,0.07902826368808746,0.0747508779168129,-1.2504878044128418,-0.24486778676509857,0.1744895875453949,1.3521347045898438,-0.1020093783736229,0.08772286027669907,0.1975882351398468,0.4977952837944031,0.12033490091562271,-0.1220657080411911,-0.41481658816337585,-0.09793272614479065,-1.345287561416626,0.7320950627326965,0.6176348328590393,0.04124604910612106,0.6640317440032959,-0.5258995890617371,0.05783936753869057,0.9026537537574768,1.0997796058654785,-0.5924621820449829,-0.06119749695062637,0.8718079328536987
0.041700512170791626,-0.43696776032447815,0.7223648428916931,0.010867279022932053,-0.031342603266239166,-0.641075611114502,0.7667604088783264,-1.26253080368042,0.10221763700246811,0.03728731721639633,1.1884653568267822,0.06264518946409225,0.08073628693819046,-1.1849825382232666,-0.24688954651355743,0.16502758860588074,1.3329936265945435,-0.12976965308189392,0.08101308345794678,0.2066015601158142,0.4902898669242859,0.11053480207920074,-0.12807458639144897,-0.4193357825279236,-0.09776907414197922,-1.3368340730667114,0.74711674451828,0.5851583480834961,0.0433727502822876,0.6325250864028931,-0.5552398562431335,0.061407770961523056,0.881600558757782,1.1805216073989868,-0.5637195706367493,-0.045924995094537735,0.9041500687599182
0.047092415392398834,-0.45031479001045227,0.7388083934783936,0.0021121064200997353,-0.03651436045765877,-0.6376217603683472,0.7694807648658752,-1.202544927597046,0.09387373924255371,0.03609403595328331,1.165992021560669,0.0461856834590435,0.08984968066215515,-1.1081457138061523,-0.2489628791809082,0.15256045758724213,1.3018813133239746,-0.15303362905979156,0.07656869292259216,0.20903848111629486,0.48381462693214417,0.10395212471485138,-0.1361018270254135,-0.4225371181964874,-0.09659221023321152,-1.3203136920928955,0.7680541276931763,0.5544140934944153,0.0457753986120224,0.6022623777389526,-0.5667880773544312,0.060632847249507904,0.8620778918266296,1.2472865581512451,-0.5363761782646179,-0.03382086381316185,0.9393315315246582
0.05463544279336929,-0.46493104100227356,0.758361279964447,-0.004651580937206745,-0.039283156394958496,-0.6352543830871582,0.7712892293930054,-1.1343637704849243,0.08605492115020752,0.038201674818992615,1.130210041999817,0.027794886380434036,0.1019349992275238,-1.02676522731781,-0.24971416592597961,0.1373281329870224,1.2579385042190552,-0.1741471141576767,0.07521937787532806,0.20938542485237122,0.46821045875549316,0.09834341704845428,-0.13845421373844147,-0.41750645637512207,-0.09507790207862854,-1.3011109828948975,0.79326993227005,0.5286371111869812,0.04744584113359451,0.5720142722129822,-0.5600510239601135,0.05654264986515045,0.8394210338592529,1.3021347522735596,-0.5113927125930786,-0.024899497628211975,0.9742012023925781
0.06538428366184235,-0.4820755124092102,0.7793968915939331,-0.008435865864157677,-0.03939460590481758,-0.6342455744743347,0.7720812559127808,-1.0610947608947754,0.07613801956176758,0.043670766055583954,1.0829766988754272,0.008882580325007439,0.11805310845375061,-0.9468653202056885,-0.2508785128593445,0.1221657544374466,1.2052868604660034,-0.1913233995437622,0.07759341597557068,0.2092275321483612,0.4402558207511902,0.08822900056838989,-0.13637390732765198,-0.4062352180480957,-0.0935688242316246,-1.2729604244232178,0.8254457712173462,0.5061171650886536,0.046608440577983856,0.5456358194351196,-0.5383490920066833,0.045740362256765366,0.812056839466095,1.344546914100647,-0.48830878734588623,-0.019301196560263634,1.0085424184799194
0.07986682653427124,-0.5026740431785583,0.8028608560562134,-0.008293976075947285,-0.03593862056732178,-0.6349596977233887,0.7716643810272217,-0.9849975109100342,0.06369970738887787,0.05244851112365723,1.022552490234375,-0.010759816505014896,0.13729020953178406,-0.8669649958610535,-0.2524920701980591,0.10720677673816681,1.1395002603530884,-0.2058914303779602,0.08409047871828079,0.21219700574874878,0.39235031604766846,0.07434476166963577,-0.12654446065425873,-0.3842095136642456,-0.09186694025993347,-1.2368569374084473,0.8633642792701721,0.48600226640701294,0.04509842395782471,0.5223062634468079,-0.49775344133377075,0.02760688215494156,0.7760353088378906,1.3794387578964233,-0.46629440784454346,-0.01714467629790306,1.0395475625991821
0.09698416292667389,-0.526408851146698,0.8267912864685059,-0.004380155820399523,-0.03327126428484917,-0.6358237862586975,0.7711043357849121,-0.8902804851531982,0.04138961806893349,0.06567810475826263,0.9365332126617432,-0.025699546560645103,0.16120827198028564,-0.786294162273407,-0.2613827884197235,0.09782116115093231,1.0650596618652344,-0.21346785128116608,0.09826849400997162,0.21515576541423798,0.33311811089515686,0.05752269923686981,-0.10587408393621445,-0.35628125071525574,-0.0898488461971283,-1.1936923265457153,0.911261260509491,0.47018975019454956,0.040830232203006744,0.4957258105278015,-0.43385881185531616,-0.038072191178798676,0.732614278793335,1.4037134647369385,-0.44846969842910767,-0.01682857982814312,1.073828101158142
0.11484092473983765,-0.5527510046958923,0.8496806621551514,-0.0017218623543158174,-0.034147851169109344,-0.6359565258026123,0.7709671258926392,-0.7783509492874146,0.013622182421386242,0.07357664406299591,0.8368316888809204,-0.03653741255402565,0.18455423414707184,-0.6952375769615173,-0.27217790484428406,0.09085582196712494,0.985541582107544,-0.2185075432062149,0.1150553822517395,0.21263790130615234,0.2756035625934601,0.04427102953195572,-0.08087733387947083,-0.3180769681930542,-0.08244220912456512,-1.1391031742095947,0.9640747904777527,0.4579489827156067,0.03722617030143738,0.4607579708099365,-0.36290743947029114,-0.0793151780962944,0.6905522346496582,1.420755386352539,-0.43691396713256836,-0.015860937535762787,1.1121723651885986
0.13092026114463806,-0.5815147757530212,0.8740329742431641,0.0008232059190049767,-0.03497721999883652,-0.635846734046936,0.7710219621658325,-0.6720395684242249,-0.012536807917058468,0.07315251976251602,0.7407726049423218,-0.04551263153553009,0.20263907313346863,-0.616737961769104,-0.2782571613788605,0.08756890892982483,0.9179604053497314,-0.22402434051036835,0.12968626618385315,0.20588913559913635,0.22357293963432312,0.031189221888780594,-0.055348217487335205,-0.28007715940475464,-0.0659790113568306,-1.0800187587738037,1.0052869319915771,0.44376182556152344,0.031355638056993484,0.4304739832878113,-0.29810500144958496,-0.09913965314626694,0.6511757373809814,1.4329062700271606,-0.42672622203826904,-0.0173797570168972,1.1430761814117432
0.1448989361524582,-0.6115185618400574,0.8960220217704773,0.0035700518637895584,-0.03573986515402794,-0.6350652575492859,0.7716230154037476,-0.5803766250610352,-0.03677923604846001,0.06340508162975311,0.6583445072174072,-0.05408071354031563,0.2153739631175995,-0.5575980544090271,-0.2806025743484497,0.08971601724624634,0.8706667423248291,-0.23170851171016693,0.14274443686008453,0.19732870161533356,0.18176491558551788,0.0240380447357893,-0.03410159423947334,-0.2545870244503021,-0.04653361812233925,-1.038344383239746,1.027369499206543,0.4332706928253174,0.023767685517668724,0.4030866324901581,-0.24661540985107422,-0.10700960457324982,0.6212778687477112,1.4397612810134888,-0.4185287654399872,-0.02146633341908455,1.1669553518295288
0.15675577521324158,-0.640903115272522,0.9128276705741882,0.005103512667119503,-0.03641785681247711,-0.6338306665420532,0.7725971341133118,-0.5001542568206787,-0.056192707270383835,0.04698708653450012,0.5855274200439453,-0.060566700994968414,0.22503367066383362,-0.5135055184364319,-0.276875376701355,0.09333953261375427,0.8375594615936279,-0.23836202919483185,0.1534763127565384,0.1875816136598587,0.14823827147483826,0.01990150660276413,-0.011270642280578613,-0.22888167202472687,-0.022924138233065605,-0.9960570931434631,1.0376832485198975,0.4236209988594055,0.01695781946182251,0.3821324408054352,-0.20284989476203918,-0.10828474909067154,0.5939363837242126,1.4403294324874878,-0.41226986050605774,-0.029502352699637413,1.1826465129852295
0.16653309762477875,-0.6694964170455933,0.9254213571548462,0.006090083159506321,-0.03738716244697571,-0.6319419741630554,0.7740894556045532,-0.43058058619499207,-0.07235957682132721,0.026579514145851135,0.5212843418121338,-0.06445186585187912,0.2318851798772812,-0.48519107699394226,-0.2667751610279083,0.09783454239368439,0.8190693855285645,-0.24481715261936188,0.16016614437103271,0.1743551343679428,0.12486115097999573,0.024116404354572296,0.00984455831348896,-0.20182137191295624,0.044029608368873596,-0.9627094864845276,1.035426139831543,0.417106568813324,0.010728683322668076,0.3662271201610565,-0.16669708490371704,-0.10850360244512558,0.57075035572052,1.4362800121307373,-0.4073294401168823,-0.03991574048995972,1.1933624744415283
0.17465287446975708,-0.6963478326797485,0.9344045519828796,0.006601873319596052,-0.03990162909030914,-0.6290901899337769,0.7762794494628906,-0.3693564832210541,-0.08821617066860199,0.004293632693588734,0.46835505962371826,-0.06870262324810028,0.23779205977916718,-0.4746759533882141,-0.25380343198776245,0.10154231637716293,0.8091916441917419,-0.24327413737773895,0.16328364610671997,0.15513040125370026,0.11027070134878159,0.03384096920490265,0.027303511276841164,-0.17518821358680725,0.10320436954498291,-0.9267143607139587,1.0294100046157837,0.41034072637557983,0.0063979350961744785,0.3574717938899994,-0.1357606053352356,-0.10809493064880371,0.548416018486023,1.4308550357818604,-0.40305399894714355,-0.05091143399477005,1.1999571323394775
0.1816110759973526,-0.7212121486663818,0.9406029582023621,0.006033179350197315,-0.04337000474333763,-0.6260624527931213,0.7785425782203674,-0.31646886467933655,-0.10215727984905243,-0.019532129168510437,0.42961549758911133,-0.07618117332458496,0.24049636721611023,-0.47420650720596313,-0.23679551482200623,0.10219664871692657,0.7920800447463989,-0.22682948410511017,0.16262337565422058,0.13104397058486938,0.10340026021003723,0.05023352801799774,0.04191776365041733,-0.16176837682724,0.13392524421215057,-0.8964135646820068,1.0241289138793945,0.4049500823020935,0.004315035883337259,0.35654768347740173,-0.11177940666675568,-0.1088927686214447,0.5339379906654358,1.4250249862670898,-0.40071386098861694,-0.06134113296866417,1.2041431665420532
0.1869913935661316,-0.7445000410079956,0.9451839923858643,0.005309631582349539,-0.04736343398690224,-0.6223066449165344,0.7813212871551514,-0.2687397301197052,-0.11417980492115021,-0.046190012246370316,0.397300124168396,-0.08375143259763718,0.2385050505399704,-0.47535282373428345,-0.21784359216690063,0.10023705661296844,0.7526229023933411,-0.14593878388404846,0.1623111516237259,0.10941354185342789,0.10281622409820557,0.060905542224645615,0.05858548730611801,-0.15306399762630463,0.1545744687318802,-0.8674291372299194,1.019211769104004,0.40048152208328247,0.002388846594840288,0.3604515492916107,-0.0953853502869606,-0.113824263215065,0.5240247249603271,1.4147930145263672,-0.40006810426712036,-0.07281199842691422,1.2041789293289185
0.1919724941253662,-0.7661573886871338,0.9474472403526306,0.0047135865315794945,-0.05261243134737015,-0.6173269748687744,0.7849313616752625,-0.23138810694217682,-0.12754382193088531,-0.07531493902206421,0.3807750344276428,-0.09345634281635284,0.23083175718784332,-0.4696950316429138,-0.20129001140594482,0.10248848795890808,0.6874695420265198,-0.12332265824079514,0.16508033871650696,0.09414384514093399,0.10838255286216736,0.07058712840080261,0.0766344740986824,-0.1458452343940735,0.169865682721138,-0.8366824388504028,1.0048604011535645,0.39442601799964905,-0.0002513175131753087,0.3706701397895813,-0.08028478920459747,-0.12133309245109558,0.5088770389556885,1.4041813611984253,-0.39892318844795227,-0.08332967758178711,1.2001490592956543
0.19704703986644745,-0.7876807451248169,0.9487886428833008,0.0050673289224505424,-0.05789095163345337,-0.6108009815216064,0.789648711681366,-0.19934788346290588,-0.1415376365184784,-0.10695084929466248,0.3678654432296753,-0.10215017199516296,0.22023995220661163,-0.460020512342453,-0.18967993557453156,0.11008840799331665,0.6033220291137695,-0.06373417377471924,0.17229798436164856,0.08160624653100967,0.11374960839748383,0.07995914667844772,0.09171688556671143,-0.14619921147823334,0.17510272562503815,-0.8173139095306396,0.9957534074783325,0.38989272713661194,-0.0036166503559798002,0.38078707456588745,-0.06735116988420486,-0.12740373611450195,0.494499146938324,1.3991827964782715,-0.3989921808242798,-0.09100929647684097,1.1966991424560547
0.2027987837791443,-0.8095636367797852,0.9485618472099304,0.005155008286237717,-0.06462574750185013,-0.6028289198875427,0.7952322363853455,-0.17188790440559387,-0.156585693359375,-0.13758248090744019,0.372955858707428,-0.11806700378656387,0.2067875862121582,-0.44133979082107544,-0.18267127871513367,0.11696931719779968,0.5124942660331726,0.006798161193728447,0.17930370569229126,0.07030324637889862,0.1225976049900055,0.08894611895084381,0.10533366352319717,-0.146504744887352,0.1771574467420578,-0.8024569749832153,0.9878531098365784,0.38383960723876953,-0.006957374047487974,0.3901812434196472,-0.054999519139528275,-0.13589954376220703,0.47571122646331787,1.3967926502227783,-0.398154079914093,-0.09478142857551575,1.1925393342971802
0.20925650000572205,-0.8296443819999695,0.9476208686828613,0.0057234629057347775,-0.07139945030212402,-0.5941799283027649,0.8011363744735718,-0.14582927525043488,-0.1718687117099762,-0.1653861403465271,0.38432955741882324,-0.13841313123703003,0.19340887665748596,-0.4223787784576416,-0.17947639524936676,0.12238939106464386,0.4305950403213501,0.07316666096448898,0.18712446093559265,0.0634174644947052,0.13234616816043854,0.09917567670345306,0.1189185231924057,-0.14675578474998474,0.17734703421592712,-0.7948859930038452,0.9672247171401978,0.3793478310108185,-0.01148431096225977,0.4009454846382141,-0.042363859713077545,-0.14484159648418427,0.45218920707702637,1.3947890996932983,-0.3977903723716736,-0.09657298773527145,1.1859554052352905
0.2162916362285614,-0.8450673818588257,0.9466165900230408,0.0064054690301418304,-0.0775562971830368,-0.5856440663337708,0.8068240284919739,-0.11868644505739212,-0.1851653754711151,-0.18687790632247925,0.39351120591163635,-0.15887410938739777,0.18212471902370453,-0.4046308994293213,-0.17856565117835999,0.12282884120941162,0.36320921778678894,0.13010603189468384,0.1953647881746292,0.05611053854227066,0.13980993628501892,0.11747092008590698,0.13456657528877258,-0.1387181580066681,0.17357869446277618,-0.7828914523124695,0.9526687860488892,0.3745018243789673,-0.012789478525519371,0.4097115397453308,-0.02752705104649067,-0.15252509713172913,0.42176634073257446,1.400252342224121,-0.3969675898551941,-0.0946667268872261,1.179810643196106
0.22325460612773895,-0.8557588458061218,0.9449063539505005,0.007921219803392887,-0.08313126116991043,-0.5773091316223145,0.812244176864624,-0.09625230729579926,-0.19801613688468933,-0.19579197466373444,0.4056724011898041,-0.17851608991622925,0.17323559522628784,-0.38950276374816895,-0.1795337200164795,0.11679646372795105,0.3123554289340973,0.17379093170166016,0.1993204653263092,0.04590418189764023,0.14623931050300598,0.14539265632629395,0.14889952540397644,-0.12633304297924042,0.16710618138313293,-0.7705617547035217,0.9432501792907715,0.37149524688720703,-0.01296601165086031,0.4159272611141205,-0.013600616715848446,-0.15909169614315033,0.3925604820251465,1.4092833995819092,-0.3959995210170746,-0.09058104455471039,1.1749813556671143
0.2298593819141388,-0.8620994091033936,0.9421599507331848,0.010573172941803932,-0.08820412307977676,-0.5687519311904907,0.8176976442337036,-0.076913982629776,-0.21039792895317078,-0.19334563612937927,0.4243829846382141,-0.20114120841026306,0.16427938640117645,-0.37801259756088257,-0.18415549397468567,0.10451935976743698,0.27474266290664673,0.20664004981517792,0.20231908559799194,0.03423203155398369,0.15016692876815796,0.18451762199401855,0.16091403365135193,-0.11385171115398407,0.15894518792629242,-0.7649986743927002,0.9331409931182861,0.3726474642753601,-0.013282476924359798,0.41812068223953247,-0.0021677864715456963,-0.16413846611976624,0.3663162589073181,1.420810341835022,-0.39475828409194946,-0.08482091128826141,1.1722192764282227
0.23609143495559692,-0.864845335483551,0.9375602602958679,0.013718664646148682,-0.09284389019012451,-0.5600178837776184,0.8231475353240967,-0.06606455147266388,-0.22034986317157745,-0.17910116910934448,0.45865076780319214,-0.2291860431432724,0.15104839205741882,-0.36580759286880493,-0.19207161664962769,0.08815905451774597,0.2459295094013214,0.2285895198583603,0.2019655704498291,0.024305883795022964,0.15237340331077576,0.24547810852527618,0.1737101674079895,-0.1013726219534874,0.1506902426481247,-0.7641655802726746,0.9219588041305542,0.37725767493247986,-0.011427853256464005,0.4158000349998474,0.009238332509994507,-0.16816101968288422,0.34330207109451294,1.4328877925872803,-0.39423829317092896,-0.07795358449220657,1.173675298690796
0.2418050467967987,-0.8658268451690674,0.9318329691886902,0.017432473599910736,-0.0966012179851532,-0.550172746181488,0.829261302947998,-0.06001994013786316,-0.22365973889827728,-0.15514568984508514,0.499215304851532,-0.26125022768974304,0.1365208625793457,-0.35411757230758667,-0.20413081347942352,0.06850165873765945,0.22311300039291382,0.24277514219284058,0.20179155468940735,0.01288844645023346,0.15099406242370605,0.3128030300140381,0.18718034029006958,-0.08880311995744705,0.13899323344230652,-0.7665897607803345,0.9156600832939148,0.38495826721191406,-0.00917314738035202,0.41058972477912903,0.018245317041873932,-0.16956827044487,0.3274642825126648,1.4446921348571777,-0.3953731656074524,-0.07001463323831558,1.1785590648651123
0.2471984177827835,-0.86666339635849,0.9291163682937622,0.020981060341000557,-0.0997898131608963,-0.540259599685669,0.835297167301178,-0.060477279126644135,-0.21959204971790314,-0.12171252071857452,0.5463720560073853,-0.29476451873779297,0.12321787327528,-0.34139639139175415,-0.21879053115844727,0.04275806248188019,0.20417241752147675,0.2522696554660797,0.19888059794902802,0.0025908113457262516,0.145433247089386,0.38203513622283936,0.2023131251335144,-0.07589586079120636,0.12418773770332336,-0.7680460214614868,0.9139484167098999,0.3936808705329895,-0.006770468782633543,0.4040070176124573,0.025013865903019905,-0.16919779777526855,0.3164733648300171,1.4558186531066895,-0.3967933654785156,-0.06084349378943443,1.1856203079223633
0.2522773742675781,-0.8684710264205933,0.9316722750663757,0.025204813107848167,-0.10254376381635666,-0.5316048860549927,0.840384304523468,-0.06699071824550629,-0.2118283212184906,-0.0829647108912468,0.5975874662399292,-0.3282380998134613,0.11498980224132538,-0.328762412071228,-0.23448656499385834,0.011556986719369888,0.19163349270820618,0.255099356174469,0.19070471823215485,-0.002479074988514185,0.13654601573944092,0.45007044076919556,0.21693280339241028,-0.05839164927601814,0.11902529746294022,-0.7678803205490112,0.9161113500595093,0.40309202671051025,-0.004100555554032326,0.39299434423446655,0.028058456256985664,-0.1656540483236313,0.3121863603591919,1.4648513793945312,-0.3979853391647339,-0.0519280843436718,1.1943974494934082
0.25628340244293213,-0.8718947172164917,0.935972273349762,0.03002290241420269,-0.10290341824293137,-0.5246191024780273,0.8445616364479065,-0.07773084193468094,-0.201870396733284,-0.045711107552051544,0.6331039071083069,-0.34167906641960144,0.10859319567680359,-0.31795576214790344,-0.24479664862155914,-0.021734140813350677,0.18700288236141205,0.24819281697273254,0.17294326424598694,0.002860027365386486,0.1208600252866745,0.5168388485908508,0.2309514582157135,-0.03253798186779022,0.13203194737434387,-0.7604174613952637,0.9250091910362244,0.4094148576259613,0.002138424664735794,0.37685656547546387,0.026969358325004578,-0.15918222069740295,0.31357884407043457,1.4723339080810547,-0.3962304890155792,-0.044134315103292465,1.2060469388961792
0.2598891854286194,-0.8778234720230103,0.9417999982833862,0.0351218543946743,-0.10108261555433273,-0.5194063782691956,0.847800612449646,-0.09464001655578613,-0.19337625801563263,-0.012441182509064674,0.6533235311508179,-0.3416966497898102,0.10822704434394836,-0.30829501152038574,-0.2493150234222412,-0.04961104318499565,0.1899002641439438,0.23062042891979218,0.15487295389175415,0.018335705623030663,0.10326224565505981,0.5710897445678711,0.2423877716064453,0.0006118398159742355,0.15886396169662476,-0.7469384074211121,0.9472715258598328,0.41190409660339355,0.010808390565216541,0.35850346088409424,0.01821661740541458,-0.15157867968082428,0.3202086091041565,1.4757028818130493,-0.3916333317756653,-0.039992690086364746,1.2141050100326538
0.26398563385009766,-0.885635256767273,0.9482932686805725,0.03980496898293495,-0.09898409247398376,-0.5164705514907837,0.8496328592300415,-0.1202579066157341,-0.18777184188365936,0.019077841192483902,0.6766223311424255,-0.3406202495098114,0.1138293445110321,-0.2964598536491394,-0.25149431824684143,-0.06816063821315765,0.19640988111495972,0.2067430317401886,0.14266283810138702,0.03885380178689957,0.08834563940763474,0.6010001301765442,0.24942660331726074,0.04271330311894417,0.18435123562812805,-0.7195121049880981,0.9973235726356506,0.4098704755306244,0.018926620483398438,0.3409750759601593,0.00565003789961338,-0.14401297271251678,0.33156445622444153,1.4786263704299927,-0.38605713844299316,-0.038315583020448685,1.219417691230774
0.2690596878528595,-0.8952906131744385,0.9553577899932861,0.04453200101852417,-0.09717538207769394,-0.5142866969108582,0.8509306907653809,-0.16929790377616882,-0.18355508148670197,0.0533844530582428,0.7242392301559448,-0.3441273868083954,0.12315219640731812,-0.2806337773799896,-0.2540794312953949,-0.07683847844600677,0.20491044223308563,0.17726221680641174,0.13554206490516663,0.07160991430282593,0.07924188673496246,0.6162117719650269,0.25251489877700806,0.07883159071207047,0.20719274878501892,-0.7018172740936279,1.0399526357650757,0.4092441201210022,0.019695531576871872,0.3280535638332367,-0.012480593286454678,-0.13910339772701263,0.3462676405906677,1.4771900177001953,-0.3796113133430481,-0.03975001350045204,1.2177720069885254
0.2746736705303192,-0.9060335159301758,0.9625208377838135,0.048304345458745956,-0.09466532617807388,-0.5130331516265869,0.8517641425132751,-0.23334524035453796,-0.17736324667930603,0.0910339280962944,0.7635794878005981,-0.19750557839870453,0.1381550431251526,-0.26010507345199585,-0.2538311779499054,-0.08037843555212021,0.2126612514257431,0.14483779668807983,0.13301347196102142,0.11437302827835083,0.07383176684379578,0.6120501756668091,0.2533142864704132,0.11263628304004669,0.2192443311214447,-0.6874101161956787,1.0715022087097168,0.4072103202342987,0.01555723324418068,0.321017324924469,-0.03035246580839157,-0.1349414587020874,0.3608221411705017,1.4753535985946655,-0.3761729598045349,-0.04261086881160736,1.2133569717407227
0.28101956844329834,-0.9188568592071533,0.9685694575309753,0.05024169385433197,-0.0908309668302536,-0.5113130807876587,0.8531029224395752,-0.2993508577346802,-0.16055364906787872,0.1262611746788025,0.7809062004089355,-0.10581696033477783,0.1518121063709259,-0.23919057846069336,-0.24906671047210693,-0.0779060646891594,0.2224912792444229,0.1101219654083252,0.1349359005689621,0.1577850878238678,0.07127682119607925,0.5894616842269897,0.250835657119751,0.13698995113372803,0.21816277503967285,-0.6743455529212952,1.1054366827011108,0.40350067615509033,0.010916515253484249,0.31984269618988037,-0.04697207361459732,-0.13050183653831482,0.37501904368400574,1.471651554107666,-0.3749282956123352,-0.04709434509277344,1.2061443328857422
0.28881943225860596,-0.9328210949897766,0.9731191396713257,0.05032514035701752,-0.08608066290616989,-0.5070310831069946,0.8561407327651978,-0.35695236921310425,-0.13745255768299103,0.15853005647659302,0.7732064127922058,-0.05102873593568802,0.1664513796567917,-0.21796047687530518,-0.24132788181304932,-0.07462500035762787,0.2326754629611969,0.07582041621208191,0.1394307017326355,0.19856250286102295,0.06973953545093536,0.5561408996582031,0.24821114540100098,0.15072549879550934,0.2024615854024887,-0.6579554080963135,1.1469119787216187,0.39817696809768677,0.006849657278507948,0.3238840699195862,-0.05911235138773918,-0.12196598947048187,0.3895070552825928,1.4684348106384277,-0.3766677677631378,-0.05167249217629433,1.199806571006775
0.298155814409256,-0.9479785561561584,0.9765343070030212,0.04943813011050224,-0.08058305084705353,-0.4983202815055847,0.8618231415748596,-0.4083424210548401,-0.1136542558670044,0.1909034103155136,0.7476051449775696,-0.02373051643371582,0.18277284502983093,-0.19500131905078888,-0.23280951380729675,-0.07504566758871078,0.2406984567642212,0.0423140712082386,0.14441615343093872,0.2395661324262619,0.0712142288684845,0.5150108337402344,0.2464333325624466,0.15430232882499695,0.17502844333648682,-0.6387336254119873,1.2040009498596191,0.39150798320770264,0.0035127766896039248,0.32822948694229126,-0.07088188081979752,-0.11384880542755127,0.4014967083930969,1.4682683944702148,-0.37878501415252686,-0.0548032745718956,1.1959905624389648
0.3098905086517334,-0.9649357795715332,0.978971540927887,0.048211947083473206,-0.07322139292955399,-0.4862414300441742,0.8694156408309937,-0.45044630765914917,-0.09394945204257965,0.2245577871799469,0.6908047199249268,-0.009023884311318398,0.19918790459632874,-0.1726088523864746,-0.22300513088703156,-0.08018868416547775,0.24644409120082855,0.009930754080414772,0.14931048452854156,0.2838932275772095,0.07175731658935547,0.4643933176994324,0.2422393262386322,0.152959406375885,0.14358051121234894,-0.6207408905029297,1.258630394935608,0.3827912211418152,-0.0013857935555279255,0.3329942226409912,-0.0840013399720192,-0.10544370859861374,0.41024094820022583,1.4697157144546509,-0.3801095485687256,-0.057072483003139496,1.191933035850525
0.3255671262741089,-0.9834215641021729,0.9801288843154907,0.04681368172168732,-0.06316456198692322,-0.47339147329330444,0.8773364424705505,-0.47771310806274414,-0.07995215058326721,0.2604334354400635,0.6014227867126465,0.0018001873977482319,0.21334174275398254,-0.15574011206626892,-0.21249696612358093,-0.08869427442550659,0.2531791627407074,-0.022407494485378265,0.1532883197069168,0.3289015591144562,0.06457021087408066,0.42122048139572144,0.23417380452156067,0.14646585285663605,0.11272235214710236,-0.6107653379440308,1.300452470779419,0.3742133677005768,-0.0055604856461286545,0.33746427297592163,-0.09406647086143494,-0.09570059925317764,0.41467249393463135,1.4742369651794434,-0.38119298219680786,-0.05734223872423172,1.1893482208251953
0.34627148509025574,-1.0034360885620117,0.9798175096511841,0.04356822744011879,-0.05096016451716423,-0.4634148180484772,0.8836014866828918,-0.4915820360183716,-0.06880434602499008,0.2979208827018738,0.4912318289279938,0.010952740907669067,0.22487619519233704,-0.14108209311962128,-0.19815832376480103,-0.09857650101184845,0.26258108019828796,-0.05649155005812645,0.15573692321777344,0.3764699697494507,0.04882147163152695,0.3826502561569214,0.22428670525550842,0.14307332038879395,0.0886504128575325,-0.6015193462371826,1.3259460926055908,0.3649129867553711,-0.010126007720828056,0.3426159620285034,-0.09943672269582748,-0.08389925956726074,0.4180116653442383,1.4800983667373657,-0.3829091191291809,-0.056472405791282654,1.187636137008667
0.3708854615688324,-1.024633765220642,0.977893054485321,0.03861188516020775,-0.038652751594781876,-0.45627304911613464,0.8881610035896301,-0.5011230707168579,-0.05402034521102905,0.3356214761734009,0.3870806097984314,0.019162558019161224,0.2293355017900467,-0.12614849209785461,-0.18219566345214844,-0.10612667351961136,0.2762009799480438,-0.09398607164621353,0.1549222767353058,0.4238566756248474,0.030462421476840973,0.3440512418746948,0.21273723244667053,0.1381887048482895,0.0726439356803894,-0.5953434705734253,1.3353838920593262,0.3564837574958801,-0.012490400113165379,0.34812384843826294,-0.1045394167304039,-0.07399611175060272,0.42169463634490967,1.4855260848999023,-0.3844562768936157,-0.054646387696266174,1.184361457824707
0.3973177671432495,-1.0457515716552734,0.9745720028877258,0.03351607173681259,-0.02688722498714924,-0.44873976707458496,0.8926289081573486,-0.5123858451843262,-0.03577159717679024,0.37051689624786377,0.303766131401062,0.028473393991589546,0.22712165117263794,-0.11258155107498169,-0.1689664125442505,-0.11087740212678909,0.2917422354221344,-0.13213220238685608,0.15185126662254333,0.467069149017334,0.014556340873241425,0.30377787351608276,0.1993800699710846,0.12570621073246002,0.06147969141602516,-0.599326491355896,1.340012788772583,0.35093262791633606,-0.010005384683609009,0.3516048491001129,-0.11133790761232376,-0.06559544801712036,0.42445945739746094,1.490351915359497,-0.3862808346748352,-0.05108969658613205,1.1791813373565674
0.42417410016059875,-1.0652018785476685,0.969931423664093,0.02808152139186859,-0.01629873551428318,-0.43913936614990234,0.8978320360183716,-0.521924614906311,-0.018406357616186142,0.4013795256614685,0.24339842796325684,0.03879634290933609,0.22354722023010254,-0.10025948286056519,-0.15836605429649353,-0.11559228599071503,0.3103238642215729,-0.16955436766147614,0.1480424851179123,0.5050634145736694,0.00015898235142230988,0.2623014450073242,0.1876288652420044,0.11111058294773102,0.05556802824139595,-0.605526864528656,1.3445039987564087,0.3463499844074249,-0.004069662652909756,0.3525545001029968,-0.11753028631210327,-0.057972077280282974,0.4239233136177063,1.4938714504241943,-0.3882293403148651,-0.047482822090387344,1.1727399826049805
0.4514186382293701,-1.0831856727600098,0.9641250371932983,0.02323058806359768,-0.0065704877488315105,-0.426636666059494,0.9041008353233337,-0.527590274810791,-0.006023672875016928,0.4266027808189392,0.20554786920547485,0.049967098981142044,0.22075103223323822,-0.08960215747356415,-0.1523781418800354,-0.1230110451579094,0.3323201537132263,-0.20660315454006195,0.1462724804878235,0.5353361368179321,-0.015028993599116802,0.21888253092765808,0.17585359513759613,0.09205275028944016,0.05299701541662216,-0.6154954433441162,1.3564902544021606,0.3430045545101166,0.004217331763356924,0.34856197237968445,-0.12519338726997375,-0.051137540489435196,0.42193958163261414,1.4969539642333984,-0.3905043303966522,-0.04299749433994293,1.1668708324432373
0.4792584180831909,-1.0994024276733398,0.9567240476608276,0.01883293129503727,0.001263387966901064,-0.41152310371398926,0.9112038016319275,-0.5242327451705933,-0.0014279705937951803,0.44474342465400696,0.18540294468402863,0.05813846364617348,0.2224671095609665,-0.07939225435256958,-0.1520458459854126,-0.13413673639297485,0.3627239465713501,-0.24432587623596191,0.1485733985900879,0.5522640943527222,-0.0317084826529026,0.18088935315608978,0.16669702529907227,0.07006922364234924,0.05236518010497093,-0.6254457831382751,1.3679577112197876,0.34052616357803345,0.01072223111987114,0.3427509367465973,-0.12940725684165955,-0.0460127554833889,0.420540452003479,1.4994134902954102,-0.3951230049133301,-0.038514066487550735,1.1630204916000366
0.5077708959579468,-1.1141544580459595,0.9468718767166138,0.01523606013506651,0.006270543672144413,-0.3942040801048279,0.9188752174377441,-0.5102811455726624,-0.005894335452467203,0.4503769874572754,0.17236509919166565,0.19308574497699738,0.2291661500930786,-0.0718139037489891,-0.15824100375175476,-0.14287662506103516,0.4100762903690338,-0.282804936170578,0.15833424031734467,0.5565265417098999,-0.04734214022755623,0.14992880821228027,0.15981900691986084,0.05199822783470154,0.054190412163734436,-0.626491367816925,1.3789292573928833,0.33735573291778564,0.014045096933841705,0.3335624039173126,-0.1294923573732376,-0.0414925217628479,0.4212597608566284,1.5013632774353027,-0.4011332094669342,-0.03438768908381462,1.1656348705291748
0.5368914604187012,-1.12795090675354,0.9351292252540588,0.011898616328835487,0.008639990352094173,-0.3753630518913269,0.9267612099647522,-0.48907220363616943,-0.015409566462039948,0.4385223984718323,0.16279667615890503,0.21443822979927063,0.2368328720331192,-0.06661824136972427,-0.1662331372499466,-0.14484497904777527,0.46754154562950134,-0.3223820626735687,0.1713438630104065,0.5518888235092163,-0.061646051704883575,0.12739261984825134,0.15420183539390564,0.034658145159482956,0.05799567326903343,-0.6261730194091797,1.3876314163208008,0.3353656530380249,0.015224603936076164,0.32096245884895325,-0.12848180532455444,-0.03744102641940117,0.42496758699417114,1.5022225379943848,-0.4054601192474365,-0.03144846111536026,1.1742522716522217
0.5660543441772461,-1.140358805656433,0.9235599040985107,0.009014001116156578,0.007954887114465237,-0.3529897630214691,0.9355499148368835,-0.4606242775917053,-0.030720755457878113,0.4108180105686188,0.1547691375017166,0.20641568303108215,0.24523495137691498,-0.06791457533836365,-0.17362794280052185,-0.14092037081718445,0.5294568538665771,-0.3545561134815216,0.18477623164653778,0.537286639213562,-0.06899622082710266,0.11209079623222351,0.14923731982707977,0.01444273442029953,0.06361380964517593,-0.6230838298797607,1.3936327695846558,0.3325349986553192,0.015239039435982704,0.30761316418647766,-0.1281546950340271,-0.03435517102479935,0.43053728342056274,1.5024034976959229,-0.40647608041763306,-0.03017442673444748,1.1871751546859741
0.5947636365890503,-1.151531457901001,0.9248538017272949,0.006921478547155857,0.004320494830608368,-0.3249224126338959,0.9457054734230042,-0.42584851384162903,-0.05135689675807953,0.3623684048652649,0.1489654779434204,0.1901462823152542,0.2497733235359192,-0.08024948835372925,-0.17959466576576233,-0.12745696306228638,0.5826219916343689,-0.35346919298171997,0.1909804344177246,0.5113888382911682,-0.0678866058588028,0.09857817739248276,0.14515109360218048,-0.011636240407824516,0.07049833983182907,-0.6264538168907166,1.3980517387390137,0.3331747055053711,0.01543885562568903,0.2932625412940979,-0.1316850632429123,-0.030365439131855965,0.4403306245803833,1.5006530284881592,-0.4077722430229187,-0.03070591390132904,1.199749231338501
0.6234686970710754,-1.1623834371566772,0.9308228492736816,0.006337636616080999,-0.0010149598820134997,-0.2891600728034973,0.9572592973709106,-0.38677000999450684,-0.07686922699213028,0.29026326537132263,0.14438706636428833,0.17187632620334625,0.2509633004665375,-0.11612273752689362,-0.1832064539194107,-0.10444290190935135,0.6388813257217407,-0.3472828269004822,0.18669095635414124,0.47548162937164307,-0.06072554737329483,0.08596709370613098,0.14441487193107605,-0.04469412565231323,0.08093321323394775,-0.6415535807609558,1.3955163955688477,0.33705636858940125,0.015513747930526733,0.2818603813648224,-0.13941819965839386,-0.029231853783130646,0.4504726529121399,1.495821475982666,-0.4055980443954468,-0.03409945219755173,1.20681631565094
0.6502478718757629,-1.1721687316894531,0.9359839558601379,0.007401471026241779,-0.0065297409892082214,-0.2484377920627594,0.9685975313186646,-0.34683436155319214,-0.10244819521903992,0.20575374364852905,0.1383204162120819,0.15646430850028992,0.24718087911605835,-0.1654704213142395,-0.18370844423770905,-0.07853837311267853,0.6921799182891846,-0.3581548035144806,0.17929166555404663,0.4395618736743927,-0.052980899810791016,0.06707169115543365,0.14751681685447693,-0.07480785250663757,0.0890813022851944,-0.6616771221160889,1.3898708820343018,0.3424037992954254,0.015191273763775826,0.2725573778152466,-0.14772982895374298,-0.026398546993732452,0.46207374334335327,1.4909707307815552,-0.4025307893753052,-0.03863474726676941,1.211744785308838
0.6745871901512146,-1.1808876991271973,0.9407121539115906,0.009888267144560814,-0.012460954487323761,-0.20177845656871796,0.9793019890785217,-0.30308815836906433,-0.1267528086900711,0.11579834669828415,0.12951719760894775,0.14324581623077393,0.24012169241905212,-0.23261475563049316,-0.17957602441310883,-0.049156554043293,0.7432502508163452,-0.3753857910633087,0.1714973747730255,0.3962955176830292,-0.042646780610084534,0.052539415657520294,0.15428416430950165,-0.10048043727874756,0.08876235038042068,-0.6841959357261658,1.384782314300537,0.3469367027282715,0.014870749786496162,0.26601624488830566,-0.15252748131752014,-0.02168695069849491,0.4716265797615051,1.4863178730010986,-0.39669710397720337,-0.04393818601965904,1.2164585590362549
0.6959620714187622,-1.1886156797409058,0.9448524117469788,0.013976228423416615,-0.018377576023340225,-0.15108130872249603,0.9882516264915466,-0.25794732570648193,-0.14915457367897034,0.02669708803296089,0.12139230966567993,0.12844979763031006,0.23169630765914917,-0.3030586838722229,-0.1723303496837616,-0.01741175912320614,0.7792370319366455,-0.3593505322933197,0.16620808839797974,0.34551116824150085,-0.029739592224359512,0.040495891124010086,0.1637549102306366,-0.12233113497495651,0.08248865604400635,-0.7086681127548218,1.3805310726165771,0.3518514037132263,0.014316815882921219,0.26048633456230164,-0.15529918670654297,-0.01604953408241272,0.48018115758895874,1.4817453622817993,-0.3879079222679138,-0.04901197552680969,1.2218842506408691
0.7141605615615845,-1.1954808235168457,0.9480462670326233,0.019794370979070663,-0.023475661873817444,-0.09649164974689484,0.9948599934577942,-0.2152594029903412,-0.16996368765830994,-0.05956533923745155,0.11521599441766739,0.11283615976572037,0.22027672827243805,-0.3656182289123535,-0.16537126898765564,0.02183901146054268,0.7844380140304565,-0.32038938999176025,0.16875441372394562,0.29200416803359985,-0.014763550832867622,0.03243295103311539,0.1731688678264618,-0.1442500501871109,0.07113924622535706,-0.742833137512207,1.374876856803894,0.36107316613197327,0.013486552983522415,0.2538628578186035,-0.15518423914909363,-0.00980234146118164,0.49042701721191406,1.4785536527633667,-0.3792749047279358,-0.052596867084503174,1.230412483215332
0.7312324047088623,-1.2015093564987183,0.951077938079834,0.026437055319547653,-0.02773771993815899,-0.03821907564997673,0.9985344409942627,-0.17191240191459656,-0.18793006241321564,-0.14049293100833893,0.11420007050037384,0.09125005453824997,0.20791572332382202,-0.4050825834274292,-0.1602187305688858,0.06232936307787895,0.7313790917396545,-0.24827145040035248,0.17562183737754822,0.23881205916404724,0.00025665201246738434,0.02494645118713379,0.18176627159118652,-0.16432799398899078,0.060663916170597076,-0.7789629697799683,1.3608230352401733,0.37129342555999756,0.010138521902263165,0.2506176233291626,-0.1522756665945053,-0.004767074715346098,0.5007042288780212,1.4726223945617676,-0.373254656791687,-0.056201398372650146,1.23739492893219
0.749211847782135,-1.2062716484069824,0.9539389610290527,0.03341853991150856,-0.030071277171373367,0.019548268988728523,0.9987976551055908,-0.13125932216644287,-0.20041316747665405,-0.2161063402891159,0.11826951801776886,0.06405048817396164,0.19219732284545898,-0.42211365699768066,-0.16023872792720795,0.10639305412769318,0.6351616382598877,-0.15505865216255188,0.18681883811950684,0.19047194719314575,0.013515574857592583,0.018274175003170967,0.18973922729492188,-0.18567466735839844,0.04817463830113411,-0.8216046094894409,1.3331782817840576,0.38231468200683594,0.002380471210926771,0.25058984756469727,-0.14925585687160492,-0.006854800973087549,0.5091276168823242,1.4710795879364014,-0.369317889213562,-0.0557849146425724,1.24429452419281
0.7701079845428467,-1.2093141078948975,0.9566361308097839,0.040001221001148224,-0.033080633729696274,0.07387193292379379,0.995915949344635,-0.08887387067079544,-0.20507881045341492,-0.28709131479263306,0.12706974148750305,0.0310148224234581,0.1760014444589615,-0.42066192626953125,-0.1677759885787964,0.1444293111562729,0.5159646272659302,-0.05138220638036728,0.20103856921195984,0.13890662789344788,0.026326823979616165,0.010235002264380455,0.19380119442939758,-0.20952868461608887,0.028086982667446136,-0.874218225479126,1.2887886762619019,0.3941679894924164,-0.008078428916633129,0.25475335121154785,-0.14454607665538788,-0.020307011902332306,0.521348774433136,1.4662848711013794,-0.36951908469200134,-0.05474451184272766,1.250286340713501
0.7931134700775146,-1.2097505331039429,0.9588649272918701,0.045807503163814545,-0.03709688410162926,0.12267480790615082,0.9906948804855347,-0.04533146694302559,-0.2022761106491089,-0.34943699836730957,0.1404113471508026,-0.006686805747449398,0.15975354611873627,-0.41340333223342896,-0.17859196662902832,0.1703660637140274,0.40512245893478394,0.04783739522099495,0.21361199021339417,0.08559870719909668,0.03980706259608269,-0.0014849146828055382,0.19371941685676575,-0.2214316725730896,0.006845857948064804,-0.9117843508720398,1.2691268920898438,0.40348994731903076,-0.012398059479892254,0.2576545476913452,-0.13755449652671814,-0.0405203253030777,0.5383337140083313,1.464482307434082,-0.3749566674232483,-0.05053231492638588,1.2578001022338867
0.816383957862854,-1.2071603536605835,0.9600493311882019,0.05107995122671127,-0.04104597866535187,0.1648673415184021,0.9841365814208984,-0.003306303173303604,-0.19587981700897217,-0.39810869097709656,0.15909254550933838,-0.0482277013361454,0.1440984606742859,-0.4068014621734619,-0.18985986709594727,0.18452507257461548,0.31617283821105957,0.07923474907875061,0.2226535975933075,0.036468975245952606,0.05149203538894653,-0.01366374734789133,0.1925966739654541,-0.21618792414665222,-0.01252164039760828,-0.9174546003341675,1.2856628894805908,0.4071241021156311,-0.011969052255153656,0.2590038776397705,-0.12901204824447632,-0.06127944588661194,0.5509496927261353,1.4683058261871338,-0.38095033168792725,-0.043528273701667786,1.2647223472595215
0.8392622470855713,-1.2022761106491089,0.9597389698028564,0.05552409961819649,-0.0441117025911808,0.20071056485176086,0.9770805835723877,0.03217737376689911,-0.18894480168819427,-0.43311476707458496,0.1861998736858368,-0.09415765106678009,0.1304207146167755,-0.3983954191207886,-0.197991281747818,0.1900658756494522,0.25188711285591125,0.10457512736320496,0.22654247283935547,-0.003261767327785492,0.0625748485326767,-0.01902700401842594,0.19421499967575073,-0.20253627002239227,-0.026999378576874733,-0.9027591943740845,1.3181045055389404,0.40915292501449585,-0.01184211578220129,0.2610563039779663,-0.12164374440908432,-0.07914333045482635,0.5618526935577393,1.4716620445251465,-0.38744205236434937,-0.03666623681783676,1.270426869392395
0.8622508645057678,-1.195942997932434,0.9572916626930237,0.06037400662899017,-0.04468037188053131,0.22878019511699677,0.9705762267112732,0.055733468383550644,-0.1846921443939209,-0.453084260225296,0.22526751458644867,-0.14480113983154297,0.11458161473274231,-0.3872789144515991,-0.20390507578849792,0.19326242804527283,0.2127426266670227,0.12417584657669067,0.22658121585845947,-0.0331670343875885,0.07136539369821548,-0.017847230657935143,0.2008732259273529,-0.18766167759895325,-0.025260861963033676,-0.8753740787506104,1.3554580211639404,0.40875738859176636,-0.010514907538890839,0.26405635476112366,-0.11470352113246918,-0.09432920813560486,0.5685925483703613,1.47563636302948,-0.3916589915752411,-0.030446354299783707,1.2760319709777832
0.8868908882141113,-1.1894952058792114,0.9513135552406311,0.06560704857110977,-0.04358632490038872,0.24853914976119995,0.9654140472412109,0.0567043200135231,-0.1822875291109085,-0.44889840483665466,0.2975717782974243,-0.20317481458187103,0.08790701627731323,-0.3671693205833435,-0.20574519038200378,0.19086572527885437,0.19188210368156433,0.21814805269241333,0.22117489576339722,-0.04976564645767212,0.07462264597415924,-0.013990391977131367,0.21377116441726685,-0.16878432035446167,-0.00812959112226963,-0.8334660530090332,1.3947348594665527,0.40436607599258423,-0.007301771081984043,0.2674303650856018,-0.10725277662277222,-0.1051446869969368,0.5719504356384277,1.4782228469848633,-0.3942514657974243,-0.02543320506811142,1.281977891921997
0.9150985479354858,-1.1845225095748901,0.938952624797821,0.07030594348907471,-0.040276724845170975,0.26084986329078674,0.9619731307029724,0.018561994656920433,-0.17307013273239136,-0.4046165347099304,0.42234599590301514,-0.26677024364471436,0.04458688572049141,-0.341642826795578,-0.2025165557861328,0.17736878991127014,0.18351198732852936,0.2281556874513626,0.20469318330287933,-0.055841680616140366,0.07472795993089676,-0.01674739457666874,0.22505873441696167,-0.1497294008731842,0.016336698085069656,-0.7887874841690063,1.4237995147705078,0.39261001348495483,-0.004091557115316391,0.2706693112850189,-0.10318335890769958,-0.10701560974121094,0.5769475698471069,1.4803643226623535,-0.39543551206588745,-0.02111278474330902,1.289728045463562
0.9461430311203003,-1.1817004680633545,0.940901517868042,0.0738561600446701,-0.0331505611538887,0.2694694399833679,0.9596002101898193,-0.019489087164402008,-0.14741355180740356,-0.33616724610328674,0.4959423840045929,-0.2943630516529083,0.015327345579862595,-0.32202398777008057,-0.19627198576927185,0.1503569781780243,0.18534381687641144,0.20749500393867493,0.18550939857959747,-0.06090816482901573,0.07255531847476959,-0.020329715684056282,0.23428981006145477,-0.1378258466720581,0.03827874734997749,-0.7503839731216431,1.4382429122924805,0.3776244819164276,-0.0010250352788716555,0.2769128382205963,-0.0998993068933487,-0.10554233938455582,0.5795674324035645,1.4810473918914795,-0.39454221725463867,-0.018264416605234146,1.2984287738800049
0.978333055973053,-1.1789419651031494,0.9517958164215088,0.07880574464797974,-0.027059929445385933,0.274819016456604,0.9578788876533508,-0.07674068957567215,-0.12363147735595703,-0.25135573744773865,0.5745859146118164,-0.3201546370983124,0.017844069749116898,-0.2984829843044281,-0.18908193707466125,0.12058670818805695,0.1933424472808838,0.17452573776245117,0.16904860734939575,-0.054554104804992676,0.07415520399808884,-0.02793971449136734,0.23759636282920837,-0.12595053017139435,0.052651554346084595,-0.7179486751556396,1.4425052404403687,0.36273977160453796,-0.00011234829435124993,0.2850263714790344,-0.0972098708152771,-0.10269689559936523,0.5832247734069824,1.4808307886123657,-0.3924468755722046,-0.015792157500982285,1.3055245876312256
1.0099858045578003,-1.1750843524932861,0.9617248773574829,0.08454491198062897,-0.022511180490255356,0.2766505181789398,0.9569795727729797,-0.15045765042304993,-0.10109782218933105,-0.1609819382429123,0.6529380083084106,-0.3380691111087799,0.0423259362578392,-0.2709381580352783,-0.1842065453529358,0.09436710178852081,0.20433863997459412,0.13650281727313995,0.1579371690750122,-0.037994109094142914,0.07989494502544403,-0.03801730275154114,0.23918384313583374,-0.11595518887042999,0.06140982359647751,-0.6940730810165405,1.442399501800537,0.3518642485141754,-0.0015489954967051744,0.29195594787597656,-0.09617356956005096,-0.09992486238479614,0.5861586332321167,1.4823670387268066,-0.38999494910240173,-0.013377418741583824,1.3121466636657715
1.039285659790039,-1.1694605350494385,0.969752848148346,0.08941712975502014,-0.019472282379865646,0.2753758430480957,0.9569710493087769,-0.2304249107837677,-0.0779874324798584,-0.07415521144866943,0.7161303758621216,-0.22392524778842926,0.07405154407024384,-0.24173502624034882,-0.18218499422073364,0.07305250316858292,0.21535292267799377,0.09821566939353943,0.15262523293495178,-0.014611941762268543,0.08656717836856842,-0.04996946454048157,0.23893678188323975,-0.11082109808921814,0.06870366632938385,-0.6763731241226196,1.4352643489837646,0.34267061948776245,-0.0062247226014733315,0.3002563416957855,-0.09698951244354248,-0.09812278300523758,0.5875174403190613,1.482724905014038,-0.38625115156173706,-0.012592117302119732,1.3167462348937988
1.066014051437378,-1.1618068218231201,0.9758256673812866,0.09279035776853561,-0.01715836673974991,0.2721508741378784,0.9576165676116943,-0.3077241778373718,-0.05564035102725029,0.00471935048699379,0.7582700848579407,-0.15636910498142242,0.10486815869808197,-0.21456924080848694,-0.18411989510059357,0.055234942585229874,0.22961589694023132,0.05918404832482338,0.1503201127052307,0.012176355347037315,0.09314358234405518,-0.0670425146818161,0.23745153844356537,-0.10460510104894638,0.0776054635643959,-0.6593708395957947,1.4215625524520874,0.33424055576324463,-0.013559331186115742,0.3078210651874542,-0.09695985168218613,-0.0969497337937355,0.5852571725845337,1.481934905052185,-0.38088545203208923,-0.013182197697460651,1.3197523355484009
1.0910205841064453,-1.152390718460083,0.9803599715232849,0.09440810233354568,-0.01455570850521326,0.26770660281181335,0.9587535262107849,-0.3716358542442322,-0.03973357379436493,0.067987821996212,0.7406353950500488,-0.11263729631900787,0.13017255067825317,-0.18898096680641174,-0.188876211643219,0.042222701013088226,0.2451496422290802,0.019927889108657837,0.1533251404762268,0.041938669979572296,0.09715650975704193,-0.08348288387060165,0.23539385199546814,-0.0927063375711441,0.08764171600341797,-0.638724684715271,1.4142394065856934,0.3252236843109131,-0.02121170051395893,0.31091031432151794,-0.09841758012771606,-0.09349072724580765,0.5765457153320312,1.4820245504379272,-0.3737579882144928,-0.015962835401296616,1.3221657276153564
1.118289589881897,-1.1400723457336426,0.9832687377929688,0.09203727543354034,-0.010597256012260914,0.2632639408111572,0.960265040397644,-0.40470975637435913,-0.03638555482029915,0.12455260753631592,0.6366093158721924,-0.07659607380628586,0.15212884545326233,-0.1636083722114563,-0.190130352973938,0.030050145462155342,0.2633819282054901,-0.02591365948319435,0.15735630691051483,0.07999233901500702,0.09410031139850616,-0.09568335115909576,0.23579353094100952,-0.06534582376480103,0.10102565586566925,-0.6095808744430542,1.4155595302581787,0.3161919414997101,-0.02768603153526783,0.3073897957801819,-0.09657321870326996,-0.0901542529463768,0.555442750453949,1.4811007976531982,-0.3602915406227112,-0.02290816232562065,1.3227508068084717
1.1484163999557495,-1.1251988410949707,0.9838533401489258,0.08824874460697174,-0.007193112280219793,0.258144736289978,0.962040364742279,-0.41905906796455383,-0.03579103574156761,0.1731855422258377,0.5079754590988159,-0.04417093098163605,0.16571550071239471,-0.1375831663608551,-0.19011089205741882,0.021793536841869354,0.29111209511756897,-0.08114214986562729,0.1550893485546112,0.1190020740032196,0.08879444003105164,-0.10690727829933167,0.23571383953094482,-0.0281621553003788,0.11444707959890366,-0.5722739696502686,1.4164366722106934,0.3073359727859497,-0.0343136340379715,0.3015500009059906,-0.08969995379447937,-0.08983805775642395,0.5247467756271362,1.4774869680404663,-0.3418194353580475,-0.03201631084084511,1.3199032545089722
1.179980754852295,-1.1089272499084473,0.9813407063484192,0.08410405367612839,-0.00560735771432519,0.252086877822876,0.9640266299247742,-0.4313175678253174,-0.032745782285928726,0.21084937453269958,0.3976109027862549,-0.019015761092305183,0.1712898313999176,-0.11271391808986664,-0.18993186950683594,0.020052431151270866,0.3300475478172302,-0.1429164707660675,0.14808890223503113,0.15866534411907196,0.08731107413768768,-0.1214199811220169,0.23618365824222565,0.012161878868937492,0.12013018131256104,-0.5364042520523071,1.4171148538589478,0.30091893672943115,-0.03811917081475258,0.2913447320461273,-0.08529210835695267,-0.08851239085197449,0.4980837404727936,1.4727439880371094,-0.32414913177490234,-0.03803655877709389,1.3144887685775757
1.2118586301803589,-1.0921255350112915,0.9761334657669067,0.08026383817195892,-0.00565016595646739,0.24405567348003387,0.9664174914360046,-0.4499088525772095,-0.021625695750117302,0.23886963725090027,0.3146520256996155,0.0028389859944581985,0.16944365203380585,-0.08718236535787582,-0.19134093821048737,0.026691682636737823,0.37171173095703125,-0.2051304131746292,0.14089001715183258,0.19682133197784424,0.08799058198928833,-0.1391933560371399,0.23636099696159363,0.049456045031547546,0.11565835773944855,-0.5050114393234253,1.416690707206726,0.2968101501464844,-0.04001596197485924,0.28339919447898865,-0.08233510702848434,-0.08918063342571259,0.47357261180877686,1.466846227645874,-0.3096449673175812,-0.041675180196762085,1.3040308952331543
1.242532730102539,-1.0751830339431763,0.9686122536659241,0.07677308470010757,-0.006616658065468073,0.23531927168369293,0.9688585996627808,-0.4756450653076172,-0.006827633827924728,0.2610294818878174,0.2563268542289734,0.022257570177316666,0.16461928188800812,-0.06241069734096527,-0.19315996766090393,0.03905055671930313,0.4142366051673889,-0.2652750015258789,0.1347813606262207,0.2326250672340393,0.09086503088474274,-0.15436917543411255,0.23492400348186493,0.07801395654678345,0.10527265816926956,-0.479313462972641,1.411454439163208,0.2947881817817688,-0.04125373065471649,0.28125953674316406,-0.08035601675510406,-0.09161006659269333,0.4533577561378479,1.4584916830062866,-0.30137553811073303,-0.044891778379678726,1.2885463237762451
1.2706329822540283,-1.0589897632598877,0.9598727822303772,0.0750923901796341,-0.007827982306480408,0.22832928597927094,0.970652163028717,-0.5089275240898132,0.004360381513834,0.27950361371040344,0.21920114755630493,0.039283979684114456,0.15944746136665344,-0.04038594663143158,-0.19571453332901,0.05347482115030289,0.45633482933044434,-0.32135626673698425,0.12932884693145752,0.26340603828430176,0.09571672976016998,-0.16696852445602417,0.23352262377738953,0.09473549574613571,0.09071151912212372,-0.4599820673465729,1.4002994298934937,0.29295873641967773,-0.04202723503112793,0.2848079800605774,-0.08134603500366211,-0.094046950340271,0.4383281469345093,1.4493188858032227,-0.299049973487854,-0.047307178378105164,1.2694334983825684
1.29632568359375,-1.0433212518692017,0.9507728219032288,0.07504920661449432,-0.009170538745820522,0.22365255653858185,0.971731960773468,-0.5408570766448975,0.011053148657083511,0.2954098582267761,0.195561483502388,0.0549713559448719,0.15407004952430725,-0.02154986932873726,-0.1999342143535614,0.06601117551326752,0.4960746765136719,-0.37191689014434814,0.12613701820373535,0.28420859575271606,0.10077881067991257,-0.1768484115600586,0.23270729184150696,0.10079360008239746,0.07592882215976715,-0.44861382246017456,1.3846023082733154,0.29262349009513855,-0.04305604100227356,0.29283466935157776,-0.08301209658384323,-0.09630058705806732,0.42765745520591736,1.4415299892425537,-0.30267196893692017,-0.048862531781196594,1.2488881349563599
1.3216732740402222,-1.0268243551254272,0.9410479664802551,0.0749821811914444,-0.010903945192694664,0.22011376917362213,0.9725269675254822,-0.5622419118881226,0.01651143655180931,0.30688294768333435,0.1814141422510147,0.06940963864326477,0.1481325328350067,-0.0051264166831970215,-0.20375284552574158,0.07624758034944534,0.5348474979400635,-0.41804733872413635,0.12451787292957306,0.2972673177719116,0.10459853708744049,-0.18550549447536469,0.23457756638526917,0.10564465075731277,0.06709755957126617,-0.43966954946517944,1.3667211532592773,0.29441139101982117,-0.04472536966204643,0.30347245931625366,-0.08222630620002747,-0.09582463651895523,0.4229356646537781,1.4340468645095825,-0.31108006834983826,-0.050496865063905716,1.2293014526367188
1.3479387760162354,-1.008534550666809,0.9302477836608887,0.07418736070394516,-0.012521074153482914,0.2177535742521286,0.9730995893478394,-0.5690324306488037,0.022634461522102356,0.3124365508556366,0.17617076635360718,0.0826120376586914,0.1412138193845749,0.008138076402246952,-0.20834165811538696,0.08370966464281082,0.5746675133705139,-0.46218597888946533,0.12535929679870605,0.30419430136680603,0.10413557291030884,-0.19156473875045776,0.23993271589279175,0.10901450365781784,0.06597428023815155,-0.43249377608299255,1.3521199226379395,0.2979079484939575,-0.04466075450181961,0.31301599740982056,-0.07992176711559296,-0.09254112094640732,0.4239201247692108,1.427846074104309,-0.3215177655220032,-0.051126591861248016,1.2136107683181763
1.3741185665130615,-0.989254891872406,0.918056070804596,0.07277848571538925,-0.01481748465448618,0.21478955447673798,0.9738322496414185,-0.5754764676094055,0.02883128821849823,0.307943731546402,0.19126588106155396,0.09371010959148407,0.13852368295192719,0.016447775065898895,-0.21316643059253693,0.08535081148147583,0.6207157373428345,-0.5033332109451294,0.12761123478412628,0.30460938811302185,0.10471586883068085,-0.19975832104682922,0.24339774250984192,0.10460971295833588,0.06940601766109467,-0.427227258682251,1.347961187362671,0.3014899492263794,-0.04248863086104393,0.3187847137451172,-0.07975119352340698,-0.088154137134552,0.43042221665382385,1.4234600067138672,-0.3325616717338562,-0.051365360617637634,1.2038079500198364
1.4008502960205078,-0.9685786962509155,0.904408872127533,0.07295480370521545,-0.017020927742123604,0.21201063692569733,0.9743918180465698,-0.5908571481704712,0.03181768208742142,0.29193615913391113,0.23174911737442017,0.09935478866100311,0.1424809992313385,0.012731684371829033,-0.2194194793701172,0.08682388067245483,0.6820071935653687,-0.5449090600013733,0.13086020946502686,0.3001391291618347,0.10997691750526428,-0.20851857960224152,0.2406986951828003,0.0910981297492981,0.07520082592964172,-0.4288770258426666,1.344957947731018,0.3047308623790741,-0.040944840759038925,0.32478585839271545,-0.08589805662631989,-0.08202022314071655,0.44269031286239624,1.4196001291275024,-0.3429395258426666,-0.051978662610054016,1.1957446336746216
1.4269917011260986,-0.9477710723876953,0.8903020620346069,0.07506805658340454,-0.018489480018615723,0.20817930996418,0.9750304222106934,-0.625234842300415,0.030989788472652435,0.265702486038208,0.31297072768211365,0.09310752153396606,0.15342222154140472,-0.005019739270210266,-0.22633007168769836,0.09044326096773148,0.755494236946106,-0.5886871218681335,0.1322755068540573,0.29370713233947754,0.12029993534088135,-0.21680746972560883,0.23326867818832397,0.068228580057621,0.08377545326948166,-0.4391546845436096,1.3386675119400024,0.31082892417907715,-0.03936944156885147,0.3341065049171448,-0.09824539721012115,-0.07551871985197067,0.4606724977493286,1.4151074886322021,-0.3550053834915161,-0.05378884822130203,1.1875487565994263
1.4508814811706543,-0.9281737804412842,0.8755826950073242,0.07927655428647995,-0.01981205679476261,0.2033984214067459,0.9756801724433899,-0.6821414232254028,0.02744445763528347,0.23858270049095154,0.4281499981880188,0.24052007496356964,0.16479864716529846,-0.03674556314945221,-0.2330237627029419,0.09796467423439026,0.8420170545578003,-0.636028528213501,0.13101936876773834,0.29216837882995605,0.14000053703784943,-0.21954749524593353,0.22160673141479492,0.03929585590958595,0.09204763919115067,-0.46070215106010437,1.3274309635162354,0.3194112777709961,-0.0375627800822258,0.34640055894851685,-0.11665591597557068,-0.0703592300415039,0.47996264696121216,1.4129631519317627,-0.3651226758956909,-0.056187864392995834,1.1801092624664307
1.4707653522491455,-0.9115658402442932,0.8627488017082214,0.08455382287502289,-0.021101143211126328,0.19894996285438538,0.9761272668838501,-0.7470753788948059,0.02579188346862793,0.21651753783226013,0.5464751720428467,0.16660882532596588,0.16925360262393951,-0.07016917318105698,-0.2385425716638565,0.1092153936624527,0.9206310510635376,-0.6794013977050781,0.12892945110797882,0.29028835892677307,0.16386601328849792,-0.21896395087242126,0.2152247130870819,0.010144508443772793,0.10064728558063507,-0.49085402488708496,1.3107526302337646,0.3328533172607422,-0.03597119450569153,0.36058467626571655,-0.13528317213058472,-0.06453759968280792,0.5020540952682495,1.4095311164855957,-0.3762245774269104,-0.05972753465175629,1.173437237739563
1.48527193069458,-0.8975492715835571,0.8518548607826233,0.09155327826738358,-0.020940344780683517,0.19699089229106903,0.9758965373039246,-0.8038098812103271,0.021138859912753105,0.2045140266418457,0.6325597763061523,0.12210039049386978,0.16732364892959595,-0.09982414543628693,-0.24876734614372253,0.12524674832820892,0.9855200052261353,-0.7165941596031189,0.1312049776315689,0.2912098169326782,0.18367406725883484,-0.219096839427948,0.2090725302696228,-0.01562911458313465,0.10915493965148926,-0.5239502191543579,1.288374900817871,0.3487805128097534,-0.03554816544055939,0.3722469210624695,-0.1499362587928772,-0.06326718628406525,0.5124521255493164,1.4142950773239136,-0.38234686851501465,-0.05998503416776657,1.169100046157837
1.4944396018981934,-0.886704683303833,0.8416471481323242,0.09840777516365051,-0.01988392323255539,0.19754284620285034,0.9751396775245667,-0.8583242297172546,0.01587754487991333,0.19840893149375916,0.7008827328681946,0.09468337148427963,0.16184182465076447,-0.1253395676612854,-0.25954917073249817,0.14290346205234528,1.0412938594818115,-0.7498775124549866,0.1323675513267517,0.29610779881477356,0.20333820581436157,-0.21891140937805176,0.19861425459384918,-0.04216223955154419,0.11790484935045242,-0.5591155886650085,1.26633620262146,0.3639477491378784,-0.034208931028842926,0.381866991519928,-0.16510054469108582,-0.06336347758769989,0.5184054374694824,1.420230746269226,-0.38516998291015625,-0.05906902626156807,1.164980173110962
1.4994406700134277,-0.879431962966919,0.8307422399520874,0.1053173765540123,-0.018392028287053108,0.19942137598991394,0.9740642309188843,-0.9167769551277161,0.011766638606786728,0.19721370935440063,0.7717138528823853,0.07459887117147446,0.15395984053611755,-0.14571312069892883,-0.2712719738483429,0.16055519878864288,1.0931620597839355,-0.7830270528793335,0.13372987508773804,0.2970324754714966,0.22404013574123383,-0.22407275438308716,0.18809619545936584,-0.07111205905675888,0.12476631999015808,-0.5973618626594543,1.2487239837646484,0.377473384141922,-0.03318402171134949,0.389442503452301,-0.18159884214401245,-0.06391075253486633,0.5250503420829773,1.426048994064331,-0.38642504811286926,-0.05725230649113655,1.1611318588256836
1.502984642982483,-0.8745812773704529,0.819694995880127,0.11252550780773163,-0.01622304692864418,0.2021794468164444,0.9727272391319275,-0.9778138399124146,0.009174162521958351,0.19960558414459229,0.8460460901260376,0.056820668280124664,0.14455583691596985,-0.16072212159633636,-0.28472113609313965,0.17720502614974976,1.139505386352539,-0.8028500080108643,0.13796547055244446,0.297925740480423,0.24271824955940247,-0.231251060962677,0.17449074983596802,-0.09983665496110916,0.13144142925739288,-0.6372348666191101,1.2325835227966309,0.390248566865921,-0.03285841643810272,0.39593255519866943,-0.19987906515598297,-0.06688777357339859,0.5299063324928284,1.4290943145751953,-0.38590872287750244,-0.05556308850646019,1.1555390357971191
1.5069944858551025,-0.8710745573043823,0.807161271572113,0.11903969198465347,-0.014918274246156216,0.2048887461423874,0.9714049696922302,-1.0396711826324463,0.010494607500731945,0.20377248525619507,0.9258074760437012,0.03836536779999733,0.13619956374168396,-0.16802814602851868,-0.2968152165412903,0.19179409742355347,1.1842689514160156,-0.8028500080108643,0.14428047835826874,0.29611289501190186,0.25815337896347046,-0.23680108785629272,0.1595909297466278,-0.12371544539928436,0.13562053442001343,-0.6730384230613708,1.2282606363296509,0.40172913670539856,-0.03157692402601242,0.3986958861351013,-0.21523404121398926,-0.06904438883066177,0.5346009731292725,1.4305299520492554,-0.3852611780166626,-0.05365469306707382,1.15079665184021
1.5124109983444214,-0.8674701452255249,0.7940418124198914,0.12473807483911514,-0.014074301347136497,0.20621073246002197,0.9704223275184631,-1.0996668338775635,0.014045000076293945,0.2084595263004303,1.008025050163269,0.017545072361826897,0.1303514838218689,-0.16997528076171875,-0.30779752135276794,0.2047867476940155,1.2255414724349976,-0.8028500080108643,0.15336191654205322,0.2927874028682709,0.27163177728652954,-0.23991189897060394,0.1437123417854309,-0.14812102913856506,0.13970617949962616,-0.7122281789779663,1.218736171722412,0.41464322805404663,-0.03083849884569645,0.4025334119796753,-0.2290433645248413,-0.07010836154222488,0.5447656512260437,1.4273864030838013,-0.38622331619262695,-0.05328238010406494,1.1454849243164062
1.5192046165466309,-0.8637473583221436,0.7800115942955017,0.1293824315071106,-0.013052176684141159,0.20606493949890137,0.9698593020439148,-1.152105689048767,0.017976298928260803,0.211457759141922,1.079705834388733,-0.002152075059711933,0.12465264648199081,-0.16759639978408813,-0.3177988529205322,0.21651870012283325,1.2638267278671265,-0.8028500080108643,0.1653350442647934,0.2888435423374176,0.2823915183544159,-0.2427608072757721,0.13141916692256927,-0.16784891486167908,0.14397314190864563,-0.7488689422607422,1.2082675695419312,0.4283016324043274,-0.030181333422660828,0.4056752622127533,-0.2388376146554947,-0.07260068506002426,0.5535498261451721,1.422542691230774,-0.38683247566223145,-0.05330488085746765,1.1409190893173218
1.52718186378479,-0.8596396446228027,0.7652788162231445,0.13216738402843475,-0.010993448086082935,0.20514029264450073,0.96970534324646,-1.192720890045166,0.02069535106420517,0.209894597530365,1.1314271688461304,-0.017913123592734337,0.1181272566318512,-0.16291654109954834,-0.3255893588066101,0.22764337062835693,1.2982007265090942,-0.8028500080108643,0.17894572019577026,0.28610777854919434,0.2910884618759155,-0.24457955360412598,0.12218731641769409,-0.18321493268013,0.14778324961662292,-0.7847804427146912,1.2020447254180908,0.4402976334095001,-0.02938678115606308,0.4055401086807251,-0.2464664727449417,-0.07430055737495422,0.560877799987793,1.4187228679656982,-0.38555458188056946,-0.05259495601058006,1.1386497020721436
1.5357953310012817,-0.8550480604171753,0.7506251335144043,0.13318173587322235,-0.008348415605723858,0.2028593271970749,0.9700726866722107,-1.223314642906189,0.021371684968471527,0.20460793375968933,1.1659889221191406,-0.02971893548965454,0.11213046312332153,-0.15609215199947357,-0.33178871870040894,0.23875786364078522,1.326886534690857,-0.8028500080108643,0.19285009801387787,0.28493207693099976,0.29821333289146423,-0.24864789843559265,0.11465956270694733,-0.19263246655464172,0.15334105491638184,-0.8148589730262756,1.1978471279144287,0.44892460107803345,-0.027933865785598755,0.40283286571502686,-0.25162914395332336,-0.07328275591135025,0.5673448443412781,1.4153401851654053,-0.382503867149353,-0.051564380526542664,1.1381416320800781
1.544508695602417,-0.8499349355697632,0.7360038757324219,0.13269449770450592,-0.005472009535878897,0.1991211473941803,0.9709340929985046,-1.2478963136672974,0.020778357982635498,0.19587552547454834,1.190627932548523,-0.03789108991622925,0.10717404633760452,-0.14867864549160004,-0.33697521686553955,0.24926875531673431,1.3518348932266235,-0.8028500080108643,0.204399973154068,0.28670406341552734,0.3054424822330475,-0.25393539667129517,0.10670409351587296,-0.19803807139396667,0.15885862708091736,-0.8364278674125671,1.1953250169754028,0.45461562275886536,-0.025379639118909836,0.40042251348495483,-0.25478705763816833,-0.06965526193380356,0.5742571353912354,1.4120577573776245,-0.3790315091609955,-0.05082014203071594,1.1392096281051636
1.5524237155914307,-0.8450222015380859,0.7236560583114624,0.13220340013504028,-0.0032645398750901222,0.1945342868566513,0.9719403386116028,-1.2642195224761963,0.01812683790922165,0.18498986959457397,1.2068727016448975,-0.044574007391929626,0.10248804837465286,-0.14067822694778442,-0.3432157039642334,0.25830337405204773,1.3700441122055054,-0.8028500080108643,0.21439999341964722,0.2879074811935425,0.31169402599334717,-0.2589987516403198,0.10407114028930664,-0.19726510345935822,0.16362228989601135,-0.8502720594406128,1.1915780305862427,0.45983678102493286,-0.021244347095489502,0.39772146940231323,-0.25313496589660645,-0.0657452642917633,0.5799538493156433,1.4101057052612305,-0.3758644461631775,-0.049184706062078476,1.1440403461456299
1.5594199895858765,-0.8407938480377197,0.7145631909370422,0.13094201683998108,-0.0014585328754037619,0.1900295913219452,0.9730060696601868,-1.271857500076294,0.015839630737900734,0.17075252532958984,1.2122063636779785,-0.047958169132471085,0.09660758078098297,-0.13293424248695374,-0.34908825159072876,0.2648717164993286,1.3793609142303467,-0.8028500080108643,0.22246158123016357,0.29141712188720703,0.31551218032836914,-0.2621557116508484,0.10395221412181854,-0.19226710498332977,0.16726931929588318,-0.8580505847930908,1.1895512342453003,0.463447630405426,-0.017050452530384064,0.39593714475631714,-0.2482401579618454,-0.06184999272227287,0.5829704403877258,1.4100626707077026,-0.3725973963737488,-0.047384656965732574,1.150606393814087
1.5657622814178467,-0.8372983932495117,0.7075300216674805,0.1285884827375412,-0.0006988728418946266,0.18489240109920502,0.9743096232414246,-1.273831844329834,0.015411239117383957,0.15527352690696716,1.2148804664611816,-0.04927615076303482,0.09072130918502808,-0.12459121644496918,-0.3531646728515625,0.2686696946620941,1.3832895755767822,-0.8028500080108643,0.2265283465385437,0.2962605357170105,0.3177722990512848,-0.26240023970603943,0.10518717765808105,-0.18554452061653137,0.16964106261730194,-0.8603314757347107,1.190091848373413,0.4631640315055847,-0.012934154830873013,0.3936960697174072,-0.2424781620502472,-0.055974386632442474,0.5847140550613403,1.4118927717208862,-0.36844122409820557,-0.04513070359826088,1.1591639518737793
1.5716614723205566,-0.834624171257019,0.702817976474762,0.1252439022064209,-0.00040103899664245546,0.1789049357175827,0.9758620858192444,-1.2687220573425293,0.01621417887508869,0.13784965872764587,1.2129795551300049,-0.04998812824487686,0.08400720357894897,-0.11761599034070969,-0.3559550940990448,0.2692396640777588,1.3821204900741577,-0.8028500080108643,0.2269514501094818,0.30102428793907166,0.31935644149780273,-0.2618007957935333,0.1081397533416748,-0.18082964420318604,0.17078369855880737,-0.8621072173118591,1.1923631429672241,0.46120327711105347,-0.008872662670910358,0.3913780748844147,-0.23870189487934113,-0.05065352842211723,0.5873217582702637,1.4157218933105469,-0.36411038041114807,-0.04199202358722687,1.1691770553588867
1.5770280361175537,-0.832615852355957,0.7012880444526672,0.1212611123919487,-0.000410322449170053,0.17220446467399597,0.977569043636322,-1.2619539499282837,0.01763184741139412,0.12072986364364624,1.2087546586990356,-0.05119521915912628,0.0778353214263916,-0.11274364590644836,-0.35646969079971313,0.26666006445884705,1.3751707077026367,-0.8028500080108643,0.2240239381790161,0.30985745787620544,0.32159021496772766,-0.25867313146591187,0.10652056336402893,-0.178970068693161,0.17033590376377106,-0.8629509210586548,1.2001906633377075,0.4580899477005005,-0.0049214656464755535,0.3909022808074951,-0.23817750811576843,-0.04689747467637062,0.5904563069343567,1.4202231168746948,-0.3598242402076721,-0.03976334258913994,1.178151249885559
1.582056999206543,-0.8311827778816223,0.7043331265449524,0.11752573400735855,-0.0005118234548717737,0.16516011953353882,0.9792393445968628,-1.2488188743591309,0.019560255110263824,0.10643754154443741,1.1964683532714844,-0.051916733384132385,0.07169350981712341,-0.10931611806154251,-0.356352299451828,0.26210129261016846,1.3587567806243896,-0.8028500080108643,0.218427374958992,0.319801926612854,0.3225536048412323,-0.2506723701953888,0.10176163166761398,-0.17677877843379974,0.16865843534469604,-0.8595296740531921,1.2057340145111084,0.4535392224788666,-0.0015157385496422648,0.39291101694107056,-0.23748698830604553,-0.04505125433206558,0.5922384858131409,1.4229060411453247,-0.3550625741481781,-0.03883097320795059,1.1852173805236816
1.5872161388397217,-0.8293945789337158,0.7126091718673706,0.11324513703584671,0.00016439984028693289,0.15768858790397644,0.9809739589691162,-1.2293720245361328,0.021745406091213226,0.09467360377311707,1.1765210628509521,0.03886813670396805,0.06666593998670578,-0.1052633672952652,-0.3551803529262543,0.25487393140792847,1.3272491693496704,-0.8028500080108643,0.21219870448112488,0.32880184054374695,0.32070109248161316,-0.24288883805274963,0.09772839397192001,-0.17206454277038574,0.16626624763011932,-0.8505148887634277,1.2112513780593872,0.44814348220825195,0.0013324414612725377,0.39613693952560425,-0.23477020859718323,-0.04308391362428665,0.595687985420227,1.4222360849380493,-0.3525617718696594,-0.03968362137675285,1.1910446882247925
1.5927231311798096,-0.8267874121665955,0.7260482907295227,0.10812555998563766,0.0028154405299574137,0.14991678297519684,0.9827644228935242,-1.2031898498535156,0.024021126329898834,0.08603653311729431,1.1461446285247803,0.006166093051433563,0.06311806291341782,-0.10056589543819427,-0.35426458716392517,0.24515782296657562,1.2776076793670654,-0.8028500080108643,0.20762121677398682,0.3387436866760254,0.3138522803783417,-0.2316974252462387,0.09236762672662735,-0.16754329204559326,0.1637776494026184,-0.8412582278251648,1.2131145000457764,0.4419138431549072,0.0028340271674096584,0.39996790885925293,-0.23139220476150513,-0.04154115170240402,0.5999350547790527,1.4191319942474365,-0.35131949186325073,-0.042188048362731934,1.1954175233840942
1.5979955196380615,-0.8237051963806152,0.743891716003418,0.10220886021852493,0.00785205326974392,0.14167377352714539,0.9845913648605347,-1.1681709289550781,0.02809075638651848,0.08036774396896362,1.098602533340454,-0.012054551392793655,0.05834539234638214,-0.09817063808441162,-0.35361433029174805,0.23365044593811035,1.2127033472061157,-0.8028500080108643,0.2034977674484253,0.3497416079044342,0.30282700061798096,-0.2165951430797577,0.08612736314535141,-0.16683906316757202,0.16156063973903656,-0.8348321914672852,1.210689663887024,0.43549230694770813,0.0036798971705138683,0.40641504526138306,-0.22980360686779022,-0.03959560766816139,0.6066250801086426,1.4144017696380615,-0.35320764780044556,-0.0457095243036747,1.1965299844741821
1.6014907360076904,-0.820268988609314,0.7645237445831299,0.0949808806180954,0.013966744765639305,0.13259468972682953,0.9865100979804993,-1.1232118606567383,0.034487225115299225,0.07653386890888214,1.0359106063842773,0.05006600543856621,0.05522509291768074,-0.09891819953918457,-0.3504735827445984,0.22035470604896545,1.1388089656829834,-0.8028500080108643,0.2005351185798645,0.3567679524421692,0.28896868228912354,-0.19332347810268402,0.08215750008821487,-0.17456096410751343,0.16002383828163147,-0.8322964906692505,1.1978858709335327,0.42911192774772644,0.004194481298327446,0.41830727458000183,-0.22725483775138855,-0.03809735178947449,0.6128237843513489,1.4086304903030396,-0.35885536670684814,-0.049939483404159546,1.1945786476135254
1.6036665439605713,-0.8157764673233032,0.7879130840301514,0.0863376185297966,0.021140672266483307,0.12305258959531784,0.9884113073348999,-1.0659971237182617,0.04253442585468292,0.07604421675205231,0.9571301937103271,0.06966263055801392,0.05436715483665466,-0.10194441676139832,-0.3442647457122803,0.20505931973457336,1.054294466972351,-0.8028500080108643,0.19856372475624084,0.3576638698577881,0.26988857984542847,-0.1641426980495453,0.08456915616989136,-0.19145838916301727,0.15834766626358032,-0.8290309906005859,1.1869710683822632,0.4215233325958252,0.006782629527151585,0.4332953989505768,-0.22285747528076172,-0.03896054998040199,0.6164160966873169,1.404770016670227,-0.3653796911239624,-0.052765004336833954,1.1924415826797485
1.6048190593719482,-0.8104362487792969,0.8102824687957764,0.07883168011903763,0.029058601707220078,0.11658924072980881,0.9896202087402344,-1.0018982887268066,0.045779600739479065,0.0821991115808487,0.863977313041687,0.08334138244390488,0.05623368173837662,-0.10670346021652222,-0.33923816680908203,0.18881025910377502,0.9714982509613037,-0.7954354286193848,0.2009279578924179,0.3640034794807434,0.2435307502746582,-0.13278082013130188,0.08704401552677155,-0.19151008129119873,0.1591196060180664,-0.8166170120239258,1.17422616481781,0.4167541563510895,0.009721636772155762,0.44156402349472046,-0.20720772445201874,-0.04500966891646385,0.6071131825447083,1.404792070388794,-0.3720960021018982,-0.05431842803955078,1.1934473514556885
1.6069979667663574,-0.8052735328674316,0.8279476165771484,0.07162149250507355,0.037340957671403885,0.1145620197057724,0.9901270270347595,-0.9356816411018372,0.04517627879977226,0.09027823805809021,0.7677839398384094,0.09625131636857986,0.06302843987941742,-0.11693571507930756,-0.3313567638397217,0.1743314564228058,0.906138002872467,-0.7716129422187805,0.20665095746517181,0.36961713433265686,0.21306131780147552,-0.10550200939178467,0.08747947961091995,-0.18285678327083588,0.16172091662883759,-0.7961398363113403,1.1783610582351685,0.40964749455451965,0.014064081013202667,0.4407947361469269,-0.19304630160331726,-0.05358275771141052,0.5914247035980225,1.408991813659668,-0.3759397864341736,-0.05406961590051651,1.1951619386672974
1.6110409498214722,-0.7987951040267944,0.840821385383606,0.06518825143575668,0.0446743443608284,0.11759461462497711,0.9899122714996338,-0.8625026941299438,0.0389082208275795,0.09906917810440063,0.668860912322998,0.10699363052845001,0.07492677122354507,-0.13048973679542542,-0.3261684477329254,0.16518639028072357,0.857802152633667,-0.7292081117630005,0.21881529688835144,0.3683605492115021,0.17750529944896698,-0.08506789058446884,0.08736204355955124,-0.16489654779434204,0.16285666823387146,-0.7682645320892334,1.1786413192749023,0.4025418758392334,0.01691605895757675,0.43413782119750977,-0.17554429173469543,-0.05879274755716324,0.5761199593544006,1.4103015661239624,-0.382665753364563,-0.054225027561187744,1.195849895477295
1.6189930438995361,-0.7890340089797974,0.8612769246101379,0.05982503294944763,0.049656953662633896,0.12793584167957306,0.9887303113937378,-0.7815041542053223,0.02417013980448246,0.10563711822032928,0.5722951889038086,0.11161606013774872,0.09496420621871948,-0.1481017917394638,-0.3220669627189636,0.1567200869321823,0.8347725868225098,-0.6896840333938599,0.22954261302947998,0.3516603708267212,0.14376689493656158,-0.07114128023386002,0.09491655230522156,-0.14474375545978546,0.15963466465473175,-0.7349209785461426,1.1868183612823486,0.395733505487442,0.020102083683013916,0.42019516229629517,-0.1542111188173294,-0.06396658718585968,0.559535801410675,1.4149470329284668,-0.3900338411331177,-0.051362425088882446,1.1998786926269531
1.6313714981079102,-0.7750335931777954,0.884629487991333,0.055367179214954376,0.05110080540180206,0.14743274450302124,0.9861981272697449,-0.6958155035972595,0.000856669619679451,0.10533050447702408,0.4884384274482727,0.1063428595662117,0.12223374843597412,-0.1631605625152588,-0.31235843896865845,0.14670470356941223,0.8123927116394043,-0.626670241355896,0.2317751944065094,0.3203258514404297,0.11465692520141602,-0.06022918224334717,0.10350142419338226,-0.12732626497745514,0.14882159233093262,-0.7001082897186279,1.200740933418274,0.38641679286956787,0.021428700536489487,0.4035438001155853,-0.13151860237121582,-0.06532476097345352,0.5424079895019531,1.4177049398422241,-0.3961750864982605,-0.04850974306464195,1.2035921812057495
1.646946907043457,-0.7571398019790649,0.903380811214447,0.05294350907206535,0.04912625625729561,0.176080122590065,0.9817227125167847,-0.6117473244667053,-0.030877595767378807,0.09329395741224289,0.4187019467353821,0.0950031504034996,0.15016034245491028,-0.18117405474185944,-0.2961363196372986,0.13870622217655182,0.80838543176651,-0.5654353499412537,0.2269592583179474,0.27422279119491577,0.09418752044439316,-0.05239630863070488,0.11245749890804291,-0.12619850039482117,0.13150019943714142,-0.6818852424621582,1.2124563455581665,0.3778514862060547,0.020509790629148483,0.3875090777873993,-0.11456447094678879,-0.06623298674821854,0.5283699631690979,1.4197624921798706,-0.39808839559555054,-0.04551976919174194,1.2070119380950928
1.6648647785186768,-0.7372079491615295,0.9184167385101318,0.05265120416879654,0.04141950234770775,0.21448767185211182,0.9744266867637634,-0.5227910280227661,-0.06763800978660583,0.06484810262918472,0.3653682470321655,0.07457587867975235,0.17824901640415192,-0.22466695308685303,-0.27366480231285095,0.13165128231048584,0.836066484451294,-0.530707061290741,0.21453163027763367,0.2006351351737976,0.08556922525167465,-0.04830821231007576,0.12216786295175552,-0.12895087897777557,0.11167585104703903,-0.6685184240341187,1.2266769409179688,0.37286612391471863,0.01865704171359539,0.3756367862224579,-0.09676365554332733,-0.06916075944900513,0.5182940363883972,1.4153836965560913,-0.39844298362731934,-0.04587366431951523,1.2109782695770264
1.6836678981781006,-0.7152113318443298,0.9302954077720642,0.052559107542037964,0.03002517856657505,0.25633299350738525,0.9646913409233093,-0.43475067615509033,-0.09875945001840591,0.022761270403862,0.3302006125450134,0.04533136636018753,0.1982671171426773,-0.2847900986671448,-0.25271302461624146,0.12040814012289047,0.8802690505981445,-0.5170710682868958,0.1993093192577362,0.11220480501651764,0.08564917743206024,-0.047576770186424255,0.1306689977645874,-0.14276005327701569,0.0916195958852768,-0.6626632213592529,1.236314058303833,0.37073731422424316,0.015323466621339321,0.3699451684951782,-0.08264601230621338,-0.08430921286344528,0.5068380832672119,1.408129096031189,-0.39513665437698364,-0.047511592507362366,1.2136048078536987
1.7045141458511353,-0.6920204162597656,0.9393174648284912,0.052449628710746765,0.017139775678515434,0.2976084351539612,0.9530920386314392,-0.35363829135894775,-0.12220589816570282,-0.027284901589155197,0.3189408779144287,0.0056957099586725235,0.20863565802574158,-0.362468421459198,-0.2353387475013733,0.10407450795173645,0.9218174815177917,-0.48261478543281555,0.18289920687675476,0.025982938706874847,0.08907842636108398,-0.04619947075843811,0.13328266143798828,-0.15404002368450165,0.06876860558986664,-0.6573665738105774,1.2628681659698486,0.3687126338481903,0.0131566496565938,0.36206090450286865,-0.07712744921445847,-0.10031099617481232,0.49657079577445984,1.4029486179351807,-0.387281209230423,-0.048966534435749054,1.2149920463562012
1.7277053594589233,-0.6682441234588623,0.9459564089775085,0.05193256959319115,0.004166872706264257,0.33522358536720276,0.9406969547271729,-0.27942121028900146,-0.13735558092594147,-0.07651665061712265,0.32508277893066406,-0.041610170155763626,0.20816746354103088,-0.44805708527565,-0.22069168090820312,0.08628638088703156,0.9400472044944763,-0.3257480561733246,0.1715453416109085,-0.05195837467908859,0.09447488188743591,-0.047382526099681854,0.13531389832496643,-0.1588621735572815,0.04593493416905403,-0.650446355342865,1.297970175743103,0.3679885268211365,0.010824711993336678,0.35345229506492615,-0.07526624202728271,-0.11118785291910172,0.48890870809555054,1.3991358280181885,-0.3780086040496826,-0.051841992884874344,1.2167552709579468
1.7522859573364258,-0.6428976058959961,0.9503360390663147,0.052783381193876266,-0.005131097510457039,0.3684689998626709,0.9281261563301086,-0.21022090315818787,-0.1494511216878891,-0.11753159016370773,0.3317086398601532,-0.08954379707574844,0.19632118940353394,-0.5160703063011169,-0.2190980315208435,0.06487847864627838,0.8709596395492554,-0.21588104963302612,0.17169883847236633,-0.11125217378139496,0.0946718230843544,-0.054244816303253174,0.13753806054592133,-0.1609848439693451,0.025576330721378326,-0.6472980976104736,1.3247013092041016,0.3679858446121216,0.004900936037302017,0.34835413098335266,-0.07465153932571411,-0.11803119629621506,0.47780489921569824,1.400935411453247,-0.36742347478866577,-0.053710635751485825,1.2170320749282837
1.77803635597229,-0.6162855625152588,0.9524068236351013,0.05420830473303795,-0.012847553938627243,0.3982996344566345,0.9155619740486145,-0.14471498131752014,-0.15637674927711487,-0.1553637981414795,0.3425896167755127,-0.14047513902187347,0.17778347432613373,-0.5525542497634888,-0.2281864732503891,0.03938261792063713,0.7331625819206238,-0.12700600922107697,0.1802332103252411,-0.16038434207439423,0.09039468318223953,-0.06406707316637039,0.1432824730873108,-0.1574142575263977,0.004485410638153553,-0.6490428447723389,1.341667652130127,0.3692839741706848,-0.004223862662911415,0.34673193097114563,-0.06639981269836426,-0.11997009068727493,0.4638798236846924,1.4037483930587769,-0.3581908941268921,-0.054573383182287216,1.2157704830169678
1.8020110130310059,-0.5912373065948486,0.952307403087616,0.057190459221601486,-0.022682156413793564,0.4245971143245697,0.9032895565032959,-0.07889202237129211,-0.1570053994655609,-0.19123417139053345,0.3560315668582916,-0.19061657786369324,0.15772303938865662,-0.5750839114189148,-0.2469145655632019,0.018994534388184547,0.5911850333213806,-0.055926769971847534,0.19417864084243774,-0.20069620013237,0.09213055670261383,-0.07443922758102417,0.14980551600456238,-0.15653815865516663,-0.01623733714222908,-0.6573784351348877,1.3485040664672852,0.37191760540008545,-0.014763951301574707,0.34682556986808777,-0.05903533473610878,-0.1178024485707283,0.4487863779067993,1.4096506834030151,-0.351813405752182,-0.05145653337240219,1.2157098054885864
1.8221468925476074,-0.5697696208953857,0.9506155252456665,0.061365727335214615,-0.03243064880371094,0.44509977102279663,0.892786979675293,-0.01895279809832573,-0.15290075540542603,-0.21775183081626892,0.36811113357543945,-0.23412320017814636,0.13896945118904114,-0.6008861064910889,-0.2674708962440491,0.014080015942454338,0.48304930329322815,-0.0009952671825885773,0.20445933938026428,-0.23677514493465424,0.10058607906103134,-0.07731291651725769,0.1529686152935028,-0.16865113377571106,-0.037472616881132126,-0.6740875244140625,1.3476386070251465,0.3750539720058441,-0.024778515100479126,0.3504076898097992,-0.057564325630664825,-0.11653772741556168,0.43938690423965454,1.4212836027145386,-0.34875088930130005,-0.04431169480085373,1.2186212539672852
1.8406355381011963,-0.5519542098045349,0.9478649497032166,0.06541129946708679,-0.04108602926135063,0.4599727392196655,0.8845667839050293,0.03190266340970993,-0.14290359616279602,-0.23601697385311127,0.38099920749664307,-0.27209609746932983,0.12087796628475189,-0.6251640319824219,-0.282401978969574,0.01829547993838787,0.4079040586948395,0.0418844036757946,0.20863008499145508,-0.26828616857528687,0.110035240650177,-0.07408000528812408,0.15811322629451752,-0.18204963207244873,-0.0524212084710598,-0.6952786445617676,1.3426518440246582,0.3791866898536682,-0.03387151658535004,0.3545975685119629,-0.06056579202413559,-0.11496972292661667,0.4372294545173645,1.4349792003631592,-0.3485534191131592,-0.03468983247876167,1.222434163093567
1.8600932359695435,-0.5346460938453674,0.9433899521827698,0.06943134218454361,-0.048516832292079926,0.472581684589386,0.8772069811820984,0.07680220901966095,-0.12783245742321014,-0.2529820203781128,0.40036189556121826,-0.31129056215286255,0.10242289304733276,-0.628194272518158,-0.2946583032608032,0.022825993597507477,0.3510730266571045,0.07770784199237823,0.20703214406967163,-0.2948598563671112,0.1117839515209198,-0.06893739104270935,0.16509242355823517,-0.18262305855751038,-0.06294437497854233,-0.721221923828125,1.3299534320831299,0.3849518299102783,-0.042686592787504196,0.35701513290405273,-0.056178055703639984,-0.11325282603502274,0.4374139606952667,1.4471452236175537,-0.3492448925971985,-0.024994339793920517,1.2255134582519531
1.8827890157699585,-0.5153776407241821,0.9357082843780518,0.07327563315629959,-0.05351719260215759,0.48413509130477905,0.8702756762504578,0.11521276831626892,-0.10966967046260834,-0.27296629548072815,0.43223023414611816,-0.35792723298072815,0.08472896367311478,-0.6020243167877197,-0.30094966292381287,0.02385559119284153,0.30613192915916443,0.103724405169487,0.20054876804351807,-0.31551557779312134,0.10185609757900238,-0.06380032002925873,0.17585664987564087,-0.1634150743484497,-0.07030628621578217,-0.739176869392395,1.3207083940505981,0.3887949287891388,-0.048014916479587555,0.3556273281574249,-0.04087485000491142,-0.10937313735485077,0.4355681538581848,1.4581390619277954,-0.348845511674881,-0.015852652490139008,1.228550672531128
1.9062778949737549,-0.49518266320228577,0.9242035150527954,0.07844805717468262,-0.055367354303598404,0.494459331035614,0.86388099193573,0.14431330561637878,-0.09299427270889282,-0.2894173562526703,0.47519758343696594,-0.40834909677505493,0.06810134649276733,-0.5661539435386658,-0.3068491220474243,0.02913355827331543,0.27909114956855774,0.12071572244167328,0.19552448391914368,-0.3265761435031891,0.08971095830202103,-0.059893012046813965,0.18318647146224976,-0.13634276390075684,-0.07519908249378204,-0.7397340536117554,1.3227874040603638,0.39018514752388,-0.0477992407977581,0.3503834903240204,-0.025014692917466164,-0.10440390557050705,0.4333752393722534,1.4686498641967773,-0.349283367395401,-0.006137847434729338,1.235072374343872
1.9296257495880127,-0.4756338596343994,0.9093813300132751,0.08441056311130524,-0.05465684086084366,0.5029847025871277,0.8584252595901489,0.1593988835811615,-0.0760326087474823,-0.2951982021331787,0.5292664170265198,-0.4588516354560852,0.053806204348802567,-0.537010133266449,-0.3083169460296631,0.03932497277855873,0.2777203917503357,0.12847839295864105,0.190466046333313,-0.32965371012687683,0.08035452663898468,-0.064263254404068,0.1846359670162201,-0.11018291115760803,-0.06318091601133347,-0.7293789982795715,1.3351225852966309,0.3898802697658539,-0.04340490698814392,0.3418121039867401,-0.017373137176036835,-0.09855591505765915,0.43415209650993347,1.475787878036499,-0.35032787919044495,0.0020220326259732246,1.2435214519500732
1.9532101154327393,-0.4568546414375305,0.8931518793106079,0.09043695777654648,-0.0517192967236042,0.5086196660995483,0.8546650409698486,0.16261693835258484,-0.05858975276350975,-0.29238438606262207,0.5841572284698486,-0.508219838142395,0.04523593932390213,-0.5207701921463013,-0.3052314519882202,0.05194701999425888,0.3002508282661438,0.2931663691997528,0.18515267968177795,-0.3270304501056671,0.07571136951446533,-0.07451401650905609,0.1829156130552292,-0.08994673937559128,-0.03602486848831177,-0.7156168818473816,1.3511706590652466,0.3879254460334778,-0.0366281159222126,0.3333613872528076,-0.017180785536766052,-0.09435367584228516,0.433574914932251,1.4797818660736084,-0.3495732545852661,0.007682120893150568,1.2493630647659302
1.9759511947631836,-0.4397902488708496,0.8771358132362366,0.09646166115999222,-0.047915153205394745,0.5108007192611694,0.8529255390167236,0.15942057967185974,-0.040750227868556976,-0.2821878492832184,0.6331950426101685,-0.5510552525520325,0.043053679168224335,-0.5165892839431763,-0.30077558755874634,0.06333892792463303,0.3424699306488037,0.2984127104282379,0.1796823889017105,-0.3214613199234009,0.07239507883787155,-0.08465372025966644,0.17646381258964539,-0.07723484188318253,-0.00516088493168354,-0.7078126668930054,1.3553497791290283,0.3865888714790344,-0.03134329244494438,0.3283269703388214,-0.02031823992729187,-0.09113773703575134,0.4327477216720581,1.4791007041931152,-0.34872859716415405,0.00994968693703413,1.2517685890197754
1.9968774318695068,-0.42593058943748474,0.8739334344863892,0.1012391746044159,-0.04384886100888252,0.5108787417411804,0.8525437712669373,0.1517762541770935,-0.017816588282585144,-0.2688247859477997,0.6644243001937866,-0.5785250067710876,0.048201583325862885,-0.526668906211853,-0.29740163683891296,0.07018133997917175,0.40776777267456055,0.2577875554561615,0.17469051480293274,-0.3076191842556,0.0704319030046463,-0.09576284885406494,0.16584107279777527,-0.07024306058883667,0.021523019298911095,-0.7023939490318298,1.3638689517974854,0.38433462381362915,-0.022936459630727768,0.3206855058670044,-0.03084433823823929,-0.08616925776004791,0.43380796909332275,1.4767694473266602,-0.3471350073814392,0.011187674477696419,1.2535691261291504
2.0145657062530518,-0.41593873500823975,0.879597544670105,0.10556881874799728,-0.04071200266480446,0.5095207095146179,0.852986752986908,0.13821573555469513,0.008143121376633644,-0.2483224868774414,0.6934987902641296,-0.6027741432189941,0.0635146051645279,-0.5451573133468628,-0.29818981885910034,0.07273063063621521,0.4931478500366211,0.19791512191295624,0.16724708676338196,-0.2922385036945343,0.06897221505641937,-0.10564069449901581,0.15194565057754517,-0.06823934614658356,0.0404934324324131,-0.696149468421936,1.3666250705718994,0.3800128102302551,-0.015217193402349949,0.3160553574562073,-0.04203597456216812,-0.08164161443710327,0.43415921926498413,1.472182273864746,-0.34522056579589844,0.011028867214918137,1.2537336349487305
2.028630256652832,-0.4094887375831604,0.8817312121391296,0.1101713553071022,-0.03814690187573433,0.5086281895637512,0.8530559539794922,0.1215628981590271,0.031836722046136856,-0.22507166862487793,0.7230976819992065,-0.6243341565132141,0.08278229832649231,-0.5674624443054199,-0.3053147792816162,0.07276831567287445,0.5873357057571411,0.13200271129608154,0.1587250679731369,-0.2761240005493164,0.06579011678695679,-0.11741626262664795,0.1371007263660431,-0.07133518159389496,0.050198350101709366,-0.694624662399292,1.3623945713043213,0.3756348192691803,-0.009282106533646584,0.3126375377178192,-0.05539516359567642,-0.08034697920084,0.43569010496139526,1.4672867059707642,-0.34306180477142334,0.010710028000175953,1.2528293132781982
2.03987979888916,-0.4052079916000366,0.8793187141418457,0.11351238191127777,-0.03643939271569252,0.506249189376831,0.8541070818901062,0.10522253066301346,0.050884414464235306,-0.2080363929271698,0.755561351776123,-0.6455866694450378,0.09957363456487656,-0.5964170694351196,-0.3109923005104065,0.07064413279294968,0.6814457774162292,0.07070402801036835,0.14978159964084625,-0.2607528269290924,0.06350088119506836,-0.13079389929771423,0.12184196710586548,-0.07928632199764252,0.05145539715886116,-0.6996512413024902,1.3524088859558105,0.3715335726737976,-0.005084617529064417,0.3126291036605835,-0.07131624221801758,-0.08241835981607437,0.4418680667877197,1.4588741064071655,-0.3426095247268677,0.008059966377913952,1.2485958337783813
2.0490055084228516,-0.4023425579071045,0.8730729818344116,0.11615350842475891,-0.03518058732151985,0.5038259625434875,0.8552368879318237,0.09354519098997116,0.06452950835227966,-0.19937050342559814,0.787198007106781,-0.6683635711669922,0.11314783990383148,-0.631362795829773,-0.3143664002418518,0.06914204359054565,0.7738584280014038,0.01581009477376938,0.1417180895805359,-0.2472461760044098,0.06272296607494354,-0.14622557163238525,0.1075032502412796,-0.08705411851406097,0.0474531389772892,-0.710878849029541,1.339911937713623,0.3702198565006256,-0.0017251219833269715,0.31372109055519104,-0.08832782506942749,-0.08715372532606125,0.4533082842826843,1.4468536376953125,-0.3461757302284241,0.0031612578313797712,1.2421882152557373
2.0572509765625,-0.3999430537223816,0.8644115924835205,0.11761444061994553,-0.03343718871474266,0.5022915005683899,0.8560094237327576,0.087917260825634,0.07438413053750992,-0.19578976929187775,0.8148798942565918,-0.6930818557739258,0.12367062270641327,-0.6703923344612122,-0.3168768286705017,0.06668073683977127,0.8572743535041809,-0.029460255056619644,0.13617092370986938,-0.23682360351085663,0.06504375487565994,-0.15895435214042664,0.09787173569202423,-0.09876781702041626,0.04011012613773346,-0.7286709547042847,1.3292429447174072,0.3717886209487915,0.0016500368947163224,0.3152253031730652,-0.10932637751102448,-0.0949382483959198,0.46807587146759033,1.4330869913101196,-0.3519628942012787,-0.002800104208290577,1.2334798574447632
2.065143585205078,-0.39670342206954956,0.8532657623291016,0.11774229258298874,-0.03131350502371788,0.5014906525611877,0.8565415143966675,0.08929206430912018,0.08230595290660858,-0.19646316766738892,0.8408665060997009,-0.7228841185569763,0.1300239861011505,-0.7152933478355408,-0.3193776607513428,0.06363457441329956,0.9364337921142578,-0.0671541765332222,0.13117852807044983,-0.22684666514396667,0.06948572397232056,-0.1678164303302765,0.0915389358997345,-0.11555863916873932,0.029492734000086784,-0.7492347955703735,1.3161085844039917,0.37419408559799194,0.004654969088733196,0.31970342993736267,-0.13361120223999023,-0.1046391949057579,0.48301661014556885,1.4200533628463745,-0.3592246174812317,-0.007967869751155376,1.2216670513153076
2.0738837718963623,-0.39166754484176636,0.8396431803703308,0.11596648395061493,-0.02915460802614689,0.49898988008499146,0.8583186864852905,0.09640844166278839,0.09123794734477997,-0.2006933093070984,0.8664097785949707,-0.7593312859535217,0.13324102759361267,-0.766667366027832,-0.3184833526611328,0.06160922348499298,1.0154739618301392,-0.09988696873188019,0.1260545253753662,-0.22440531849861145,0.07671388983726501,-0.16668716073036194,0.0883249044418335,-0.146829754114151,0.01492841076105833,-0.7842686176300049,1.2966649532318115,0.3801543712615967,0.008364921435713768,0.33030638098716736,-0.16129335761070251,-0.11092089861631393,0.5062220096588135,1.4068611860275269,-0.3704489469528198,-0.011695679277181625,1.2068612575531006
2.0833182334899902,-0.3849300742149353,0.8225152492523193,0.11338627338409424,-0.02774590440094471,0.49607759714126587,0.8603956699371338,0.10681535303592682,0.10090687870979309,-0.20503589510917664,0.8981331586837769,-0.8028500080108643,0.13584056496620178,-0.8252388834953308,-0.31516405940055847,0.06270681321620941,1.0989832878112793,-0.12922567129135132,0.12024897336959839,-0.2279372662305832,0.088038370013237,-0.158174067735672,0.09028200805187225,-0.18810820579528809,-0.0039297747425735,-0.8296401500701904,1.2774747610092163,0.38955798745155334,0.012889253906905651,0.3432607650756836,-0.19126547873020172,-0.11480908840894699,0.5294942855834961,1.3972833156585693,-0.3811900019645691,-0.01198912039399147,1.1901901960372925
2.0927090644836426,-0.37765902280807495,0.8020303249359131,0.110430508852005,-0.027097400277853012,0.4939894676208496,0.8620007038116455,0.12088437378406525,0.11051672697067261,-0.2110823094844818,0.9358431696891785,-0.8028500080108643,0.13670656085014343,-0.8895806074142456,-0.3111766278743744,0.06572842597961426,1.186697244644165,-0.15604032576084137,0.11401256918907166,-0.23318126797676086,0.10288631916046143,-0.14768488705158234,0.0941229909658432,-0.22314010560512543,-0.021296178922057152,-0.8717067837715149,1.2629793882369995,0.39883625507354736,0.017712729051709175,0.3542253375053406,-0.2200634926557541,-0.11492598056793213,0.5520118474960327,1.386033058166504,-0.3921359181404114,-0.011446882970631123,1.1729223728179932
2.1008219718933105,-0.3704517185688019,0.780879557132721,0.10775403678417206,-0.02692112699151039,0.49286913871765137,0.8629857897758484,0.1387462317943573,0.11849427223205566,-0.21719980239868164,0.9727303385734558,-0.8028500080108643,0.1361035853624344,-0.9516232013702393,-0.30964696407318115,0.07031350582838058,1.2707535028457642,-0.18090489506721497,0.10928299278020859,-0.2390502542257309,0.11756348609924316,-0.13769222795963287,0.09871359914541245,-0.24946601688861847,-0.037657033652067184,-0.9112151861190796,1.248868703842163,0.40798473358154297,0.02230764552950859,0.3610817492008209,-0.24307717382907867,-0.1112668439745903,0.5744980573654175,1.3747873306274414,-0.404478520154953,-0.0103891147300601,1.157700538635254
2.10733962059021,-0.36393213272094727,0.758912980556488,0.1051810085773468,-0.027631493285298347,0.491933137178421,0.8638144135475159,0.1565500795841217,0.12518300116062164,-0.22325515747070312,1.0129814147949219,-0.8028500080108643,0.1328524649143219,-1.0113731622695923,-0.3098563849925995,0.07721817493438721,1.3530943393707275,-0.20464198291301727,0.10477565228939056,-0.2436414659023285,0.13333961367607117,-0.12961088120937347,0.10018680989742279,-0.26581093668937683,-0.05035215616226196,-0.9436649084091187,1.2370271682739258,0.4139816164970398,0.026496579870581627,0.36364102363586426,-0.2608875632286072,-0.10836686939001083,0.595703125,1.365899682044983,-0.41667312383651733,-0.008312497287988663,1.1459506750106812
2.1121747493743896,-0.35817617177963257,0.7363185882568359,0.1036478579044342,-0.02950761653482914,0.49187150597572327,0.8639727234840393,0.17516273260116577,0.130110502243042,-0.22926127910614014,1.0554537773132324,-0.8028500080108643,0.12861758470535278,-1.067779541015625,-0.31002601981163025,0.08808878809213638,1.4337574243545532,-0.22737562656402588,0.10083532333374023,-0.24857181310653687,0.1510232388973236,-0.12336448580026627,0.09998183697462082,-0.2719705104827881,-0.05721627175807953,-0.9631064534187317,1.2307331562042236,0.4170011281967163,0.03178198263049126,0.36445724964141846,-0.27241599559783936,-0.11027371883392334,0.6143754124641418,1.358900547027588,-0.42872756719589233,-0.005700755398720503,1.1372419595718384
2.1155762672424316,-0.35293111205101013,0.7136309742927551,0.1028609424829483,-0.03217244893312454,0.49227383732795715,0.863742470741272,0.19254767894744873,0.13335666060447693,-0.23499828577041626,1.1003499031066895,-0.8028500080108643,0.12319909781217575,-1.1209518909454346,-0.3092452883720398,0.10137522220611572,1.5111489295959473,-0.24923035502433777,0.09830367565155029,-0.25252261757850647,0.17033731937408447,-0.11877213418483734,0.0979270488023758,-0.27279654145240784,-0.05799728259444237,-0.9721062183380127,1.2307171821594238,0.4168226718902588,0.038347914814949036,0.3638661205768585,-0.2809830904006958,-0.11562547087669373,0.6317304372787476,1.3576297760009766,-0.4390965700149536,-0.0013688381295651197,1.1321603059768677
2.1180953979492188,-0.3481345772743225,0.6926120519638062,0.10330720990896225,-0.034950949251651764,0.4925038516521454,0.8634500503540039,0.21029691398143768,0.13398686051368713,-0.2407345175743103,1.140629768371582,-0.8028500080108643,0.11719545722007751,-1.1680595874786377,-0.309382826089859,0.1167212724685669,1.5815250873565674,-0.2694709002971649,0.09647311270236969,-0.2546482980251312,0.1885312795639038,-0.11787641048431396,0.09496723115444183,-0.2697439193725586,-0.05673789605498314,-0.9751749038696289,1.2360751628875732,0.41336333751678467,0.04494659602642059,0.3606613278388977,-0.28881189227104187,-0.12090863287448883,0.6481900215148926,1.3623158931732178,-0.44735151529312134,0.004573604557663202,1.1304402351379395
2.120441198348999,-0.3437331020832062,0.6753613352775574,0.10419332981109619,-0.03734855353832245,0.492118239402771,0.8634631037712097,0.22650307416915894,0.1325075626373291,-0.24518409371376038,1.1726834774017334,-0.8028500080108643,0.11091722548007965,-1.2045609951019287,-0.30900049209594727,0.13196183741092682,1.6403710842132568,-0.2887340486049652,0.09333571791648865,-0.25835299491882324,0.20584797859191895,-0.11778269708156586,0.09483303874731064,-0.2660142481327057,-0.056827183812856674,-0.9746570587158203,1.243208408355713,0.40839147567749023,0.05117907375097275,0.3575340509414673,-0.29511788487434387,-0.12424232810735703,0.6642780303955078,1.368525743484497,-0.4542360305786133,0.01044486928731203,1.1304543018341064
2.123040199279785,-0.33939018845558167,0.6632620692253113,0.10665950179100037,-0.03849637135863304,0.4924376606941223,0.8629292845726013,0.24165181815624237,0.12754961848258972,-0.24845567345619202,1.191915512084961,-0.8028500080108643,0.1055566817522049,-1.2286673784255981,-0.3109090030193329,0.14993815124034882,1.6851485967636108,-0.3071599304676056,0.09173355996608734,-0.2603689134120941,0.2212320864200592,-0.12009590864181519,0.09418316185474396,-0.2633228302001953,-0.06043526157736778,-0.9777357578277588,1.248863935470581,0.40306633710861206,0.05522264540195465,0.35156792402267456,-0.3005383014678955,-0.12677544355392456,0.676310658454895,1.380302906036377,-0.4586261510848999,0.017880994826555252,1.13377046585083
2.1268444061279297,-0.33526289463043213,0.6569308042526245,0.10933481901884079,-0.03783508390188217,0.4926023483276367,0.8625296354293823,0.2537129521369934,0.12219293415546417,-0.2507718801498413,1.1963403224945068,-0.8028500080108643,0.10090185701847076,-1.240451455116272,-0.31281059980392456,0.16572055220603943,1.7146565914154053,-0.32495105266571045,0.08886656910181046,-0.2645092308521271,0.23541218042373657,-0.12258245050907135,0.09369338303804398,-0.2622137665748596,-0.0647701546549797,-0.9804461002349854,1.2561488151550293,0.397588312625885,0.058364979922771454,0.34497445821762085,-0.30590009689331055,-0.12732714414596558,0.6862097978591919,1.3913730382919312,-0.46092796325683594,0.024957746267318726,1.1384263038635254
2.1320676803588867,-0.3312060832977295,0.6555253863334656,0.11373945325613022,-0.03529712185263634,0.4926142990589142,0.8620606660842896,0.264699786901474,0.1161869466304779,-0.25308865308761597,1.185051441192627,-0.8028500080108643,0.09648691117763519,-1.2426997423171997,-0.3154209554195404,0.18155375123023987,1.7317783832550049,-0.341688871383667,0.08586561679840088,-0.2691402733325958,0.24893471598625183,-0.1276794672012329,0.08980449289083481,-0.2598903477191925,-0.07116736471652985,-0.9831472635269165,1.2660235166549683,0.39148157835006714,0.05971941351890564,0.33566921949386597,-0.3121564984321594,-0.1261155903339386,0.6908488273620605,1.40486741065979,-0.45921123027801514,0.032971322536468506,1.1444650888442993
2.1394309997558594,-0.3274032175540924,0.6602942943572998,0.11813320219516754,-0.02950187958776951,0.492983877658844,0.8614761233329773,0.27349215745925903,0.11259742081165314,-0.25543680787086487,1.1511517763137817,-0.8028500080108643,0.0920897051692009,-1.2351257801055908,-0.31753918528556824,0.19302716851234436,1.7331504821777344,-0.3577524423599243,0.08186503499746323,-0.27521246671676636,0.25801384449005127,-0.13303831219673157,0.08222655951976776,-0.25592637062072754,-0.07595380395650864,-0.9843443632125854,1.2785468101501465,0.3850659430027008,0.0589253231883049,0.3246021866798401,-0.3168156147003174,-0.12118973582983017,0.6907526254653931,1.418204426765442,-0.4546864628791809,0.03958200663328171,1.1513440608978271
2.1488990783691406,-0.32321199774742126,0.6745762825012207,0.12081385403871536,-0.01982361637055874,0.4937228262424469,0.8609580993652344,0.27260923385620117,0.11190542578697205,-0.25408175587654114,1.094161033630371,-0.8028500080108643,0.08945602178573608,-1.210918664932251,-0.3205748498439789,0.19420048594474792,1.707804560661316,-0.37190350890159607,0.07772249728441238,-0.27947884798049927,0.25897613167762756,-0.1358543336391449,0.07378621399402618,-0.25074729323387146,-0.07923160493373871,-0.9805680513381958,1.2983856201171875,0.3794277310371399,0.05895940214395523,0.31263723969459534,-0.3191205561161041,-0.11443649977445602,0.6863992214202881,1.429610013961792,-0.4474021792411804,0.0438084602355957,1.1594674587249756
2.1605076789855957,-0.3190768361091614,0.6985835433006287,0.1205398291349411,-0.005902419798076153,0.4947200417518616,0.8606320023536682,0.25676190853118896,0.11416704952716827,-0.24328243732452393,1.0190130472183228,-0.8028500080108643,0.08831892907619476,-1.1704275608062744,-0.32054439187049866,0.18122461438179016,1.6530022621154785,-0.38134923577308655,0.07220546901226044,-0.28252947330474854,0.2515612840652466,-0.13436315953731537,0.06834878027439117,-0.2453196942806244,-0.0816897600889206,-0.9780968427658081,1.3156713247299194,0.3752835690975189,0.05776163935661316,0.3012688159942627,-0.31634649634361267,-0.1053629070520401,0.679408609867096,1.4377044439315796,-0.4377750754356384,0.04473988711833954,1.1677700281143188
2.173954963684082,-0.3149638772010803,0.7291581034660339,0.11809246987104416,0.011077304370701313,0.495214581489563,0.8606357574462891,0.23147830367088318,0.11491382122039795,-0.22169847786426544,0.9333294630050659,-0.8028500080108643,0.08738569170236588,-1.1197242736816406,-0.3168583810329437,0.15668290853500366,1.5744162797927856,-0.3839273154735565,0.06636181473731995,-0.2889852523803711,0.2364155501127243,-0.13152731955051422,0.06404459476470947,-0.24101494252681732,-0.08356880396604538,-0.9828277826309204,1.3234076499938965,0.3737601041793823,0.05564466863870621,0.28846418857574463,-0.31032803654670715,-0.09567004442214966,0.6736963987350464,1.4442343711853027,-0.42692115902900696,0.04381265491247177,1.1771334409713745
2.186525583267212,-0.309158593416214,0.7644189596176147,0.11531050503253937,0.027226591482758522,0.49467480182647705,0.8609640598297119,0.19084152579307556,0.1040840819478035,-0.18344876170158386,0.8669416308403015,-0.773271918296814,0.092133529484272,-1.0512374639511108,-0.30895429849624634,0.12614615261554718,1.4757134914398193,-0.3791859447956085,0.061581388115882874,-0.2887219190597534,0.22083815932273865,-0.12116996943950653,0.06637296080589294,-0.23655930161476135,-0.08481239527463913,-0.9883307218551636,1.3202488422393799,0.37350547313690186,0.053913407027721405,0.27744796872138977,-0.29851871728897095,-0.09179770946502686,0.6639602780342102,1.450005292892456,-0.41154569387435913,0.042239703238010406,1.1914353370666504
2.1981852054595947,-0.3013882637023926,0.8010894060134888,0.11241934448480606,0.04100346937775612,0.4899691641330719,0.8634876012802124,0.1344117820262909,0.08215216547250748,-0.1359366476535797,0.8353457450866699,-0.7308232188224792,0.09903928637504578,-0.9728349447250366,-0.29509228467941284,0.09645424038171768,1.3601998090744019,-0.36566784977912903,0.06085355207324028,-0.28159719705581665,0.20608101785182953,-0.1084856241941452,0.07120540738105774,-0.23361289501190186,-0.08563628047704697,-0.9992583990097046,1.3075675964355469,0.37674281001091003,0.053391892462968826,0.26909971237182617,-0.28367266058921814,-0.09068650007247925,0.6530157923698425,1.4563438892364502,-0.39714303612709045,0.04097229987382889,1.2061984539031982
2.209563970565796,-0.29050934314727783,0.8352376818656921,0.10852949321269989,0.05006323754787445,0.4796418249607086,0.869286298751831,0.06024276837706566,0.05282193794846535,-0.08308638632297516,0.8388785123825073,-0.5047277212142944,0.11032384634017944,-0.8883098363876343,-0.2741907238960266,0.07316627353429794,1.239668846130371,-0.34597957134246826,0.062455177307128906,-0.2656480073928833,0.19467513263225555,-0.09772501140832901,0.08230623602867126,-0.22746142745018005,-0.08618269115686417,-1.0061370134353638,1.2999361753463745,0.3835841119289398,0.053907573223114014,0.2637855112552643,-0.2626638412475586,-0.0925445556640625,0.6402590274810791,1.4631798267364502,-0.3849157392978668,0.03992388769984245,1.222456693649292
2.222301483154297,-0.27622276544570923,0.866375744342804,0.10386272519826889,0.05456521362066269,0.46155112981796265,0.8793212175369263,-0.03206371143460274,0.01995348185300827,-0.0300497654825449,0.8659201860427856,-0.5255244374275208,0.1266128420829773,-0.79702228307724,-0.24957546591758728,0.05841691046953201,1.1179091930389404,-0.32569342851638794,0.06646955013275146,-0.23472614586353302,0.18616367876529694,-0.09397420287132263,0.0986575111746788,-0.2169877588748932,-0.08654546737670898,-1.0087026357650757,1.2876914739608765,0.3901738226413727,0.05224243924021721,0.26392409205436707,-0.24046972393989563,-0.08990456908941269,0.6347674131393433,1.4661381244659424,-0.37804949283599854,0.03701528161764145,1.2351428270339966
2.2367305755615234,-0.25895217061042786,0.8934405446052551,0.09818913042545319,0.054864946752786636,0.4367934763431549,0.8925021886825562,-0.13067059218883514,-0.008710530586540699,0.01713385246694088,0.8889808654785156,-0.3558809161186218,0.1473102569580078,-0.7046318054199219,-0.2228831946849823,0.05368075519800186,0.9969187378883362,-0.30251699686050415,0.07610094547271729,-0.1918017566204071,0.17992407083511353,-0.0980352833867073,0.11779452860355377,-0.20679083466529846,-0.07737284153699875,-0.9966579675674438,1.2757232189178467,0.3941257894039154,0.04609018191695213,0.27596431970596313,-0.21577005088329315,-0.08928320556879044,0.634789228439331,1.4645922183990479,-0.3787834048271179,0.030871380120515823,1.2429536581039429
2.2525393962860107,-0.24023431539535522,0.9147907495498657,0.09296122193336487,0.05066724121570587,0.4074440002441406,0.9070724844932556,-0.2298278510570526,-0.023599226027727127,0.05463439226150513,0.9036139845848083,-0.24626509845256805,0.1635076403617859,-0.6167774796485901,-0.19895830750465393,0.06031642109155655,0.8869147300720215,-0.2787640392780304,0.09068175405263901,-0.14689254760742188,0.17885544896125793,-0.10336452722549438,0.14418703317642212,-0.19739596545696259,-0.03342452272772789,-0.9725030660629272,1.2695190906524658,0.39702045917510986,0.0407862663269043,0.29419949650764465,-0.19206508994102478,-0.09315342456102371,0.6357640027999878,1.462082862854004,-0.3825394809246063,0.02483980730175972,1.2489018440246582
2.2698116302490234,-0.22045648097991943,0.9315626621246338,0.08982691913843155,0.04370969161391258,0.3773234486579895,0.9206778407096863,-0.3308643698692322,-0.02540947124361992,0.08543892204761505,0.9018236398696899,-0.17819270491600037,0.17573751509189606,-0.5329797267913818,-0.1835252344608307,0.07636867463588715,0.7893210649490356,-0.2578778564929962,0.1096949502825737,-0.10033344477415085,0.18144488334655762,-0.10582856833934784,0.17008623480796814,-0.1942320019006729,0.021840233355760574,-0.947284460067749,1.2652935981750488,0.39804989099502563,0.03513813763856888,0.31484001874923706,-0.1749805212020874,-0.09896387159824371,0.6383162140846252,1.4573642015457153,-0.3862726092338562,0.018322674557566643,1.2518959045410156
2.287492513656616,-0.19902577996253967,0.9437010288238525,0.08805032074451447,0.03589101880788803,0.3483051061630249,0.9325461983680725,-0.4185085892677307,-0.015048081055283546,0.10760889947414398,0.870760440826416,-0.13585151731967926,0.18160952627658844,-0.45709848403930664,-0.1776610016822815,0.09537526965141296,0.7108504772186279,-0.2452603578567505,0.12910905480384827,-0.055492401123046875,0.18346494436264038,-0.10539570450782776,0.19396528601646423,-0.1925041824579239,0.07652533054351807,-0.9225524663925171,1.2603312730789185,0.39850732684135437,0.028713131323456764,0.33417415618896484,-0.15986892580986023,-0.10340438783168793,0.6418391466140747,1.451646089553833,-0.39077216386795044,0.010257694870233536,1.2547521591186523
2.308515787124634,-0.17337922751903534,0.9517837762832642,0.08498235046863556,0.03073301538825035,0.3199704587459564,0.9431078433990479,-0.4643956124782562,-0.010702542960643768,0.13388386368751526,0.7458646297454834,-0.09757176786661148,0.1876206398010254,-0.38768330216407776,-0.17939957976341248,0.10666902363300323,0.6530559659004211,-0.25040027499198914,0.14593790471553802,-0.011730078607797623,0.17586682736873627,-0.09860681742429733,0.21743403375148773,-0.18098795413970947,0.1162484884262085,-0.8909009099006653,1.2526861429214478,0.396226704120636,0.01987159252166748,0.34910470247268677,-0.13889117538928986,-0.1067715585231781,0.6369633674621582,1.4466321468353271,-0.3915631175041199,-0.0021577170118689537,1.2577296495437622
2.3355188369750977,-0.14727963507175446,0.9551010131835938,0.08175262808799744,0.021491307765245438,0.2873258590698242,0.9540956616401672,-0.49630963802337646,-0.006408741232007742,0.15796706080436707,0.6126605272293091,-0.05779831111431122,0.18934747576713562,-0.31371164321899414,-0.17868362367153168,0.11989109218120575,0.6182609796524048,-0.2730606198310852,0.15075910091400146,0.03644425421953201,0.17201465368270874,-0.09397141635417938,0.24102438986301422,-0.15462559461593628,0.14964088797569275,-0.8538141250610352,1.2235925197601318,0.39341115951538086,0.00942313950508833,0.36164718866348267,-0.11949925869703293,-0.10634554177522659,0.6293376684188843,1.435974359512329,-0.39128801226615906,-0.01652350462973118,1.2565792798995972
2.364516019821167,-0.12449435889720917,0.9544072151184082,0.08007155358791351,0.011009546928107738,0.25357767939567566,0.9639323949813843,-0.5353095531463623,0.0008588014170527458,0.17346273362636566,0.5118917226791382,-0.02336456999182701,0.1863766610622406,-0.2450084388256073,-0.17831183969974518,0.13551703095436096,0.6039517521858215,-0.3068219721317291,0.14979082345962524,0.08565893769264221,0.1709614098072052,-0.09324929118156433,0.2608208954334259,-0.12217119336128235,0.17002972960472107,-0.8131526708602905,1.2025989294052124,0.39007091522216797,0.0013575470075011253,0.3709641098976135,-0.10855457931756973,-0.1032395213842392,0.6202439069747925,1.430436134338379,-0.39043349027633667,-0.027339331805706024,1.2527555227279663
2.392761707305908,-0.1052585244178772,0.950954258441925,0.07909101992845535,0.0006270975572988391,0.22171372175216675,0.9718987941741943,-0.5792728662490845,0.015022773295640945,0.183566153049469,0.433992862701416,0.006637838669121265,0.17786234617233276,-0.18403440713882446,-0.1782831847667694,0.1506405472755432,0.6019343137741089,-0.3444300591945648,0.1479058712720871,0.12809693813323975,0.17356540262699127,-0.09228549152612686,0.2767665684223175,-0.09073912352323532,0.18072892725467682,-0.7660161256790161,1.1944459676742554,0.38450783491134644,-0.0055475858971476555,0.3792090117931366,-0.1029975563287735,-0.10013948380947113,0.6035779118537903,1.4246561527252197,-0.38614389300346375,-0.037360452115535736,1.2452805042266846
2.4169998168945312,-0.08894231915473938,0.9468008875846863,0.07897552102804184,-0.008797571994364262,0.19549116492271423,0.9774808287620544,-0.6351848840713501,0.03180880844593048,0.1908949613571167,0.38015204668045044,0.0344100259244442,0.1665535569190979,-0.13170260190963745,-0.18011541664600372,0.1611083447933197,0.602205753326416,-0.3771260380744934,0.14537426829338074,0.16321271657943726,0.18171045184135437,-0.09268291294574738,0.28991129994392395,-0.06713508069515228,0.1835394948720932,-0.7171541452407837,1.1889691352844238,0.37770727276802063,-0.013558750972151756,0.38683363795280457,-0.10154879838228226,-0.09698687493801117,0.5793448686599731,1.417263150215149,-0.3813755512237549,-0.047139327973127365,1.2348015308380127
2.4390337467193604,-0.07470846176147461,0.9406250715255737,0.07920210808515549,-0.017616188153624535,0.17383559048175812,0.9814264178276062,-0.6884063482284546,0.04455679655075073,0.20071272552013397,0.340743750333786,0.06020725518465042,0.15689730644226074,-0.0893019512295723,-0.18072855472564697,0.16616465151309967,0.6158658266067505,-0.4123232364654541,0.14108140766620636,0.19057971239089966,0.19205422699451447,-0.09454090893268585,0.3010994493961334,-0.049095552414655685,0.18090090155601501,-0.6662750840187073,1.196999192237854,0.36798417568206787,-0.019514601677656174,0.3903607726097107,-0.10094952583312988,-0.09580042213201523,0.551061749458313,1.4153084754943848,-0.37607496976852417,-0.05304768681526184,1.2256982326507568
2.4609787464141846,-0.06302853673696518,0.9329912662506104,0.07860339432954788,-0.026020893827080727,0.15725143253803253,0.984081506729126,-0.7328892946243286,0.058384813368320465,0.20947521924972534,0.3103794753551483,0.08544152975082397,0.14501723647117615,-0.050835978239774704,-0.1791517436504364,0.1665329933166504,0.6347374320030212,-0.44923877716064453,0.13555628061294556,0.21497124433517456,0.20213192701339722,-0.10295523703098297,0.3148450255393982,-0.03135814517736435,0.17109575867652893,-0.6139770746231079,1.2297468185424805,0.355280339717865,-0.0239579938352108,0.38754528760910034,-0.10214569419622421,-0.0922345519065857,0.5229889154434204,1.4137437343597412,-0.37083372473716736,-0.057195521891117096,1.2149568796157837
2.4845402240753174,-0.05298770219087601,0.9218562841415405,0.07745276391506195,-0.0336565263569355,0.14661651849746704,0.9855819940567017,-0.7659995555877686,0.06968079507350922,0.2160879671573639,0.2985363006591797,0.10579410195350647,0.13336171209812164,-0.014387417584657669,-0.1797025501728058,0.16289563477039337,0.6651433706283569,-0.4951479136943817,0.13075420260429382,0.23706063628196716,0.210491344332695,-0.11467781662940979,0.3256382942199707,-0.010557373985648155,0.1580336093902588,-0.561370849609375,1.2742314338684082,0.3417816758155823,-0.0271981842815876,0.3786657452583313,-0.10218673944473267,-0.0868796706199646,0.49576640129089355,1.4076275825500488,-0.3659892678260803,-0.06212947890162468,1.202878475189209
2.5118396282196045,-0.04142054542899132,0.907739520072937,0.07551945000886917,-0.041157592087984085,0.13761624693870544,0.9867445230484009,-0.7671825885772705,0.08058229088783264,0.223587304353714,0.286857008934021,0.12189898639917374,0.11867505311965942,0.023709405213594437,-0.182999387383461,0.1629236936569214,0.6990963220596313,-0.5460408926010132,0.12796561419963837,0.2563646733760834,0.2129003405570984,-0.12259884178638458,0.34120550751686096,0.019497975707054138,0.14120221138000488,-0.5061393976211548,1.3151847124099731,0.32980549335479736,-0.029249079525470734,0.36841604113578796,-0.09271715581417084,-0.08069004863500595,0.47071126103401184,1.4039784669876099,-0.36267080903053284,-0.06459549814462662,1.1931997537612915
2.543936252593994,-0.027913862839341164,0.8916565179824829,0.07298368215560913,-0.04836103692650795,0.12687274813652039,0.9880474805831909,-0.7378004789352417,0.09257687628269196,0.23318815231323242,0.26754605770111084,0.13485071063041687,0.10146790742874146,0.0620441660284996,-0.19123253226280212,0.16532376408576965,0.7316484451293945,-0.5978958606719971,0.12772950530052185,0.27107858657836914,0.20630447566509247,-0.12699946761131287,0.358731210231781,0.060479603707790375,0.11873012781143188,-0.4503211975097656,1.3511797189712524,0.32090896368026733,-0.031000765040516853,0.3573395907878876,-0.07306815683841705,-0.07185198366641998,0.45299530029296875,1.3998866081237793,-0.36393308639526367,-0.06619516015052795,1.1873245239257812
2.5781631469726562,-0.01151607558131218,0.8749881386756897,0.07097315043210983,-0.05421590805053711,0.11699201911687851,0.9891088604927063,-0.7052226066589355,0.10072942078113556,0.2395959496498108,0.2560916543006897,0.1449512243270874,0.0884467288851738,0.0951036736369133,-0.20612014830112457,0.1652359962463379,0.7625443339347839,-0.6476529240608215,0.13026615977287292,0.2849186062812805,0.19666054844856262,-0.12762880325317383,0.3684345483779907,0.09696580469608307,0.09420114755630493,-0.40344107151031494,1.380949854850769,0.3142514228820801,-0.031982459127902985,0.3447561264038086,-0.05476144701242447,-0.06540995091199875,0.437422513961792,1.4025999307632446,-0.36368250846862793,-0.06540163606405258,1.1874778270721436
2.6133973598480225,0.006917949300259352,0.8583554029464722,0.06990228593349457,-0.057513825595378876,0.10663097351789474,0.9901695251464844,-0.6879622936248779,0.10647906363010406,0.2392817884683609,0.266407310962677,0.1510263979434967,0.08280590176582336,0.11984891444444656,-0.22633561491966248,0.16280144453048706,0.7923336029052734,-0.693030595779419,0.13548286259174347,0.2985645532608032,0.188756063580513,-0.12964922189712524,0.36857765913009644,0.1176137775182724,0.07225159555673599,-0.3725234568119049,1.4013789892196655,0.3108305037021637,-0.03228471428155899,0.33312082290649414,-0.045221034437417984,-0.0647190734744072,0.42507660388946533,1.408566951751709,-0.36120539903640747,-0.06352365016937256,1.190993070602417
2.6487607955932617,0.02718370035290718,0.8419905304908752,0.0695371925830841,-0.05857054889202118,0.09682631492614746,0.9911401271820068,-0.6928868293762207,0.11032414436340332,0.230185866355896,0.30605822801589966,0.1473141312599182,0.08421605080366135,0.13793689012527466,-0.24761074781417847,0.16214939951896667,0.8208410143852234,-0.7369959354400635,0.1437188982963562,0.31260043382644653,0.1840335726737976,-0.13521665334701538,0.3550058603286743,0.12633304297924042,0.0538175143301487,-0.35373973846435547,1.4127025604248047,0.31021058559417725,-0.03208409249782562,0.32564687728881836,-0.04205400496721268,-0.0634109303355217,0.4221007227897644,1.4138286113739014,-0.36253052949905396,-0.062144942581653595,1.19550359249115
2.68300724029541,0.04817824065685272,0.8261069059371948,0.06995108723640442,-0.05705629661679268,0.08966393768787384,0.9918729066848755,-0.7164105176925659,0.113950714468956,0.21869197487831116,0.3679525554180145,0.3165367543697357,0.08996211737394333,0.14972363412380219,-0.2678283452987671,0.1647617369890213,0.8479983806610107,-0.769335925579071,0.15306055545806885,0.3288891911506653,0.18074914813041687,-0.13843335211277008,0.335530549287796,0.12410815060138702,0.037315141409635544,-0.34344130754470825,1.4143996238708496,0.3099118173122406,-0.031692542135715485,0.3236929774284363,-0.04414934664964676,-0.060278598219156265,0.425040602684021,1.4177123308181763,-0.3673475682735443,-0.06126051023602486,1.1993409395217896
2.7148549556732178,0.06915190815925598,0.8130167722702026,0.06989549845457077,-0.05422702059149742,0.08361449092626572,0.9925637245178223,-0.7543250322341919,0.1202704980969429,0.2062695026397705,0.44769930839538574,0.3710941672325134,0.09814783930778503,0.15445742011070251,-0.28198349475860596,0.16815990209579468,0.8709294199943542,-0.7943176031112671,0.15882739424705505,0.3373660147190094,0.18316543102264404,-0.13633669912815094,0.31288057565689087,0.10458210855722427,0.027257366105914116,-0.3440409302711487,1.3994617462158203,0.31199198961257935,-0.032236095517873764,0.3341618776321411,-0.05086704343557358,-0.057105232030153275,0.4421347379684448,1.417160987854004,-0.37787771224975586,-0.06260400265455246,1.2026066780090332
2.743424892425537,0.08746503293514252,0.8016871809959412,0.07025672495365143,-0.05007603392004967,0.07956254482269287,0.9930891990661621,-0.7944760322570801,0.12832961976528168,0.19515985250473022,0.5230638980865479,0.35555484890937805,0.10140907019376755,0.15208163857460022,-0.29255762696266174,0.17024919390678406,0.894669771194458,-0.8028500080108643,0.1636105328798294,0.3433900475502014,0.18850022554397583,-0.13266924023628235,0.29043489694595337,0.07489389181137085,0.027834950014948845,-0.35940372943878174,1.3838618993759155,0.31637006998062134,-0.031770795583724976,0.3480481505393982,-0.06369802355766296,-0.050068728625774384,0.4693159759044647,1.415111780166626,-0.391476571559906,-0.06470014154911041,1.204917073249817
2.7688934803009033,0.10312677919864655,0.7912402153015137,0.07118583470582962,-0.04468001052737236,0.07673169672489166,0.9935031533241272,-0.8426565527915955,0.13389934599399567,0.18348918855190277,0.6067081093788147,0.3195550739765167,0.1047971248626709,0.14556893706321716,-0.29930514097213745,0.1712864339351654,0.919798731803894,-0.8028500080108643,0.1679675281047821,0.3492393493652344,0.19965910911560059,-0.13198450207710266,0.26467281579971313,0.03472200408577919,0.040187686681747437,-0.3866392970085144,1.372689962387085,0.3204694390296936,-0.02969442307949066,0.3623834252357483,-0.08411015570163727,-0.04177525267004967,0.4996907711029053,1.4142842292785645,-0.40141093730926514,-0.06643974035978317,1.205989956855774
2.7918806076049805,0.11605697870254517,0.781602680683136,0.07301316410303116,-0.03805534541606903,0.07483367621898651,0.9937911033630371,-0.8969677686691284,0.13680978119373322,0.17279575765132904,0.6944268941879272,0.27906671166419983,0.10537655651569366,0.13974910974502563,-0.3046981692314148,0.17221179604530334,0.9410988092422485,-0.8028500080108643,0.17292869091033936,0.3570061922073364,0.21167752146720886,-0.13652731478214264,0.2385253608226776,-0.0034857355058193207,0.058278247714042664,-0.4194484353065491,1.3654241561889648,0.32511934638023376,-0.028125520795583725,0.3732357323169708,-0.1065957248210907,-0.035056959837675095,0.5290676951408386,1.4123826026916504,-0.4071786105632782,-0.06914457678794861,1.2065949440002441
2.8124771118164062,0.12660467624664307,0.7725043296813965,0.07461977750062943,-0.03128441050648689,0.07302770763635635,0.9940423369407654,-0.9526270627975464,0.1390075385570526,0.16189345717430115,0.781033992767334,0.23863430321216583,0.10338899493217468,0.13819709420204163,-0.30825749039649963,0.17316493391990662,0.9560379981994629,-0.8028500080108643,0.17991924285888672,0.3656068742275238,0.2222926914691925,-0.14271265268325806,0.2158523052930832,-0.03409004583954811,0.07672598958015442,-0.4496796131134033,1.3578640222549438,0.33128485083580017,-0.027962742373347282,0.38260093331336975,-0.1250106394290924,-0.032506585121154785,0.5523876547813416,1.4059762954711914,-0.41036444902420044,-0.07421648502349854,1.2057539224624634
2.830554246902466,0.13553856313228607,0.7627939581871033,0.07641726732254028,-0.02390955202281475,0.07039153575897217,0.9943006634712219,-1.0109246969223022,0.14060577750205994,0.15257628262043,0.8658453226089478,0.20036166906356812,0.101470947265625,0.13814719021320343,-0.3122462332248688,0.1750006526708603,0.9691611528396606,-0.8028500080108643,0.18869388103485107,0.3752773106098175,0.23184920847415924,-0.1444726437330246,0.19237370789051056,-0.0639316514134407,0.09242416173219681,-0.48632317781448364,1.3480463027954102,0.34053218364715576,-0.027856018394231796,0.391104131937027,-0.14433854818344116,-0.031947992742061615,0.5751801133155823,1.3952927589416504,-0.41189897060394287,-0.08106005191802979,1.2022957801818848
2.8455419540405273,0.1426796168088913,0.7532601356506348,0.07798842340707779,-0.016698630526661873,0.06591945886611938,0.9946324229240417,-1.0697667598724365,0.14154410362243652,0.14335812628269196,0.9465154409408569,0.1651388257741928,0.10090768337249756,0.13954567909240723,-0.3169766664505005,0.17794817686080933,0.9787964820861816,-0.8028500080108643,0.1973988115787506,0.3850351572036743,0.24194297194480896,-0.1442238688468933,0.1734890341758728,-0.09431757032871246,0.10505258291959763,-0.5265181660652161,1.3345428705215454,0.3527073264122009,-0.027648326009511948,0.4016435742378235,-0.1647861748933792,-0.033430881798267365,0.59775310754776,1.3801758289337158,-0.41310733556747437,-0.08915353566408157,1.1953284740447998
2.857923984527588,0.14786429703235626,0.7421704530715942,0.0794336274266243,-0.010421971790492535,0.05970446765422821,0.9949960112571716,-1.127270221710205,0.14206495881080627,0.13432565331459045,1.0229017734527588,0.13293996453285217,0.10166987776756287,0.14078010618686676,-0.3227952718734741,0.18092569708824158,0.9929832220077515,-0.8028500080108643,0.20754602551460266,0.39104199409484863,0.2523703873157501,-0.13848602771759033,0.157115638256073,-0.12204219400882721,0.11316097527742386,-0.5689455270767212,1.3179092407226562,0.36885425448417664,-0.02672138810157776,0.41221675276756287,-0.1827278733253479,-0.037567052990198135,0.6205275654792786,1.3588157892227173,-0.4151674509048462,-0.09862029552459717,1.1881825923919678
2.8685219287872314,0.15204569697380066,0.7298170924186707,0.08068917691707611,-0.003533861832693219,0.052422620356082916,0.9953535795211792,-1.1827671527862549,0.1426127403974533,0.126304492354393,1.0902435779571533,0.10542859137058258,0.10312751680612564,0.13965454697608948,-0.32969874143600464,0.18543003499507904,1.0098387002944946,-0.8028500080108643,0.2187562882900238,0.39409947395324707,0.26477739214897156,-0.12923285365104675,0.13879287242889404,-0.1630927324295044,0.11664243042469025,-0.6227447986602783,1.2925444841384888,0.38532698154449463,-0.02595178596675396,0.42736175656318665,-0.20822398364543915,-0.039629217237234116,0.6493631601333618,1.3324368000030518,-0.41679996252059937,-0.1082041934132576,1.1761250495910645
2.8772530555725098,0.1555187702178955,0.7165305018424988,0.08191992342472076,0.003080965718254447,0.044696956872940063,0.9956313967704773,-1.2327574491500854,0.14505666494369507,0.12072348594665527,1.1451483964920044,0.08465906232595444,0.10377977788448334,0.1385374814271927,-0.3386417031288147,0.19153079390525818,1.027626633644104,-0.8028500080108643,0.23021891713142395,0.3938814401626587,0.2752065062522888,-0.11519987881183624,0.12407830357551575,-0.210085928440094,0.11710626631975174,-0.6800059676170349,1.2614115476608276,0.4028301537036896,-0.02503441832959652,0.44538313150405884,-0.2316792756319046,-0.04151451960206032,0.6767082810401917,1.307413935661316,-0.41952306032180786,-0.11631544679403305,1.162628173828125
2.8852005004882812,0.15869896113872528,0.7009086012840271,0.08318079262971878,0.009240998886525631,0.03702419996261597,0.9958036541938782,-1.2808012962341309,0.14835567772388458,0.11723187565803528,1.1951171159744263,0.0685945674777031,0.10577020049095154,0.1414054036140442,-0.3503807783126831,0.19797521829605103,1.0459245443344116,-0.8028500080108643,0.24083532392978668,0.39648571610450745,0.28322604298591614,-0.10109220445156097,0.1111970990896225,-0.25563621520996094,0.11781764775514603,-0.7319884896278381,1.2317087650299072,0.4189576506614685,-0.02324584126472473,0.46318089962005615,-0.25319451093673706,-0.042534973472356796,0.6965581774711609,1.2861770391464233,-0.42125555872917175,-0.12243418395519257,1.1484692096710205
2.893207550048828,0.16181056201457977,0.6832305192947388,0.08419762551784515,0.0144433518871665,0.02866951748728752,0.99593186378479,-1.3286921977996826,0.15120916068553925,0.11301108449697495,1.2441167831420898,0.05556083470582962,0.10604411363601685,0.15018320083618164,-0.3630826473236084,0.2052576243877411,1.0629130601882935,-0.8028500080108643,0.25059959292411804,0.39883100986480713,0.29190194606781006,-0.08484160900115967,0.09662213921546936,-0.2986888587474823,0.1159382089972496,-0.7837842702865601,1.2148593664169312,0.4348001480102539,-0.019593562930822372,0.4747403860092163,-0.27208927273750305,-0.042094919830560684,0.7133479118347168,1.275717854499817,-0.42188864946365356,-0.12464991211891174,1.1398499011993408
2.9009366035461426,0.1641441285610199,0.6659797430038452,0.08406417071819305,0.017933161929249763,0.01838640682399273,0.9961292743682861,-1.3696297407150269,0.15568789839744568,0.1049567312002182,1.2871818542480469,0.044845256954431534,0.10323116183280945,0.16372564435005188,-0.3739780783653259,0.21284359693527222,1.0748200416564941,-0.8028500080108643,0.2577836811542511,0.3995411992073059,0.30314305424690247,-0.0653771162033081,0.08388017863035202,-0.33302539587020874,0.11675409227609634,-0.8288055062294006,1.1997435092926025,0.4503822922706604,-0.015546603128314018,0.48294731974601746,-0.2841068208217621,-0.04274901747703552,0.7257682085037231,1.2610788345336914,-0.4213656187057495,-0.12713536620140076,1.1361148357391357
2.908073902130127,0.16597288846969604,0.6509685516357422,0.08366086333990097,0.02082975208759308,0.0067719509825110435,0.9962536096572876,-1.4016003608703613,0.15955030918121338,0.09511569142341614,1.3193576335906982,0.03676273673772812,0.09822046756744385,0.1750120222568512,-0.3850632905960083,0.22048094868659973,1.0832582712173462,-0.8028500080108643,0.26266518235206604,0.40135255455970764,0.3161921799182892,-0.04395531862974167,0.07323253899812698,-0.3594191372394562,0.12037064135074615,-0.8725072741508484,1.1834890842437744,0.46676260232925415,-0.010902157053351402,0.486248254776001,-0.2915644943714142,-0.04533148556947708,0.7352871894836426,1.2479124069213867,-0.42022764682769775,-0.1282859593629837,1.1380352973937988
2.9149036407470703,0.16758155822753906,0.6375855803489685,0.0835966020822525,0.02351568453013897,-0.005398377310484648,0.9962075352668762,-1.4287395477294922,0.1633148044347763,0.08554141223430634,1.3459055423736572,0.030206939205527306,0.0912456065416336,0.18497422337532043,-0.39661550521850586,0.2278391420841217,1.0891069173812866,-0.8028500080108643,0.26537615060806274,0.4082984924316406,0.3299843668937683,-0.02751188911497593,0.06396627426147461,-0.3784358501434326,0.1271710842847824,-0.9119148254394531,1.1672430038452148,0.48051100969314575,-0.006946447771042585,0.48702073097229004,-0.2981739640235901,-0.04986821860074997,0.7362679243087769,1.2387489080429077,-0.4156425893306732,-0.1274600327014923,1.139060139656067
2.9214529991149902,0.16881483793258667,0.6274979114532471,0.08494090288877487,0.027126843109726906,-0.017647841945290565,0.9958602786064148,-1.4493536949157715,0.1673719882965088,0.07984253764152527,1.3639386892318726,0.0246296189725399,0.08508120477199554,0.18868136405944824,-0.41089940071105957,0.23469600081443787,1.092038631439209,-0.8028500080108643,0.2675529718399048,0.41745704412460327,0.34302544593811035,-0.015450475737452507,0.05528191104531288,-0.38942331075668335,0.1353798806667328,-0.9515008926391602,1.148139238357544,0.4938449263572693,-0.00608676765114069,0.48400139808654785,-0.3021904230117798,-0.055174700915813446,0.7305574417114258,1.2347168922424316,-0.41092610359191895,-0.1259268820285797,1.1390339136123657
2.9282302856445312,0.16974768042564392,0.622708261013031,0.08713309466838837,0.031705666333436966,-0.029197601601481438,0.9952638149261475,-1.4636168479919434,0.16960543394088745,0.07775573432445526,1.3735158443450928,0.019676417112350464,0.07789687812328339,0.18552279472351074,-0.4263538122177124,0.23971658945083618,1.0890910625457764,-0.8028500080108643,0.26662373542785645,0.4275376796722412,0.35219091176986694,-0.009866412729024887,0.04790090397000313,-0.3968380093574524,0.14384713768959045,-0.9934967756271362,1.1299183368682861,0.5037953853607178,-0.00728768203407526,0.4771721065044403,-0.30929774045944214,-0.05824555084109306,0.7220417857170105,1.2382149696350098,-0.4031233489513397,-0.12212157249450684,1.1381738185882568
2.9359729290008545,0.17096619307994843,0.6256839632987976,0.08781526982784271,0.036813657730817795,-0.04030338674783707,0.994640052318573,-1.466636061668396,0.17215034365653992,0.0754595696926117,1.3702365159988403,0.015496581792831421,0.06921660900115967,0.17943677306175232,-0.43878477811813354,0.24332579970359802,1.0698776245117188,-0.8028500080108643,0.26269960403442383,0.437109112739563,0.357729434967041,-0.007333597633987665,0.043471891433000565,-0.4023863673210144,0.15464933216571808,-1.0319606065750122,1.1157200336456299,0.5074390172958374,-0.00865146517753601,0.4675480127334595,-0.3173119127750397,-0.05779271572828293,0.7148310542106628,1.246760368347168,-0.39434531331062317,-0.11633004248142242,1.1385674476623535
2.9446935653686523,0.17269852757453918,0.6349815130233765,0.08724088966846466,0.043280020356178284,-0.05206381902098656,0.9938839077949524,-1.4566341638565063,0.17467474937438965,0.07439110428094864,1.350466251373291,0.012724553234875202,0.05978081747889519,0.16604462265968323,-0.45028623938560486,0.24571523070335388,1.0341519117355347,-0.8028500080108643,0.2593689560890198,0.44368404150009155,0.35812535881996155,-0.004721367731690407,0.040921371430158615,-0.40383732318878174,0.1651502251625061,-1.063896894454956,1.1099995374679565,0.5045573711395264,-0.009002041071653366,0.45465946197509766,-0.3257502317428589,-0.05283631756901741,0.7115339040756226,1.257795810699463,-0.3852759599685669,-0.10957206785678864,1.1408767700195312
2.9537668228149414,0.17657987773418427,0.6514089107513428,0.08556850999593735,0.05048049986362457,-0.06375152617692947,0.9930083155632019,-1.429665446281433,0.17694887518882751,0.07793153822422028,1.306917428970337,0.014738056808710098,0.04965956509113312,0.14718542993068695,-0.46249204874038696,0.24605384469032288,0.9821662902832031,-0.8028500080108643,0.25837409496307373,0.44833624362945557,0.3515310287475586,-0.0024404136929661036,0.046787962317466736,-0.3947943449020386,0.17324276268482208,-1.080944538116455,1.115095615386963,0.49852514266967773,-0.006997129414230585,0.43922650814056396,-0.32227298617362976,-0.04991079121828079,0.7027831673622131,1.274816632270813,-0.3802841305732727,-0.1021072268486023,1.14606773853302
2.9641613960266113,0.18211311101913452,0.6757054924964905,0.08198116719722748,0.058641497045755386,-0.07379975914955139,0.99216628074646,-1.3836753368377686,0.17919692397117615,0.08244453370571136,1.2421879768371582,0.019099466502666473,0.04224077984690666,0.12559325993061066,-0.46916890144348145,0.24265003204345703,0.9175809621810913,-0.8008973598480225,0.26068180799484253,0.4516597390174866,0.3389384150505066,-0.002658072393387556,0.060596928000450134,-0.3765316307544708,0.17729587852954865,-1.081683874130249,1.129050612449646,0.4859541952610016,-0.0032317242585122585,0.4251623749732971,-0.3133922517299652,-0.04300067946314812,0.6966894865036011,1.2896924018859863,-0.3787449598312378,-0.09597266465425491,1.1511849164962769
2.9764046669006348,0.18945831060409546,0.7059674263000488,0.0767374336719513,0.06786510348320007,-0.08107171207666397,0.9914298057556152,-1.3228431940078735,0.17993077635765076,0.08729647099971771,1.1624726057052612,0.02327069453895092,0.03767506033182144,0.09935201704502106,-0.4679713249206543,0.23503854870796204,0.8542510271072388,-0.7707342505455017,0.2628156840801239,0.45463070273399353,0.3225313425064087,-0.005026898346841335,0.0815264955163002,-0.3569886386394501,0.17560270428657532,-1.0649405717849731,1.1548017263412476,0.46588340401649475,0.0028375096153467894,0.41557830572128296,-0.30354148149490356,-0.035900577902793884,0.6907690763473511,1.310423493385315,-0.37790265679359436,-0.08844026923179626,1.1555835008621216
2.990723133087158,0.19628870487213135,0.7413089871406555,0.07146062701940536,0.07739538699388504,-0.08650106191635132,0.9906668663024902,-1.2453824281692505,0.17566879093647003,0.09334000945091248,1.0668776035308838,0.025804659351706505,0.03797932714223862,0.06543713063001633,-0.45928311347961426,0.22220051288604736,0.7983963489532471,-0.7276353240013123,0.26490306854248047,0.4522191286087036,0.2963978350162506,-0.01313746813684702,0.10526543855667114,-0.33491191267967224,0.16970178484916687,-1.0389494895935059,1.18541419506073,0.44194743037223816,0.008089541457593441,0.4064459800720215,-0.29548293352127075,-0.03027249313890934,0.6869345903396606,1.3329131603240967,-0.37755686044692993,-0.07983078062534332,1.1601743698120117
3.006716251373291,0.20185184478759766,0.7764361500740051,0.067091204226017,0.08469165861606598,-0.08893197029829025,0.9901602268218994,-1.1593295335769653,0.1630285233259201,0.09732603281736374,0.9682011604309082,0.025375287979841232,0.04427032172679901,0.019785817712545395,-0.4428069293498993,0.20509366691112518,0.7635443806648254,-0.6812153458595276,0.2657143175601959,0.4433637261390686,0.27015721797943115,-0.025976788252592087,0.1247539073228836,-0.31581759452819824,0.16578757762908936,-1.0112324953079224,1.2019556760787964,0.42235881090164185,0.011634191498160362,0.4018325209617615,-0.28733548521995544,-0.029581256210803986,0.6881694197654724,1.349084496498108,-0.38259434700012207,-0.07278981059789658,1.1642577648162842
3.0242161750793457,0.20728835463523865,0.8093715310096741,0.06222167983651161,0.08786853402853012,-0.08681230992078781,0.9903894066810608,-1.0662955045700073,0.14439281821250916,0.09500439465045929,0.8662772178649902,0.02545149438083172,0.05442018434405327,-0.03531897813081741,-0.4168328642845154,0.1869252324104309,0.7534882426261902,-0.6367120742797852,0.26312533020973206,0.4302070736885071,0.2467270791530609,-0.03527379781007767,0.1420867145061493,-0.301850825548172,0.1596262902021408,-0.9781059622764587,1.2141942977905273,0.4043956398963928,0.015023021958768368,0.4037681221961975,-0.27688321471214294,-0.03349196910858154,0.6833516359329224,1.3628870248794556,-0.38858431577682495,-0.06742900609970093,1.1655454635620117
3.044632911682129,0.2131907194852829,0.8404771089553833,0.056603655219078064,0.08650903403759003,-0.07899200171232224,0.9915001392364502,-0.9637610912322998,0.12037411332130432,0.08640358597040176,0.7633866667747498,0.024318072944879532,0.07308900356292725,-0.09476728737354279,-0.38067999482154846,0.167438343167305,0.761906087398529,-0.5962409973144531,0.25451892614364624,0.40925663709640503,0.22333481907844543,-0.037017565220594406,0.16003172099590302,-0.29019612073898315,0.15149681270122528,-0.9471328258514404,1.2149271965026855,0.3897969126701355,0.01967650093138218,0.4080128073692322,-0.26728975772857666,-0.03579620271921158,0.6855193972587585,1.362599492073059,-0.3971875011920929,-0.0666414126753807,1.1647632122039795
3.0675241947174072,0.22045810520648956,0.8673760890960693,0.053086038678884506,0.08147083967924118,-0.06526806950569153,0.9931185245513916,-0.8597491383552551,0.08705035597085953,0.07385710626840591,0.6703015565872192,0.018459968268871307,0.09692499041557312,-0.1669185757637024,-0.3468702435493469,0.1501792073249817,0.7907695174217224,-0.5762056708335876,0.24412935972213745,0.37205174565315247,0.2055295705795288,-0.03385468199849129,0.17195159196853638,-0.2826104462146759,0.14669500291347504,-0.9164814949035645,1.2016533613204956,0.37934374809265137,0.024829134345054626,0.4146435856819153,-0.25597715377807617,-0.039157770574092865,0.6888911128044128,1.3533844947814941,-0.4077368676662445,-0.06965801119804382,1.1624644994735718
3.091244697570801,0.22820043563842773,0.8902587890625,0.05108653008937836,0.07457295805215836,-0.04949690401554108,0.9946753978729248,-0.7562383413314819,0.051873400807380676,0.05816240608692169,0.5766059160232544,0.01641715131700039,0.11582426726818085,-0.23460793495178223,-0.3175426721572876,0.134088397026062,0.8168888092041016,-0.5681377053260803,0.23380686342716217,0.3366134464740753,0.18600744009017944,-0.02930178865790367,0.18055692315101624,-0.2783196270465851,0.13785627484321594,-0.8950900435447693,1.184875249862671,0.37196099758148193,0.029143577441573143,0.4160555601119995,-0.24496659636497498,-0.04289717227220535,0.6876788139343262,1.3467196226119995,-0.41592779755592346,-0.0730976089835167,1.161096453666687
3.115060806274414,0.2364988774061203,0.9101219177246094,0.05145551636815071,0.06586598604917526,-0.023759111762046814,0.9962175488471985,-0.647681713104248,0.007147913798689842,0.035651516169309616,0.47753655910491943,0.018864644691348076,0.13603828847408295,-0.30893474817276,-0.28487247228622437,0.12832677364349365,0.8443936109542847,-0.5658117532730103,0.2238648533821106,0.2956063151359558,0.17095839977264404,-0.02400188334286213,0.19128715991973877,-0.273671418428421,0.1236148253083229,-0.8881604671478271,1.1486859321594238,0.3696061670780182,0.03047371469438076,0.4114172160625458,-0.22441327571868896,-0.04950494319200516,0.6727526187896729,1.340339183807373,-0.4197147488594055,-0.0779617428779602,1.1610794067382812
3.1384124755859375,0.24483592808246613,0.9254255294799805,0.053101129829883575,0.054225895553827286,0.015126529149711132,0.9970009922981262,-0.5413650870323181,-0.04500967636704445,0.0010268650949001312,0.40234601497650146,0.009138032793998718,0.16023218631744385,-0.3917340040206909,-0.24571263790130615,0.13061340153217316,0.8670251369476318,-0.5195200443267822,0.21337607502937317,0.23287272453308105,0.16498449444770813,-0.0221264511346817,0.19536054134368896,-0.27131474018096924,0.1070222556591034,-0.8854626417160034,1.1141928434371948,0.36937230825424194,0.030463796108961105,0.40287941694259644,-0.1998266577720642,-0.05996504798531532,0.6537895202636719,1.3298641443252563,-0.41632214188575745,-0.08434131741523743,1.165588140487671
3.160590410232544,0.2542351484298706,0.9353911280632019,0.05628001317381859,0.04193327948451042,0.06309781968593597,0.9955364465713501,-0.44804948568344116,-0.09877505898475647,-0.04339509829878807,0.3602882921695709,-0.01356707513332367,0.17765164375305176,-0.46220794320106506,-0.22015506029129028,0.14468447864055634,0.8707067370414734,-0.44730743765830994,0.2117207944393158,0.16330096125602722,0.16211563348770142,-0.037154242396354675,0.19258081912994385,-0.26429131627082825,0.0852581337094307,-0.8806894421577454,1.1086134910583496,0.3696044683456421,0.025997109711170197,0.38838690519332886,-0.17862623929977417,-0.07015866041183472,0.6297126412391663,1.3367745876312256,-0.40791434049606323,-0.08560911566019058,1.1728408336639404
3.1820261478424072,0.26434218883514404,0.9412710070610046,0.05834348872303963,0.02912743389606476,0.11479208618402481,0.9912468791007996,-0.3682790994644165,-0.14248491823673248,-0.09570039808750153,0.35071274638175964,-0.048881933093070984,0.18532398343086243,-0.5220201015472412,-0.20375269651412964,0.1633170247077942,0.853303074836731,-0.3607741594314575,0.21318355202674866,0.08872640877962112,0.16274119913578033,-0.05383291095495224,0.18680578470230103,-0.2527925372123718,0.05594256892800331,-0.867777943611145,1.1458468437194824,0.3691534399986267,0.02023799903690815,0.3729841113090515,-0.1641053855419159,-0.0857144221663475,0.6111139059066772,1.3490625619888306,-0.39723533391952515,-0.08497320115566254,1.179474949836731
3.2040557861328125,0.2754419147968292,0.9448840618133545,0.05935600772500038,0.016823938116431236,0.16535775363445282,0.9843021035194397,-0.2930224537849426,-0.1734461784362793,-0.15054383873939514,0.35941600799560547,-0.09526339918375015,0.1813890039920807,-0.5622523427009583,-0.19725868105888367,0.17042264342308044,0.7717193365097046,-0.23947082459926605,0.2164730429649353,0.014500845223665237,0.16324873268604279,-0.07609997689723969,0.18324251472949982,-0.23696616291999817,0.02670634351670742,-0.8528714179992676,1.1968449354171753,0.3703874349594116,0.011916715651750565,0.3595360219478607,-0.15018483996391296,-0.10440020263195038,0.5943558216094971,1.3596301078796387,-0.3853980302810669,-0.08432018756866455,1.18514084815979
3.2267565727233887,0.2884441316127777,0.9462695717811584,0.06088787317276001,0.005125302821397781,0.21276956796646118,0.9751899838447571,-0.21912610530853271,-0.1932624876499176,-0.20388466119766235,0.37640511989593506,-0.1480402946472168,0.16888286173343658,-0.5851684808731079,-0.20882299542427063,0.16786222159862518,0.6447685956954956,-0.09294901043176651,0.2259872704744339,-0.05129659175872803,0.16022685170173645,-0.09881669282913208,0.1824103444814682,-0.21424177289009094,-0.0020122413989156485,-0.8376728296279907,1.2452906370162964,0.37288400530815125,0.0006389394402503967,0.34971553087234497,-0.13148272037506104,-0.12065253406763077,0.5706824660301208,1.3739237785339355,-0.373922199010849,-0.0809137299656868,1.1885039806365967
3.2477447986602783,0.30161988735198975,0.9459589123725891,0.06120538339018822,-0.008804106153547764,0.25641700625419617,0.9645862579345703,-0.14650818705558777,-0.19793276488780975,-0.25408869981765747,0.3989511728286743,-0.2025078535079956,0.15169867873191833,-0.6067677140235901,-0.22446781396865845,0.1550089716911316,0.5237031579017639,-0.028810683637857437,0.23502935469150543,-0.11489562690258026,0.1676398664712906,-0.11982142180204391,0.18545550107955933,-0.1960531622171402,-0.02276488021016121,-0.8169019222259521,1.2795376777648926,0.37629568576812744,-0.012787570245563984,0.34788262844085693,-0.11265283823013306,-0.13215108215808868,0.547558605670929,1.379333734512329,-0.36863037943840027,-0.07675757259130478,1.190743327140808
3.2655346393585205,0.3132970929145813,0.9444984197616577,0.06220368295907974,-0.02131490781903267,0.2909049987792969,0.9544897079467773,-0.08153454959392548,-0.19221822917461395,-0.29070717096328735,0.41574591398239136,-0.24845680594444275,0.13066613674163818,-0.6395258903503418,-0.24358297884464264,0.148783341050148,0.43508192896842957,0.023479698225855827,0.24116064608097076,-0.16949570178985596,0.17865270376205444,-0.13603103160858154,0.19233188033103943,-0.18898797035217285,-0.03530043736100197,-0.7945559024810791,1.3072744607925415,0.37981241941452026,-0.024561487138271332,0.3514595329761505,-0.10436864197254181,-0.13949252665042877,0.5252501964569092,1.3903340101242065,-0.3650943338871002,-0.06968364119529724,1.1929994821548462
3.2831990718841553,0.32407376170158386,0.9420729875564575,0.0644829273223877,-0.031915243715047836,0.31797853112220764,0.9453639984130859,-0.023560335859656334,-0.17945677042007446,-0.3152359127998352,0.4271085560321808,-0.28729385137557983,0.1101333349943161,-0.6722344160079956,-0.2609332799911499,0.14335563778877258,0.3750857710838318,0.06402561813592911,0.24067142605781555,-0.21250642836093903,0.18923407793045044,-0.15001280605793,0.20307151973247528,-0.18342025578022003,-0.04133129492402077,-0.7722533941268921,1.3275742530822754,0.3819373548030853,-0.03524639829993248,0.35932740569114685,-0.10181666910648346,-0.13742822408676147,0.5101680159568787,1.3987836837768555,-0.3659038245677948,-0.06354127824306488,1.1906532049179077
3.302259683609009,0.3348555862903595,0.9378252625465393,0.06708600372076035,-0.0413031205534935,0.33793309330940247,0.9378671050071716,0.026080995798110962,-0.15984219312667847,-0.32924193143844604,0.4444672465324402,-0.32726165652275085,0.0890275090932846,-0.6935039758682251,-0.275698184967041,0.13420632481575012,0.33645036816596985,0.0952654629945755,0.23708614706993103,-0.2464217245578766,0.19454360008239746,-0.16256588697433472,0.21848386526107788,-0.17576783895492554,-0.04161280766129494,-0.7526724338531494,1.3457534313201904,0.3835882544517517,-0.04264534264802933,0.36658984422683716,-0.09753192216157913,-0.13028578460216522,0.5012691617012024,1.4083082675933838,-0.36941516399383545,-0.05717983841896057,1.189166784286499
3.3246665000915527,0.3468283414840698,0.9299902319908142,0.07134654372930527,-0.050053443759679794,0.35419410467147827,0.93110191822052,0.07070911675691605,-0.13497820496559143,-0.33810102939605713,0.474859356880188,-0.375166654586792,0.06915027648210526,-0.6847718954086304,-0.2928082048892975,0.11940795183181763,0.3094432055950165,0.11630192399024963,0.23052430152893066,-0.27678728103637695,0.18844684958457947,-0.175307959318161,0.23981636762619019,-0.15628844499588013,-0.03333475440740585,-0.7358856797218323,1.357595443725586,0.38481438159942627,-0.04784712940454483,0.3718401789665222,-0.07916627824306488,-0.1248842179775238,0.4901694357395172,1.4192490577697754,-0.3740265965461731,-0.04936202988028526,1.1890649795532227
3.3508732318878174,0.3593122959136963,0.917039692401886,0.07799122482538223,-0.05675359070301056,0.36747488379478455,0.9250181913375854,0.10765877366065979,-0.10619200766086578,-0.3483008146286011,0.5193713307380676,-0.4308110475540161,0.04913618043065071,-0.646892786026001,-0.31325608491897583,0.10334526002407074,0.28639495372772217,0.1286158561706543,0.2235870659351349,-0.29934778809547424,0.17085322737693787,-0.1921435445547104,0.26333320140838623,-0.12477573752403259,-0.015046955086290836,-0.7210197448730469,1.3671965599060059,0.3836871385574341,-0.05046292394399643,0.37306180596351624,-0.05303695425391197,-0.1171889677643776,0.47941818833351135,1.4313656091690063,-0.37748271226882935,-0.03885749727487564,1.1904538869857788
3.378305435180664,0.36954060196876526,0.8999404311180115,0.08601860702037811,-0.06010797619819641,0.37579771876335144,0.9207409024238586,0.134383887052536,-0.07375603169202805,-0.3557727336883545,0.5663948655128479,-0.4869686961174011,0.03000861406326294,-0.615110456943512,-0.33147957921028137,0.09536997973918915,0.28712400794029236,0.1327977478504181,0.21651294827461243,-0.31184083223342896,0.1584012359380722,-0.2101062685251236,0.2798665463924408,-0.10289320349693298,0.006893594283610582,-0.7109115123748779,1.3737220764160156,0.38043078780174255,-0.049613144248723984,0.37097716331481934,-0.041039858013391495,-0.10770383477210999,0.47388702630996704,1.44158136844635,-0.3787497282028198,-0.02674887888133526,1.193222999572754
3.4078054428100586,0.37800103425979614,0.8791390657424927,0.09390348196029663,-0.05964840576052666,0.3816812038421631,0.9175748825073242,0.15170252323150635,-0.03617743402719498,-0.3556153178215027,0.6114969849586487,-0.541581928730011,0.013214848935604095,-0.5916302800178528,-0.3456835448741913,0.09138023108243942,0.30901724100112915,0.3076169490814209,0.20885585248470306,-0.3158578872680664,0.14592617750167847,-0.2253326028585434,0.28719189763069153,-0.083072230219841,0.03015376441180706,-0.6975306868553162,1.3812087774276733,0.3759010434150696,-0.04674002528190613,0.3662816882133484,-0.03454947844147682,-0.09871800243854523,0.46883678436279297,1.4496080875396729,-0.3795764744281769,-0.016808783635497093,1.197769045829773
3.438030242919922,0.3846525251865387,0.8588041663169861,0.10209977626800537,-0.056668177247047424,0.38643088936805725,0.9148964881896973,0.17309066653251648,0.0036585479974746704,-0.3490678369998932,0.6306624412536621,-0.5818484425544739,0.005352573469281197,-0.5915622115135193,-0.36221829056739807,0.08937214314937592,0.36969679594039917,0.32725808024406433,0.19912344217300415,-0.3205251097679138,0.13561254739761353,-0.23347139358520508,0.2821495831012726,-0.07433530688285828,0.04668273404240608,-0.6895037293434143,1.3872350454330444,0.3729743957519531,-0.03980151563882828,0.35871973633766174,-0.03834446519613266,-0.09260793775320053,0.46400123834609985,1.4572051763534546,-0.3792963922023773,-0.005904905963689089,1.2031430006027222
3.4676976203918457,0.3904038667678833,0.8454574346542358,0.10883292555809021,-0.05493762344121933,0.3899829089641571,0.9127160906791687,0.19369682669639587,0.045327093452215195,-0.3375758230686188,0.6472772359848022,-0.6211897730827332,0.010535955429077148,-0.6220948696136475,-0.3811054825782776,0.08744782954454422,0.4789729416370392,0.2763037383556366,0.18728815019130707,-0.3226467967033386,0.1332937330007553,-0.2363429218530655,0.265998512506485,-0.0734025239944458,0.056990254670381546,-0.6827528476715088,1.3946813344955444,0.36934617161750793,-0.02956838719546795,0.3496933877468109,-0.05277770757675171,-0.08827237039804459,0.4587978720664978,1.4609804153442383,-0.37645143270492554,0.0027464923914521933,1.2060315608978271
3.494845390319824,0.3963838219642639,0.84132981300354,0.11478468775749207,-0.056037433445453644,0.39423230290412903,0.9100908041000366,0.20762771368026733,0.08686640858650208,-0.3240182399749756,0.6831823587417603,-0.6692273020744324,0.023157626390457153,-0.672614336013794,-0.401278555393219,0.09108395874500275,0.6214896440505981,0.20192091166973114,0.17385700345039368,-0.325936883687973,0.13866552710533142,-0.24051541090011597,0.24701818823814392,-0.07872714847326279,0.05821467190980911,-0.6798375844955444,1.4004064798355103,0.3653377294540405,-0.019163953140378,0.3417741358280182,-0.07209819555282593,-0.08347740769386292,0.45721277594566345,1.463270664215088,-0.37397533655166626,0.009581862948834896,1.2072632312774658
3.5183534622192383,0.40160036087036133,0.8294346928596497,0.12035767734050751,-0.05929651856422424,0.39909112453460693,0.9070414900779724,0.2210581749677658,0.12587428092956543,-0.31338125467300415,0.7283430099487305,-0.7253910899162292,0.038570016622543335,-0.7317432165145874,-0.42220956087112427,0.09849736839532852,0.7740234136581421,0.12402589619159698,0.16248419880867004,-0.3314747214317322,0.15133057534694672,-0.2464555948972702,0.2287030965089798,-0.08934640884399414,0.054433006793260574,-0.6800702214241028,1.4086542129516602,0.3623769283294678,-0.009249737486243248,0.33275485038757324,-0.09633307158946991,-0.08130913972854614,0.4597567319869995,1.4640271663665771,-0.37193769216537476,0.01419059932231903,1.2086111307144165
3.5387113094329834,0.4057416021823883,0.8132467865943909,0.12430033087730408,-0.06359405070543289,0.4020017981529236,0.904930830001831,0.23247095942497253,0.15754762291908264,-0.3059338331222534,0.7797495126724243,-0.7757148146629333,0.053143154829740524,-0.79100501537323,-0.4357908368110657,0.10780325531959534,0.9232998490333557,0.04749402031302452,0.15122903883457184,-0.33642491698265076,0.16663478314876556,-0.25237083435058594,0.21149912476539612,-0.1059640496969223,0.043355610221624374,-0.6897086501121521,1.415687084197998,0.3613244295120239,0.00010197842493653297,0.32334214448928833,-0.1250639110803604,-0.08031012117862701,0.47004932165145874,1.4635231494903564,-0.3701133728027344,0.01731952466070652,1.2093579769134521
3.5569374561309814,0.40829354524612427,0.797776997089386,0.12550558149814606,-0.06522125005722046,0.40328171849250793,0.9040787220001221,0.24405182898044586,0.181568443775177,-0.3001675307750702,0.8167273998260498,-0.8028500080108643,0.06375101208686829,-0.8444575071334839,-0.43880119919776917,0.11157706379890442,1.049360752105713,-0.01972777023911476,0.14002777636051178,-0.34748321771621704,0.17959225177764893,-0.25515004992485046,0.20167860388755798,-0.1349928379058838,0.028209375217556953,-0.712493896484375,1.4076073169708252,0.3653262257575989,0.005487352143973112,0.32607322931289673,-0.1560024619102478,-0.0838201493024826,0.4943729043006897,1.451540470123291,-0.37499839067459106,0.014193587936460972,1.2036783695220947
3.5726799964904785,0.40980201959609985,0.783394992351532,0.1254863440990448,-0.06458212435245514,0.40468084812164307,0.9035019874572754,0.2586686611175537,0.19928209483623505,-0.2953876256942749,0.8391957879066467,-0.8028500080108643,0.06939921528100967,-0.8925832509994507,-0.4373963475227356,0.11082716286182404,1.1555631160736084,-0.0776815414428711,0.130590558052063,-0.3593308925628662,0.19203677773475647,-0.2530761957168579,0.19602081179618835,-0.16619709134101868,0.015032239258289337,-0.7384783029556274,1.3978941440582275,0.37304621934890747,0.010306855663657188,0.33068370819091797,-0.18582364916801453,-0.09244124591350555,0.5212739109992981,1.4384028911590576,-0.3807677626609802,0.010896531865000725,1.1995066404342651
3.586341142654419,0.41049283742904663,0.7701475024223328,0.12342043220996857,-0.06165684759616852,0.40571358799934387,0.9035276770591736,0.2733074426651001,0.21399599313735962,-0.2923068404197693,0.8507530689239502,-0.8028500080108643,0.07244425266981125,-0.938079833984375,-0.4317191541194916,0.1042478084564209,1.2434533834457397,-0.12489090859889984,0.12164559960365295,-0.3709268569946289,0.2048565298318863,-0.2464308738708496,0.19250339269638062,-0.1962323784828186,0.004536123480647802,-0.7683681845664978,1.385072946548462,0.3822022080421448,0.014426643028855324,0.33746302127838135,-0.21715563535690308,-0.10041878372430801,0.552841067314148,1.4173468351364136,-0.3879038095474243,0.005551337730139494,1.1925067901611328
3.5975399017333984,0.41135770082473755,0.7575406432151794,0.12074539065361023,-0.05818895623087883,0.4059480130672455,0.9040137529373169,0.289451003074646,0.2247442752122879,-0.2896345257759094,0.8575489521026611,-0.8028500080108643,0.0746675431728363,-0.9799566864967346,-0.425150603055954,0.09672141075134277,1.3182754516601562,-0.16441433131694794,0.11372323334217072,-0.38107478618621826,0.21592822670936584,-0.24166347086429596,0.18998244404792786,-0.22074930369853973,-0.003946020733565092,-0.7971216440200806,1.3724253177642822,0.3926139175891876,0.018886422738432884,0.3439135253429413,-0.24581611156463623,-0.10648059099912643,0.5837863683700562,1.3981857299804688,-0.39668458700180054,0.0023500677198171616,1.1852078437805176
3.6066999435424805,0.4128636121749878,0.7455655932426453,0.11792413145303726,-0.054458945989608765,0.40574967861175537,0.9047073125839233,0.3067411482334137,0.23262521624565125,-0.28699687123298645,0.8614099025726318,-0.8028500080108643,0.07627774775028229,-1.0185147523880005,-0.42008721828460693,0.09091967344284058,1.3829429149627686,-0.19830918312072754,0.1070348471403122,-0.3902522325515747,0.2259930521249771,-0.2397545874118805,0.1855713427066803,-0.2417849600315094,-0.011993026360869408,-0.8244246244430542,1.359055995941162,0.4026603102684021,0.023473741486668587,0.3496122360229492,-0.2704021632671356,-0.10971076041460037,0.6123706102371216,1.3828332424163818,-0.4070943295955658,0.0020496484357863665,1.1766059398651123
3.614051580429077,0.41483235359191895,0.7349013686180115,0.11469855904579163,-0.0508015975356102,0.40444326400756836,0.9059188961982727,0.3241695165634155,0.23856644332408905,-0.28466174006462097,0.8655483722686768,-0.8028500080108643,0.07761438190937042,-1.0520451068878174,-0.41719484329223633,0.08631093055009842,1.4370579719543457,-0.2268807739019394,0.10145055502653122,-0.3975098729133606,0.23488232493400574,-0.24065807461738586,0.18044036626815796,-0.2561861276626587,-0.019094539806246758,-0.8487677574157715,1.3446165323257446,0.4126865267753601,0.028473541140556335,0.3540307283401489,-0.2899661660194397,-0.11056117713451385,0.639763593673706,1.3697890043258667,-0.42025870084762573,0.0036727995611727238,1.168174386024475
3.6198713779449463,0.41726744174957275,0.7250388860702515,0.11104872077703476,-0.047199174761772156,0.4021497964859009,0.907588005065918,0.3389265835285187,0.2414788156747818,-0.2829835116863251,0.8728755712509155,-0.8028500080108643,0.07881240546703339,-1.0827442407608032,-0.4155081510543823,0.08358928561210632,1.4838552474975586,-0.2519739866256714,0.09595673531293869,-0.4018709063529968,0.24301956593990326,-0.241641566157341,0.1723172813653946,-0.26943814754486084,-0.025451617315411568,-0.8753068447113037,1.3254371881484985,0.4223129153251648,0.0330142080783844,0.35846108198165894,-0.3067576587200165,-0.11227459460496902,0.6669033765792847,1.358351469039917,-0.43488550186157227,0.006132334470748901,1.1600855588912964
3.6244099140167236,0.42035505175590515,0.7153887748718262,0.10738679021596909,-0.04381149634718895,0.3992750942707062,0.9094657897949219,0.3520315885543823,0.24169747531414032,-0.28175076842308044,0.8828824758529663,-0.8028500080108643,0.07965844869613647,-1.1119240522384644,-0.4152155816555023,0.08372515439987183,1.5270864963531494,-0.27488940954208374,0.09125149250030518,-0.4036751985549927,0.2497657835483551,-0.24292244017124176,0.1610603928565979,-0.28353023529052734,-0.033384770154953,-0.9060994386672974,1.3043828010559082,0.4314296543598175,0.03703824430704117,0.362204372882843,-0.3201126456260681,-0.11450309306383133,0.693885087966919,1.3524348735809326,-0.4505579471588135,0.01020829752087593,1.1535232067108154
3.628028154373169,0.42361629009246826,0.7055225372314453,0.10423436015844345,-0.041055578738451004,0.3969639241695404,0.9109715819358826,0.36494868993759155,0.2404237538576126,-0.2815842628479004,0.8923375606536865,-0.8028500080108643,0.07983796298503876,-1.1408710479736328,-0.4148271679878235,0.08698583394289017,1.5669145584106445,-0.2942337989807129,0.08734555542469025,-0.40418142080307007,0.2563576400279999,-0.24486027657985687,0.14766758680343628,-0.29593712091445923,-0.04036005586385727,-0.9342114925384521,1.2855275869369507,0.4376542568206787,0.04068630933761597,0.3653144836425781,-0.3311499059200287,-0.11672043800354004,0.720004141330719,1.349623680114746,-0.4664364457130432,0.014694008976221085,1.1473652124404907
3.63070011138916,0.4268760681152344,0.6952186822891235,0.10144592076539993,-0.039293766021728516,0.39504534006118774,0.9121973514556885,0.3759487271308899,0.23813527822494507,-0.28230220079421997,0.9017720818519592,-0.8028500080108643,0.0793229192495346,-1.1699631214141846,-0.41433215141296387,0.09236703813076019,1.6038305759429932,-0.3089221715927124,0.08459706604480743,-0.4030016362667084,0.263815313577652,-0.24774518609046936,0.13267573714256287,-0.3084797263145447,-0.04634973779320717,-0.9620102047920227,1.264352798461914,0.44157859683036804,0.04292677342891693,0.369266152381897,-0.34148067235946655,-0.11932693421840668,0.7458508610725403,1.3478963375091553,-0.4828872084617615,0.018804635852575302,1.1408476829528809
3.6326258182525635,0.4298884868621826,0.68546462059021,0.09911105781793594,-0.03816239535808563,0.39364415407180786,0.9131073355674744,0.38412004709243774,0.23609837889671326,-0.28296613693237305,0.9104279279708862,-0.8028500080108643,0.08016469329595566,-1.196298360824585,-0.415040522813797,0.09841670095920563,1.6374506950378418,-0.32148435711860657,0.08368288725614548,-0.40015482902526855,0.26955628395080566,-0.2516046464443207,0.11486642807722092,-0.3180640935897827,-0.05318212881684303,-0.9903804063796997,1.244850993156433,0.4446280598640442,0.044512007385492325,0.37061625719070435,-0.3495696783065796,-0.12186741828918457,0.7708874940872192,1.3468492031097412,-0.49850910902023315,0.02218857780098915,1.1361502408981323
3.6346335411071777,0.43247711658477783,0.6769441366195679,0.09821011126041412,-0.03727492690086365,0.3928358256816864,0.9135892987251282,0.39257627725601196,0.2330300211906433,-0.2858071029186249,0.9148552417755127,-0.8028500080108643,0.08090125769376755,-1.2188526391983032,-0.4150445759296417,0.10642365366220474,1.667382001876831,-0.3330843448638916,0.08310394734144211,-0.3961690664291382,0.27445676922798157,-0.2554411292076111,0.09885509312152863,-0.32282012701034546,-0.05996881052851677,-1.0143787860870361,1.2290613651275635,0.44636961817741394,0.04540961980819702,0.3699951171875,-0.355712354183197,-0.12469755113124847,0.7931755781173706,1.3463925123214722,-0.5116251111030579,0.024418700486421585,1.1335951089859009
3.6371994018554688,0.43476253747940063,0.6697611808776855,0.09717987477779388,-0.03589888662099838,0.39218929409980774,0.9140322208404541,0.39788204431533813,0.23209089040756226,-0.28869181871414185,0.9181404113769531,-0.8028500080108643,0.07963062822818756,-1.2392152547836304,-0.41236889362335205,0.11298201978206635,1.6921708583831787,-0.3423273265361786,0.08209319412708282,-0.39235109090805054,0.2812468409538269,-0.2576884627342224,0.0845029428601265,-0.325353741645813,-0.06639497727155685,-1.0310012102127075,1.2231438159942627,0.44561058282852173,0.046015121042728424,0.36916959285736084,-0.3631444573402405,-0.12723499536514282,0.8133041858673096,1.3467447757720947,-0.5219862461090088,0.025790024548768997,1.1317503452301025
3.641119956970215,0.43657469749450684,0.6644368171691895,0.09649345278739929,-0.033405497670173645,0.3929433524608612,0.9138755798339844,0.4016351103782654,0.23444616794586182,-0.29088330268859863,0.9145491123199463,-0.8028500080108643,0.07578164339065552,-1.2566325664520264,-0.40785154700279236,0.11851970106363297,1.7119262218475342,-0.35114216804504395,0.07980725169181824,-0.3911796808242798,0.2887031137943268,-0.25623804330825806,0.06980333477258682,-0.32781270146369934,-0.07278365641832352,-1.044439673423767,1.2273391485214233,0.4426689147949219,0.04621994495391846,0.3664851486682892,-0.37245315313339233,-0.12761957943439484,0.8313217759132385,1.3515111207962036,-0.5283496975898743,0.027803758159279823,1.1307048797607422
3.646850347518921,0.4376586973667145,0.6630271077156067,0.09599749743938446,-0.02908957563340664,0.3939141631126404,0.9136574268341064,0.40112829208374023,0.23883908987045288,-0.2914423942565918,0.9007012248039246,-0.8028500080108643,0.07164853811264038,-1.267397403717041,-0.4017077684402466,0.12066285312175751,1.7211205959320068,-0.3592918813228607,0.07514286041259766,-0.3926461935043335,0.29388245940208435,-0.2509445250034332,0.05858752503991127,-0.32925090193748474,-0.07723166048526764,-1.0544630289077759,1.2412614822387695,0.4394761621952057,0.04652002453804016,0.36108726263046265,-0.38302379846572876,-0.12563501298427582,0.8461496829986572,1.3582684993743896,-0.5306452512741089,0.0290524885058403,1.1309354305267334
3.6543421745300293,0.43818995356559753,0.6668708920478821,0.09599729627370834,-0.02255668304860592,0.3951438367366791,0.9133110046386719,0.39578837156295776,0.2448512315750122,-0.28927919268608093,0.8734621405601501,-0.8028500080108643,0.06662847101688385,-1.2690672874450684,-0.39434105157852173,0.12070810049772263,1.7157948017120361,-0.3662344813346863,0.06933189928531647,-0.395449161529541,0.2936636805534363,-0.2428046464920044,0.04930649325251579,-0.3285023868083954,-0.08048444986343384,-1.0624037981033325,1.263960361480713,0.4353424608707428,0.046860359609127045,0.35009485483169556,-0.39156511425971985,-0.1206979975104332,0.8537657260894775,1.3714110851287842,-0.5270568132400513,0.030900850892066956,1.1345630884170532
3.663389205932617,0.43855592608451843,0.6780551075935364,0.09807523339986801,-0.013813242316246033,0.39715659618377686,0.9123908281326294,0.38528531789779663,0.24851146340370178,-0.28292346000671387,0.8298654556274414,-0.8028500080108643,0.060992371290922165,-1.2571680545806885,-0.3873852491378784,0.11938200891017914,1.6894935369491577,-0.3695225715637207,0.0636507198214531,-0.401208758354187,0.2960015535354614,-0.2324698269367218,0.04034549370408058,-0.3322826623916626,-0.0827958881855011,-1.0683801174163818,1.279607892036438,0.4303375780582428,0.044881124049425125,0.3415733575820923,-0.4004119038581848,-0.11692222952842712,0.8559412956237793,1.3840298652648926,-0.5204751491546631,0.03397808223962784,1.1379358768463135
3.6726973056793213,0.43874886631965637,0.6997706294059753,0.10238189995288849,-0.002165662357583642,0.40100929141044617,0.9103322625160217,0.3632068634033203,0.24504685401916504,-0.26922735571861267,0.7725801467895508,-0.8028500080108643,0.0590408593416214,-1.2252092361450195,-0.3836279511451721,0.11449892073869705,1.6308425664901733,-0.36479711532592773,0.06004296988248825,-0.4022570252418518,0.29082393646240234,-0.2252795398235321,0.03348129242658615,-0.33033788204193115,-0.08431737869977951,-1.0721991062164307,1.2916359901428223,0.4254825711250305,0.041831664741039276,0.33039119839668274,-0.40270698070526123,-0.11459604650735855,0.8464285135269165,1.3973774909973145,-0.5080446004867554,0.036063265055418015,1.144752860069275
3.682041645050049,0.43903446197509766,0.7295728921890259,0.10809870809316635,0.01219070516526699,0.4056544899940491,0.907529890537262,0.3316810429096222,0.23140139877796173,-0.24732229113578796,0.7093106508255005,-0.794542133808136,0.056912608444690704,-1.1764179468154907,-0.3801383078098297,0.10621744394302368,1.5468640327453613,-0.3538632094860077,0.058332473039627075,-0.4033019542694092,0.2791639566421509,-0.22135034203529358,0.029545605182647705,-0.3261658847332001,-0.08531954139471054,-1.0761603116989136,1.3029786348342896,0.42196688055992126,0.0389384925365448,0.31642234325408936,-0.3973497152328491,-0.1140795424580574,0.8240396976470947,1.4133827686309814,-0.48902907967567444,0.03777910768985748,1.1553092002868652
3.6908624172210693,0.4410909414291382,0.7638987302780151,0.1124790757894516,0.02651023119688034,0.4087885320186615,0.9052830934524536,0.29184842109680176,0.2074119597673416,-0.21391020715236664,0.657655656337738,-0.7637816071510315,0.05804828181862831,-1.112180471420288,-0.3714050054550171,0.09003560990095139,1.4436448812484741,-0.3356737792491913,0.058928318321704865,-0.3996945917606354,0.2660568952560425,-0.21160250902175903,0.025917189195752144,-0.3222925066947937,-0.08598042279481888,-1.079261064529419,1.3123937845230103,0.4196299612522125,0.0369071289896965,0.30070552229881287,-0.385148823261261,-0.1095966100692749,0.797773003578186,1.4261419773101807,-0.4664562940597534,0.039635784924030304,1.171626091003418
3.6981520652770996,0.44666507840156555,0.7990846633911133,0.11485432088375092,0.038819558918476105,0.40766480565071106,0.9050474762916565,0.22827595472335815,0.1663113236427307,-0.16511400043964386,0.6495509743690491,-0.5388312935829163,0.06833156198263168,-1.034151315689087,-0.35261520743370056,0.07094364613294601,1.3333876132965088,-0.31679782271385193,0.056229762732982635,-0.3844554126262665,0.2503493130207062,-0.19908222556114197,0.02058716118335724,-0.31369781494140625,-0.08641652762889862,-1.0813311338424683,1.30826735496521,0.4177132844924927,0.034257858991622925,0.2870941758155823,-0.3608526587486267,-0.10355295240879059,0.7661877274513245,1.4358950853347778,-0.4428027868270874,0.038457415997982025,1.190056324005127
3.703382730484009,0.4546290636062622,0.8327414989471436,0.11488997936248779,0.048813723027706146,0.4012018144130707,0.9074440002441406,0.15225255489349365,0.11877302080392838,-0.11187147349119186,0.6637560725212097,-0.3798777163028717,0.0820259302854538,-0.9523975849151611,-0.3271738290786743,0.05087912082672119,1.216009259223938,-0.2940331697463989,0.05779694765806198,-0.360868364572525,0.2356542944908142,-0.18778610229492188,0.02507871761918068,-0.29905638098716736,-0.0867045670747757,-1.0827258825302124,1.2990903854370117,0.42003923654556274,0.03334788605570793,0.2771267890930176,-0.3314785659313202,-0.09638549387454987,0.736083984375,1.4447546005249023,-0.42304855585098267,0.03700103610754013,1.205554485321045
3.7068567276000977,0.4650096893310547,0.861822247505188,0.111382395029068,0.05539419502019882,0.39038243889808655,0.9122099876403809,0.0692201554775238,0.07633279263973236,-0.0595364011824131,0.6924780607223511,-0.45536020398139954,0.09939277172088623,-0.8731213808059692,-0.29832491278648376,0.033991169184446335,1.1015267372131348,-0.26895856857299805,0.06380053609609604,-0.3301568627357483,0.22252660989761353,-0.18020004034042358,0.03580610454082489,-0.28449946641921997,-0.08689499646425247,-1.0786619186401367,1.2932533025741577,0.42502492666244507,0.032857924699783325,0.271901935338974,-0.3017609715461731,-0.0876317024230957,0.7163348197937012,1.4523651599884033,-0.4097771644592285,0.03540078178048134,1.2198699712753296
3.7115116119384766,0.4771234393119812,0.8877602815628052,0.10857219249010086,0.0585138164460659,0.37558504939079285,0.918544590473175,-0.010657023638486862,0.034033678472042084,-0.010307496413588524,0.7257170081138611,-0.3226928412914276,0.12041641771793365,-0.7929211854934692,-0.2734978199005127,0.025034695863723755,0.9872586727142334,-0.2402205914258957,0.07419753074645996,-0.29789066314697266,0.21272385120391846,-0.17827291786670685,0.05400587245821953,-0.26936736702919006,-0.08701595664024353,-1.0682172775268555,1.2876901626586914,0.43214353919029236,0.029748473316431046,0.27395355701446533,-0.27109742164611816,-0.08510524779558182,0.6992188692092896,1.4532020092010498,-0.4018838703632355,0.03072783723473549,1.2290661334991455
3.7202720642089844,0.4913504719734192,0.9103495478630066,0.10480300337076187,0.0584714375436306,0.358741819858551,0.9256898760795593,-0.09382107853889465,-0.0029333028942346573,0.032462138682603836,0.757590651512146,-0.231369286775589,0.14323976635932922,-0.7095651030540466,-0.24831421673297882,0.022518612444400787,0.8770274519920349,-0.21276584267616272,0.08423474431037903,-0.2549135386943817,0.20220118761062622,-0.18234753608703613,0.07639624178409576,-0.25047993659973145,-0.08677618205547333,-1.0475873947143555,1.2817366123199463,0.4356592297554016,0.02627446874976158,0.2819705605506897,-0.24161279201507568,-0.08642154186964035,0.6862789392471313,1.448995590209961,-0.39783963561058044,0.023745764046907425,1.2333791255950928
3.7330493927001953,0.5064590573310852,0.9287871718406677,0.10011565685272217,0.05449488386511803,0.33658567070961,0.9347284436225891,-0.18519681692123413,-0.02644864283502102,0.06733407080173492,0.7836874723434448,-0.3490866720676422,0.16328571736812592,-0.6247854232788086,-0.22313790023326874,0.030361806973814964,0.7773282527923584,-0.19100864231586456,0.096947580575943,-0.20778590440750122,0.19587832689285278,-0.18334752321243286,0.10474327206611633,-0.23499825596809387,-0.08641581237316132,-1.0293961763381958,1.269805908203125,0.4389839172363281,0.022154979407787323,0.29573139548301697,-0.21289664506912231,-0.0896734818816185,0.6821717619895935,1.4418137073516846,-0.3995033800601959,0.015024961903691292,1.2350376844406128
3.748702049255371,0.5213164687156677,0.9423177242279053,0.09532695263624191,0.04736412316560745,0.3094657063484192,0.944934070110321,-0.28368526697158813,-0.034854255616664886,0.09111719578504562,0.8056262731552124,-0.24971213936805725,0.17881077527999878,-0.545617938041687,-0.19940751791000366,0.047296203672885895,0.6956033706665039,-0.1770005226135254,0.1085781455039978,-0.16056165099143982,0.19592462480068207,-0.18566474318504333,0.13577322661876678,-0.2243233174085617,-0.08592954277992249,-1.0010392665863037,1.268423080444336,0.4371006488800049,0.01962217129766941,0.31367412209510803,-0.19045743346214294,-0.09443692862987518,0.6872570514678955,1.4328253269195557,-0.4028674066066742,0.005660830065608025,1.236518383026123
3.7654495239257812,0.5373871326446533,0.9524358510971069,0.09277942031621933,0.03890275955200195,0.2816738784313202,0.9542213678359985,-0.37466904520988464,-0.029020540416240692,0.10899361968040466,0.7954281568527222,-0.186973437666893,0.18785613775253296,-0.4714077115058899,-0.1866409033536911,0.07012537121772766,0.631359338760376,-0.17299668490886688,0.12499310076236725,-0.1081041768193245,0.19589142501354218,-0.18757861852645874,0.16115304827690125,-0.2219265103340149,-0.08444918692111969,-0.9724335670471191,1.2562105655670166,0.4338842034339905,0.014385906048119068,0.33350256085395813,-0.16967394948005676,-0.10254617780447006,0.6923837661743164,1.4231117963790894,-0.40698865056037903,-0.004724343307316303,1.2387230396270752
3.785482406616211,0.555588960647583,0.9596917033195496,0.0875914990901947,0.03238948434591293,0.2526700794696808,0.9630350470542908,-0.418545663356781,-0.014485017396509647,0.11462236940860748,0.7058706283569336,-0.13889703154563904,0.19324684143066406,-0.40470898151397705,-0.17532560229301453,0.08662217855453491,0.5786432027816772,-0.17905382812023163,0.1394381821155548,-0.06471283733844757,0.18562157452106476,-0.18812863528728485,0.19374266266822815,-0.21922709047794342,-0.07807110249996185,-0.9349551200866699,1.2572150230407715,0.42885541915893555,0.009426690638065338,0.34787625074386597,-0.1467272937297821,-0.10792641341686249,0.6904668211936951,1.417581558227539,-0.40919697284698486,-0.01671416312456131,1.2419464588165283
3.812364101409912,0.5738528370857239,0.963751494884491,0.08201988786458969,0.02109730802476406,0.21638639271259308,0.9726276397705078,-0.44909560680389404,-0.007417992223054171,0.12603265047073364,0.5960548520088196,-0.09227758646011353,0.19570277631282806,-0.32952868938446045,-0.16046540439128876,0.10431723296642303,0.5434168577194214,-0.1993909478187561,0.14240942895412445,-0.022323038429021835,0.18151603639125824,-0.1861659437417984,0.23054997622966766,-0.18446551263332367,-0.008101305924355984,-0.8788233399391174,1.2539126873016357,0.42110389471054077,0.0009507215581834316,0.35829541087150574,-0.12323454022407532,-0.11173130571842194,0.6826326847076416,1.4100422859191895,-0.4086836278438568,-0.029971783980727196,1.2446134090423584
3.843273878097534,0.5898414850234985,0.964232325553894,0.07783161848783493,0.00797328818589449,0.17483259737491608,0.9814847111701965,-0.48008108139038086,0.004801350180059671,0.13347360491752625,0.49896809458732605,-0.0479511022567749,0.1873718947172165,-0.25689464807510376,-0.15012730658054352,0.12723690271377563,0.5294793248176575,-0.2341500222682953,0.14209601283073425,0.02108711563050747,0.18144848942756653,-0.17819517850875854,0.26050058007240295,-0.13874751329421997,0.07452455908060074,-0.8158490657806396,1.249463438987732,0.4123103618621826,-0.007527783513069153,0.3688758611679077,-0.10405109822750092,-0.1159026101231575,0.6694267988204956,1.4056626558303833,-0.404700368642807,-0.04097006469964981,1.2448776960372925
3.873516082763672,0.6028717160224915,0.9623048305511475,0.07480355352163315,-0.004315638914704323,0.13578888773918152,0.9879003763198853,-0.515465497970581,0.024808427318930626,0.13716258108615875,0.4158543050289154,-0.00880453735589981,0.17385008931159973,-0.1924676150083542,-0.14447639882564545,0.14935293793678284,0.5263978242874146,-0.27262651920318604,0.1400599181652069,0.06326325982809067,0.18468238413333893,-0.17183908820152283,0.2839130163192749,-0.09348586201667786,0.13797244429588318,-0.748101532459259,1.256061315536499,0.3994923233985901,-0.015686720609664917,0.37753826379776,-0.0928417295217514,-0.11674061417579651,0.6507967710494995,1.4015278816223145,-0.3975783586502075,-0.050925903022289276,1.2413052320480347
3.899378776550293,0.6146280765533447,0.958905816078186,0.07360165566205978,-0.01493625994771719,0.10467685014009476,0.9916664958000183,-0.5659822225570679,0.044661715626716614,0.1387193500995636,0.3586885631084442,0.02432277984917164,0.15970033407211304,-0.1419815868139267,-0.14417490363121033,0.16605724394321442,0.532746434211731,-0.30880191922187805,0.13775159418582916,0.10385353118181229,0.19560526311397552,-0.16999155282974243,0.30246394872665405,-0.0613614097237587,0.17170636355876923,-0.6868197917938232,1.2620904445648193,0.38711410760879517,-0.02395845390856266,0.3835139870643616,-0.09207263588905334,-0.11538828164339066,0.6283247470855713,1.3995800018310547,-0.39210042357444763,-0.05746327340602875,1.2344615459442139
3.921569347381592,0.6251115798950195,0.9540486931800842,0.07303968071937561,-0.023646274581551552,0.08180415630340576,0.9936871528625488,-0.6285170912742615,0.06064452603459358,0.1408448964357376,0.3246214985847473,0.05321566015481949,0.14759260416030884,-0.10557495802640915,-0.1466144323348999,0.17291972041130066,0.5500810146331787,-0.3439176678657532,0.1344745010137558,0.14310923218727112,0.21048229932785034,-0.17423950135707855,0.3150661587715149,-0.04513125121593475,0.1776934713125229,-0.6362702250480652,1.2759449481964111,0.3720794916152954,-0.03040478751063347,0.38574469089508057,-0.09942726790904999,-0.10918013751506805,0.6051349639892578,1.4000133275985718,-0.39043915271759033,-0.06095533072948456,1.224428653717041
3.9433112144470215,0.634688138961792,0.9478796124458313,0.07230938971042633,-0.030885230749845505,0.06484509259462357,0.9947926998138428,-0.685266375541687,0.07126765698194504,0.14991390705108643,0.3036961555480957,0.07636423408985138,0.13823257386684418,-0.07530678808689117,-0.14936381578445435,0.17354047298431396,0.5732232928276062,-0.37969204783439636,0.12948301434516907,0.17887254059314728,0.22412621974945068,-0.17922544479370117,0.3287004828453064,-0.03387458622455597,0.16979441046714783,-0.5886164903640747,1.291938304901123,0.3547511696815491,-0.03524084389209747,0.38687506318092346,-0.10561157017946243,-0.10084933787584305,0.5821091532707214,1.400029182434082,-0.39061492681503296,-0.06340092420578003,1.2139105796813965
3.9650068283081055,0.643328845500946,0.9403117895126343,0.07117752730846405,-0.037466052919626236,0.05315997451543808,0.9953411817550659,-0.7311214208602905,0.07891897112131119,0.16124102473258972,0.2909657955169678,0.09587298333644867,0.12814173102378845,-0.047502968460321426,-0.15350018441677094,0.16887995600700378,0.6001417636871338,-0.416841983795166,0.12497064471244812,0.20483238995075226,0.23705527186393738,-0.18635708093643188,0.3446458578109741,-0.023636948317289352,0.15431776642799377,-0.5445351600646973,1.309853434562683,0.33950114250183105,-0.038782961666584015,0.38534340262413025,-0.1082983985543251,-0.0907670184969902,0.5610132813453674,1.3987748622894287,-0.392219603061676,-0.0655607134103775,1.2049098014831543
3.988344192504883,0.651216447353363,0.9305226802825928,0.07009533047676086,-0.04337261617183685,0.04601963236927986,0.9955338835716248,-0.7595552206039429,0.08479525148868561,0.17194920778274536,0.28562572598457336,0.11436349153518677,0.11619213223457336,-0.021602224558591843,-0.16038565337657928,0.16088639199733734,0.634066641330719,-0.4593493640422821,0.12166944146156311,0.22164905071258545,0.24726036190986633,-0.19207504391670227,0.3626285493373871,-0.011578533798456192,0.13560514152050018,-0.5050789713859558,1.3317012786865234,0.3272727131843567,-0.04068882018327713,0.37987375259399414,-0.1068076491355896,-0.08204349130392075,0.5388116240501404,1.3987853527069092,-0.392768919467926,-0.0664927288889885,1.1982101202011108
4.016197681427002,0.6600069999694824,0.918840229511261,0.06855994462966919,-0.049428053200244904,0.03788645565509796,0.9957013130187988,-0.7573027610778809,0.08954785019159317,0.1835404634475708,0.2782513499259949,0.12988348305225372,0.10310133546590805,0.0055336980149149895,-0.17112350463867188,0.1535351425409317,0.6693400144577026,-0.505533754825592,0.1197035014629364,0.23105010390281677,0.2527337670326233,-0.18935641646385193,0.38584810495376587,0.006155652459710836,0.11817604303359985,-0.4707987308502197,1.3511924743652344,0.319843053817749,-0.041435807943344116,0.373015820980072,-0.09955118596553802,-0.07572352886199951,0.5215266942977905,1.4001991748809814,-0.3919175863265991,-0.06607655435800552,1.1949126720428467
4.050831317901611,0.6707313060760498,0.9050991535186768,0.0656740665435791,-0.05498183146119118,0.025585131719708443,0.9959966540336609,-0.7258378267288208,0.09568509459495544,0.19656258821487427,0.2624113857746124,0.14143934845924377,0.09020194411277771,0.03568704053759575,-0.18505024909973145,0.1505202054977417,0.7016462087631226,-0.5531766414642334,0.12122538685798645,0.2396104335784912,0.24844549596309662,-0.1830815076828003,0.4126967191696167,0.0360759012401104,0.10332217067480087,-0.434051513671875,1.3685429096221924,0.314734548330307,-0.04377790540456772,0.3663710653781891,-0.08284128457307816,-0.07381909340620041,0.5085737705230713,1.4038864374160767,-0.39106231927871704,-0.06559004634618759,1.1950960159301758
4.089929580688477,0.6842471361160278,0.8906351923942566,0.06208014860749245,-0.05966963991522789,0.008961353451013565,0.9962456226348877,-0.6882696151733398,0.10461076349020004,0.2048799693584442,0.2560989260673523,0.14802943170070648,0.07874354720115662,0.06606712192296982,-0.20578965544700623,0.14725875854492188,0.7265173196792603,-0.5978050231933594,0.12551119923591614,0.2390846610069275,0.24244076013565063,-0.17091122269630432,0.4386025667190552,0.05876574292778969,0.09204079210758209,-0.39980894327163696,1.3733787536621094,0.3135167360305786,-0.04669018089771271,0.3656867742538452,-0.06808918714523315,-0.0776648223400116,0.5046749114990234,1.4028284549713135,-0.39243876934051514,-0.06561224162578583,1.1946580410003662
4.1293416023254395,0.6995779275894165,0.8749812245368958,0.0588102787733078,-0.06232442706823349,-0.008236872963607311,0.9962877035140991,-0.672289252281189,0.11341782659292221,0.2060277760028839,0.27767276763916016,0.14755362272262573,0.07451439648866653,0.09157734364271164,-0.23191849887371063,0.142876535654068,0.7502126693725586,-0.6394436955451965,0.13519158959388733,0.23996224999427795,0.24079138040542603,-0.15813688933849335,0.45336246490478516,0.06864780932664871,0.08102967590093613,-0.38080868124961853,1.3724479675292969,0.3176783621311188,-0.04893845319747925,0.365107923746109,-0.06248737871646881,-0.0831783190369606,0.5100606083869934,1.39896821975708,-0.3976382613182068,-0.06661408394575119,1.1957653760910034
4.168076515197754,0.7170207500457764,0.858110785484314,0.05676605924963951,-0.061987023800611496,-0.02433013543486595,0.9961642622947693,-0.6843506097793579,0.12568902969360352,0.20027920603752136,0.3346117436885834,0.13866695761680603,0.07504057884216309,0.10787162184715271,-0.2584274411201477,0.14483189582824707,0.7775682210922241,-0.6810991168022156,0.14860638976097107,0.23625221848487854,0.24601803719997406,-0.14190804958343506,0.4596099853515625,0.05303075909614563,0.07845154404640198,-0.3778010308742523,1.3649823665618896,0.32260358333587646,-0.04836432635784149,0.3705649673938751,-0.06567028164863586,-0.09224244207143784,0.5174790024757385,1.3978193998336792,-0.40245336294174194,-0.06601566076278687,1.1968936920166016
4.205200672149658,0.7351850271224976,0.8404672145843506,0.05760529264807701,-0.058965180069208145,-0.037672873586416245,0.9958842992782593,-0.7240931987762451,0.13463756442070007,0.19362547993659973,0.4246683716773987,0.11820629984140396,0.08239378035068512,0.11348220705986023,-0.28681737184524536,0.1528254747390747,0.8110783100128174,-0.7250478267669678,0.16541478037834167,0.23665468394756317,0.25740697979927063,-0.12963169813156128,0.45526593923568726,0.020632361993193626,0.08238436281681061,-0.3970760107040405,1.3539085388183594,0.3301745653152466,-0.04629146307706833,0.3776780962944031,-0.07968214899301529,-0.09631101042032242,0.5311902165412903,1.3988957405090332,-0.408056378364563,-0.06440390646457672,1.1963179111480713
4.2401123046875,0.7524517178535461,0.8221054077148438,0.060760680586099625,-0.05387096852064133,-0.04741477593779564,0.995569109916687,-0.7821333408355713,0.1407332718372345,0.1905122995376587,0.5308467149734497,0.27244964241981506,0.09199744462966919,0.11110854148864746,-0.3136458694934845,0.16505035758018494,0.8505070209503174,-0.7584868669509888,0.18382614850997925,0.24039728939533234,0.27283182740211487,-0.12054723501205444,0.44966137409210205,-0.0189462099224329,0.08974873274564743,-0.4318923354148865,1.3412301540374756,0.34159135818481445,-0.04351028427481651,0.3851487636566162,-0.0983906239271164,-0.09579721093177795,0.5434521436691284,1.4017373323440552,-0.41272494196891785,-0.06310421228408813,1.1941760778427124
4.273990631103516,0.7678903937339783,0.8046106696128845,0.06573626399040222,-0.047136105597019196,-0.05502096563577652,0.9952033162117004,-0.8489936590194702,0.14311325550079346,0.19006547331809998,0.6413505673408508,0.27202269434928894,0.10022778809070587,0.10723982751369476,-0.33725711703300476,0.17677313089370728,0.8869384527206421,-0.7876074314117432,0.19992896914482117,0.2472933530807495,0.29000377655029297,-0.12409491837024689,0.4456831216812134,-0.055945511907339096,0.09923105686903,-0.4711431562900543,1.3292765617370605,0.3547176122665405,-0.041171446442604065,0.39089804887771606,-0.11895674467086792,-0.09322277456521988,0.5512256622314453,1.4061044454574585,-0.41329383850097656,-0.06168655306100845,1.1918566226959229
4.307220458984375,0.7809277176856995,0.7873668670654297,0.0714491754770279,-0.038827259093523026,-0.06099016219377518,0.9948204159736633,-0.9213727712631226,0.14241790771484375,0.1916540265083313,0.7517310380935669,0.23428811132907867,0.10583685338497162,0.10227922350168228,-0.3578213155269623,0.18580052256584167,0.9212576746940613,-0.8028500080108643,0.21517083048820496,0.2578873336315155,0.30778753757476807,-0.1282835304737091,0.43819719552993774,-0.09257102012634277,0.10939712822437286,-0.5178482532501221,1.3168249130249023,0.3685683012008667,-0.038847245275974274,0.39518484473228455,-0.1424281895160675,-0.09066753089427948,0.5588424205780029,1.406179428100586,-0.41027989983558655,-0.06285259127616882,1.1880935430526733
4.338906288146973,0.7918061017990112,0.7712368965148926,0.07813647389411926,-0.029069337993860245,-0.06607936322689056,0.9943254590034485,-0.9931311011314392,0.1363954246044159,0.1967647224664688,0.8536885380744934,0.19016937911510468,0.1096017062664032,0.09458231925964355,-0.378267765045166,0.1935167908668518,0.9517608880996704,-0.8028500080108643,0.23272134363651276,0.2724412679672241,0.32352596521377563,-0.12989647686481476,0.4264679551124573,-0.12794725596904755,0.11803996562957764,-0.5741128325462341,1.3005070686340332,0.3848179578781128,-0.03738763928413391,0.3982369899749756,-0.16777390241622925,-0.08774175494909286,0.5702054500579834,1.4031275510787964,-0.407018780708313,-0.06619872152805328,1.1826276779174805
4.367905139923096,0.8005552291870117,0.756564736366272,0.08464320003986359,-0.018826546147465706,-0.07000815868377686,0.9937705397605896,-1.0600508451461792,0.12731310725212097,0.20261888206005096,0.9426783323287964,0.14947494864463806,0.1108875423669815,0.08596965670585632,-0.39681437611579895,0.19898679852485657,0.9776099324226379,-0.8028500080108643,0.24706318974494934,0.29067569971084595,0.334275484085083,-0.13510596752166748,0.4134254455566406,-0.16181668639183044,0.12359636276960373,-0.6307641267776489,1.2874802350997925,0.3992830216884613,-0.036955516785383224,0.40106862783432007,-0.19596847891807556,-0.08358340710401535,0.5805873870849609,1.400442361831665,-0.4015028476715088,-0.06948009133338928,1.1733195781707764
4.393527030944824,0.8070005178451538,0.7433806657791138,0.0904446616768837,-0.008512779138982296,-0.07419703155755997,0.993097186088562,-1.1205772161483765,0.11833123862743378,0.20749643445014954,1.0181801319122314,0.11372842639684677,0.11045646667480469,0.07914291322231293,-0.41234058141708374,0.20415976643562317,0.9966030120849609,-0.8028500080108643,0.25899404287338257,0.3117503523826599,0.3419128656387329,-0.14270971715450287,0.4035382866859436,-0.18978087604045868,0.1292976588010788,-0.6848157644271851,1.2683708667755127,0.41382014751434326,-0.036936018615961075,0.40388816595077515,-0.22048664093017578,-0.08261595666408539,0.5888387560844421,1.3942475318908691,-0.39621955156326294,-0.07372432947158813,1.1622538566589355
4.415805339813232,0.8114551305770874,0.7309771776199341,0.09540633857250214,0.0011000672820955515,-0.08014969527721405,0.9922058582305908,-1.174813985824585,0.11070577800273895,0.20973655581474304,1.080289363861084,0.08464742451906204,0.10938183963298798,0.07564833015203476,-0.4255194664001465,0.20953848958015442,1.0100430250167847,-0.8028500080108643,0.2693856358528137,0.3345245122909546,0.3456534445285797,-0.14975042641162872,0.39127662777900696,-0.21035148203372955,0.13714376091957092,-0.7328454256057739,1.2440248727798462,0.4278455972671509,-0.03722871094942093,0.40598827600479126,-0.2389264702796936,-0.08410599827766418,0.5941644906997681,1.3854551315307617,-0.39211028814315796,-0.07841934263706207,1.1514630317687988
4.43480920791626,0.8140788078308105,0.7184838652610779,0.09872094541788101,0.008889389224350452,-0.08740370720624924,0.9912294149398804,-1.2240010499954224,0.10600461065769196,0.206506609916687,1.1335941553115845,0.06223313882946968,0.10681086778640747,0.07531087100505829,-0.434262216091156,0.21592581272125244,1.0229744911193848,-0.8028500080108643,0.2778039574623108,0.3583836555480957,0.3495725393295288,-0.15580108761787415,0.38035881519317627,-0.22550301253795624,0.14495345950126648,-0.773602306842804,1.2170042991638184,0.44058406352996826,-0.03671765327453613,0.40902188420295715,-0.2525537610054016,-0.08665191382169724,0.5970699787139893,1.3737576007843018,-0.38927310705184937,-0.08345595002174377,1.1410467624664307
4.450395584106445,0.8150872588157654,0.7063437104225159,0.10104114562273026,0.015209787525236607,-0.09518449753522873,0.9902016520500183,-1.2663114070892334,0.10263875126838684,0.19796110689640045,1.1784355640411377,0.04424464702606201,0.10351747274398804,0.07697116583585739,-0.4405629634857178,0.2223096489906311,1.0350927114486694,-0.8028500080108643,0.28450220823287964,0.381155401468277,0.35448160767555237,-0.16266179084777832,0.37218934297561646,-0.23494257032871246,0.1536698341369629,-0.8094886541366577,1.1807377338409424,0.4536195695400238,-0.03563907369971275,0.41254523396492004,-0.26113083958625793,-0.08825215697288513,0.6012366414070129,1.3542320728302002,-0.3892477750778198,-0.08963233232498169,1.1318620443344116
4.462737083435059,0.8148174285888672,0.6942927241325378,0.10314982384443283,0.01964542083442211,-0.10236313939094543,0.9891895651817322,-1.3041043281555176,0.09857286512851715,0.18669553101062775,1.2179161310195923,0.030796444043517113,0.09853307157754898,0.07925551384687424,-0.44675934314727783,0.22977979481220245,1.04966402053833,-0.8028500080108643,0.2901313900947571,0.402263879776001,0.36074715852737427,-0.17271019518375397,0.365965873003006,-0.2381046712398529,0.16102023422718048,-0.8433533906936646,1.1444873809814453,0.46631985902786255,-0.033385079354047775,0.41311877965927124,-0.2683781385421753,-0.08709428459405899,0.6071373820304871,1.3340725898742676,-0.38895171880722046,-0.09432470053434372,1.1261093616485596
4.472275733947754,0.8138775825500488,0.6828672885894775,0.10497225821018219,0.022713178768754005,-0.10858993232250214,0.9882677793502808,-1.3381855487823486,0.09414007514715195,0.1748298704624176,1.254190444946289,0.019892528653144836,0.09311053156852722,0.08306646347045898,-0.45410269498825073,0.23736660182476044,1.0628480911254883,-0.8028500080108643,0.29334160685539246,0.421597957611084,0.3672310709953308,-0.18335610628128052,0.36043694615364075,-0.2392575591802597,0.16948308050632477,-0.8735694885253906,1.1092207431793213,0.4767722189426422,-0.030659209936857224,0.41278254985809326,-0.2735846936702728,-0.08495748788118362,0.612891435623169,1.315956711769104,-0.38791924715042114,-0.09752625226974487,1.1240626573562622
4.4793500900268555,0.8125219345092773,0.6725891828536987,0.1059265062212944,0.02394198440015316,-0.11474251002073288,0.9874414205551147,-1.366631269454956,0.09023173153400421,0.16093982756137848,1.2853134870529175,0.011843880638480186,0.08671433478593826,0.08712682127952576,-0.4617224335670471,0.2437441349029541,1.0756592750549316,-0.8028500080108643,0.2946832776069641,0.4374012053012848,0.3755936026573181,-0.19264855980873108,0.3545658588409424,-0.23858880996704102,0.17933911085128784,-0.8956509232521057,1.0831739902496338,0.4837525486946106,-0.027544260025024414,0.412916362285614,-0.27664467692375183,-0.08257528394460678,0.6169512271881104,1.3011170625686646,-0.38582152128219604,-0.1001930981874466,1.124027967453003
4.484227180480957,0.8109090328216553,0.6642599701881409,0.10687827318906784,0.024299561977386475,-0.1198197454214096,0.9867268204689026,-1.38937509059906,0.08861718326807022,0.14859892427921295,1.3095557689666748,0.006871987599879503,0.07976169884204865,0.08997733891010284,-0.47020813822746277,0.24984633922576904,1.08650803565979,-0.8028500080108643,0.29527223110198975,0.44856947660446167,0.383850634098053,-0.19889675080776215,0.34734901785850525,-0.23981639742851257,0.1889331191778183,-0.9140006303787231,1.0653504133224487,0.48826873302459717,-0.024673594161868095,0.4134373664855957,-0.27859029173851013,-0.08105342090129852,0.619106650352478,1.293074607849121,-0.3827851414680481,-0.10128968954086304,1.1242316961288452
4.4871697425842285,0.8091421127319336,0.6584760546684265,0.10721172392368317,0.023986563086509705,-0.12399377673864365,0.986182451248169,-1.4059500694274902,0.09073856472969055,0.1382702738046646,1.3267303705215454,0.004616036079823971,0.0728030726313591,0.09290237724781036,-0.4781360924243927,0.2552666664123535,1.0921335220336914,-0.8028500080108643,0.2941470742225647,0.45531266927719116,0.39193153381347656,-0.20156151056289673,0.34127378463745117,-0.24350208044052124,0.1969074010848999,-0.930158257484436,1.0539366006851196,0.4899454712867737,-0.022447384893894196,0.4147643446922302,-0.2798427641391754,-0.07930778712034225,0.6218348145484924,1.2887601852416992,-0.3795318603515625,-0.10166861116886139,1.1249449253082275
4.488846302032471,0.8072214126586914,0.6561684608459473,0.1066899523139,0.023390384390950203,-0.12882566452026367,0.985633909702301,-1.4157942533493042,0.095089852809906,0.1294935643672943,1.3341807126998901,0.005578149110078812,0.06574506312608719,0.09461060166358948,-0.4856152832508087,0.258976012468338,1.0900380611419678,-0.8028500080108643,0.2919745445251465,0.4593317210674286,0.399354487657547,-0.19885553419589996,0.33381685614585876,-0.24922515451908112,0.20328019559383392,-0.9462016820907593,1.0448973178863525,0.49094295501708984,-0.020580651238560677,0.4165709614753723,-0.2815288305282593,-0.07792337983846664,0.6260399222373962,1.284410834312439,-0.37757325172424316,-0.10223452001810074,1.125520944595337
4.490051746368408,0.8058011531829834,0.6567520499229431,0.10483213514089584,0.022106194868683815,-0.13495449721813202,0.9850425720214844,-1.4209903478622437,0.10064075887203217,0.12128351628780365,1.3368191719055176,0.008622544817626476,0.05938786268234253,0.09589255601167679,-0.49112093448638916,0.26206374168395996,1.0816559791564941,-0.8028500080108643,0.2895807921886444,0.46045196056365967,0.4078175127506256,-0.1909748613834381,0.3253239393234253,-0.25912317633628845,0.20679554343223572,-0.960087776184082,1.04463529586792,0.48888593912124634,-0.017510388046503067,0.4190835952758789,-0.2842165529727936,-0.07770947366952896,0.6276042461395264,1.284035325050354,-0.3734968304634094,-0.10160315036773682,1.1258013248443604
4.491767883300781,0.8048601746559143,0.6616217494010925,0.10209285467863083,0.021096838638186455,-0.14292047917842865,0.9842284917831421,-1.4195791482925415,0.10714974254369736,0.11423560976982117,1.3313711881637573,0.012483113445341587,0.05339935049414635,0.0962521880865097,-0.49549490213394165,0.26384055614471436,1.0617475509643555,-0.8028500080108643,0.28682684898376465,0.4576800465583801,0.41441810131073,-0.1786656677722931,0.31737208366394043,-0.2713833749294281,0.20575803518295288,-0.973585844039917,1.0557379722595215,0.48336508870124817,-0.013815191574394703,0.4197832942008972,-0.2892296314239502,-0.07682106643915176,0.6307672262191772,1.2859556674957275,-0.36753714084625244,-0.10009211301803589,1.127271056175232
4.494710922241211,0.8046251535415649,0.6709029674530029,0.09852465987205505,0.021949874237179756,-0.15254613757133484,0.9831280708312988,-1.4072706699371338,0.11609865725040436,0.10939500480890274,1.31033456325531,0.018176794052124023,0.0468105711042881,0.09457021951675415,-0.49851036071777344,0.2638256549835205,1.0274591445922852,-0.8028500080108643,0.2850015163421631,0.4522888660430908,0.4178656041622162,-0.16164350509643555,0.3134949207305908,-0.28161343932151794,0.20331664383411407,-0.9859724044799805,1.069095253944397,0.4767032265663147,-0.011477364227175713,0.41820287704467773,-0.2939542531967163,-0.07652298361063004,0.6347941160202026,1.2855687141418457,-0.36160531640052795,-0.09984004497528076,1.1299530267715454
4.499551296234131,0.8056870102882385,0.6819791793823242,0.0937809944152832,0.024875888600945473,-0.16345106065273285,0.9817688465118408,-1.383968472480774,0.12724007666110992,0.10588940978050232,1.2751022577285767,0.0248916894197464,0.039315223693847656,0.09013251215219498,-0.4988454580307007,0.2614394426345825,0.9859784245491028,-0.8028500080108643,0.28374990820884705,0.44303447008132935,0.4203249514102936,-0.14173537492752075,0.31159982085227966,-0.2924000024795532,0.19824931025505066,-0.9973772764205933,1.0902581214904785,0.4678632616996765,-0.008905969560146332,0.41491347551345825,-0.3009117543697357,-0.07483188807964325,0.6406543254852295,1.2881170511245728,-0.3553755283355713,-0.09901677817106247,1.13395357131958
4.506909370422363,0.8083053231239319,0.6953386664390564,0.08762066066265106,0.030245143920183182,-0.17566579580307007,0.9800761938095093,-1.3515357971191406,0.1388445645570755,0.10258562117815018,1.2303736209869385,0.029655558988451958,0.03448280319571495,0.08110419660806656,-0.4957296550273895,0.25618574023246765,0.9369744062423706,-0.7995350956916809,0.28276848793029785,0.43416649103164673,0.41889071464538574,-0.12176717817783356,0.3106406331062317,-0.3050009608268738,0.19026415050029755,-1.006066918373108,1.1202783584594727,0.45560896396636963,-0.005337224341928959,0.41102975606918335,-0.31021904945373535,-0.07263924926519394,0.6452818512916565,1.297231674194336,-0.34798237681388855,-0.09621819853782654,1.1383250951766968
4.517345428466797,0.8122401833534241,0.7124031782150269,0.07945600897073746,0.038182806223630905,-0.1899137645959854,0.9778351187705994,-1.3012762069702148,0.15320253372192383,0.09844683855772018,1.1698124408721924,0.03011505678296089,0.03067931719124317,0.06211632490158081,-0.48625075817108154,0.24709773063659668,0.8827704191207886,-0.7732602953910828,0.28538644313812256,0.42193472385406494,0.41369885206222534,-0.10275688022375107,0.3146161437034607,-0.3148651421070099,0.1827882081270218,-1.0082987546920776,1.1503828763961792,0.4398634433746338,-0.0015060915611684322,0.407659113407135,-0.31921133399009705,-0.06719175726175308,0.6545780301094055,1.3044407367706299,-0.3435816466808319,-0.09315603971481323,1.142648696899414
4.530194282531738,0.8171226382255554,0.7343833446502686,0.06923742592334747,0.047911036759614944,-0.20575909316539764,0.9749737977981567,-1.2355260848999023,0.1692102998495102,0.09186791628599167,1.0902705192565918,0.03013944998383522,0.024128470569849014,0.03581991419196129,-0.46874570846557617,0.2311030924320221,0.8274727463722229,-0.7361986041069031,0.28309470415115356,0.41252923011779785,0.40366101264953613,-0.08716388046741486,0.3209453523159027,-0.32585054636001587,0.17308005690574646,-1.0093393325805664,1.1859228610992432,0.422111451625824,0.003006431506946683,0.40471988916397095,-0.3303033709526062,-0.059508584439754486,0.6664448380470276,1.3173372745513916,-0.3415191173553467,-0.08822748810052872,1.1463899612426758
4.543576717376709,0.8214843273162842,0.7703375220298767,0.061436619609594345,0.05826469883322716,-0.22131970524787903,0.9715185761451721,-1.154536247253418,0.17812801897525787,0.0880914106965065,0.9900006055831909,0.033257320523262024,0.019651859998703003,-0.004170635715126991,-0.4488018751144409,0.20980185270309448,0.7835496068000793,-0.6922461986541748,0.2804083526134491,0.40080568194389343,0.39054372906684875,-0.0753341019153595,0.33743128180503845,-0.32801106572151184,0.1674746572971344,-1.0002762079238892,1.2101798057556152,0.40559297800064087,0.007729865610599518,0.40385901927948,-0.3355855643749237,-0.05232681334018707,0.6763256192207336,1.3284469842910767,-0.34309691190719604,-0.08307286351919174,1.149221658706665
4.558087348937988,0.8243560791015625,0.8054153323173523,0.05512748658657074,0.06792216002941132,-0.2346118837594986,0.9681450128555298,-1.0683417320251465,0.17903602123260498,0.08566728234291077,0.884186327457428,0.03595370799303055,0.02244148775935173,-0.05062617361545563,-0.4223990738391876,0.18384644389152527,0.7524193525314331,-0.6471617817878723,0.27450037002563477,0.39256149530410767,0.37414106726646423,-0.06747817993164062,0.35376065969467163,-0.3255569040775299,0.16397126019001007,-0.988415539264679,1.228679895401001,0.3913182020187378,0.011552782729268074,0.40242546796798706,-0.3375672996044159,-0.04911214858293533,0.6810583472251892,1.3402550220489502,-0.34590405225753784,-0.078009232878685,1.1517338752746582
4.574214458465576,0.8262094259262085,0.8395927548408508,0.05019737780094147,0.07471232861280441,-0.2449301779270172,0.9653535485267639,-0.970870852470398,0.1695968359708786,0.0836065486073494,0.7699134349822998,0.03898639976978302,0.03161449357867241,-0.09838299453258514,-0.38818782567977905,0.1530626118183136,0.7324948310852051,-0.6030850410461426,0.26430898904800415,0.37655365467071533,0.35640954971313477,-0.06048028543591499,0.37684762477874756,-0.31314724683761597,0.16673152148723602,-0.9643615484237671,1.2343038320541382,0.38107722997665405,0.01634310372173786,0.402415931224823,-0.32946938276290894,-0.048826489597558975,0.6833019256591797,1.3429895639419556,-0.35351282358169556,-0.07561191916465759,1.1542818546295166
4.593125343322754,0.8279904723167419,0.8706846833229065,0.04634440317749977,0.07763756066560745,-0.25023844838142395,0.9639529585838318,-0.8664954900741577,0.14826981723308563,0.07979048043489456,0.6538087129592896,0.04248666390776634,0.04718845337629318,-0.1534624993801117,-0.3443954885005951,0.12141869217157364,0.7345864772796631,-0.5694307088851929,0.2506598234176636,0.35426968336105347,0.3414578437805176,-0.057403117418289185,0.40048596262931824,-0.29762643575668335,0.17145004868507385,-0.9295275211334229,1.2255744934082031,0.37005889415740967,0.019258897751569748,0.40749093890190125,-0.31617817282676697,-0.05306504666805267,0.6756370067596436,1.3379473686218262,-0.35833626985549927,-0.07713209092617035,1.1514531373977661
4.614997863769531,0.8290812969207764,0.8957920074462891,0.04299827665090561,0.07659444957971573,-0.2484154999256134,0.9646627306938171,-0.7665603160858154,0.11849011480808258,0.06851425766944885,0.5541749596595764,0.04169865697622299,0.06715725362300873,-0.221859410405159,-0.29757437109947205,0.09628012031316757,0.7608684301376343,-0.5496567487716675,0.23562799394130707,0.32491573691368103,0.33177658915519714,-0.052608076483011246,0.4235032796859741,-0.2901666760444641,0.17188946902751923,-0.9044410586357117,1.2094104290008545,0.36168229579925537,0.023034632205963135,0.4129555821418762,-0.3100941479206085,-0.05679753050208092,0.6751559972763062,1.325028657913208,-0.3627634644508362,-0.08059028536081314,1.1468361616134644
4.6378350257873535,0.8302094340324402,0.9145940542221069,0.039891112595796585,0.0720992460846901,-0.24048249423503876,0.9671497344970703,-0.6756957769393921,0.08586093038320541,0.050197482109069824,0.47056493163108826,0.039401937276124954,0.08597990870475769,-0.29159480333328247,-0.2590270936489105,0.0802524983882904,0.7935006618499756,-0.5402498841285706,0.2250470072031021,0.2925812005996704,0.3243570327758789,-0.04741927608847618,0.44197535514831543,-0.28130796551704407,0.1712479442358017,-0.8830041885375977,1.1850906610488892,0.35731786489486694,0.026290349662303925,0.41565197706222534,-0.3020995855331421,-0.05940430983901024,0.6763549447059631,1.307337760925293,-0.3700332045555115,-0.08645536750555038,1.143445611000061
4.65976619720459,0.83099365234375,0.9285374283790588,0.03859730437397957,0.0656861811876297,-0.2284688651561737,0.9705656170845032,-0.5935937762260437,0.04907432198524475,0.03157574310898781,0.3985198140144348,0.03824163228273392,0.1039305180311203,-0.3506370782852173,-0.2295743227005005,0.07193966954946518,0.8180904388427734,-0.5230445861816406,0.21741148829460144,0.2643664479255676,0.3140334486961365,-0.048806287348270416,0.4642925262451172,-0.26928427815437317,0.1628802865743637,-0.865491509437561,1.1643974781036377,0.35481855273246765,0.02918131649494171,0.4112063944339752,-0.2937852740287781,-0.0616222620010376,0.6697535514831543,1.3021594285964966,-0.3706018328666687,-0.0901174396276474,1.1437698602676392
4.681545257568359,0.832205057144165,0.9393280744552612,0.037507519125938416,0.05751560628414154,-0.20212788879871368,0.9769490957260132,-0.5137695074081421,0.006944894790649414,0.0009440872818231583,0.3336630165576935,0.03654554858803749,0.12198254466056824,-0.421046644449234,-0.19662705063819885,0.0799303948879242,0.8404689431190491,-0.4787271320819855,0.21372899413108826,0.23239490389823914,0.30794885754585266,-0.051287584006786346,0.47785550355911255,-0.26418155431747437,0.14708328247070312,-0.8673772811889648,1.1332099437713623,0.3559494614601135,0.02938093990087509,0.4055140018463135,-0.27920377254486084,-0.06576982140541077,0.6581605672836304,1.2975401878356934,-0.36791110038757324,-0.09589201956987381,1.144330620765686
4.702896595001221,0.8334251642227173,0.9466748237609863,0.03762388229370117,0.04826625436544418,-0.15774670243263245,0.9855813980102539,-0.441021591424942,-0.04045809060335159,-0.04492199420928955,0.28976309299468994,0.024622473865747452,0.140920951962471,-0.4934183359146118,-0.162926584482193,0.10518316924571991,0.8506838083267212,-0.4190438687801361,0.21307796239852905,0.19175560772418976,0.3052765429019928,-0.0589681938290596,0.4804392457008362,-0.26647451519966125,0.1254831999540329,-0.8816647529602051,1.1097698211669922,0.3583809733390808,0.028603775426745415,0.39728373289108276,-0.266832172870636,-0.07160355895757675,0.6464440226554871,1.295239806175232,-0.3603135943412781,-0.10049492120742798,1.1454856395721436
4.723024845123291,0.8346522450447083,0.9514600038528442,0.038259390741586685,0.03727981075644493,-0.1015719324350357,0.9933929443359375,-0.3719002306461334,-0.08699982613325119,-0.0967114195227623,0.2692447602748871,0.00042526607285253704,0.15778274834156036,-0.5497344732284546,-0.138213649392128,0.13469304144382477,0.8389304876327515,-0.2919970452785492,0.21459349989891052,0.13742774724960327,0.3011215925216675,-0.07589240372180939,0.47644904255867004,-0.2667856514453888,0.10057341307401657,-0.8950536847114563,1.101558804512024,0.36475038528442383,0.026351725682616234,0.3878958821296692,-0.24969911575317383,-0.07987050712108612,0.6320832967758179,1.293601632118225,-0.35492920875549316,-0.10405854880809784,1.147083044052124
4.742301940917969,0.8370335102081299,0.9547567963600159,0.03771698474884033,0.024759823456406593,-0.03959881514310837,0.998196542263031,-0.302843302488327,-0.12430229038000107,-0.15371417999267578,0.26496365666389465,-0.03155800327658653,0.16644585132598877,-0.5866310000419617,-0.1240411102771759,0.16167837381362915,0.8007161617279053,-0.1995108425617218,0.21914978325366974,0.07469944655895233,0.294723778963089,-0.09168505668640137,0.4703584313392639,-0.25575152039527893,0.07310830801725388,-0.8949131965637207,1.1175196170806885,0.37267959117889404,0.020988842472434044,0.379835844039917,-0.22353559732437134,-0.09742186963558197,0.6080427169799805,1.2959983348846436,-0.3514114320278168,-0.10740083456039429,1.148430347442627
4.762445449829102,0.8407495617866516,0.9569847583770752,0.036405205726623535,0.011959068477153778,0.023783190175890923,0.9989824891090393,-0.2338319569826126,-0.14933747053146362,-0.21534740924835205,0.2730409502983093,-0.07131554186344147,0.16402442753314972,-0.6033365726470947,-0.12271824479103088,0.17781616747379303,0.7148720026016235,-0.12310856580734253,0.22519978880882263,0.009975295513868332,0.29023244976997375,-0.10448679327964783,0.4626392424106598,-0.2341093122959137,0.049919597804546356,-0.878167450428009,1.152722954750061,0.38097822666168213,0.012293079867959023,0.3756501376628876,-0.1938219964504242,-0.11741620302200317,0.5844494104385376,1.2922766208648682,-0.35178083181381226,-0.11159737408161163,1.1478760242462158
4.784913063049316,0.845517098903656,0.9580049514770508,0.036241576075553894,0.00028408554499037564,0.0820593610405922,0.995968222618103,-0.16513115167617798,-0.16311916708946228,-0.27147722244262695,0.2848806381225586,-0.11555292457342148,0.15325845777988434,-0.613190770149231,-0.13517755270004272,0.1809081733226776,0.5994511842727661,-0.05728481709957123,0.23207154870033264,-0.04969467222690582,0.28276991844177246,-0.12144140899181366,0.45632117986679077,-0.20606262981891632,0.040151096880435944,-0.8528701663017273,1.197089672088623,0.3864749073982239,0.00028597842901945114,0.375094473361969,-0.1647050380706787,-0.13303671777248383,0.5601780414581299,1.2916591167449951,-0.35341984033584595,-0.11545328795909882,1.1436595916748047
4.807348251342773,0.8512826561927795,0.9577409625053406,0.03637639805674553,-0.01193601917475462,0.1341797560453415,0.9902172088623047,-0.09907598793506622,-0.16537010669708252,-0.3219296932220459,0.30065786838531494,-0.1613861322402954,0.1371050626039505,-0.623948872089386,-0.15561586618423462,0.1733313798904419,0.4912434220314026,-0.0015090666711330414,0.237504243850708,-0.10480751097202301,0.28199928998947144,-0.13610798120498657,0.45243221521377563,-0.18387973308563232,0.04296472296118736,-0.8232260346412659,1.2346173524856567,0.39178791642189026,-0.01504520233720541,0.3794076442718506,-0.14207419753074646,-0.14416468143463135,0.5386368036270142,1.2892755270004272,-0.35824087262153625,-0.11633693426847458,1.1390728950500488
4.828429698944092,0.8578667640686035,0.9563679099082947,0.03727106750011444,-0.023104166612029076,0.17703334987163544,0.9832274913787842,-0.03892126306891441,-0.15789595246315002,-0.3613128066062927,0.31555017828941345,-0.20413736999034882,0.11753716319799423,-0.6409019231796265,-0.17994053661823273,0.16619230806827545,0.40598294138908386,0.04532572627067566,0.241978257894516,-0.14759467542171478,0.28264346718788147,-0.14474892616271973,0.44983160495758057,-0.1703876107931137,0.049317196011543274,-0.7956467866897583,1.2630794048309326,0.3948204517364502,-0.030290722846984863,0.3869401812553406,-0.12914402782917023,-0.14902767539024353,0.5186799764633179,1.2938196659088135,-0.36412665247917175,-0.11394920200109482,1.1338691711425781
4.8478193283081055,0.8651021718978882,0.953231692314148,0.0398065559566021,-0.03338443115353584,0.21064867079257965,0.9761803150177002,0.010591117665171623,-0.14569708704948425,-0.38558003306388855,0.33762192726135254,-0.2472858875989914,0.09801644831895828,-0.6616623401641846,-0.20646244287490845,0.16288280487060547,0.34723812341690063,0.08297509700059891,0.24494019150733948,-0.1795756220817566,0.286703884601593,-0.15090367197990417,0.45060479640960693,-0.16475710272789001,0.0540231391787529,-0.7732663750648499,1.2781895399093628,0.3963308334350586,-0.04310958832502365,0.39731526374816895,-0.1223086416721344,-0.1495346575975418,0.5030977725982666,1.3038487434387207,-0.37251177430152893,-0.10840245336294174,1.1291993856430054
4.8686442375183105,0.8728365302085876,0.9479707479476929,0.04463668540120125,-0.04188588634133339,0.2382674664258957,0.9692686796188354,0.05353944003582001,-0.1265200972557068,-0.39887088537216187,0.36374226212501526,-0.29292741417884827,0.07740004360675812,-0.675495445728302,-0.23914283514022827,0.15953806042671204,0.3070099949836731,0.11289504170417786,0.24625852704048157,-0.20452776551246643,0.2870607376098633,-0.1557406485080719,0.4540214240550995,-0.15978753566741943,0.05578271672129631,-0.7571333050727844,1.2907118797302246,0.3946424722671509,-0.052967943251132965,0.40608543157577515,-0.11635340750217438,-0.14730127155780792,0.4891076683998108,1.321760892868042,-0.3804274797439575,-0.09928751736879349,1.124245047569275
4.892373085021973,0.8804214596748352,0.9389190673828125,0.051285408437252045,-0.04971790686249733,0.2617536783218384,0.9624879360198975,0.09049862623214722,-0.09911171346902847,-0.406349778175354,0.4029220640659332,-0.34820809960365295,0.05771986022591591,-0.6694906949996948,-0.27753081917762756,0.15239939093589783,0.2805597186088562,0.13330432772636414,0.24474970996379852,-0.225352942943573,0.2818222939968109,-0.15726324915885925,0.4625019431114197,-0.14820517599582672,0.056227244436740875,-0.7482269406318665,1.2963727712631226,0.39142554998397827,-0.05895279347896576,0.41302409768104553,-0.10146761685609818,-0.14260727167129517,0.4747089445590973,1.3381439447402954,-0.3890681266784668,-0.08822664618492126,1.118781566619873
4.919346809387207,0.8866959810256958,0.9249157905578613,0.0590779148042202,-0.05530424043536186,0.28044047951698303,0.9564540386199951,0.11837983131408691,-0.06590088456869125,-0.41309064626693726,0.4536421298980713,-0.4111526608467102,0.039159972220659256,-0.6475874185562134,-0.31447479128837585,0.14333266019821167,0.26446861028671265,0.14485153555870056,0.24006053805351257,-0.2397785186767578,0.27236923575401306,-0.16350513696670532,0.47353607416152954,-0.13274189829826355,0.05796901881694794,-0.7445128560066223,1.3054075241088867,0.38632214069366455,-0.06179293990135193,0.41655072569847107,-0.08540775626897812,-0.1346513330936432,0.46388840675354004,1.357034683227539,-0.39482468366622925,-0.07514772564172745,1.1150022745132446
4.947757720947266,0.8899140357971191,0.9057886600494385,0.06728899478912354,-0.05791895091533661,0.2946471571922302,0.951472818851471,0.13888122141361237,-0.02919718436896801,-0.41633206605911255,0.508556067943573,-0.4777120351791382,0.020710663869976997,-0.6302691102027893,-0.34452491998672485,0.1341640204191208,0.2692371606826782,0.14746731519699097,0.2329832911491394,-0.24810485541820526,0.2649111747741699,-0.17037659883499146,0.479702353477478,-0.12098995596170425,0.06140347197651863,-0.7400401830673218,1.322570562362671,0.37914538383483887,-0.06000951677560806,0.4154190421104431,-0.08004041016101837,-0.12396510690450668,0.4598856568336487,1.375510573387146,-0.39756953716278076,-0.060525134205818176,1.1144976615905762
4.977811813354492,0.8911994695663452,0.8819427490234375,0.07532291114330292,-0.058015141636133194,0.30649155378341675,0.9471132755279541,0.1573205292224884,0.010626886039972305,-0.41470617055892944,0.5608256459236145,-0.5447638034820557,0.004391193389892578,-0.6285126209259033,-0.36777159571647644,0.1275549829006195,0.3053607642650604,0.13873930275440216,0.22351303696632385,-0.2563747465610504,0.25968241691589355,-0.1733432412147522,0.47813546657562256,-0.11716586351394653,0.06511399149894714,-0.7357592582702637,1.3413505554199219,0.3726070523262024,-0.054447997361421585,0.4110074043273926,-0.08539032936096191,-0.11595185846090317,0.4609222710132599,1.3929998874664307,-0.3975728154182434,-0.04523175209760666,1.1176707744598389
5.009401321411133,0.8907690644264221,0.8538905382156372,0.08288326859474182,-0.05658717826008797,0.3159802258014679,0.9434430599212646,0.17275595664978027,0.052014369517564774,-0.4047841727733612,0.6130329966545105,-0.6129241585731506,-0.003671624232083559,-0.6526283025741577,-0.38424623012542725,0.12283448129892349,0.38723814487457275,0.2919817864894867,0.20903223752975464,-0.2672469913959503,0.2614798843860626,-0.17208744585514069,0.46897128224372864,-0.12405930459499359,0.06534073501825333,-0.7369363307952881,1.3570178747177124,0.36870652437210083,-0.0464809387922287,0.4070727825164795,-0.10470391809940338,-0.11198980361223221,0.46759286522865295,1.4025983810424805,-0.396206796169281,-0.03298500180244446,1.1180737018585205
5.040754795074463,0.8910014629364014,0.8246470093727112,0.09137168526649475,-0.05530138686299324,0.3254100978374481,0.9395217895507812,0.19349506497383118,0.09284958243370056,-0.38791319727897644,0.6523556113243103,-0.6746925115585327,-0.0015227668918669224,-0.7011151909828186,-0.4077814817428589,0.1201990619301796,0.5110818147659302,0.27974438667297363,0.19384074211120605,-0.2822774350643158,0.2682076692581177,-0.16877193748950958,0.45232847332954407,-0.14316043257713318,0.056260935962200165,-0.7503886222839355,1.364607810974121,0.36855268478393555,-0.0387478843331337,0.40272057056427,-0.13461124897003174,-0.1131085455417633,0.47541534900665283,1.4129236936569214,-0.3913257122039795,-0.02107369899749756,1.119268774986267
5.0701518058776855,0.8921645879745483,0.8121141791343689,0.09914159029722214,-0.055662769824266434,0.335517555475235,0.9351473450660706,0.2153834104537964,0.1339568942785263,-0.3675317168235779,0.685327410697937,-0.731303870677948,0.00839622039347887,-0.7632470726966858,-0.43372756242752075,0.12108214199542999,0.6586304903030396,0.2188393920660019,0.18018542230129242,-0.30225318670272827,0.28213316202163696,-0.16648423671722412,0.4344339966773987,-0.17203012108802795,0.03587830066680908,-0.7751917243003845,1.3658279180526733,0.37298834323883057,-0.031294189393520355,0.3997949957847595,-0.1705780327320099,-0.11371517926454544,0.4913531243801117,1.4186418056488037,-0.38882455229759216,-0.011061076074838638,1.1201891899108887
5.096531867980957,0.8940030336380005,0.8010331392288208,0.10467701405286789,-0.05586257204413414,0.3459625542163849,0.9307158589363098,0.23622915148735046,0.17543843388557434,-0.3485714793205261,0.710746169090271,-0.7803258895874023,0.019902803003787994,-0.8286880254745483,-0.4579647183418274,0.12171604484319687,0.8049814701080322,0.1502695083618164,0.16856607794761658,-0.32318437099456787,0.2995724081993103,-0.16495132446289062,0.4196479320526123,-0.20780730247497559,0.013794767670333385,-0.8067936301231384,1.3565046787261963,0.38136008381843567,-0.024494092911481857,0.40123850107192993,-0.2096272110939026,-0.11601538956165314,0.5166263580322266,1.416306972503662,-0.39079904556274414,-0.004163751378655434,1.119544506072998
5.1185784339904785,0.8956865072250366,0.7896270155906677,0.10918183624744415,-0.05538132041692734,0.3562505543231964,0.9263356924057007,0.2576831579208374,0.21123969554901123,-0.3337342143058777,0.7237486839294434,-0.8028500080108643,0.031243057921528816,-0.8853796720504761,-0.4791243076324463,0.12190202623605728,0.9327191114425659,0.0859902948141098,0.15913715958595276,-0.34394949674606323,0.31601494550704956,-0.16349093616008759,0.40931811928749084,-0.2368486225605011,-0.0057608094066381454,-0.8335070610046387,1.3465876579284668,0.3918337821960449,-0.0175302904099226,0.403674840927124,-0.24488145112991333,-0.12063482403755188,0.5454555749893188,1.4040594100952148,-0.39604711532592773,-0.001459109946154058,1.11785089969635
5.137115478515625,0.8969814777374268,0.7778915166854858,0.11318541318178177,-0.054585713893175125,0.3658846318721771,0.9221376776695251,0.27728039026260376,0.2397860288619995,-0.3235100507736206,0.734389066696167,-0.8028500080108643,0.04008069261908531,-0.935997724533081,-0.4948468804359436,0.12462416291236877,1.0491998195648193,0.0238445196300745,0.14995616674423218,-0.3613969087600708,0.3338385224342346,-0.1646193563938141,0.3969419300556183,-0.26525017619132996,-0.02188851870596409,-0.8611720204353333,1.336409568786621,0.402974009513855,-0.010557331144809723,0.4041886031627655,-0.2813544273376465,-0.12759296596050262,0.5747883915901184,1.3936331272125244,-0.4004952311515808,0.002004424575716257,1.1176323890686035
5.152956008911133,0.8981411457061768,0.7661153078079224,0.11688116192817688,-0.05305686965584755,0.37475496530532837,0.9181952476501465,0.2968513071537018,0.2607712745666504,-0.31756770610809326,0.7424291372299194,-0.8028500080108643,0.04543134570121765,-0.9816790819168091,-0.5058679580688477,0.12999069690704346,1.1552716493606567,-0.035735391080379486,0.14216341078281403,-0.37509456276893616,0.3525436520576477,-0.1687556803226471,0.3824039697647095,-0.2917451560497284,-0.0347791388630867,-0.8872714042663574,1.3242160081863403,0.41329967975616455,-0.004205271601676941,0.40517181158065796,-0.31596603989601135,-0.13487200438976288,0.6055622696876526,1.3855314254760742,-0.40677109360694885,0.006356421392410994,1.1182873249053955
5.1668009757995605,0.89952552318573,0.7549158334732056,0.11983416229486465,-0.050266630947589874,0.38290664553642273,0.9146012663841248,0.315617173910141,0.27616459131240845,-0.3145604729652405,0.7459180951118469,-0.8028500080108643,0.048897311091423035,-1.0227000713348389,-0.5138086080551147,0.1359635442495346,1.2472950220108032,-0.08967908471822739,0.13581082224845886,-0.3840215802192688,0.36893659830093384,-0.1760530173778534,0.3664117455482483,-0.3138788044452667,-0.04610408470034599,-0.9128477573394775,1.3117165565490723,0.42373913526535034,0.0016353509854525328,0.4052831530570984,-0.3465511202812195,-0.14108122885227203,0.6349011659622192,1.3819972276687622,-0.41439515352249146,0.012103368528187275,1.1196990013122559
5.178589344024658,0.9008527398109436,0.7453259825706482,0.12041165679693222,-0.04671157896518707,0.38867297768592834,0.9122786521911621,0.3316841721534729,0.28903767466545105,-0.3118293285369873,0.7465651631355286,-0.8028500080108643,0.05164831131696701,-1.0561208724975586,-0.5187587738037109,0.13702693581581116,1.322033405303955,-0.13612325489521027,0.12993332743644714,-0.39368224143981934,0.381263792514801,-0.18423619866371155,0.35476720333099365,-0.32884305715560913,-0.05531017482280731,-0.9370049238204956,1.2980148792266846,0.43553274869918823,0.008283048868179321,0.4049111604690552,-0.3695397973060608,-0.14361543953418732,0.6679916381835938,1.373537302017212,-0.4258987009525299,0.01666596159338951,1.1219024658203125
5.18877649307251,0.9024121761322021,0.7369454503059387,0.11863616853952408,-0.042698703706264496,0.3916667699813843,0.9114271402359009,0.3440501093864441,0.3010609447956085,-0.30878332257270813,0.7482062578201294,-0.8028500080108643,0.05282856523990631,-1.0840516090393066,-0.5206561088562012,0.1345868557691574,1.3832855224609375,-0.17615215480327606,0.12360706925392151,-0.40406331419944763,0.3910479247570038,-0.19032393395900726,0.34410935640335083,-0.3393547534942627,-0.06313132494688034,-0.9590717554092407,1.28738534450531,0.4466363191604614,0.015259182080626488,0.4044044613838196,-0.3872928023338318,-0.14459718763828278,0.7018970251083374,1.3631168603897095,-0.43888217210769653,0.020525671541690826,1.1237776279449463
5.198037147521973,0.9038614630699158,0.7291480898857117,0.11610110849142075,-0.03860357031226158,0.3927379846572876,0.9114752411842346,0.35448408126831055,0.3123796880245209,-0.30646830797195435,0.7481943368911743,-0.8028500080108643,0.05301939323544502,-1.1093943119049072,-0.5225270986557007,0.13258802890777588,1.4347161054611206,-0.20989635586738586,0.11793024837970734,-0.41224274039268494,0.3986330032348633,-0.19780650734901428,0.3334333896636963,-0.3465379476547241,-0.0693788230419159,-0.9829245805740356,1.2820348739624023,0.45622414350509644,0.021293189376592636,0.40046587586402893,-0.40499812364578247,-0.14540502429008484,0.7323885560035706,1.3585774898529053,-0.4491225481033325,0.025846224278211594,1.125616431236267
5.206600189208984,0.9048509001731873,0.7208396196365356,0.11239440739154816,-0.03520064055919647,0.3917461931705475,0.9125039577484131,0.3624037802219391,0.32478514313697815,-0.30392327904701233,0.7496026754379272,-0.8028500080108643,0.051839642226696014,-1.1338471174240112,-0.5231797099113464,0.1293819397687912,1.482008934020996,-0.24028128385543823,0.11145326495170593,-0.4190179109573364,0.40536487102508545,-0.2019646167755127,0.3210257291793823,-0.35356569290161133,-0.07418972253799438,-1.0088753700256348,1.2826852798461914,0.4628859758377075,0.026694901287555695,0.3922920227050781,-0.42460769414901733,-0.14514832198619843,0.7594149112701416,1.3602620363235474,-0.4554150104522705,0.03296639770269394,1.1275337934494019
5.214431285858154,0.9056578874588013,0.7143922448158264,0.10882221907377243,-0.031408071517944336,0.38965895771980286,0.9139678478240967,0.36683744192123413,0.33495503664016724,-0.2998245358467102,0.7477999925613403,-0.8028500080108643,0.05069345235824585,-1.1541152000427246,-0.5231665372848511,0.12502025067806244,1.5194159746170044,-0.26658129692077637,0.10379897058010101,-0.4286898970603943,0.41093748807907104,-0.20225940644741058,0.30898213386535645,-0.3666139841079712,-0.07775171846151352,-1.035489559173584,1.2744271755218506,0.46721264719963074,0.03126158565282822,0.3889409303665161,-0.4438971281051636,-0.14466235041618347,0.7904865145683289,1.3539022207260132,-0.4638068377971649,0.03750301152467728,1.1266855001449585
5.221660614013672,0.9068723917007446,0.708839476108551,0.10792642086744308,-0.028185846284031868,0.3880688548088074,0.9148551821708679,0.3707488179206848,0.34107086062431335,-0.29611730575561523,0.7410075068473816,-0.8028500080108643,0.04824149236083031,-1.1721630096435547,-0.5241903066635132,0.12671932578086853,1.551301121711731,-0.28921136260032654,0.09713010489940643,-0.43527457118034363,0.41886603832244873,-0.20272868871688843,0.2925283908843994,-0.3866243362426758,-0.08022329211235046,-1.058572769165039,1.265437364578247,0.46758097410202026,0.03585821017622948,0.38838762044906616,-0.4649169445037842,-0.1500093787908554,0.8120409846305847,1.3546653985977173,-0.46878552436828613,0.04436619579792023,1.1238505840301514
5.228670120239258,0.908295750617981,0.7062463164329529,0.10938096791505814,-0.02451311983168125,0.3873065114021301,0.915111243724823,0.3746615946292877,0.3445841073989868,-0.29150593280792236,0.7230418920516968,-0.8028500080108643,0.046265698969364166,-1.18462073802948,-0.5264947414398193,0.13126523792743683,1.5722384452819824,-0.3069505989551544,0.09126429259777069,-0.443706214427948,0.42750492691993713,-0.2035941779613495,0.27501046657562256,-0.40622004866600037,-0.08193094283342361,-1.0771759748458862,1.2572968006134033,0.46562373638153076,0.03957739472389221,0.3890688121318817,-0.4828729033470154,-0.15312375128269196,0.8293476700782776,1.3560130596160889,-0.47332197427749634,0.049737267196178436,1.1197292804718018
5.2357587814331055,0.9096687436103821,0.7082439661026001,0.11346537619829178,-0.020687365904450417,0.38816094398498535,0.9143460392951965,0.3766152858734131,0.34438326954841614,-0.28421616554260254,0.696679949760437,-0.8028500080108643,0.04520278051495552,-1.1848416328430176,-0.529772162437439,0.13765065371990204,1.5790719985961914,-0.32275137305259705,0.08624406903982162,-0.4523569345474243,0.43395406007766724,-0.20514576137065887,0.2558960020542145,-0.42017635703086853,-0.0831691101193428,-1.093019723892212,1.2479567527770996,0.46335160732269287,0.040746044367551804,0.3877161145210266,-0.49443840980529785,-0.15445086359977722,0.8377600908279419,1.3604521751403809,-0.4754445552825928,0.05400492995977402,1.1164193153381348
5.242986679077148,0.9105809926986694,0.7146456241607666,0.11701548844575882,-0.015740517526865005,0.3881184756755829,0.9140151739120483,0.3722631335258484,0.34362664818763733,-0.270934522151947,0.6649428009986877,-0.8028500080108643,0.04334290325641632,-1.1756418943405151,-0.531353235244751,0.13875073194503784,1.5704017877578735,-0.33523571491241455,0.08034878969192505,-0.4643634557723999,0.4384520649909973,-0.20228685438632965,0.23290857672691345,-0.427068829536438,-0.08419951051473618,-1.1039742231369019,1.2473591566085815,0.46144652366638184,0.040692225098609924,0.38292181491851807,-0.5007412433624268,-0.14934960007667542,0.8435217142105103,1.365390658378601,-0.47632890939712524,0.056091465055942535,1.1147961616516113
5.250945091247559,0.9111209511756897,0.7254934906959534,0.12113833427429199,-0.008759294636547565,0.38734808564186096,0.9138984084129333,0.3621535897254944,0.33937254548072815,-0.25261032581329346,0.6262868642807007,-0.630936861038208,0.038577932864427567,-1.1583704948425293,-0.5309520959854126,0.1385653167963028,1.5484960079193115,-0.345144122838974,0.07426052540540695,-0.47873586416244507,0.4404575526714325,-0.19796350598335266,0.20807699859142303,-0.432713121175766,-0.0850892961025238,-1.1139333248138428,1.2549099922180176,0.4594826400279999,0.039872754365205765,0.3743631839752197,-0.5047552585601807,-0.14267273247241974,0.8427625894546509,1.3771198987960815,-0.47174084186553955,0.05820233374834061,1.1162281036376953
5.259422302246094,0.9123338460922241,0.7410864233970642,0.12507706880569458,-0.00030482749571092427,0.38547593355178833,0.9142012596130371,0.3427738845348358,0.32631680369377136,-0.2255544662475586,0.5925565361976624,-0.6836463212966919,0.03635941818356514,-1.1297308206558228,-0.524410605430603,0.13218601047992706,1.5124492645263672,-0.35178935527801514,0.06625781953334808,-0.4928783178329468,0.4393749535083771,-0.18809601664543152,0.18384163081645966,-0.4308130145072937,-0.08559659868478775,-1.1134400367736816,1.2737202644348145,0.4566150903701782,0.04040687158703804,0.3639010190963745,-0.5013126134872437,-0.13449729979038239,0.8369383215904236,1.385390043258667,-0.46235930919647217,0.05724756792187691,1.12245774269104
5.267787933349609,0.9137899875640869,0.7607154250144958,0.1306205540895462,0.008952786214649677,0.38307270407676697,0.9143924117088318,0.3148202896118164,0.30083176493644714,-0.19167955219745636,0.5686159133911133,-0.5195057392120361,0.035537682473659515,-1.0900986194610596,-0.5110228657722473,0.12442225962877274,1.4649055004119873,-0.3561556339263916,0.058035701513290405,-0.5017228126525879,0.43464213609695435,-0.17756928503513336,0.1626833826303482,-0.42238321900367737,-0.08611414581537247,-1.1168049573898315,1.2868382930755615,0.45314720273017883,0.04027373343706131,0.3479347825050354,-0.49218806624412537,-0.12327761203050613,0.8198164701461792,1.4010801315307617,-0.4433005452156067,0.05745730549097061,1.133034586906433
5.274175643920898,0.9163165092468262,0.783910870552063,0.13684754073619843,0.017739003524184227,0.37935754656791687,0.9149021506309509,0.27755147218704224,0.2563478946685791,-0.14825956523418427,0.5679016709327698,-0.4009498059749603,0.0420951321721077,-1.0388184785842896,-0.48960912227630615,0.11422885209321976,1.4027739763259888,-0.35551682114601135,0.04993884637951851,-0.5050444006919861,0.42770007252693176,-0.16825376451015472,0.14436125755310059,-0.4061271548271179,-0.08647099137306213,-1.1233327388763428,1.2880964279174805,0.45208653807640076,0.04015042632818222,0.3290180563926697,-0.47317856550216675,-0.11544018238782883,0.7920436263084412,1.4162914752960205,-0.4200390577316284,0.05696602165699005,1.1451654434204102
5.278258323669434,0.9220726490020752,0.8089131116867065,0.14009271562099457,0.026493975892663002,0.3720363974571228,0.9172028303146362,0.2170180380344391,0.1957155168056488,-0.09560468792915344,0.6020939350128174,-0.49548137187957764,0.05409622937440872,-0.9818198680877686,-0.45816051959991455,0.101158007979393,1.3268481492996216,-0.34628182649612427,0.04457012191414833,-0.4951668977737427,0.4203934669494629,-0.15693695843219757,0.12761935591697693,-0.3933875858783722,-0.08671724796295166,-1.1318647861480713,1.285780429840088,0.4520278573036194,0.04043855145573616,0.31286898255348206,-0.4477583169937134,-0.11277584731578827,0.7599812150001526,1.4301073551177979,-0.3958807587623596,0.05597849562764168,1.1590356826782227
5.281680107116699,0.9306093454360962,0.8320633769035339,0.1391080915927887,0.03453497216105461,0.36101579666137695,0.9214791655540466,0.137940913438797,0.13158154487609863,-0.0426441952586174,0.6616758108139038,-0.3640403747558594,0.06833769381046295,-0.9279134273529053,-0.4196756184101105,0.08648504316806793,1.2481565475463867,-0.33095213770866394,0.04085298627614975,-0.4735223054885864,0.4109468460083008,-0.14896580576896667,0.11588680744171143,-0.38140130043029785,-0.08688733726739883,-1.145881175994873,1.2776069641113281,0.4538491368293762,0.04159324988722801,0.3001534640789032,-0.4238005578517914,-0.106169693171978,0.7380051016807556,1.4392796754837036,-0.375588983297348,0.05347083508968353,1.1697386503219604
5.285431861877441,0.9409446716308594,0.8517695665359497,0.13673126697540283,0.039690569043159485,0.3450051546096802,0.9277395606040955,0.04520178958773613,0.06974330544471741,0.005146682262420654,0.7454046607017517,-0.4508671462535858,0.08465438336133957,-0.8776594400405884,-0.3799280524253845,0.07639102637767792,1.1747515201568604,-0.31321412324905396,0.037947334349155426,-0.44141602516174316,0.3992745280265808,-0.14990457892417908,0.11231450736522675,-0.3672354221343994,-0.08700490742921829,-1.1560354232788086,1.2651218175888062,0.4552346467971802,0.04074845835566521,0.29597708582878113,-0.3999631106853485,-0.09874767810106277,0.7211765646934509,1.4410426616668701,-0.3601253032684326,0.0476209782063961,1.1733425855636597
5.292065143585205,0.9519504904747009,0.8694792985916138,0.13159997761249542,0.04244949668645859,0.32159674167633057,0.9367257356643677,-0.05306626111268997,0.021205507218837738,0.04437675327062607,0.8208400011062622,-0.5062486529350281,0.10082127153873444,-0.828758955001831,-0.33715686202049255,0.07061588019132614,1.0999637842178345,-0.2923252582550049,0.04067225009202957,-0.40740278363227844,0.38729536533355713,-0.15830908715724945,0.11821393668651581,-0.3591761589050293,-0.08708623796701431,-1.1614322662353516,1.2577639818191528,0.456371545791626,0.038908347487449646,0.3007662892341614,-0.37932828068733215,-0.09375214576721191,0.7135120630264282,1.4385676383972168,-0.3511125147342682,0.04068350791931152,1.1735005378723145
5.302963733673096,0.9636286497116089,0.8850658535957336,0.12577441334724426,0.0422545000910759,0.29251477122306824,0.9470113515853882,-0.1611899435520172,-0.010725985281169415,0.07345806807279587,0.8880696296691895,-0.36160045862197876,0.1158398687839508,-0.7779603600502014,-0.2945338785648346,0.07327571511268616,1.028752326965332,-0.27287396788597107,0.04781746119260788,-0.36776167154312134,0.37666335701942444,-0.17327383160591125,0.12602555751800537,-0.35313692688941956,-0.08714253455400467,-1.1591182947158813,1.256346344947815,0.4551182985305786,0.035466790199279785,0.3123045265674591,-0.3635158836841583,-0.08760114014148712,0.7144073247909546,1.4346742630004883,-0.34745216369628906,0.03450792282819748,1.1706390380859375
5.317232131958008,0.9765543341636658,0.8999393582344055,0.11936937272548676,0.04053157567977905,0.25912490487098694,0.9575815796852112,-0.2622445523738861,-0.026874929666519165,0.08953896164894104,0.9183759689331055,-0.45805442333221436,0.13151849806308746,-0.7242981195449829,-0.2561917006969452,0.08419010043144226,0.954635739326477,-0.2534390389919281,0.06277291476726532,-0.3244861662387848,0.36577820777893066,-0.18805213272571564,0.13448947668075562,-0.34780681133270264,-0.08718153089284897,-1.1490706205368042,1.2540785074234009,0.4524308443069458,0.029869263991713524,0.32884126901626587,-0.3487146496772766,-0.0833948403596878,0.7224335670471191,1.4271068572998047,-0.3510103225708008,0.02725045382976532,1.166930913925171
5.33348274230957,0.9907143115997314,0.9142096638679504,0.11255631595849991,0.037136003375053406,0.2189355045557022,0.9685139060020447,-0.3568822741508484,-0.027838999405503273,0.0862039253115654,0.9145821332931519,-0.35444435477256775,0.14076076447963715,-0.6685202121734619,-0.22244693338871002,0.1061209961771965,0.8747463226318359,-0.2305780053138733,0.08561545610427856,-0.28536587953567505,0.35901427268981934,-0.2068106234073639,0.14746855199337006,-0.3408886790275574,-0.0872085690498352,-1.1333954334259033,1.2641685009002686,0.44953781366348267,0.024257441982626915,0.3422250747680664,-0.3408455550670624,-0.08273299038410187,0.7328124642372131,1.4222294092178345,-0.35463643074035645,0.02180839329957962,1.1681790351867676
5.351980209350586,1.0085846185684204,0.92578125,0.10450629889965057,0.033562071621418,0.1711149662733078,0.979117751121521,-0.4247397780418396,-0.015811944380402565,0.05527174100279808,0.8560552597045898,-0.2855091094970703,0.14232423901557922,-0.6174631118774414,-0.19166302680969238,0.14045226573944092,0.8026794195175171,-0.2124658226966858,0.11219556629657745,-0.24338208138942719,0.34675201773643494,-0.21837344765663147,0.16155505180358887,-0.33125925064086914,-0.08722731471061707,-1.1268833875656128,1.2711645364761353,0.4495655596256256,0.01886226050555706,0.34998804330825806,-0.3349108099937439,-0.0770634263753891,0.7519334554672241,1.4175121784210205,-0.3620017170906067,0.015858398750424385,1.1720614433288574
5.3736419677734375,1.0302445888519287,0.9359620213508606,0.09677137434482574,0.027750007808208466,0.10943524539470673,0.9888827800750732,-0.4622061848640442,-0.004681284073740244,0.0025174804031848907,0.7785559296607971,-0.2319691777229309,0.13947439193725586,-0.5606359243392944,-0.16505734622478485,0.1864282786846161,0.7350506782531738,-0.20056582987308502,0.13324204087257385,-0.1989826261997223,0.3198322355747223,-0.23901541531085968,0.18001675605773926,-0.3078179657459259,-0.08716392517089844,-1.1180427074432373,1.2778149843215942,0.4529324173927307,0.011142605915665627,0.35155174136161804,-0.3166973292827606,-0.0732739195227623,0.7675950527191162,1.4122484922409058,-0.3722006380558014,0.008693909272551537,1.1805897951126099
5.397954940795898,1.0544216632843018,0.9428150057792664,0.09075760096311569,0.020399289205670357,0.034513767808675766,0.9950657486915588,-0.47565093636512756,0.009827004745602608,-0.06859327107667923,0.6893638372421265,-0.18730534613132477,0.1284027099609375,-0.5099731683731079,-0.1468798816204071,0.2403266280889511,0.6855527758598328,-0.1987646520137787,0.1535608172416687,-0.14659324288368225,0.29062339663505554,-0.2813330888748169,0.19599969685077667,-0.28246355056762695,-0.08673139661550522,-1.0961997509002686,1.2864997386932373,0.4538220167160034,0.0032952390611171722,0.34960854053497314,-0.2965063452720642,-0.07233371585607529,0.782121479511261,1.4089179039001465,-0.3841944932937622,0.003985800314694643,1.1927926540374756
5.423597812652588,1.080791711807251,0.947214663028717,0.08742417395114899,0.012661403976380825,-0.046957146376371384,0.9949832558631897,-0.46938836574554443,0.025739017874002457,-0.138208270072937,0.6054312586784363,-0.1526045799255371,0.11420795321464539,-0.47028398513793945,-0.1416001319885254,0.2887701690196991,0.6500325798988342,-0.20290017127990723,0.17049340903759003,-0.08807095885276794,0.2625907063484192,-0.3341611921787262,0.20531192421913147,-0.263144314289093,-0.08611681312322617,-1.0580875873565674,1.2924175262451172,0.4512315094470978,-0.003214318538084626,0.3452756702899933,-0.2737250030040741,-0.06994381546974182,0.796011745929718,1.4069017171859741,-0.4008083939552307,0.0011484469287097454,1.2056070566177368
5.44942045211792,1.105813980102539,0.9498555064201355,0.08600747585296631,0.006534605287015438,-0.12896506488323212,0.9878907203674316,-0.4540056586265564,0.04329914227128029,-0.19030240178108215,0.5243349075317383,-0.12391883879899979,0.10070160031318665,-0.44424155354499817,-0.14394919574260712,0.31757956743240356,0.6279999613761902,-0.21112754940986633,0.1775147020816803,-0.031288132071495056,0.23637427389621735,-0.3946647644042969,0.21175125241279602,-0.22102922201156616,-0.012663367204368114,-1.0032941102981567,1.2964752912521362,0.44190922379493713,-0.008629965595901012,0.3417096734046936,-0.25874829292297363,-0.07002676278352737,0.8027904033660889,1.4061108827590942,-0.41476309299468994,-0.00018480693688616157,1.2150325775146484
5.473945617675781,1.1273199319839478,0.9517179131507874,0.08561122417449951,0.0023898256476968527,-0.20877033472061157,0.97420734167099,-0.4433809816837311,0.06169895455241203,-0.21257661283016205,0.46212902665138245,-0.1000441312789917,0.09099643677473068,-0.42552435398101807,-0.15117350220680237,0.3198118507862091,0.6150985360145569,-0.22274978458881378,0.1736970990896225,0.024272354319691658,0.2100541889667511,-0.44614851474761963,0.2111983597278595,-0.1715128868818283,0.07610836625099182,-0.9447399377822876,1.2935919761657715,0.4309662878513336,-0.011105477809906006,0.33977729082107544,-0.24818122386932373,-0.06779805570840836,0.8054767847061157,1.404354453086853,-0.42796790599823,-0.0020606149919331074,1.220443844795227
5.496336936950684,1.1452670097351074,0.9528104662895203,0.08726991713047028,-0.0004761869495268911,-0.2831931412220001,0.955083966255188,-0.43344926834106445,0.07196037471294403,-0.2103288471698761,0.41295334696769714,-0.08111272752285004,0.08724284917116165,-0.41336554288864136,-0.16562694311141968,0.30642080307006836,0.6098628640174866,-0.237849622964859,0.169763445854187,0.06831029057502747,0.1865886151790619,-0.471390962600708,0.2034531831741333,-0.12005238234996796,0.1481025069952011,-0.9058449268341064,1.2600007057189941,0.4273679852485657,-0.014007597230374813,0.33938783407211304,-0.23250804841518402,-0.0634298101067543,0.8095927238464355,1.398102045059204,-0.4470515847206116,-0.0065625328570604324,1.222581148147583
5.514591693878174,1.1589457988739014,0.9530740976333618,0.08822733908891678,-0.001977208536118269,-0.3513040542602539,0.93209308385849,-0.42237284779548645,0.08153422921895981,-0.20450744032859802,0.376842200756073,-0.0672931894659996,0.08191999047994614,-0.40281951427459717,-0.18016013503074646,0.28891825675964355,0.6060830354690552,-0.25395652651786804,0.1670314371585846,0.09950350970029831,0.16587768495082855,-0.49678194522857666,0.19865509867668152,-0.06333035230636597,0.192402184009552,-0.8503999710083008,1.249782681465149,0.42064690589904785,-0.013863199390470982,0.337825745344162,-0.2142961323261261,-0.060461126267910004,0.808910608291626,1.3912458419799805,-0.46538448333740234,-0.011382373049855232,1.2238168716430664
5.530829906463623,1.169827938079834,0.9522035121917725,0.08911389857530594,-0.00262070563621819,-0.4137478470802307,0.9060157537460327,-0.41479408740997314,0.0860077291727066,-0.19756177067756653,0.35170862078666687,-0.057254210114479065,0.07641565054655075,-0.3947327733039856,-0.1972687542438507,0.27559319138526917,0.6040616631507874,-0.27134016156196594,0.16637612879276276,0.12418580800294876,0.1487922966480255,-0.5027800798416138,0.18760345876216888,-0.019620098173618317,0.20890000462532043,-0.8069326877593994,1.2449114322662354,0.4154356122016907,-0.012926355935633183,0.33551424741744995,-0.20044709742069244,-0.06251483410596848,0.8012791275978088,1.3867584466934204,-0.4798349440097809,-0.014792225323617458,1.2230725288391113
5.5485711097717285,1.1803908348083496,0.9501398801803589,0.08976038545370102,-0.004302153829485178,-0.4722953736782074,0.8768476247787476,-0.4020683765411377,0.07777263969182968,-0.1966264545917511,0.3386886715888977,-0.05406161770224571,0.0734742283821106,-0.3910409212112427,-0.2205328345298767,0.27371492981910706,0.6011854410171509,-0.2845192551612854,0.17328259348869324,0.13686174154281616,0.1316925585269928,-0.47662490606307983,0.17124611139297485,0.010379737243056297,0.20814907550811768,-0.7865009307861328,1.234413504600525,0.41626206040382385,-0.011903274804353714,0.32993853092193604,-0.18645207583904266,-0.069841668009758,0.779955267906189,1.387450933456421,-0.4905804991722107,-0.016781285405158997,1.2215750217437744
5.569209098815918,1.190081000328064,0.947321355342865,0.08899295330047607,-0.007723022252321243,-0.5285311937332153,0.8442010879516602,-0.38608643412590027,0.06085061654448509,-0.19939564168453217,0.33859559893608093,-0.07133067399263382,0.07417026907205582,-0.3874954581260681,-0.2496030628681183,0.28102633357048035,0.5913772583007812,-0.2891003489494324,0.18345576524734497,0.14125074446201324,0.1156708151102066,-0.4385022521018982,0.15828166902065277,0.0343165323138237,0.20061519742012024,-0.7665857076644897,1.2368839979171753,0.41722264885902405,-0.010947411879897118,0.32204222679138184,-0.17094863951206207,-0.07910715788602829,0.7518689036369324,1.389557957649231,-0.4967561662197113,-0.01961577497422695,1.2216246128082275
5.59229850769043,1.1969164609909058,0.9428101181983948,0.08525765687227249,-0.01277693547308445,-0.5790915489196777,0.8106915950775146,-0.37250667810440063,0.04159947484731674,-0.20135368406772614,0.3503440022468567,-0.09066762030124664,0.07677929848432541,-0.3877861797809601,-0.2793571949005127,0.2918036878108978,0.5827080011367798,-0.2858237326145172,0.19228440523147583,0.13783815503120422,0.1094164252281189,-0.39601409435272217,0.14900635182857513,0.0474889762699604,0.19113457202911377,-0.7471075057983398,1.2523503303527832,0.41711634397506714,-0.010685700923204422,0.3158411383628845,-0.15842704474925995,-0.08933732658624649,0.7290254235267639,1.3869528770446777,-0.49886125326156616,-0.024286188185214996,1.222350835800171
5.617189407348633,1.200185775756836,0.9373036026954651,0.07807308435440063,-0.019642861559987068,-0.6236478686332703,0.7775487899780273,-0.3693208694458008,0.020076623186469078,-0.198809415102005,0.36954861879348755,-0.1013731062412262,0.08258193731307983,-0.386160671710968,-0.3059476315975189,0.30080991983413696,0.5751727819442749,-0.2767871022224426,0.19734753668308258,0.13389000296592712,0.11238368600606918,-0.3568459153175354,0.14913517236709595,0.05871864780783653,0.1834699958562851,-0.7238133549690247,1.2670276165008545,0.41632550954818726,-0.012615767307579517,0.31300944089889526,-0.14591267704963684,-0.10198802500963211,0.7031989693641663,1.3799177408218384,-0.49250441789627075,-0.03039988875389099,1.2210296392440796
5.641402244567871,1.1991456747055054,0.9334115386009216,0.06898271292448044,-0.02587573230266571,-0.6573044657707214,0.750015139579773,-0.3577158451080322,0.005984466057270765,-0.18725398182868958,0.37270861864089966,-0.10120133310556412,0.08946894109249115,-0.3807569146156311,-0.32488423585891724,0.29591310024261475,0.5614573359489441,-0.25924238562583923,0.1959521323442459,0.1204831451177597,0.11875496804714203,-0.32183390855789185,0.15783169865608215,0.06551303714513779,0.18094608187675476,-0.7047020196914673,1.2628235816955566,0.4145798087120056,-0.018452977761626244,0.3156534433364868,-0.1337546408176422,-0.1170346811413765,0.6767755746841431,1.363349199295044,-0.48055604100227356,-0.03867722302675247,1.2156462669372559
5.664527416229248,1.1955230236053467,0.9324293732643127,0.05726663023233414,-0.031930722296237946,-0.6811947822570801,0.7291601896286011,-0.33415499329566956,-0.0013808708172291517,-0.16895797848701477,0.3631184995174408,-0.09421779215335846,0.09627069532871246,-0.37629562616348267,-0.33197250962257385,0.2778705656528473,0.5407083630561829,-0.225715771317482,0.19030089676380157,0.09538653492927551,0.1281144917011261,-0.283219575881958,0.17570555210113525,0.07096904516220093,0.18194714188575745,-0.685052752494812,1.2415828704833984,0.41217607259750366,-0.025209061801433563,0.32587599754333496,-0.1134783998131752,-0.13191470503807068,0.6485809087753296,1.3463480472564697,-0.4688149690628052,-0.048200078308582306,1.209152102470398
5.686131477355957,1.1899374723434448,0.9366551637649536,0.04483659192919731,-0.03774205222725868,-0.6987815499305725,0.7129302620887756,-0.3088705241680145,-0.00592329865321517,-0.14663778245449066,0.3503361642360687,-0.08386396616697311,0.10464775562286377,-0.37576884031295776,-0.3283192217350006,0.24835720658302307,0.517545223236084,-0.18064680695533752,0.18112988770008087,0.07616275548934937,0.13854855298995972,-0.25215354561805725,0.19863681495189667,0.0743618756532669,0.18853306770324707,-0.6672008037567139,1.211138367652893,0.41002029180526733,-0.030850611627101898,0.3396182358264923,-0.0952582135796547,-0.14616653323173523,0.6209177374839783,1.3336659669876099,-0.4573139250278473,-0.056802842766046524,1.2011382579803467
5.705425262451172,1.1829919815063477,0.939760148525238,0.032092757523059845,-0.04348839446902275,-0.7127470970153809,0.6993356347084045,-0.2852151393890381,-0.006998694501817226,-0.12144825607538223,0.33787432312965393,-0.07147206366062164,0.11299800872802734,-0.37247756123542786,-0.31878459453582764,0.21022188663482666,0.4903947114944458,-0.1297864019870758,0.17180059850215912,0.06302222609519958,0.14781299233436584,-0.22935239970684052,0.2219947874546051,0.07277935743331909,0.19999410212039948,-0.6605836153030396,1.1690137386322021,0.41029423475265503,-0.03416810929775238,0.3528190553188324,-0.07950504124164581,-0.1577625870704651,0.5957642197608948,1.3256018161773682,-0.4469587802886963,-0.06328652054071426,1.1937859058380127
5.721498489379883,1.17606782913208,0.9417577981948853,0.019588805735111237,-0.04865328222513199,-0.7241753935813904,0.6876184940338135,-0.2659212052822113,-0.005403838120400906,-0.09321967512369156,0.3322161138057709,-0.06137845665216446,0.12234634906053543,-0.368557870388031,-0.30653929710388184,0.16694049537181854,0.47052067518234253,-0.08291006833314896,0.16268128156661987,0.049960315227508545,0.15639600157737732,-0.21512892842292786,0.24131238460540771,0.07245612889528275,0.20838427543640137,-0.6578648090362549,1.1331825256347656,0.4107823967933655,-0.03579676151275635,0.36246898770332336,-0.06342114508152008,-0.16408514976501465,0.572117805480957,1.3224060535430908,-0.4384284019470215,-0.06809824705123901,1.1877572536468506
5.733879566192627,1.1698462963104248,0.9430869221687317,0.008173096925020218,-0.053114186972379684,-0.7329200506210327,0.6781889796257019,-0.24929916858673096,-0.001953937578946352,-0.0646272525191307,0.3267015814781189,-0.05105506256222725,0.1309700310230255,-0.3626294434070587,-0.2961204946041107,0.12555770576000214,0.4552401304244995,-0.04394906014204025,0.15657895803451538,0.03931235894560814,0.16220593452453613,-0.2052079141139984,0.26017850637435913,0.07043575495481491,0.21442119777202606,-0.6620848178863525,1.1023434400558472,0.413219690322876,-0.03727203980088234,0.3671139180660248,-0.049848202615976334,-0.1658635139465332,0.5530729293823242,1.3189632892608643,-0.43227410316467285,-0.07257089763879776,1.1835269927978516
5.743583679199219,1.1641967296600342,0.9439895749092102,-0.0015866514295339584,-0.05731307715177536,-0.7383780479431152,0.671945333480835,-0.23412737250328064,0.0012187972897663713,-0.0329856276512146,0.31825271248817444,-0.03893550485372543,0.13749408721923828,-0.35317346453666687,-0.2910623252391815,0.0877084732055664,0.44011300802230835,-0.01174792181700468,0.15224844217300415,0.030398553237318993,0.16514939069747925,-0.19778527319431305,0.2784114480018616,0.06563451886177063,0.21682462096214294,-0.6725054383277893,1.081555962562561,0.4171961843967438,-0.03959738090634346,0.3667905330657959,-0.03852248191833496,-0.1641320139169693,0.5360496640205383,1.3249670267105103,-0.4281211793422699,-0.07478397339582443,1.1817560195922852
5.750077247619629,1.1591036319732666,0.9445165991783142,-0.010113591328263283,-0.06137039139866829,-0.7395389080047607,0.6702340841293335,-0.22015255689620972,0.004109303001314402,-0.003232913091778755,0.3111911118030548,-0.02805028297007084,0.14372429251670837,-0.3496253490447998,-0.28857916593551636,0.055680688470602036,0.43725883960723877,0.01207472663372755,0.14683261513710022,0.020723577588796616,0.1685321033000946,-0.1880422681570053,0.2919459939002991,0.053863588720560074,0.2149299830198288,-0.6868486404418945,1.0781548023223877,0.4196939468383789,-0.04047723487019539,0.36277133226394653,-0.03393978625535965,-0.16102026402950287,0.5232785940170288,1.330494999885559,-0.4243490695953369,-0.07639310508966446,1.1809395551681519
5.754096984863281,1.1544456481933594,0.9446786046028137,-0.015680475160479546,-0.06495540589094162,-0.736949622631073,0.6726367473602295,-0.20943473279476166,0.004925778601318598,0.018410347402095795,0.307332307100296,-0.021041078492999077,0.14680162072181702,-0.34879010915756226,-0.288137823343277,0.03233480080962181,0.4361574053764343,0.029398461803793907,0.14102740585803986,0.015498850494623184,0.17172089219093323,-0.17777478694915771,0.3010573387145996,0.02910943143069744,0.21313297748565674,-0.714227557182312,1.0748144388198853,0.4244652986526489,-0.04064690321683884,0.35767120122909546,-0.03779057040810585,-0.16010163724422455,0.5132390856742859,1.336615800857544,-0.42044761776924133,-0.07630012929439545,1.1794463396072388
5.754956245422363,1.1498690843582153,0.945682168006897,-0.019484445452690125,-0.06599210947751999,-0.732698917388916,0.6770654916763306,-0.1972733736038208,0.010366502217948437,0.030357522889971733,0.29736387729644775,-0.01474623940885067,0.144795224070549,-0.3415118455886841,-0.2816595435142517,0.015476120635867119,0.42290014028549194,0.04482480138540268,0.13545094430446625,0.012772096320986748,0.17199857532978058,-0.1675378531217575,0.3155847191810608,-0.0013335832627490163,0.2172924429178238,-0.7534410953521729,1.0523027181625366,0.43152135610580444,-0.04185536503791809,0.35522332787513733,-0.04050733149051666,-0.16347990930080414,0.5046250224113464,1.32332444190979,-0.41945862770080566,-0.08092345297336578,1.1748464107513428
5.752906799316406,1.145682454109192,0.9480746388435364,-0.02275998145341873,-0.06340472400188446,-0.7281594276428223,0.6820892095565796,-0.1819552630186081,0.02337867021560669,0.035222288221120834,0.27915850281715393,-0.008415544405579567,0.13937926292419434,-0.32873421907424927,-0.26540011167526245,0.0015262477099895477,0.40291523933410645,0.05665640905499458,0.1289311647415161,0.010349265299737453,0.16974350810050964,-0.1590254008769989,0.33116650581359863,-0.04251154512166977,0.22387321293354034,-0.8033765554428101,1.0013045072555542,0.438231885433197,-0.04294350743293762,0.3555867671966553,-0.04066246747970581,-0.1766577810049057,0.5003541111946106,1.2773337364196777,-0.42098841071128845,-0.08999057114124298,1.1702189445495605
5.749019622802734,1.141972541809082,0.9508191347122192,-0.026419829577207565,-0.05725809186697006,-0.724461019039154,0.6864252686500549,-0.17128098011016846,0.04542325437068939,0.035249847918748856,0.2622489631175995,-0.0030676431488245726,0.12827268242835999,-0.3096379041671753,-0.23969271779060364,-0.011307169683277607,0.3747856616973877,0.06530912965536118,0.12184088677167892,0.01262927521020174,0.17386384308338165,-0.1575426459312439,0.34782731533050537,-0.12979047000408173,0.23940794169902802,-0.8772300481796265,0.9019537568092346,0.4403727054595947,-0.039298322051763535,0.3595939576625824,-0.05588214844465256,-0.21906358003616333,0.5157838463783264,1.1672639846801758,-0.4234292805194855,-0.09576109051704407,1.1692246198654175
5.745440483093262,1.1399109363555908,0.9528473615646362,-0.029660537838935852,-0.0506075918674469,-0.7219112515449524,0.6894950270652771,-0.16709353029727936,0.06822504848241806,0.033207669854164124,0.25020021200180054,0.0031241460237652063,0.11311013996601105,-0.28770679235458374,-0.21462981402873993,-0.019543997943401337,0.3439662754535675,0.07172267138957977,0.11586091667413712,0.015121957287192345,0.18328838050365448,-0.16693812608718872,0.3741021752357483,-0.2630835771560669,0.25334271788597107,-0.957223117351532,0.7932383418083191,0.43993324041366577,-0.027744362130761147,0.3650611937046051,-0.0947408378124237,-0.28514641523361206,0.5481162071228027,1.0319446325302124,-0.42790544033050537,-0.08862295746803284,1.1780099868774414
5.7423200607299805,1.1390647888183594,0.954215407371521,-0.03154325112700462,-0.045389432460069656,-0.7200122475624084,0.691756546497345,-0.16470444202423096,0.08586205542087555,0.0306333526968956,0.2407713681459427,0.009318766184151173,0.0988609790802002,-0.2684892416000366,-0.19646033644676208,-0.022505858913064003,0.3228834271430969,0.07194536924362183,0.11064918339252472,0.015743941068649292,0.19102585315704346,-0.18046337366104126,0.4008292257785797,-0.42063891887664795,0.2596187889575958,-1.0328681468963623,0.7226414680480957,0.43526217341423035,-0.00419012364000082,0.3637099862098694,-0.15603724122047424,-0.3607552647590637,0.5914173722267151,0.9145295023918152,-0.43388789892196655,-0.06303892284631729,1.2002098560333252
5.739959716796875,1.139296293258667,0.9547582268714905,-0.03278601914644241,-0.0416889525949955,-0.7186831831932068,0.6933120489120483,-0.16541838645935059,0.0996110662817955,0.027454525232315063,0.23536887764930725,0.01535798143595457,0.0844133049249649,-0.25008144974708557,-0.18361744284629822,-0.02153870090842247,0.30571848154067993,0.06839965283870697,0.1051982194185257,0.017199227586388588,0.19739922881126404,-0.18915875256061554,0.42402759194374084,-0.6099813580513,0.24682781100273132,-1.11722993850708,0.6990890502929688,0.4266001582145691,0.020589739084243774,0.3542373478412628,-0.2827998995780945,-0.433541864156723,0.6676962375640869,0.8317136764526367,-0.43753132224082947,-0.02108806185424328,1.2315953969955444
5.738612174987793,1.1386933326721191,0.9545190334320068,-0.03349088877439499,-0.038576215505599976,-0.7174072861671448,0.6947784423828125,-0.17323124408721924,0.11088253557682037,0.024913430213928223,0.24171841144561768,0.01745845191180706,0.07440397143363953,-0.23969361186027527,-0.17428703606128693,-0.017929764464497566,0.30130696296691895,0.05996000021696091,0.09632448852062225,0.00870621670037508,0.2044946551322937,-0.19027987122535706,0.4396478533744812,-0.7835613489151001,0.20902033150196075,-1.1875765323638916,0.7267557382583618,0.4193149209022522,0.04059102386236191,0.34957802295684814,-0.4541444182395935,-0.4709807336330414,0.770683765411377,0.7969099283218384,-0.43859586119651794,0.020936310291290283,1.2553852796554565
5.737955093383789,1.1379530429840088,0.9538660049438477,-0.0340304933488369,-0.03602156788110733,-0.7158768773078918,0.6964658498764038,-0.18390783667564392,0.12038826197385788,0.02182183414697647,0.2533681392669678,0.017129942774772644,0.06625046581029892,-0.2333429455757141,-0.1666787564754486,-0.011555843986570835,0.30036497116088867,0.05136094242334366,0.08765873312950134,-0.0034657116048038006,0.21429497003555298,-0.1826154589653015,0.4591371715068817,-0.9371408224105835,0.16993802785873413,-1.2500743865966797,0.7717353105545044,0.4206092953681946,0.05788228660821915,0.33843305706977844,-0.6311786770820618,-0.4881852865219116,0.8764901161193848,0.7879382371902466,-0.44245219230651855,0.05653766542673111,1.2806280851364136
5.738272666931152,1.1356189250946045,0.953388512134552,-0.03426966071128845,-0.03237923979759216,-0.7143986821174622,0.698148787021637,-0.19731900095939636,0.12998166680335999,0.0202551931142807,0.26873332262039185,0.013578537851572037,0.06171191856265068,-0.23237136006355286,-0.15894559025764465,-0.005252060014754534,0.303078293800354,0.042298443615436554,0.07841737568378448,-0.024694915860891342,0.22239403426647186,-0.1679305136203766,0.46876123547554016,-1.0654597282409668,0.12115415185689926,-1.2946034669876099,0.8545513153076172,0.42031925916671753,0.06975836306810379,0.33142125606536865,-0.8100113868713379,-0.47551581263542175,0.9784691333770752,0.8210917115211487,-0.44141876697540283,0.08389466255903244,1.3011075258255005
5.738527297973633,1.1341452598571777,0.9526429772377014,-0.0342770516872406,-0.029856836423277855,-0.713144063949585,0.6995421648025513,-0.2096708118915558,0.1372756063938141,0.02038312703371048,0.28345829248428345,0.009928042069077492,0.05891231447458267,-0.23219183087348938,-0.15322449803352356,-0.0003175879828631878,0.30538851022720337,0.035264723002910614,0.0699298232793808,-0.041900403797626495,0.23191916942596436,-0.1569640040397644,0.48600590229034424,-1.163833737373352,0.08371511846780777,-1.3238688707351685,0.917556881904602,0.41856175661087036,0.07876626402139664,0.32703927159309387,-0.9539802670478821,-0.4517669081687927,1.0557076930999756,0.842997670173645,-0.43919289112091064,0.10317468643188477,1.3138134479522705
5.738862037658691,1.1309874057769775,0.9521483778953552,-0.03370096534490585,-0.026472842320799828,-0.7121996283531189,0.7006676197052002,-0.22212755680084229,0.14495006203651428,0.022027093917131424,0.29626351594924927,0.006762388627976179,0.05714956670999527,-0.23597006499767303,-0.14748866856098175,0.0031193087343126535,0.3103618025779724,0.02800167351961136,0.06383150815963745,-0.058111246675252914,0.2361142635345459,-0.14262768626213074,0.49563562870025635,-1.2444920539855957,0.03405797854065895,-1.3475110530853271,1.0140537023544312,0.4139552116394043,0.0817270427942276,0.31978708505630493,-1.0870429277420044,-0.3917536735534668,1.1266698837280273,0.9215362071990967,-0.43227070569992065,0.1151215136051178,1.3290247917175293
5.738846778869629,1.1272785663604736,0.9514482021331787,-0.03288416936993599,-0.02318193018436432,-0.7116190195083618,0.7014126181602478,-0.23596078157424927,0.1520392894744873,0.024323221296072006,0.3112903833389282,0.0020371463615447283,0.058141060173511505,-0.24238744378089905,-0.14213421940803528,0.005550691857933998,0.3183494210243225,0.02000986598432064,0.05990450084209442,-0.07029262185096741,0.23931096494197845,-0.12805037200450897,0.501153826713562,-1.3122305870056152,-0.007532314397394657,-1.3686870336532593,1.0959484577178955,0.4089934825897217,0.0806734636425972,0.31157827377319336,-1.1973174810409546,-0.32167068123817444,1.1881088018417358,0.9964661598205566,-0.42743033170700073,0.11890633404254913,1.3430193662643433
5.738950729370117,1.1245290040969849,0.9509379863739014,-0.0326211117208004,-0.020391913130879402,-0.7115092277526855,0.7016229033470154,-0.2461467683315277,0.1589251458644867,0.025619491934776306,0.32038313150405884,-0.0005363908712752163,0.058153264224529266,-0.24993452429771423,-0.13721530139446259,0.0064050122164189816,0.3268626928329468,0.014459102414548397,0.058422528207302094,-0.0782918930053711,0.2459670901298523,-0.11555136740207672,0.5136294364929199,-1.373890995979309,-0.03482835739850998,-1.3884721994400024,1.1462762355804443,0.4038238227367401,0.08112543821334839,0.29977506399154663,-1.2905234098434448,-0.25148943066596985,1.2391186952590942,1.0552186965942383,-0.4241099953651428,0.11906016618013382,1.3562318086624146
5.738593101501465,1.1203491687774658,0.9495155811309814,-0.032147739082574844,-0.016865121200680733,-0.7118450999259949,0.7013975977897644,-0.26469528675079346,0.16766881942749023,0.024836784228682518,0.3435402512550354,-0.00881388783454895,0.05740250274538994,-0.2677486538887024,-0.1316002458333969,0.006527387071400881,0.35129743814468384,0.004186272155493498,0.05515091121196747,-0.08451572060585022,0.24987712502479553,-0.09996495395898819,0.5212709307670593,-1.4165728092193604,-0.05275442451238632,-1.4021084308624268,1.1796934604644775,0.3959850072860718,0.08592286705970764,0.2894240617752075,-1.3570756912231445,-0.1714453548192978,1.2764546871185303,1.1216562986373901,-0.41828352212905884,0.11561128497123718,1.3614342212677002
5.737619876861572,1.1169145107269287,0.9457499980926514,-0.031135452911257744,-0.014724096283316612,-0.7119385004043579,0.7013967037200928,-0.2952539622783661,0.17522570490837097,0.022341355681419373,0.3878421187400818,-0.024007180705666542,0.055725060403347015,-0.29644542932510376,-0.12909890711307526,0.007309808861464262,0.39298832416534424,-0.010857800953090191,0.05155627056956291,-0.08471939712762833,0.25633111596107483,-0.0898979902267456,0.5291469693183899,-1.44252347946167,-0.06453491747379303,-1.4079042673110962,1.2006185054779053,0.3854184150695801,0.09110350906848907,0.28753581643104553,-1.3994394540786743,-0.0996098443865776,1.2965205907821655,1.1783928871154785,-0.40772688388824463,0.11010276526212692,1.3563508987426758
5.736141681671143,1.1136646270751953,0.9392834305763245,-0.029899410903453827,-0.012646432965993881,-0.7117324471473694,0.7017000913619995,-0.33988988399505615,0.18420426547527313,0.017236804589629173,0.45163923501968384,-0.04554533213376999,0.053337886929512024,-0.33990928530693054,-0.12786182761192322,0.009397231042385101,0.4534807503223419,-0.030501017346978188,0.050396181643009186,-0.08214716613292694,0.2719144821166992,-0.08130213618278503,0.5320577621459961,-1.469569206237793,-0.07228223234415054,-1.414159893989563,1.2119101285934448,0.3736846446990967,0.09855085611343384,0.2871854901313782,-1.4417831897735596,-0.034684501588344574,1.3102682828903198,1.2347822189331055,-0.3931475877761841,0.10629726946353912,1.3523856401443481
5.734375,1.1113964319229126,0.9308599233627319,-0.028672439977526665,-0.011746547184884548,-0.7114664316177368,0.7020366191864014,-0.38865435123443604,0.19176119565963745,0.01159637700766325,0.5215749740600586,-0.06838048249483109,0.049296680837869644,-0.3817760944366455,-0.12911362946033478,0.013190200552344322,0.5091568827629089,-0.047133155167102814,0.05211877077817917,-0.07667180895805359,0.2849293351173401,-0.07455701380968094,0.5316684246063232,-1.4852544069290161,-0.07738097012042999,-1.4185359477996826,1.215537667274475,0.3639441430568695,0.10679332166910172,0.28888434171676636,-1.4685380458831787,0.007939005270600319,1.3185272216796875,1.2649717330932617,-0.37831300497055054,0.10529438406229019,1.3485780954360962
5.732285499572754,1.1104878187179565,0.9204456210136414,-0.02731388621032238,-0.012136979959905148,-0.7114621996879578,0.702088475227356,-0.44098880887031555,0.19600743055343628,0.00562320975586772,0.5968736410140991,-0.09227558225393295,0.047292325645685196,-0.42502161860466003,-0.13306742906570435,0.01941944658756256,0.5674253702163696,-0.06423154473304749,0.05465784668922424,-0.06926126778125763,0.2969714403152466,-0.07261843979358673,0.5246590971946716,-1.4925706386566162,-0.08073924481868744,-1.4200775623321533,1.2152438163757324,0.35469067096710205,0.11373817920684814,0.29466700553894043,-1.4831463098526,0.0356624536216259,1.322698950767517,1.2784476280212402,-0.36548343300819397,0.10852666199207306,1.343366026878357
5.729991912841797,1.1081992387771606,0.9096825122833252,-0.025224752724170685,-0.011352521367371082,-0.7121071815490723,0.7015256285667419,-0.5054894685745239,0.2007068693637848,-0.0014030858874320984,0.6862395405769348,-0.12116318941116333,0.04474765807390213,-0.47837206721305847,-0.1373533308506012,0.02750764787197113,0.6376485824584961,-0.08567199110984802,0.05780278891324997,-0.06455345451831818,0.3098646402359009,-0.06807068735361099,0.4981805980205536,-1.5020893812179565,-0.08295299112796783,-1.4203252792358398,1.213270902633667,0.34360432624816895,0.11992596089839935,0.3033968210220337,-1.498098611831665,0.05369541421532631,1.3257837295532227,1.2822370529174805,-0.3529948592185974,0.11344262957572937,1.3370181322097778
5.728038787841797,1.106823444366455,0.8980727195739746,-0.023587236180901527,-0.010283136740326881,-0.7133883237838745,0.7002964019775391,-0.5707558989524841,0.20573654770851135,-0.009578514844179153,0.774029552936554,-0.1486974060535431,0.04114510491490364,-0.5336679816246033,-0.14211122691631317,0.035708822309970856,0.7080803513526917,-0.10552726686000824,0.06211360916495323,-0.06158173456788063,0.3220086693763733,-0.06358536332845688,0.4699350595474243,-1.5087239742279053,-0.08441352844238281,-1.421865463256836,1.2137452363967896,0.3367392420768738,0.1243692934513092,0.31340914964675903,-1.508553147315979,0.06542574614286423,1.3300926685333252,1.2823762893676758,-0.3453472852706909,0.11683104932308197,1.3288521766662598
5.726408004760742,1.1074252128601074,0.8849590420722961,-0.02270381525158882,-0.009881112724542618,-0.7151497006416321,0.6985325813293457,-0.6322354078292847,0.21001838147640228,-0.017689432948827744,0.8562954664230347,-0.17302654683589935,0.03781785070896149,-0.5890378952026367,-0.148285374045372,0.04348895326256752,0.7788488864898682,-0.1238308772444725,0.06599263846874237,-0.0587945431470871,0.33808207511901855,-0.06141272187232971,0.4410895109176636,-1.5162723064422607,-0.0853780061006546,-1.4228748083114624,1.2169374227523804,0.3330610692501068,0.12555550038814545,0.32745856046676636,-1.5217628479003906,0.07305669039487839,1.3326084613800049,1.2881379127502441,-0.34028342366218567,0.11762575805187225,1.3173258304595947
5.725807189941406,1.1109845638275146,0.8720908164978027,-0.024031862616539,-0.01013595424592495,-0.7176772952079773,0.6958872675895691,-0.6827018857002258,0.21505317091941833,-0.025843240320682526,0.9245796799659729,-0.19115611910820007,0.0351916141808033,-0.635736882686615,-0.15335428714752197,0.04899958521127701,0.8379470109939575,-0.13498543202877045,0.06897416710853577,-0.058715254068374634,0.36031806468963623,-0.05881984904408455,0.42225855588912964,-1.527031660079956,-0.0860154926776886,-1.42156982421875,1.2240214347839355,0.3306288719177246,0.12372617423534393,0.346368670463562,-1.53545081615448,0.07802116125822067,1.331920862197876,1.3007276058197021,-0.3376917541027069,0.11367060244083405,1.2971186637878418
5.725957870483398,1.1152660846710205,0.8598929643630981,-0.026434581726789474,-0.01068960689008236,-0.7208261489868164,0.6925290822982788,-0.7253839373588562,0.22119376063346863,-0.03375893831253052,0.9841059446334839,-0.20492492616176605,0.031164057552814484,-0.6751689910888672,-0.15772414207458496,0.052271731197834015,0.8893707394599915,-0.1427559107542038,0.06920451670885086,-0.05991153419017792,0.38181382417678833,-0.05502358451485634,0.4080437123775482,-1.5408484935760498,-0.08643727749586105,-1.416686773300171,1.233187198638916,0.32569432258605957,0.12076086550951004,0.3663161098957062,-1.5496439933776855,0.08100362122058868,1.3285157680511475,1.3113493919372559,-0.3352314829826355,0.1098879873752594,1.274304747581482
5.7263689041137695,1.1190259456634521,0.8468199372291565,-0.029086044058203697,-0.011685836128890514,-0.7240570783615112,0.6890274286270142,-0.7674526572227478,0.22832530736923218,-0.04057786986231804,1.0424001216888428,-0.21671943366527557,0.02512795478105545,-0.7151325941085815,-0.16248667240142822,0.054675500839948654,0.942868173122406,-0.1509215533733368,0.06840252131223679,-0.058751173317432404,0.4061516225337982,-0.052771925926208496,0.38988006114959717,-1.5592575073242188,-0.08671662211418152,-1.4098381996154785,1.2335320711135864,0.3186015784740448,0.11753833293914795,0.38683825731277466,-1.5665149688720703,0.08252157270908356,1.3223798274993896,1.3182587623596191,-0.33314067125320435,0.10819867998361588,1.2517255544662476
5.727380752563477,1.1242588758468628,0.8322598338127136,-0.030554668977856636,-0.013010776601731777,-0.7269279360771179,0.6859102845191956,-0.8143365383148193,0.23288226127624512,-0.0457846038043499,1.0988438129425049,-0.223867729306221,0.01963929645717144,-0.7616772651672363,-0.1697804033756256,0.05792198330163956,0.9983395338058472,-0.15600286424160004,0.06676328182220459,-0.0547335222363472,0.4323770999908447,-0.05346135050058365,0.3725529909133911,-1.5749993324279785,-0.08690182864665985,-1.4025607109069824,1.2241637706756592,0.3140948712825775,0.11179181933403015,0.41335731744766235,-1.580169677734375,0.06719214469194412,1.3166223764419556,1.2994862794876099,-0.33403992652893066,0.10604338347911835,1.227874517440796
5.728707790374756,1.1294546127319336,0.816728949546814,-0.030375059694051743,-0.013139363378286362,-0.7297778725624084,0.6828827857971191,-0.8665928244590759,0.2374947965145111,-0.05141095072031021,1.152478575706482,-0.2268320471048355,0.012205082923173904,-0.8146353363990784,-0.17802469432353973,0.06088033318519592,1.0535001754760742,-0.15813055634498596,0.06598225235939026,-0.05014984682202339,0.45309171080589294,-0.05269206687808037,0.3590892255306244,-1.5856654644012451,-0.0870247557759285,-1.3950717449188232,1.2145724296569824,0.3098434507846832,0.1067095696926117,0.43709421157836914,-1.587855577468872,0.04418836161494255,1.3088712692260742,1.2764899730682373,-0.3328584134578705,0.10553333163261414,1.2087048292160034
5.729927062988281,1.133913516998291,0.7987942695617676,-0.028314121067523956,-0.011320297606289387,-0.7328869700431824,0.6796666979789734,-0.9292199611663818,0.24300938844680786,-0.058862581849098206,1.2098511457443237,-0.229157492518425,0.004611636511981487,-0.8791707158088684,-0.18597617745399475,0.06387591361999512,1.1149133443832397,-0.16063599288463593,0.06600870192050934,-0.04818851873278618,0.46892184019088745,-0.04876810312271118,0.34267622232437134,-1.5957822799682617,-0.08710643649101257,-1.389923095703125,1.2130509614944458,0.30457690358161926,0.10376560688018799,0.45342618227005005,-1.5968940258026123,0.024846306070685387,1.302675485610962,1.2626063823699951,-0.32984229922294617,0.1064818874001503,1.1969914436340332
5.731361389160156,1.13845956325531,0.7788824439048767,-0.0256911963224411,-0.008146996609866619,-0.7360520362854004,0.6763882637023926,-1.000699520111084,0.2487453818321228,-0.06889383494853973,1.2711408138275146,-0.23047953844070435,-0.0028012548573315144,-0.9505650401115417,-0.1919386088848114,0.06695057451725006,1.1787865161895752,-0.1620263159275055,0.0662025436758995,-0.04732271656394005,0.48275893926620483,-0.03966303542256355,0.3238455355167389,-1.603864073753357,-0.08711571246385574,-1.3851706981658936,1.2145296335220337,0.29880815744400024,0.1013229638338089,0.46961304545402527,-1.6041101217269897,0.0021942108869552612,1.2966394424438477,1.24363374710083,-0.3251767158508301,0.10464642941951752,1.1854442358016968
5.7325520515441895,1.1422275304794312,0.7579220533370972,-0.02309255674481392,-0.00486393366008997,-0.7386925220489502,0.6736293435096741,-1.0746614933013916,0.25428375601768494,-0.0806281566619873,1.3333805799484253,-0.23088955879211426,-0.01028334442526102,-1.023434042930603,-0.19694140553474426,0.0696183443069458,1.2430834770202637,-0.16246145963668823,0.0672486275434494,-0.04661114141345024,0.492763876914978,-0.030013319104909897,0.30095553398132324,-1.6092119216918945,-0.08710405230522156,-1.3820546865463257,1.2188656330108643,0.2913859188556671,0.09883397817611694,0.4820142388343811,-1.6085379123687744,-0.01806267723441124,1.2914921045303345,1.229919195175171,-0.31785595417022705,0.10288840532302856,1.1765395402908325
5.733330249786377,1.1451760530471802,0.7361767292022705,-0.02056918479502201,-0.0020755697041749954,-0.7405313849449158,0.6717036962509155,-1.1484425067901611,0.2589161992073059,-0.09245912730693817,1.3952758312225342,-0.2308301031589508,-0.016203973442316055,-1.096674919128418,-0.2016984224319458,0.0721772313117981,1.3071662187576294,-0.1626596748828888,0.06743499636650085,-0.04651487618684769,0.4997712969779968,-0.020825916901230812,0.27572473883628845,-1.6119288206100464,-0.0871167778968811,-1.3794161081314087,1.2224373817443848,0.28310707211494446,0.09563857316970825,0.49252015352249146,-1.609823226928711,-0.03278452157974243,1.2852836847305298,1.219598650932312,-0.3084167540073395,0.09974834322929382,1.1671655178070068
5.73394775390625,1.1478731632232666,0.714550256729126,-0.019047077745199203,-0.00024465270689688623,-0.7415854334831238,0.670587956905365,-1.217806100845337,0.2628340721130371,-0.10415816307067871,1.4538111686706543,-0.2297009378671646,-0.02087174728512764,-1.1658375263214111,-0.20609043538570404,0.0738886371254921,1.3669915199279785,-0.16055577993392944,0.06712757050991058,-0.04789556935429573,0.505291759967804,-0.013536245562136173,0.2495497465133667,-1.614875316619873,-0.08704569935798645,-1.3761649131774902,1.2254929542541504,0.2745153307914734,0.09250013530254364,0.5034310817718506,-1.6082044839859009,-0.046765267848968506,1.2792855501174927,1.2054393291473389,-0.2989615797996521,0.09505463391542435,1.1549618244171143
5.734078884124756,1.1501466035842896,0.6937666535377502,-0.018328363075852394,7.356075366260484e-05,-0.7419630885124207,0.670190155506134,-1.2789191007614136,0.26499223709106445,-0.114510178565979,1.5076558589935303,-0.22838224470615387,-0.02450592815876007,-1.2284659147262573,-0.21011261641979218,0.07649427652359009,1.423987865447998,-0.15900912880897522,0.06623747944831848,-0.04917292296886444,0.508726954460144,-0.00950490590184927,0.22593173384666443,-1.6139163970947266,-0.08697405457496643,-1.3723855018615723,1.227333426475525,0.2661657929420471,0.08980049937963486,0.5137160420417786,-1.6019312143325806,-0.057670462876558304,1.2726025581359863,1.1944061517715454,-0.2895665466785431,0.09092503786087036,1.14262056350708
5.734024524688721,1.1521313190460205,0.6752641201019287,-0.018546324223279953,-0.00041494029574096203,-0.7420693635940552,0.6700663566589355,-1.3295865058898926,0.26627495884895325,-0.12441551685333252,1.5532491207122803,-0.22603954374790192,-0.028170105069875717,-1.2811393737792969,-0.21328018605709076,0.07908811420202255,1.4730207920074463,-0.157136470079422,0.06569895148277283,-0.050093695521354675,0.5111334919929504,-0.007874973118305206,0.20732998847961426,-1.611635684967041,-0.08688466250896454,-1.3653194904327393,1.2304089069366455,0.25640448927879333,0.08774460852146149,0.5231659412384033,-1.5947659015655518,-0.0669298842549324,1.2631126642227173,1.1880693435668945,-0.27850866317749023,0.0870010107755661,1.131235957145691
5.733838081359863,1.1539899110794067,0.660319983959198,-0.019653059542179108,-0.001782292383722961,-0.7419593930244446,0.670154333114624,-1.3669769763946533,0.26689788699150085,-0.13257992267608643,1.5867180824279785,-0.22166527807712555,-0.03090982884168625,-1.320988655090332,-0.21552246809005737,0.08098535239696503,1.5107331275939941,-0.1537034809589386,0.06556399166584015,-0.050536252558231354,0.5126062035560608,-0.0068261148408055305,0.19355431199073792,-1.6065528392791748,-0.0867411270737648,-1.358053207397461,1.2358421087265015,0.24708151817321777,0.08653213083744049,0.5301870107650757,-1.5843892097473145,-0.07695358991622925,1.254530668258667,1.1835354566574097,-0.2683477997779846,0.08277959376573563,1.1235244274139404
5.7335205078125,1.1558150053024292,0.6488326787948608,-0.02094288170337677,-0.003480975516140461,-0.7417370676994324,0.6703547835350037,-1.3936582803726196,0.2668754458427429,-0.13863243162631989,1.6091485023498535,-0.21535612642765045,-0.03265899792313576,-1.350341796875,-0.21614864468574524,0.08302056789398193,1.5382537841796875,-0.1495775282382965,0.06546951830387115,-0.05037809908390045,0.5139812231063843,-0.005703087896108627,0.18253256380558014,-1.6026012897491455,-0.08466267585754395,-1.3516497611999512,1.2415711879730225,0.23877838253974915,0.0858444795012474,0.5352036952972412,-1.5742090940475464,-0.08786551654338837,1.2478835582733154,1.1787419319152832,-0.2599540650844574,0.07809790968894958,1.1192653179168701
5.733049392700195,1.1573325395584106,0.6406711935997009,-0.022397002205252647,-0.005453282967209816,-0.741608738899231,0.6704365611076355,-1.4098480939865112,0.2663057744503021,-0.14270615577697754,1.6209083795547485,-0.20790940523147583,-0.033579740673303604,-1.3699406385421753,-0.2154574990272522,0.08475196361541748,1.5557289123535156,-0.14461946487426758,0.0661335289478302,-0.049261853098869324,0.5155578851699829,-0.005357556976377964,0.17596139013767242,-1.6004531383514404,-0.08345365524291992,-1.3460103273391724,1.2481420040130615,0.23096418380737305,0.08627469837665558,0.5380933880805969,-1.5664311647415161,-0.0953892394900322,1.2430773973464966,1.178443193435669,-0.252674400806427,0.0750860795378685,1.1182608604431152
5.73275899887085,1.1592090129852295,0.6367513537406921,-0.02425391972064972,-0.007378086447715759,-0.741889476776123,0.6700428128242493,-1.413920521736145,0.2660667300224304,-0.14374297857284546,1.6182714700698853,-0.197233185172081,-0.03281702473759651,-1.3774302005767822,-0.21297866106033325,0.08456885814666748,1.5589516162872314,-0.1365153193473816,0.06604695320129395,-0.04969581589102745,0.5183724164962769,-0.004477094858884811,0.17352111637592316,-1.6001676321029663,-0.08026172965765,-1.3410066366195679,1.2516193389892578,0.2242036908864975,0.08720141649246216,0.5408734679222107,-1.5579701662063599,-0.10411094129085541,1.240567684173584,1.1724281311035156,-0.248360276222229,0.071073018014431,1.1165872812271118
5.732358455657959,1.1614103317260742,0.637567937374115,-0.025530416518449783,-0.009411192499101162,-0.7423411011695862,0.6694694757461548,-1.4050004482269287,0.2656329274177551,-0.13962003588676453,1.598567247390747,-0.1823112964630127,-0.029947496950626373,-1.3737471103668213,-0.209102064371109,0.08323220163583755,1.5464489459991455,-0.12472508102655411,0.0637352392077446,-0.04934845492243767,0.5202020406723022,-0.005596372298896313,0.17535269260406494,-1.5984101295471191,-0.0742385983467102,-1.3362646102905273,1.2454156875610352,0.21938584744930267,0.08839672803878784,0.5458160042762756,-1.5481131076812744,-0.11610586941242218,1.2373384237289429,1.158339500427246,-0.24648329615592957,0.06675739586353302,1.1143356561660767
5.731833457946777,1.163325309753418,0.6432631015777588,-0.02707914635539055,-0.01214594580233097,-0.7428722977638245,0.6687749624252319,-1.381754755973816,0.2653217315673828,-0.13023261725902557,1.5637221336364746,-0.16451790928840637,-0.025294136255979538,-1.3560160398483276,-0.20372486114501953,0.07978664338588715,1.5194785594940186,-0.11125896126031876,0.059791211038827896,-0.04842758551239967,0.5213912725448608,-0.008863509632647038,0.1790531873703003,-1.5962328910827637,-0.0672801285982132,-1.3306546211242676,1.2349088191986084,0.21533457934856415,0.09132606536149979,0.5510413646697998,-1.537743330001831,-0.12707464396953583,1.2342129945755005,1.139879822731018,-0.2459791898727417,0.06362056732177734,1.1127692461013794
5.731229305267334,1.165061593055725,0.6542527079582214,-0.02959374710917473,-0.016116321086883545,-0.7434477806091309,0.6679444909095764,-1.341947078704834,0.26499268412590027,-0.11481808125972748,1.5128443241119385,-0.14442399144172668,-0.018181132152676582,-1.3213253021240234,-0.19715309143066406,0.07310589402914047,1.4761255979537964,-0.09620878100395203,0.05515849590301514,-0.04754825308918953,0.5221643447875977,-0.013608070090413094,0.18383517861366272,-1.5925216674804688,-0.05928444117307663,-1.3248209953308105,1.2224617004394531,0.21213099360466003,0.09563341736793518,0.5561819672584534,-1.5275540351867676,-0.13705003261566162,1.2323241233825684,1.1194239854812622,-0.24667930603027344,0.06227098032832146,1.1116719245910645
5.7304606437683105,1.1665443181991577,0.6733673810958862,-0.03509241342544556,-0.023115571588277817,-0.7440502643585205,0.666800856590271,-1.2738313674926758,0.2635664939880371,-0.09182418137788773,1.438948392868042,-0.12180476635694504,-0.008068634197115898,-1.2560839653015137,-0.18939417600631714,0.06259942054748535,1.4070816040039062,-0.07972413301467896,0.05033933371305466,-0.0470205619931221,0.5226668119430542,-0.016975950449705124,0.1891663372516632,-1.579148769378662,-0.04947847127914429,-1.318777084350586,1.2076447010040283,0.21085909008979797,0.10006459057331085,0.5622733235359192,-1.5096451044082642,-0.14681518077850342,1.2318202257156372,1.09676194190979,-0.24923692643642426,0.06077124923467636,1.110863208770752
5.729496002197266,1.1679458618164062,0.6993765830993652,-0.04183559492230415,-0.03179702162742615,-0.7445130944252014,0.665536642074585,-1.1792112588882446,0.2590147852897644,-0.06200603395700455,1.3395379781723022,-0.09516936540603638,0.004466889891773462,-1.1670175790786743,-0.1813298761844635,0.05056426301598549,1.31526517868042,-0.060404397547245026,0.04582506790757179,-0.047619931399822235,0.5220377445220947,-0.020160596817731857,0.20167765021324158,-1.5603973865509033,-0.038873087614774704,-1.3116706609725952,1.1888213157653809,0.21031585335731506,0.10475573688745499,0.5665374398231506,-1.486511468887329,-0.1550719141960144,1.2298431396484375,1.0716482400894165,-0.2520120143890381,0.06034664437174797,1.111525535583496
5.728157043457031,1.1678638458251953,0.7290547490119934,-0.04791909083724022,-0.04014032706618309,-0.7444403767585754,0.6647564172744751,-1.0682027339935303,0.24968168139457703,-0.030766036361455917,1.2226190567016602,-0.06684360653162003,0.015846868976950645,-1.0665985345840454,-0.17370803654193878,0.03974790498614311,1.2154486179351807,-0.04316467046737671,0.04264631122350693,-0.04906458407640457,0.5175771117210388,-0.02460992895066738,0.21868404746055603,-1.540635585784912,-0.03205234184861183,-1.3053438663482666,1.1740400791168213,0.21028931438922882,0.109830841422081,0.5658531785011292,-1.4631907939910889,-0.15351602435112,1.2303357124328613,1.0516277551651,-0.25605809688568115,0.06232922896742821,1.1159555912017822
5.726794242858887,1.1665022373199463,0.761142373085022,-0.052473265677690506,-0.04629578813910484,-0.7439066171646118,0.6646098494529724,-0.9530144929885864,0.23566210269927979,-0.003420349210500717,1.0984715223312378,-0.039370838552713394,0.026104073971509933,-0.9649694561958313,-0.16559143364429474,0.03269803896546364,1.1149437427520752,-0.028037454932928085,0.0418805330991745,-0.05264075845479965,0.5136566162109375,-0.03263365104794502,0.23901373147964478,-1.5237956047058105,-0.02291576936841011,-1.3015975952148438,1.1499958038330078,0.21426008641719818,0.1122286319732666,0.5634685158729553,-1.4404032230377197,-0.15461820363998413,1.230286955833435,1.02382230758667,-0.2618632912635803,0.06301989406347275,1.1198201179504395
5.725233554840088,1.1610682010650635,0.7949949502944946,-0.05369997024536133,-0.04837225005030632,-0.7432164549827576,0.6651359796524048,-0.8443297147750854,0.22027912735939026,0.017513146623969078,0.9802311062812805,-0.019735833629965782,0.033586468547582626,-0.8665223121643066,-0.15784843266010284,0.029067330062389374,1.0154597759246826,-0.01906375214457512,0.04456031695008278,-0.05726795271039009,0.49831151962280273,-0.04238743707537651,0.2604273557662964,-1.5096393823623657,-0.021585512906312943,-1.303586483001709,1.14188814163208,0.22032004594802856,0.11585179716348648,0.5523408055305481,-1.4243838787078857,-0.14612208306789398,1.2358894348144531,1.0166609287261963,-0.26851484179496765,0.06961226463317871,1.131819248199463
5.723724365234375,1.1525886058807373,0.8254611492156982,-0.05234219878911972,-0.04694627970457077,-0.742805540561676,0.6658050417900085,-0.750200629234314,0.2060014307498932,0.03264893591403961,0.8779931664466858,-0.008905132301151752,0.03886265680193901,-0.776606559753418,-0.14992986619472504,0.02825181372463703,0.9217343330383301,-0.014949193224310875,0.04762498289346695,-0.06401494145393372,0.4751278758049011,-0.052021436393260956,0.28223514556884766,-1.4987833499908447,-0.02464192546904087,-1.3045159578323364,1.1483678817749023,0.2256462574005127,0.11709831655025482,0.5373835563659668,-1.4145290851593018,-0.13326391577720642,1.2402138710021973,1.0229647159576416,-0.27343863248825073,0.07655294239521027,1.1451358795166016
5.722214698791504,1.1433217525482178,0.8523939251899719,-0.04947875812649727,-0.044410642236471176,-0.7424073219299316,0.6666415333747864,-0.6649518609046936,0.19169116020202637,0.044124945998191833,0.7850664258003235,-0.003229800146073103,0.04343325272202492,-0.6899704337120056,-0.14355632662773132,0.02921399474143982,0.8280662894248962,-0.012160368263721466,0.0512581393122673,-0.07018701732158661,0.4440729022026062,-0.06000010669231415,0.3078191876411438,-1.4842181205749512,-0.024720672518014908,-1.3082832098007202,1.1559407711029053,0.2339695394039154,0.11563307046890259,0.5191899538040161,-1.4023761749267578,-0.1261376440525055,1.2458314895629883,1.0277271270751953,-0.2804301977157593,0.0808112621307373,1.161065697669983
5.721072196960449,1.1341078281402588,0.875211775302887,-0.0471053346991539,-0.041684601455926895,-0.7423765659332275,0.6670235991477966,-0.5874679684638977,0.17915810644626617,0.052511636167764664,0.7026351690292358,-0.0002630682720337063,0.04765020310878754,-0.6053295135498047,-0.137827068567276,0.03174465894699097,0.73493492603302,-0.007925008423626423,0.05588020384311676,-0.07698991149663925,0.4130270481109619,-0.06724194437265396,0.3364262580871582,-1.4740544557571411,-0.02314457856118679,-1.3124349117279053,1.1617239713668823,0.2435150146484375,0.11205856502056122,0.49649539589881897,-1.393440842628479,-0.12513411045074463,1.2517787218093872,1.0252629518508911,-0.2892681360244751,0.0840124636888504,1.1814019680023193
5.7195258140563965,1.1237837076187134,0.8940665125846863,-0.044193048030138016,-0.039544299244880676,-0.7422440052032471,0.6675006151199341,-0.5173783898353577,0.16685694456100464,0.05841229483485222,0.6303495764732361,-0.00024322430544998497,0.05022242292761803,-0.5305719971656799,-0.13467928767204285,0.03641952574253082,0.6552149057388306,-0.007695848122239113,0.05924871563911438,-0.08241477608680725,0.37737876176834106,-0.07691755890846252,0.3625326454639435,-1.4529420137405396,-0.030312353745102882,-1.3105872869491577,1.1753463745117188,0.2506338953971863,0.10624858736991882,0.4760018587112427,-1.3796097040176392,-0.11284874379634857,1.2545732259750366,1.0351722240447998,-0.2981349229812622,0.08760130405426025,1.200390338897705
5.718061923980713,1.11452317237854,0.90845787525177,-0.04153118282556534,-0.037756357342004776,-0.7419997453689575,0.6680464148521423,-0.459229439496994,0.15570303797721863,0.06196065992116928,0.5717336535453796,-0.0024070378858596087,0.05269923433661461,-0.4670145511627197,-0.13302117586135864,0.04228237643837929,0.587631344795227,-0.00812925398349762,0.06227939575910568,-0.08656756579875946,0.3466230630874634,-0.08753903955221176,0.38921189308166504,-1.432790994644165,-0.03506597876548767,-1.3069202899932861,1.1818912029266357,0.25808876752853394,0.09991677105426788,0.45836275815963745,-1.3663370609283447,-0.10454362630844116,1.2580225467681885,1.03598952293396,-0.3100818991661072,0.08898672461509705,1.2179696559906006
5.717023849487305,1.106489896774292,0.9189540147781372,-0.039615143090486526,-0.03601393476128578,-0.7412242293357849,0.6691190600395203,-0.41398608684539795,0.1468653380870819,0.06254557520151138,0.5284279584884644,-0.006944437511265278,0.05502483248710632,-0.41720855236053467,-0.1310495287179947,0.04899749904870987,0.5356154441833496,-0.009434223175048828,0.06338424980640411,-0.09037406742572784,0.3234977126121521,-0.09566156566143036,0.41454753279685974,-1.4206942319869995,-0.038331300020217896,-1.305083990097046,1.1770769357681274,0.26645490527153015,0.0948440358042717,0.44326210021972656,-1.356930136680603,-0.10383038222789764,1.261378526687622,1.0241732597351074,-0.32382914423942566,0.09070178866386414,1.2330451011657715
5.716277122497559,1.0982524156570435,0.9274577498435974,-0.03819897770881653,-0.03380497172474861,-0.7397750616073608,0.6709179878234863,-0.3757888674736023,0.14080043137073517,0.061975717544555664,0.49071556329727173,-0.01154958363622427,0.056107163429260254,-0.37618884444236755,-0.1281883716583252,0.05534941703081131,0.49086993932724,-0.009928706102073193,0.06441522389650345,-0.0976162999868393,0.300210177898407,-0.10079221427440643,0.43390175700187683,-1.4055534601211548,-0.04300451651215553,-1.3008888959884644,1.1781370639801025,0.27381351590156555,0.09137298166751862,0.4308028817176819,-1.3413962125778198,-0.10463855415582657,1.2620670795440674,1.01246976852417,-0.33795133233070374,0.09246210008859634,1.243793249130249
5.716069221496582,1.0913500785827637,0.9336838722229004,-0.03777918592095375,-0.03165603056550026,-0.737539529800415,0.6735028624534607,-0.34680601954460144,0.13717901706695557,0.060419484972953796,0.46196305751800537,-0.015631938353180885,0.05727604031562805,-0.34459197521209717,-0.12451054155826569,0.06120365113019943,0.4538201689720154,-0.007637437898665667,0.06494878977537155,-0.10851196199655533,0.28739625215530396,-0.1032753735780716,0.45347458124160767,-1.4004933834075928,-0.04175429791212082,-1.297133445739746,1.1710606813430786,0.2806108593940735,0.08884010463953018,0.42014405131340027,-1.3325872421264648,-0.11768470704555511,1.265488624572754,0.9751200675964355,-0.35451072454452515,0.09245137870311737,1.2535086870193481
5.715571403503418,1.0850111246109009,0.939376950263977,-0.03729494288563728,-0.03024517558515072,-0.7345000505447388,0.6769076585769653,-0.3168635070323944,0.13323433697223663,0.058904021978378296,0.4258790612220764,-0.013418799266219139,0.055010199546813965,-0.31567633152008057,-0.12234324216842651,0.06617552042007446,0.4166683852672577,-0.0025899435859173536,0.06736630946397781,-0.11793598532676697,0.2727562189102173,-0.10461017489433289,0.47430670261383057,-1.3930261135101318,-0.04715591296553612,-1.296044945716858,1.1770169734954834,0.2873203456401825,0.08752971142530441,0.40482908487319946,-1.3296160697937012,-0.12354376167058945,1.2737689018249512,0.9577381610870361,-0.37121856212615967,0.09706617146730423,1.2710387706756592
5.715319633483887,1.0781919956207275,0.9441072940826416,-0.03690403327345848,-0.02786649577319622,-0.7313429713249207,0.680440366268158,-0.2933225929737091,0.13184720277786255,0.05791551619768143,0.39316031336784363,-0.009178274311125278,0.051616910845041275,-0.2939944863319397,-0.11853723227977753,0.06999006867408752,0.385816752910614,0.002397892065346241,0.06781145930290222,-0.1283513903617859,0.25988662242889404,-0.09877493232488632,0.48830437660217285,-1.3911513090133667,-0.060574065893888474,-1.2964906692504883,1.1944588422775269,0.29073843359947205,0.08468648046255112,0.3907293379306793,-1.3346657752990723,-0.11986175924539566,1.2830331325531006,0.95917809009552,-0.3841581344604492,0.10178932547569275,1.2854409217834473
5.715106964111328,1.0718413591384888,0.9477196335792542,-0.036787956953048706,-0.025148263201117516,-0.7284320592880249,0.6836673021316528,-0.27616170048713684,0.13281045854091644,0.05716979131102562,0.3663561940193176,-0.004184072837233543,0.04742991924285889,-0.2775343954563141,-0.1135801300406456,0.07191110402345657,0.35892730951309204,0.009076738730072975,0.06585865467786789,-0.14075344800949097,0.2487986981868744,-0.08662530779838562,0.5037072896957397,-1.3896209001541138,-0.06991764158010483,-1.2971103191375732,1.2124208211898804,0.2926613688468933,0.08243831992149353,0.37636637687683105,-1.342353105545044,-0.11059920489788055,1.2926713228225708,0.9698772430419922,-0.39330628514289856,0.10468221455812454,1.2973768711090088
5.715391159057617,1.0670902729034424,0.9502222537994385,-0.037023041397333145,-0.023242654278874397,-0.7254350781440735,0.6869009733200073,-0.263623982667923,0.13370761275291443,0.056168295443058014,0.34449079632759094,0.0016001099720597267,0.044460684061050415,-0.2646082937717438,-0.10944453626871109,0.07328926771879196,0.33601802587509155,0.016494309529662132,0.0629189983010292,-0.14897975325584412,0.24138373136520386,-0.07718290388584137,0.5163991451263428,-1.3924181461334229,-0.07589323073625565,-1.2951641082763672,1.2280645370483398,0.2945634722709656,0.0802915170788765,0.3677991032600403,-1.3559718132019043,-0.11316584050655365,1.2980645895004272,0.965603232383728,-0.3986455202102661,0.10549239069223404,1.304673433303833
5.715346336364746,1.0624696016311646,0.9521254301071167,-0.03723384812474251,-0.021551871672272682,-0.7223095297813416,0.6902305483818054,-0.25382792949676514,0.13569283485412598,0.056404635310173035,0.3254995048046112,0.007212899159640074,0.041401419788599014,-0.25480690598487854,-0.10496415197849274,0.073541060090065,0.31595078110694885,0.023940060287714005,0.058197177946567535,-0.15765221416950226,0.23384550213813782,-0.06871595978736877,0.5271256566047668,-1.3941891193389893,-0.07987509667873383,-1.291522741317749,1.2399301528930664,0.2945137023925781,0.07904261350631714,0.36103108525276184,-1.3740242719650269,-0.10970306396484375,1.2996366024017334,0.9747598767280579,-0.3980022668838501,0.1098286509513855,1.3093442916870117
5.7150068283081055,1.05824875831604,0.9535791873931885,-0.03724859654903412,-0.02019493468105793,-0.7187345623970032,0.6939924359321594,-0.24589714407920837,0.13801342248916626,0.05849191173911095,0.3090791702270508,0.012439613230526447,0.039807189255952835,-0.2476973831653595,-0.10131226480007172,0.0722225159406662,0.2998967468738556,0.030586769804358482,0.05207481235265732,-0.16700318455696106,0.22587427496910095,-0.058883219957351685,0.5341993570327759,-1.3912107944488525,-0.08246330916881561,-1.285759687423706,1.2473254203796387,0.29392021894454956,0.07865254580974579,0.3586386442184448,-1.3877403736114502,-0.10711881518363953,1.298768162727356,0.9854252338409424,-0.39580243825912476,0.11237502843141556,1.3091704845428467
5.714784145355225,1.0545670986175537,0.9546810388565063,-0.03713405877351761,-0.019031280651688576,-0.7152252197265625,0.6976473331451416,-0.23976430296897888,0.14033132791519165,0.06143786013126373,0.29488348960876465,0.017482705414295197,0.03842294588685036,-0.2422526776790619,-0.09872795641422272,0.06913727521896362,0.28539565205574036,0.0378897488117218,0.0460793673992157,-0.17539092898368835,0.22069348394870758,-0.0507974773645401,0.5415887832641602,-1.3920561075210571,-0.08414564281702042,-1.280353307723999,1.2507660388946533,0.2929263114929199,0.07869020104408264,0.35879918932914734,-1.4032533168792725,-0.11217238008975983,1.2966995239257812,0.9874000549316406,-0.39188793301582336,0.11430513113737106,1.307888388633728
5.714757919311523,1.0523370504379272,0.9554802179336548,-0.03730424866080284,-0.018662912771105766,-0.7117059230804443,0.7012380361557007,-0.2336791753768921,0.14163069427013397,0.06440699845552444,0.2818682789802551,0.022515835240483284,0.03839346021413803,-0.23749575018882751,-0.09761322289705276,0.06554216146469116,0.2719593644142151,0.04596243053674698,0.042322613298892975,-0.18358772993087769,0.21759331226348877,-0.044101279228925705,0.5487208962440491,-1.3910163640975952,-0.08519019186496735,-1.274387240409851,1.2568864822387695,0.29231131076812744,0.0790058970451355,0.3598655164241791,-1.413111925125122,-0.12937715649604797,1.2950434684753418,0.9713097810745239,-0.3884434700012207,0.11457312107086182,1.3077268600463867
5.714749336242676,1.0499855279922485,0.9558767080307007,-0.037261560559272766,-0.01805991679430008,-0.7085149884223938,0.7044798731803894,-0.23142683506011963,0.14385618269443512,0.06730969250202179,0.27516162395477295,0.02507057972252369,0.03912989795207977,-0.23477685451507568,-0.09669111669063568,0.06112068146467209,0.2617810368537903,0.05278264731168747,0.038835931569337845,-0.19087666273117065,0.2158205509185791,-0.03900361433625221,0.5516128540039062,-1.3935797214508057,-0.08585374057292938,-1.2700860500335693,1.2625097036361694,0.2904418110847473,0.078634113073349,0.3618125319480896,-1.4173680543899536,-0.1505064070224762,1.2932209968566895,0.9506708383560181,-0.38520529866218567,0.11669556051492691,1.3068662881851196
5.714424133300781,1.04764723777771,0.9558858871459961,-0.036970388144254684,-0.01722005195915699,-0.7060564160346985,0.7069802284240723,-0.23265594244003296,0.14716736972332,0.07062679529190063,0.27305102348327637,0.026618510484695435,0.04043964296579361,-0.2345336675643921,-0.0956306979060173,0.057295478880405426,0.2564900517463684,0.05672217160463333,0.03496778756380081,-0.19928407669067383,0.21438971161842346,-0.034905120730400085,0.5543816089630127,-1.3959156274795532,-0.08634942770004272,-1.2687275409698486,1.2678861618041992,0.2896489202976227,0.07912468910217285,0.36290860176086426,-1.4202189445495605,-0.16367672383785248,1.294568657875061,0.9401938915252686,-0.3841366767883301,0.11994466930627823,1.3067357540130615
5.713813304901123,1.046088457107544,0.9556610584259033,-0.036622874438762665,-0.0172199085354805,-0.70442134141922,0.708627462387085,-0.2332843393087387,0.14919155836105347,0.0754450261592865,0.27086901664733887,0.02864775061607361,0.042669788002967834,-0.23367145657539368,-0.09632991999387741,0.0547022819519043,0.2521834969520569,0.059811562299728394,0.03242313489317894,-0.2094527930021286,0.21205055713653564,-0.03047199174761772,0.5579921007156372,-1.3925400972366333,-0.0866716206073761,-1.2676113843917847,1.2725751399993896,0.2909824252128601,0.08005514740943909,0.364112913608551,-1.4171003103256226,-0.1795833557844162,1.2945541143417358,0.9281691908836365,-0.3837510943412781,0.12124408781528473,1.3062585592269897
5.712879657745361,1.0444231033325195,0.9554001688957214,-0.035895779728889465,-0.017162073403596878,-0.7037152647972107,0.7093672752380371,-0.23445290327072144,0.15078556537628174,0.08135025948286057,0.26989075541496277,0.029684023931622505,0.046784255653619766,-0.2333158552646637,-0.09777543693780899,0.05264025181531906,0.25065839290618896,0.06040417402982712,0.029812410473823547,-0.2196180522441864,0.20949837565422058,-0.025843508541584015,0.558809757232666,-1.3889588117599487,-0.08688104152679443,-1.2660430669784546,1.2809861898422241,0.2912452816963196,0.08145563304424286,0.36471742391586304,-1.414028286933899,-0.19139578938484192,1.298337459564209,0.919207751750946,-0.38479241728782654,0.12140124291181564,1.3071216344833374
5.712418556213379,1.0442042350769043,0.9550492763519287,-0.03555148467421532,-0.017649812623858452,-0.7038148641586304,0.7092736959457397,-0.23563456535339355,0.1507575809955597,0.08731810748577118,0.27024489641189575,0.03044535592198372,0.05344568192958832,-0.23516741394996643,-0.10050743818283081,0.05201102793216705,0.25522610545158386,0.05904708057641983,0.02801872417330742,-0.23071953654289246,0.21213217079639435,-0.018834460526704788,0.5627503395080566,-1.3871102333068848,-0.08207432925701141,-1.2638996839523315,1.2885164022445679,0.2939511239528656,0.08359851688146591,0.36697953939437866,-1.4091086387634277,-0.2223604917526245,1.2994999885559082,0.8920997977256775,-0.3861936926841736,0.11876169592142105,1.3065751791000366
5.712164878845215,1.0441386699676514,0.9548133015632629,-0.03502502664923668,-0.017904412001371384,-0.7045274376869202,0.708585798740387,-0.23700013756752014,0.15033434331417084,0.0930773913860321,0.2719612121582031,0.02966362237930298,0.06041416525840759,-0.23712338507175446,-0.1037050113081932,0.051278091967105865,0.25994306802749634,0.0572749599814415,0.027694735676050186,-0.23749056458473206,0.2168409526348114,-0.013703329488635063,0.5673494338989258,-1.3894389867782593,-0.07642550766468048,-1.2655717134475708,1.2851066589355469,0.2968980371952057,0.08407868444919586,0.3678905963897705,-1.4033185243606567,-0.2597213387489319,1.3019980192184448,0.853063702583313,-0.38924264907836914,0.1167268306016922,1.3093515634536743
5.7120208740234375,1.0436856746673584,0.9546078443527222,-0.03430787846446037,-0.01758071966469288,-0.7057827115058899,0.7073786854743958,-0.24073219299316406,0.14984822273254395,0.09915849566459656,0.27793776988983154,0.026016738265752792,0.06815516948699951,-0.2414296567440033,-0.10614283382892609,0.052141472697257996,0.2674272060394287,0.05372109264135361,0.028142759576439857,-0.24179255962371826,0.2238978147506714,-0.007487945258617401,0.5722116827964783,-1.3917515277862549,-0.07360529154539108,-1.2677114009857178,1.2788978815078735,0.2984374761581421,0.08539597690105438,0.36844947934150696,-1.3941445350646973,-0.2923085391521454,1.3006682395935059,0.8197605609893799,-0.3923887014389038,0.1186700165271759,1.3120037317276
5.7122673988342285,1.0437977313995361,0.9542372226715088,-0.03389295935630798,-0.0169229693710804,-0.7079867720603943,0.705208957195282,-0.2475356161594391,0.14932562410831451,0.10270985960960388,0.2896743714809418,0.019696645438671112,0.07680521160364151,-0.2522827386856079,-0.10811123996973038,0.055374667048454285,0.2844271957874298,0.04794329032301903,0.03013746254146099,-0.24451211094856262,0.23769202828407288,0.00014929892495274544,0.5775710940361023,-1.400413990020752,-0.06611068546772003,-1.273371696472168,1.2589973211288452,0.3000727891921997,0.08666433393955231,0.3702775835990906,-1.3827528953552246,-0.3332705795764923,1.2989166975021362,0.7715665698051453,-0.3970842957496643,0.11845318973064423,1.3131319284439087
5.713216781616211,1.0435748100280762,0.9538516998291016,-0.03349548950791359,-0.015233878046274185,-0.7120854258537292,0.7011279463768005,-0.25743919610977173,0.1498374193906784,0.10434141010046005,0.30668169260025024,0.009349306114017963,0.0870545282959938,-0.2675197720527649,-0.10978352278470993,0.057572342455387115,0.30580565333366394,0.04115920886397362,0.03370335325598717,-0.24434322118759155,0.25170430541038513,0.009934072382748127,0.5758746862411499,-1.4154132604599,-0.05357453227043152,-1.2827372550964355,1.2309247255325317,0.3011462092399597,0.08757904171943665,0.37398290634155273,-1.371253490447998,-0.3766128420829773,1.297629475593567,0.7190711498260498,-0.4024476706981659,0.11716680228710175,1.3107147216796875
5.714948654174805,1.0429970026016235,0.952864944934845,-0.03345488756895065,-0.011737310327589512,-0.7186489701271057,0.6944686770439148,-0.2766265571117401,0.15400342643260956,0.10510941594839096,0.34037306904792786,-0.00933538656681776,0.10126592218875885,-0.296350359916687,-0.10884009301662445,0.056612059473991394,0.3451736569404602,0.02979900874197483,0.03616845980286598,-0.2430160939693451,0.26562532782554626,0.02647867426276207,0.5650401711463928,-1.431736707687378,-0.041026968508958817,-1.2935550212860107,1.2066923379898071,0.30165472626686096,0.0887155681848526,0.3827376663684845,-1.3557789325714111,-0.40898019075393677,1.2968541383743286,0.680267870426178,-0.40928924083709717,0.11284460872411728,1.3003565073013306
5.717034339904785,1.0422629117965698,0.9505772590637207,-0.033386580646038055,-0.0069556040689349174,-0.7269130945205688,0.6858820915222168,-0.30606013536453247,0.16141754388809204,0.10423432290554047,0.3932930529117584,-0.03771044686436653,0.11654558777809143,-0.33900564908981323,-0.10518696904182434,0.05042300373315811,0.39981964230537415,0.015467179007828236,0.035693611949682236,-0.23923438787460327,0.2804562449455261,0.0459834486246109,0.5474146604537964,-1.4512791633605957,-0.030128680169582367,-1.3059358596801758,1.1840075254440308,0.3020813763141632,0.0891665369272232,0.3975297212600708,-1.3367825746536255,-0.4256366491317749,1.2952780723571777,0.6584513187408447,-0.4173346161842346,0.10466241836547852,1.2798975706100464
5.7190842628479,1.0421652793884277,0.9467115998268127,-0.03327518701553345,-0.0029138061217963696,-0.7363748550415039,0.6757487654685974,-0.3393627405166626,0.16871857643127441,0.10118973255157471,0.455424427986145,-0.07035477459430695,0.12855669856071472,-0.3810250759124756,-0.10066726803779602,0.04002728313207626,0.4490581154823303,0.00393934641033411,0.03252355754375458,-0.22915446758270264,0.29493358731269836,0.06252932548522949,0.5325361490249634,-1.4631736278533936,-0.02279096469283104,-1.3172342777252197,1.1632893085479736,0.3051966428756714,0.09026259183883667,0.414088636636734,-1.315171718597412,-0.42932313680648804,1.2955000400543213,0.6537109613418579,-0.4260514974594116,0.09697853773832321,1.2595518827438354
5.721166133880615,1.0432913303375244,0.9415394067764282,-0.033536043018102646,0.0006711058667860925,-0.7466581463813782,0.6643617153167725,-0.3750811219215393,0.17600534856319427,0.0949605256319046,0.5185984373092651,-0.10085174441337585,0.13621991872787476,-0.42114195227622986,-0.09509178251028061,0.031354278326034546,0.4922460913658142,-0.0033687464892864227,0.03255496174097061,-0.2158793807029724,0.3142535090446472,0.07901368290185928,0.5157619118690491,-1.4792373180389404,-0.011351062916219234,-1.3337422609329224,1.142255425453186,0.3115035891532898,0.0923641175031662,0.42652493715286255,-1.298777461051941,-0.44665640592575073,1.2968275547027588,0.6483827829360962,-0.4329783320426941,0.08936940133571625,1.2454283237457275
5.722930908203125,1.044541597366333,0.9341014623641968,-0.03373745083808899,0.0050192405469715595,-0.7574343085289001,0.6520198583602905,-0.42076119780540466,0.1862303465604782,0.08496510982513428,0.590514063835144,-0.13081055879592896,0.13960953056812286,-0.46392667293548584,-0.08733208477497101,0.02650068700313568,0.5376036763191223,-0.010917733423411846,0.034820668399333954,-0.2013881355524063,0.3345738351345062,0.09409759938716888,0.49055349826812744,-1.5004220008850098,-0.007479208055883646,-1.354880690574646,1.1411583423614502,0.3191044330596924,0.09454458951950073,0.43752986192703247,-1.296423316001892,-0.45326513051986694,1.306274175643921,0.6622071266174316,-0.4379597306251526,0.08311401307582855,1.2322295904159546
5.724183082580566,1.045738935470581,0.9236159920692444,-0.03322681412100792,0.009482164867222309,-0.7683314681053162,0.6391187906265259,-0.47788503766059875,0.19771218299865723,0.07162175327539444,0.6721502542495728,-0.15950308740139008,0.1385050117969513,-0.5086043477058411,-0.07891695946455002,0.025267332792282104,0.5845531225204468,-0.019808335229754448,0.03654496371746063,-0.18530264496803284,0.35359686613082886,0.10621829330921173,0.4573844373226166,-1.5162997245788574,-0.015640847384929657,-1.3688685894012451,1.1629023551940918,0.3223448693752289,0.0953359603881836,0.453498899936676,-1.3005945682525635,-0.42736053466796875,1.3106310367584229,0.7112134695053101,-0.43653902411460876,0.07982153445482254,1.2100762128829956
5.725415229797363,1.0481007099151611,0.9105430841445923,-0.032603807747364044,0.013332272879779339,-0.7789701819419861,0.6260708570480347,-0.541804313659668,0.20948393642902374,0.05518398806452751,0.7555842399597168,-0.18347635865211487,0.1317663937807083,-0.5544136762619019,-0.07107971608638763,0.02754581719636917,0.6347177028656006,-0.030013373121619225,0.03909852355718613,-0.16662099957466125,0.3745347857475281,0.11459775269031525,0.42251652479171753,-1.531383752822876,-0.028225405141711235,-1.3808249235153198,1.1859982013702393,0.3244551420211792,0.09533372521400452,0.4717590808868408,-1.3058409690856934,-0.39333269000053406,1.3075487613677979,0.7744266986846924,-0.43130505084991455,0.07846137881278992,1.1836190223693848
5.7265167236328125,1.0511653423309326,0.8951243758201599,-0.03204699605703354,0.017157981172204018,-0.7892240285873413,0.6130286455154419,-0.611816942691803,0.22303229570388794,0.03550045192241669,0.8387004137039185,-0.20260396599769592,0.12117808312177658,-0.6051268577575684,-0.061846908181905746,0.031113088130950928,0.6922532320022583,-0.04233027994632721,0.04120030999183655,-0.14790664613246918,0.39704278111457825,0.12286806106567383,0.3824230134487152,-1.54744553565979,-0.03995578736066818,-1.3955552577972412,1.210777759552002,0.32797694206237793,0.0954146534204483,0.4882744550704956,-1.3150790929794312,-0.3615685999393463,1.3055909872055054,0.838100790977478,-0.4241374731063843,0.07580730319023132,1.1570576429367065
5.727189064025879,1.0545135736465454,0.8768571019172668,-0.03122384287416935,0.020097820088267326,-0.7986067533493042,0.6007065773010254,-0.6875522136688232,0.23545333743095398,0.013041478581726551,0.9235744476318359,-0.21771883964538574,0.10825221985578537,-0.6630829572677612,-0.05335310101509094,0.03552205115556717,0.7619643807411194,-0.05853986367583275,0.041628148406744,-0.12779578566551208,0.418917715549469,0.127606600522995,0.34020403027534485,-1.5586776733398438,-0.05614679306745529,-1.4054865837097168,1.2387827634811401,0.32930630445480347,0.09548094123601913,0.5047247409820557,-1.3288142681121826,-0.3213304281234741,1.3008522987365723,0.9119065403938293,-0.41302967071533203,0.07440397143363953,1.1310033798217773
5.728314399719238,1.0587639808654785,0.8572227954864502,-0.028792597353458405,0.02390015684068203,-0.8070234656333923,0.589332640171051,-0.7709423899650574,0.24572786688804626,-0.012135299853980541,1.007501482963562,-0.22950603067874908,0.09625052660703659,-0.7313133478164673,-0.044900961220264435,0.039182789623737335,0.8381947875022888,-0.07455428689718246,0.04161771759390831,-0.11171969026327133,0.43581753969192505,0.13284455239772797,0.30047518014907837,-1.5691921710968018,-0.0667266696691513,-1.4180660247802734,1.2550660371780396,0.33300167322158813,0.09593881666660309,0.5192556381225586,-1.3385589122772217,-0.294438898563385,1.2971144914627075,0.965785026550293,-0.4024280309677124,0.07004362344741821,1.1065566539764404
5.729618072509766,1.063272476196289,0.8382675647735596,-0.024536075070500374,0.02817716635763645,-0.8141371607780457,0.5794693231582642,-0.8586593866348267,0.2522040903568268,-0.03761844336986542,1.0887691974639893,-0.23838059604167938,0.08626079559326172,-0.8105427622795105,-0.03828020021319389,0.04161250591278076,0.9229180812835693,-0.09133193641901016,0.039543963968753815,-0.1000334843993187,0.4478640854358673,0.1346506029367447,0.26597315073013306,-1.574177622795105,-0.0737968310713768,-1.4285197257995605,1.2590126991271973,0.33665186166763306,0.09659494459629059,0.5333284735679626,-1.347615361213684,-0.2710847556591034,1.291663646697998,1.0088140964508057,-0.39170610904693604,0.06642919778823853,1.0834457874298096
5.731471061706543,1.0680251121520996,0.818065345287323,-0.02001834288239479,0.03230936825275421,-0.8197817802429199,0.5714133977890015,-0.9427309036254883,0.2541924715042114,-0.06215079128742218,1.1619917154312134,-0.24375542998313904,0.0786019042134285,-0.8903605937957764,-0.03269064053893089,0.0432979017496109,1.004422664642334,-0.10467220842838287,0.03756870701909065,-0.09230834990739822,0.4580646753311157,0.13546766340732574,0.23697015643119812,-1.5781288146972656,-0.07829377055168152,-1.440614104270935,1.2588248252868652,0.34291499853134155,0.09899367392063141,0.5443280339241028,-1.354944109916687,-0.26298636198043823,1.2878034114837646,1.0330442190170288,-0.3825570344924927,0.06196967512369156,1.0643091201782227
5.733503341674805,1.07274329662323,0.7970609664916992,-0.015526816248893738,0.035578370094299316,-0.8242157697677612,0.564943790435791,-1.022028923034668,0.2516823410987854,-0.08473345637321472,1.2281242609024048,-0.24611257016658783,0.07186923921108246,-0.9688572883605957,-0.028091123327612877,0.045381098985672,1.0827844142913818,-0.11543787270784378,0.03600915148854256,-0.08822910487651825,0.4667234420776367,0.13508611917495728,0.21178153157234192,-1.583290457725525,-0.08119744062423706,-1.4525673389434814,1.2552642822265625,0.3491605520248413,0.10216280072927475,0.553465723991394,-1.3597941398620605,-0.26406130194664,1.2822284698486328,1.0453824996948242,-0.3731890916824341,0.05825628340244293,1.0472073554992676
5.735848903656006,1.07747220993042,0.775733232498169,-0.012091969139873981,0.03798681125044823,-0.82773756980896,0.5596975088119507,-1.0963631868362427,0.2472071349620819,-0.10546953231096268,1.2885756492614746,-0.24535726010799408,0.06542576849460602,-1.043262243270874,-0.02483784221112728,0.046122804284095764,1.1547119617462158,-0.12177973240613937,0.03675328940153122,-0.08600515872240067,0.4746801257133484,0.13553756475448608,0.18868917226791382,-1.591253399848938,-0.08297409117221832,-1.4670113325119019,1.2525665760040283,0.35556989908218384,0.10589559376239777,0.5598964691162109,-1.3608113527297974,-0.27463090419769287,1.2769800424575806,1.0481631755828857,-0.3652231693267822,0.05441051721572876,1.0316749811172485
5.737415313720703,1.0811797380447388,0.7547813653945923,-0.010088092647492886,0.03937727212905884,-0.8306233286857605,0.5553491115570068,-1.16347074508667,0.2427017092704773,-0.12445329129695892,1.3435640335083008,-0.24219679832458496,0.05805619806051254,-1.1111323833465576,-0.02298499271273613,0.044641464948654175,1.2201844453811646,-0.12523677945137024,0.037320710718631744,-0.08600018918514252,0.47875553369522095,0.1361280381679535,0.16657432913780212,-1.594182014465332,-0.0844695046544075,-1.4769283533096313,1.244016170501709,0.35950732231140137,0.1077074259519577,0.5665416717529297,-1.3608002662658691,-0.27309322357177734,1.2708338499069214,1.058807611465454,-0.357178270816803,0.05298317223787308,1.0164995193481445
5.738639831542969,1.084338903427124,0.7342607378959656,-0.00909943226724863,0.04023650661110878,-0.8328339457511902,0.5519835352897644,-1.226841926574707,0.23789061605930328,-0.14184480905532837,1.394406795501709,-0.23644207417964935,0.05058319494128227,-1.17399263381958,-0.022783944383263588,0.04178245738148689,1.278769612312317,-0.12543785572052002,0.038612883538007736,-0.08783663809299469,0.4812781512737274,0.13812974095344543,0.1445593386888504,-1.5981273651123047,-0.08544838428497314,-1.4859209060668945,1.2422552108764648,0.3622327744960785,0.10974881798028946,0.5714839100837708,-1.3609557151794434,-0.2711856961250305,1.264772891998291,1.0759273767471313,-0.34828582406044006,0.051289111375808716,1.0019408464431763
5.739954948425293,1.0878102779388428,0.7144480347633362,-0.009555844590067863,0.04011162370443344,-0.8345517516136169,0.549384355545044,-1.282888412475586,0.23244953155517578,-0.15721330046653748,1.4405884742736816,-0.22964727878570557,0.04376384615898132,-1.2303130626678467,-0.024154242128133774,0.038259800523519516,1.330664038658142,-0.12231126427650452,0.040114473551511765,-0.09058232605457306,0.4842512607574463,0.141231507062912,0.12511330842971802,-1.5990729331970215,-0.08601164817810059,-1.4946115016937256,1.239569067955017,0.36537671089172363,0.1116291880607605,0.5764634013175964,-1.357633352279663,-0.2761019468307495,1.2584736347198486,1.0835927724838257,-0.33987921476364136,0.047055937349796295,0.9892139434814453
5.741032123565674,1.0907869338989258,0.6951721906661987,-0.009788972325623035,0.040126144886016846,-0.8360094428062439,0.5471583604812622,-1.3355101346969604,0.22658859193325043,-0.1714634895324707,1.4843006134033203,-0.22340482473373413,0.03650381416082382,-1.2843286991119385,-0.027162762358784676,0.034758489578962326,1.379300594329834,-0.11772866547107697,0.04283300042152405,-0.09478497505187988,0.4865987300872803,0.1447070837020874,0.10830065608024597,-1.607433795928955,-0.08633193373680115,-1.5044779777526855,1.245468258857727,0.36616581678390503,0.1142890602350235,0.5758097767829895,-1.3566957712173462,-0.2839917540550232,1.2523705959320068,1.092024564743042,-0.32882508635520935,0.043574124574661255,0.980279266834259
5.741884231567383,1.093564748764038,0.6781960129737854,-0.01033861469477415,0.039586860686540604,-0.8374283313751221,0.5450136661529541,-1.379873514175415,0.22107133269309998,-0.18282286822795868,1.5213069915771484,-0.21715134382247925,0.030402543023228645,-1.33023202419281,-0.031578429043293,0.031537510454654694,1.4200465679168701,-0.11218300461769104,0.04624021798372269,-0.09866875410079956,0.48879826068878174,0.14770770072937012,0.0934770479798317,-1.6121857166290283,-0.08643282204866409,-1.5132006406784058,1.2514395713806152,0.36717504262924194,0.11665251106023788,0.5765800476074219,-1.3508646488189697,-0.29620397090911865,1.2429382801055908,1.0999860763549805,-0.31738096475601196,0.039357807487249374,0.970801830291748
5.742864608764648,1.0965474843978882,0.6638557314872742,-0.011480449698865414,0.03858324885368347,-0.8388887047767639,0.5428124666213989,-1.414515733718872,0.21659478545188904,-0.1907212734222412,1.5502357482910156,-0.21015483140945435,0.026079893112182617,-1.3669884204864502,-0.03690570220351219,0.0281840693205595,1.4523823261260986,-0.10605105757713318,0.048924997448921204,-0.1014203429222107,0.49142876267433167,0.1507614105939865,0.08249778300523758,-1.6158804893493652,-0.08631228655576706,-1.5191338062286377,1.261528491973877,0.36784493923187256,0.11942214518785477,0.5779759883880615,-1.3431453704833984,-0.3129892349243164,1.2333769798278809,1.103268027305603,-0.3079814612865448,0.03459293395280838,0.9627957344055176
5.743736267089844,1.0995237827301025,0.6532178521156311,-0.012711949646472931,0.03737358748912811,-0.8403903245925903,0.5405420660972595,-1.4402821063995361,0.21248427033424377,-0.19590003788471222,1.5728752613067627,-0.20427854359149933,0.023155661299824715,-1.3957585096359253,-0.041018374264240265,0.02600986883044243,1.4772682189941406,-0.10020428150892258,0.0497073158621788,-0.10451404750347137,0.4940560758113861,0.1515110731124878,0.07360849529504776,-1.6189234256744385,-0.08561830967664719,-1.5218021869659424,1.2703485488891602,0.36813706159591675,0.1219872459769249,0.5798341631889343,-1.336614966392517,-0.3273513913154602,1.2243753671646118,1.1015236377716064,-0.3002905249595642,0.03034188598394394,0.9567832946777344
5.744204521179199,1.1020896434783936,0.6463248133659363,-0.014008858241140842,0.03580717369914055,-0.8420172929763794,0.5380786061286926,-1.455073356628418,0.20932012796401978,-0.19825799763202667,1.5871177911758423,-0.1998765468597412,0.02062975987792015,-1.4140241146087646,-0.04375549405813217,0.025959186255931854,1.4938290119171143,-0.09571529179811478,0.0501968115568161,-0.10703635960817337,0.49636197090148926,0.1502273976802826,0.06777304410934448,-1.6174088716506958,-0.08351902663707733,-1.5226287841796875,1.2763850688934326,0.3691678047180176,0.12455925345420837,0.5825765132904053,-1.3267651796340942,-0.3397001028060913,1.2155956029891968,1.100570797920227,-0.2948670983314514,0.026673058047890663,0.9518754482269287
5.744653701782227,1.104525089263916,0.6439732313156128,-0.015679290518164635,0.034231144934892654,-0.8436087369918823,0.5356367826461792,-1.457176923751831,0.20817439258098602,-0.19796550273895264,1.589667797088623,-0.19533146917819977,0.01886795647442341,-1.4188820123672485,-0.044908031821250916,0.026495328173041344,1.4976325035095215,-0.09064514935016632,0.04986786097288132,-0.10976524651050568,0.4985031485557556,0.1484982669353485,0.0636846199631691,-1.6165685653686523,-0.07866756618022919,-1.522397518157959,1.2778418064117432,0.3713068664073944,0.12725059688091278,0.5856656432151794,-1.3145687580108643,-0.3537921905517578,1.2079188823699951,1.0939029455184937,-0.29281991720199585,0.022272776812314987,0.9471573233604431
5.745075225830078,1.1073122024536133,0.6463549733161926,-0.018053339794278145,0.031885333359241486,-0.8450473546981812,0.5334345102310181,-1.4442451000213623,0.20870734751224518,-0.19363051652908325,1.5803440809249878,-0.19112657010555267,0.018805362284183502,-1.4081928730010986,-0.04431070387363434,0.027858100831508636,1.4884114265441895,-0.08599777519702911,0.049235399812459946,-0.11148680746555328,0.5007529258728027,0.14650200307369232,0.06314757466316223,-1.6078379154205322,-0.07211299985647202,-1.521884799003601,1.2703766822814941,0.37618857622146606,0.1299673318862915,0.5909854173660278,-1.2949433326721191,-0.3691197633743286,1.1991419792175293,1.0786278247833252,-0.29471781849861145,0.01688265986740589,0.9435278177261353
5.744934558868408,1.1095702648162842,0.6530392169952393,-0.02045576460659504,0.029369106516242027,-0.8462070226669312,0.531650960445404,-1.4192705154418945,0.2113972306251526,-0.18580055236816406,1.5606586933135986,-0.18757088482379913,0.019287357106804848,-1.385868787765503,-0.04143287613987923,0.030877750366926193,1.4681389331817627,-0.08124975115060806,0.047904230654239655,-0.11251921951770782,0.5019537210464478,0.14346089959144592,0.0647757425904274,-1.6013987064361572,-0.06702625006437302,-1.5209239721298218,1.2607618570327759,0.38250941038131714,0.1328466385602951,0.5950528979301453,-1.2758209705352783,-0.3852968215942383,1.1896334886550903,1.0660499334335327,-0.2991289496421814,0.01442517526447773,0.9426835775375366
5.744820594787598,1.1119375228881836,0.6634336709976196,-0.023522652685642242,0.026798607781529427,-0.8473196029663086,0.5298848748207092,-1.3834459781646729,0.2155713438987732,-0.1754770427942276,1.531083345413208,-0.1842072606086731,0.02033216878771782,-1.3517167568206787,-0.03699742257595062,0.03379017487168312,1.4360136985778809,-0.07567347586154938,0.04745647311210632,-0.11342354118824005,0.5032739639282227,0.1400761753320694,0.0651925653219223,-1.5989749431610107,-0.05847369134426117,-1.521916151046753,1.2469227313995361,0.3900223672389984,0.1350262612104416,0.5978632569313049,-1.2573156356811523,-0.4073740243911743,1.1817231178283691,1.0487223863601685,-0.3058052957057953,0.012002743780612946,0.9444767236709595
5.743899345397949,1.1133990287780762,0.6768621802330017,-0.02659408189356327,0.02427361160516739,-0.8484765887260437,0.5280067324638367,-1.3389606475830078,0.22066442668437958,-0.1629735231399536,1.494309425354004,-0.1817542463541031,0.02143947407603264,-1.3090846538543701,-0.031928516924381256,0.03763037919998169,1.3965175151824951,-0.0708327665925026,0.04742170870304108,-0.11389544606208801,0.5018481612205505,0.13644090294837952,0.06522998213768005,-1.598769187927246,-0.05413154512643814,-1.5234215259552002,1.237206220626831,0.39716774225234985,0.13678114116191864,0.5976524353027344,-1.2463598251342773,-0.4233327805995941,1.177201509475708,1.0397024154663086,-0.3130338490009308,0.013284350745379925,0.9507579803466797
5.742938041687012,1.1147735118865967,0.6938876509666443,-0.030148396268486977,0.02185078151524067,-0.8496359586715698,0.5260536074638367,-1.283843994140625,0.2256598025560379,-0.14797057211399078,1.4476768970489502,-0.17948196828365326,0.024797003716230392,-1.2543997764587402,-0.026374995708465576,0.04101276397705078,1.3457207679748535,-0.06649914383888245,0.04728439077734947,-0.11443883180618286,0.5000282526016235,0.1319931000471115,0.06616803258657455,-1.5975351333618164,-0.04984333738684654,-1.5243254899978638,1.2267911434173584,0.40366095304489136,0.13696785271167755,0.5965257287025452,-1.2450838088989258,-0.43402162194252014,1.1781868934631348,1.0287188291549683,-0.320604532957077,0.014689069241285324,0.960037350654602
5.741893768310547,1.1156363487243652,0.7146443724632263,-0.03388597071170807,0.01977953501045704,-0.8505502343177795,0.5244280099868774,-1.2182796001434326,0.23050695657730103,-0.13060413300991058,1.3893455266952515,-0.1759997308254242,0.02871822565793991,-1.1876451969146729,-0.021326515823602676,0.04371476173400879,1.2834320068359375,-0.0627291202545166,0.047977056354284286,-0.11483003199100494,0.49677103757858276,0.12842482328414917,0.07053101062774658,-1.5961809158325195,-0.04538198560476303,-1.5246877670288086,1.219488263130188,0.40942251682281494,0.13636982440948486,0.5924546718597412,-1.2505905628204346,-0.4394911825656891,1.1837687492370605,1.020254135131836,-0.328061580657959,0.01778971031308174,0.9724598526954651
5.741278648376465,1.1161324977874756,0.7392200827598572,-0.03800755739212036,0.017854945734143257,-0.8511087894439697,0.523307204246521,-1.1408967971801758,0.2334454357624054,-0.11118454486131668,1.3168548345565796,-0.16964955627918243,0.03418298438191414,-1.1078991889953613,-0.01740897074341774,0.04611528664827347,1.2072561979293823,-0.05797971040010452,0.05049538612365723,-0.11474943906068802,0.4936893880367279,0.12174510955810547,0.07954803109169006,-1.5970593690872192,-0.03597363084554672,-1.5240237712860107,1.2096829414367676,0.4133443534374237,0.1347315013408661,0.5860043168067932,-1.2618457078933716,-0.4439258873462677,1.1932871341705322,1.0057563781738281,-0.33482879400253296,0.020485997200012207,0.9880207180976868
5.740538597106934,1.1151314973831177,0.767117440700531,-0.04070083424448967,0.01681653968989849,-0.851502537727356,0.5224980115890503,-1.0554139614105225,0.2342655062675476,-0.09026364982128143,1.2299726009368896,-0.15984666347503662,0.03984515368938446,-1.0217597484588623,-0.015193026512861252,0.04969996213912964,1.1205999851226807,-0.05182253196835518,0.05483268201351166,-0.11732431501150131,0.48496657609939575,0.1115841194987297,0.09581157565116882,-1.5917117595672607,-0.02662048116326332,-1.5191423892974854,1.2014399766921997,0.4149872660636902,0.1333027482032776,0.5770473480224609,-1.269266128540039,-0.4432447552680969,1.2019908428192139,0.990959644317627,-0.34023982286453247,0.024686425924301147,1.0055785179138184
5.739866256713867,1.1131305694580078,0.7968177795410156,-0.04199376329779625,0.015983805060386658,-0.8515820503234863,0.5222921371459961,-0.9637155532836914,0.23142558336257935,-0.06830430030822754,1.1299176216125488,-0.1458059400320053,0.04627402499318123,-0.9316805601119995,-0.015869148075580597,0.05467778816819191,1.0247716903686523,-0.04296743497252464,0.06083138287067413,-0.12406516075134277,0.4703797698020935,0.1005655825138092,0.12004032731056213,-1.5800402164459229,-0.010591280646622181,-1.5126800537109375,1.192763328552246,0.4168027341365814,0.13218653202056885,0.5639572143554688,-1.26739501953125,-0.44932109117507935,1.2097755670547485,0.9656984806060791,-0.34682613611221313,0.027102217078208923,1.0255993604660034
5.739527225494385,1.1099567413330078,0.8273516893386841,-0.042597901076078415,0.01524889376014471,-0.8511671423912048,0.5229411125183105,-0.8660701513290405,0.22456377744674683,-0.04612834006547928,1.018020749092102,-0.12761622667312622,0.05417800694704056,-0.8370645642280579,-0.019454926252365112,0.059818822890520096,0.9189212918281555,-0.02993854135274887,0.06866004317998886,-0.1326422095298767,0.4516589045524597,0.09168470650911331,0.15474173426628113,-1.5621471405029297,0.010352512821555138,-1.5049439668655396,1.173647165298462,0.4197966456413269,0.13079215586185455,0.5468358993530273,-1.2505931854248047,-0.4706926941871643,1.209887981414795,0.9233462810516357,-0.35405775904655457,0.02789296954870224,1.0480538606643677
5.739007472991943,1.1054093837738037,0.8559094071388245,-0.04283919185400009,0.013797407038509846,-0.850695013999939,0.5237294435501099,-0.7674465775489807,0.21343718469142914,-0.024754401296377182,0.9038869738578796,-0.10775431990623474,0.06204105168581009,-0.7434554100036621,-0.026118626818060875,0.06607971340417862,0.8132219910621643,-0.01547799538820982,0.07734504342079163,-0.14094871282577515,0.4296519160270691,0.07960639894008636,0.19475167989730835,-1.53971529006958,0.031538575887680054,-1.4961278438568115,1.1410616636276245,0.4243042469024658,0.12857498228549957,0.5272883772850037,-1.2246952056884766,-0.5012421011924744,1.2035874128341675,0.8707864284515381,-0.3635227680206299,0.030974876135587692,1.074157953262329
5.737729549407959,1.0991162061691284,0.8805268406867981,-0.042481161653995514,0.012281333096325397,-0.8504278659820557,0.524229884147644,-0.6754323840141296,0.20031476020812988,-0.005392657592892647,0.7973807454109192,-0.08907999098300934,0.06823565065860748,-0.6553657054901123,-0.034385956823825836,0.07272163033485413,0.7128751277923584,-0.0014836132759228349,0.08558636903762817,-0.1472436785697937,0.4067963659763336,0.06738482415676117,0.2374146580696106,-1.5156588554382324,0.048706769943237305,-1.4831411838531494,1.1021546125411987,0.4276304244995117,0.1269000917673111,0.5076489448547363,-1.199993371963501,-0.5295916795730591,1.19777512550354,0.8023154735565186,-0.3772106170654297,0.03356078267097473,1.1011860370635986
5.736606597900391,1.0924452543258667,0.8999285101890564,-0.04225696995854378,0.011022687889635563,-0.8500204682350159,0.5249361395835876,-0.5962411761283875,0.18723702430725098,0.011193715035915375,0.7080269455909729,-0.07466030865907669,0.07432407140731812,-0.5769490599632263,-0.043140895664691925,0.08085286617279053,0.6246269345283508,0.010374142788350582,0.09240776300430298,-0.1523997038602829,0.3861858546733856,0.058498430997133255,0.2788456678390503,-1.5000600814819336,0.06742708384990692,-1.4709510803222656,1.0587797164916992,0.4316418468952179,0.12640276551246643,0.48748740553855896,-1.1774101257324219,-0.5700458884239197,1.1886863708496094,0.722478985786438,-0.3915347456932068,0.036826878786087036,1.1277827024459839
5.734871864318848,1.0843628644943237,0.9157869219779968,-0.04155595600605011,0.010358951054513454,-0.8496601581573486,0.5255886912345886,-0.5266257524490356,0.1753683239221573,0.02650991827249527,0.6298551559448242,-0.0642475113272667,0.07818768173456192,-0.5070824027061462,-0.05236142873764038,0.08780978620052338,0.5459305644035339,0.019498998299241066,0.09797286242246628,-0.15791289508342743,0.362842321395874,0.05249893665313721,0.3175390660762787,-1.4795979261398315,0.07417992502450943,-1.460653305053711,1.0110985040664673,0.4358288049697876,0.1243172138929367,0.46817493438720703,-1.1525839567184448,-0.6049319505691528,1.1779382228851318,0.6415560245513916,-0.40599673986434937,0.04120447486639023,1.1536388397216797
5.732249736785889,1.0754077434539795,0.9278905987739563,-0.04103592038154602,0.01016257144510746,-0.8486010432243347,0.5273414254188538,-0.46888482570648193,0.1659191995859146,0.040448665618896484,0.5683714151382446,-0.05856017768383026,0.08186903595924377,-0.44743582606315613,-0.06055536866188049,0.09421700239181519,0.48049694299697876,0.025878969579935074,0.10216304659843445,-0.1614629328250885,0.34073972702026367,0.04961078613996506,0.3476772904396057,-1.4644618034362793,0.07211378216743469,-1.4582271575927734,0.971789538860321,0.4408036470413208,0.12020512670278549,0.4453648328781128,-1.1298518180847168,-0.6342803835868835,1.1738770008087158,0.5739359259605408,-0.42379945516586304,0.048597633838653564,1.184737205505371
5.729532241821289,1.0667375326156616,0.9378126263618469,-0.04052884504199028,0.010453171096742153,-0.8462510108947754,0.5311378240585327,-0.4187358021736145,0.1575460582971573,0.05439121276140213,0.5122028589248657,-0.052835144102573395,0.08396109193563461,-0.40017879009246826,-0.06757868081331253,0.09877686202526093,0.42858853936195374,0.029957422986626625,0.10340742766857147,-0.1693233847618103,0.32149097323417664,0.05130365863442421,0.3811004161834717,-1.4479506015777588,0.0613974928855896,-1.449941873550415,0.9418529272079468,0.4433373808860779,0.11934509873390198,0.4283137023448944,-1.0930155515670776,-0.651151716709137,1.1519056558609009,0.5207386612892151,-0.43583598732948303,0.0554480254650116,1.2033803462982178
5.7262372970581055,1.0576798915863037,0.9457141757011414,-0.039817288517951965,0.011206373572349548,-0.8428553938865662,0.5365480184555054,-0.3766637146472931,0.15117761492729187,0.06761042773723602,0.46238523721694946,-0.04674820601940155,0.08271326124668121,-0.36213719844818115,-0.07352646440267563,0.09936241805553436,0.38761571049690247,0.03209608048200607,0.10113562643527985,-0.17966820299625397,0.30344292521476746,0.05276256054639816,0.4150311350822449,-1.430416226387024,0.03894166648387909,-1.443042516708374,0.920050323009491,0.4433797001838684,0.11743764579296112,0.414436012506485,-1.0538139343261719,-0.656931459903717,1.1203612089157104,0.48486101627349854,-0.4439217150211334,0.06390257924795151,1.2158000469207764
5.722743988037109,1.0483484268188477,0.9518581032752991,-0.03887670859694481,0.012629256583750248,-0.8385327458381653,0.5433156490325928,-0.34347325563430786,0.14694949984550476,0.07999500632286072,0.4201962351799011,-0.041027460247278214,0.08206649124622345,-0.33105096220970154,-0.07759134471416473,0.09612724184989929,0.3526233434677124,0.033695269376039505,0.096044160425663,-0.19387862086296082,0.2872993052005768,0.05574192479252815,0.44809389114379883,-1.422163724899292,0.012546883895993233,-1.4373276233673096,0.9079928398132324,0.4401770234107971,0.1161954402923584,0.4017941355705261,-1.0220156908035278,-0.6601680517196655,1.0967726707458496,0.4356083273887634,-0.4522014856338501,0.0664205551147461,1.2260781526565552
5.719255447387695,1.0397597551345825,0.9566003680229187,-0.03822433203458786,0.013514918275177479,-0.8328783512115479,0.5519691705703735,-0.31534343957901,0.14311246573925018,0.09108889102935791,0.38272595405578613,-0.03419036418199539,0.08040133118629456,-0.3066866993904114,-0.08034330606460571,0.09029234945774078,0.32585516571998596,0.03492334485054016,0.08926542103290558,-0.20828038454055786,0.27220064401626587,0.06055660545825958,0.4808679223060608,-1.4186761379241943,-0.01346416026353836,-1.4294072389602661,0.9099792838096619,0.4346226751804352,0.11733740568161011,0.39081618189811707,-0.9969114065170288,-0.6649438142776489,1.0729382038116455,0.3887397348880768,-0.4573245644569397,0.06882429867982864,1.2349176406860352
5.715566158294678,1.0316568613052368,0.9604318141937256,-0.03771340847015381,0.01400002557784319,-0.8257519602775574,0.5625970363616943,-0.2903764545917511,0.1396068036556244,0.10087132453918457,0.3481825590133667,-0.026890400797128677,0.07866427302360535,-0.2879132032394409,-0.08212703466415405,0.08368752151727676,0.3050217628479004,0.03640562295913696,0.084292933344841,-0.22400173544883728,0.2574823498725891,0.06741385906934738,0.5097872018814087,-1.4183019399642944,-0.03912458196282387,-1.4233624935150146,0.9196173548698425,0.42734473943710327,0.11690773814916611,0.37978115677833557,-0.9799292087554932,-0.6766958236694336,1.053730845451355,0.3560076951980591,-0.45953819155693054,0.07383326441049576,1.2477056980133057
5.7115631103515625,1.0235850811004639,0.9635888338088989,-0.03700806200504303,0.01562676392495632,-0.817727267742157,0.5742023587226868,-0.2717035412788391,0.13895992934703827,0.11054360866546631,0.319675087928772,-0.020994825288653374,0.07807102054357529,-0.2751035690307617,-0.08065333962440491,0.07606510818004608,0.2883998453617096,0.03749842569231987,0.077475905418396,-0.2501175105571747,0.2412469983100891,0.08410663902759552,0.5346389412879944,-1.4175167083740234,-0.055975474417209625,-1.4075524806976318,0.9318938255310059,0.4129456579685211,0.11944280564785004,0.3757573664188385,-0.9784770011901855,-0.6687002182006836,1.0482873916625977,0.33098340034484863,-0.4594516158103943,0.0752658098936081,1.2541005611419678
5.7080230712890625,1.0162867307662964,0.9657871127128601,-0.036676302552223206,0.016921386122703552,-0.8094797730445862,0.585756778717041,-0.25852712988853455,0.13889850676059723,0.12001535296440125,0.2981951832771301,-0.015940630808472633,0.07704280316829681,-0.2674274444580078,-0.0773792490363121,0.06735079735517502,0.27714046835899353,0.03924669697880745,0.06875639408826828,-0.2725139558315277,0.22903552651405334,0.09611746668815613,0.5562264919281006,-1.4107238054275513,-0.06692855805158615,-1.3868528604507446,0.9386486411094666,0.3983761668205261,0.12398634850978851,0.3780229687690735,-0.9781748056411743,-0.6562851667404175,1.040300965309143,0.31862691044807434,-0.4560297131538391,0.07864698022603989,1.2545397281646729
5.704735279083252,1.0099586248397827,0.9673911333084106,-0.03640221431851387,0.01784929633140564,-0.8020095229148865,0.595933735370636,-0.24827998876571655,0.13914847373962402,0.12766367197036743,0.28026679158210754,-0.010762646794319153,0.07487491518259048,-0.26241758465766907,-0.07365939021110535,0.05838875472545624,0.2685338258743286,0.04135676473379135,0.06048256531357765,-0.29177653789520264,0.21840238571166992,0.10487978905439377,0.5755675435066223,-1.4056333303451538,-0.07404805719852448,-1.3673028945922852,0.9457895755767822,0.3823731541633606,0.12921859323978424,0.380268394947052,-0.9893478155136108,-0.6337575316429138,1.0455318689346313,0.32547515630722046,-0.45079466700553894,0.08379921317100525,1.2567949295043945
5.70190954208374,1.0046392679214478,0.9686525464057922,-0.03626007214188576,0.018091782927513123,-0.7954458594322205,0.604668378829956,-0.23829691112041473,0.1386238932609558,0.1355842798948288,0.26346608996391296,-0.005753588397055864,0.0750470981001854,-0.25742292404174805,-0.07212290167808533,0.05020064115524292,0.26000237464904785,0.04423028975725174,0.0561036616563797,-0.309293270111084,0.2085113227367401,0.11442369222640991,0.5899170637130737,-1.4026538133621216,-0.07867573201656342,-1.3482245206832886,0.9535527229309082,0.3649187386035919,0.13222861289978027,0.3838823139667511,-0.9963416457176208,-0.6108818650245667,1.0515987873077393,0.3161982297897339,-0.4467175006866455,0.08332640677690506,1.2560560703277588
5.699645042419434,0.9999685287475586,0.9696601033210754,-0.03622153028845787,0.01864464208483696,-0.7902374267578125,0.6114450693130493,-0.2308112233877182,0.13947376608848572,0.1460321694612503,0.2505697011947632,-0.002406107261776924,0.07778169214725494,-0.2550829350948334,-0.07197753340005875,0.04148917645215988,0.25496459007263184,0.04678703844547272,0.053421858698129654,-0.32892727851867676,0.19872847199440002,0.12954500317573547,0.5989459156990051,-1.397681474685669,-0.08168372511863708,-1.3320077657699585,0.9571487903594971,0.3490440845489502,0.13341787457466125,0.38876375555992126,-0.997482180595398,-0.587527334690094,1.0582128763198853,0.30649787187576294,-0.44402778148651123,0.07990961521863937,1.252967357635498
5.698230743408203,0.9959609508514404,0.9703586101531982,-0.03623403608798981,0.019353576004505157,-0.7877734303474426,0.6145938038825989,-0.22611841559410095,0.14066803455352783,0.15641388297080994,0.24133706092834473,0.00013931430294178426,0.08118462562561035,-0.25396400690078735,-0.07323416322469711,0.033744193613529205,0.2513304054737091,0.04917232692241669,0.051366597414016724,-0.3452158570289612,0.19172903895378113,0.14492833614349365,0.606739342212677,-1.3948348760604858,-0.08363892138004303,-1.3164585828781128,0.9618909955024719,0.3334940969944,0.13368648290634155,0.39494362473487854,-0.9963617324829102,-0.5655175447463989,1.0628747940063477,0.29115912318229675,-0.44223660230636597,0.0749858170747757,1.2475287914276123
5.697464942932129,0.9924558401107788,0.9707163572311401,-0.03652920946478844,0.02031770348548889,-0.7879079580307007,0.6143727898597717,-0.22490361332893372,0.14332783222198486,0.16579484939575195,0.23718708753585815,0.0015111162792891264,0.08456870913505554,-0.2535187304019928,-0.07594986259937286,0.027136951684951782,0.2508552670478821,0.049801312386989594,0.04987848550081253,-0.35240015387535095,0.18854780495166779,0.15739169716835022,0.6090176105499268,-1.389275074005127,-0.08490979671478271,-1.3087031841278076,0.9636164903640747,0.32413366436958313,0.1314449906349182,0.39994293451309204,-0.9896543025970459,-0.557059645652771,1.064676284790039,0.2716892659664154,-0.44042229652404785,0.0695953369140625,1.2436816692352295
5.697187900543213,0.9896050691604614,0.9709782600402832,-0.036880820989608765,0.02145274169743061,-0.7902222871780396,0.6113333106040955,-0.2245427668094635,0.14678603410720825,0.17724189162254333,0.23375919461250305,0.0031647118739783764,0.08900108188390732,-0.25378549098968506,-0.08019763976335526,0.019056616351008415,0.25126954913139343,0.050841085612773895,0.04958903416991234,-0.35541942715644836,0.18918247520923615,0.16704747080802917,0.611258864402771,-1.3790535926818848,-0.08573586493730545,-1.3045512437820435,0.9482793807983398,0.31871554255485535,0.12804362177848816,0.4046347737312317,-0.9756141901016235,-0.5578435063362122,1.0630805492401123,0.2398262917995453,-0.4394867420196533,0.06232217699289322,1.2413119077682495
5.697183132171631,0.987351655960083,0.9707704782485962,-0.03696519136428833,0.02331940084695816,-0.7958292961120605,0.6039416790008545,-0.23056891560554504,0.1525362730026245,0.18789824843406677,0.23884037137031555,0.0024754288606345654,0.0952644795179367,-0.25462794303894043,-0.08485456556081772,0.010974684730172157,0.2540813982486725,0.04941760003566742,0.04815945401787758,-0.34889495372772217,0.19291812181472778,0.17447616159915924,0.6093183159828186,-1.3729948997497559,-0.08627280592918396,-1.3051621913909912,0.9313513040542603,0.315219521522522,0.12430331856012344,0.40895190834999084,-0.9640438556671143,-0.5632582306861877,1.063624620437622,0.21178285777568817,-0.4390675127506256,0.05629575997591019,1.2408208847045898
5.697658061981201,0.9855786561965942,0.9699241518974304,-0.03686375543475151,0.026016468182206154,-0.804860532283783,0.5917463302612305,-0.24462702870368958,0.1610291451215744,0.19919981062412262,0.2547765374183655,-0.0007656053639948368,0.1056639552116394,-0.25941234827041626,-0.08899344503879547,0.0025221980176866055,0.26409345865249634,0.04510891065001488,0.04490973800420761,-0.3358159065246582,0.20215022563934326,0.1780480146408081,0.6067192554473877,-1.3789525032043457,-0.08662182092666626,-1.3091707229614258,0.9236027002334595,0.31218308210372925,0.1212557852268219,0.4135463833808899,-0.9653893709182739,-0.5676459074020386,1.0684508085250854,0.19987697899341583,-0.43769100308418274,0.055201731622219086,1.2390964031219482
5.698508262634277,0.9846916198730469,0.9683849215507507,-0.03634794056415558,0.02890511229634285,-0.8173391819000244,0.574282169342041,-0.2641851305961609,0.17103832960128784,0.2087257206439972,0.2774001359939575,-0.005412603262811899,0.11508674919605255,-0.267331063747406,-0.09226679801940918,-0.006876198574900627,0.27877601981163025,0.03879518061876297,0.04078890010714531,-0.31723541021347046,0.21527215838432312,0.1797618567943573,0.6006593704223633,-1.3917994499206543,-0.086848683655262,-1.3181527853012085,0.9255928993225098,0.31173351407051086,0.11771737039089203,0.4182136654853821,-0.9767849445343018,-0.5679812431335449,1.0762109756469727,0.20105019211769104,-0.43365734815597534,0.056014854460954666,1.233359694480896
5.69989538192749,0.9849000573158264,0.9659873247146606,-0.03618890419602394,0.03262707218527794,-0.8313626050949097,0.5535901784896851,-0.29145491123199463,0.1844768077135086,0.21399487555027008,0.310739129781723,-0.012918869964778423,0.12571819126605988,-0.28542324900627136,-0.09239186346530914,-0.01472719106823206,0.30583876371383667,0.03099719062447548,0.03835355490446091,-0.29465627670288086,0.23396039009094238,0.1807907521724701,0.5904461145401001,-1.402614712715149,-0.08699613809585571,-1.3294847011566162,0.9275673031806946,0.31206583976745605,0.11501812934875488,0.4258091449737549,-0.996614933013916,-0.5504598021507263,1.089500904083252,0.2330610305070877,-0.4263637065887451,0.059456292539834976,1.2210100889205933
5.701828479766846,0.985801100730896,0.961868166923523,-0.03579205647110939,0.03957846388220787,-0.8457302451133728,0.5309357643127441,-0.3377532958984375,0.20552776753902435,0.20954060554504395,0.36897164583206177,-0.029213929548859596,0.13975106179714203,-0.3214123845100403,-0.08514343202114105,-0.018461152911186218,0.35316193103790283,0.018133191391825676,0.03564578294754028,-0.27667829394340515,0.25690820813179016,0.19014516472816467,0.5696232318878174,-1.4138939380645752,-0.08709198981523514,-1.345410943031311,0.9372157454490662,0.3143919110298157,0.11546789109706879,0.43596959114074707,-1.0373631715774536,-0.5139387249946594,1.1187467575073242,0.30789828300476074,-0.41491419076919556,0.06226278841495514,1.204506754875183
5.7049407958984375,0.9878430366516113,0.955273449420929,-0.03669881448149681,0.04734598845243454,-0.858660101890564,0.5090328454971313,-0.39659368991851807,0.22807276248931885,0.19399161636829376,0.44969990849494934,-0.055075839161872864,0.1582885980606079,-0.3830612897872925,-0.07251593470573425,-0.018541410565376282,0.43144160509109497,0.002355953911319375,0.03584861010313034,-0.2555603086948395,0.28655874729156494,0.1961391717195511,0.5434609651565552,-1.4307043552398682,-0.08715429157018661,-1.360398292541504,0.9506799578666687,0.3183979392051697,0.11608705669641495,0.45524129271507263,-1.0806106328964233,-0.48120149970054626,1.1441868543624878,0.3932670056819916,-0.40198275446891785,0.06256526708602905,1.1797374486923218
5.7083282470703125,0.9898824691772461,0.9461814761161804,-0.03827521204948425,0.0540023148059845,-0.8706037998199463,0.48751184344291687,-0.459048330783844,0.24787116050720215,0.17321988940238953,0.5399327874183655,-0.08662474900484085,0.17354752123355865,-0.4471372067928314,-0.05801662057638168,-0.022017426788806915,0.5033636093139648,0.03276096284389496,0.03471999242901802,-0.22983017563819885,0.3141216039657593,0.19541031122207642,0.5127055644989014,-1.4474908113479614,-0.0871947854757309,-1.3717325925827026,0.9762285947799683,0.32359620928764343,0.11661534011363983,0.47846323251724243,-1.126660704612732,-0.44814127683639526,1.163443684577942,0.5046043395996094,-0.38751286268234253,0.06630343198776245,1.1540558338165283
5.710554122924805,0.9924734234809875,0.9365863800048828,-0.040315449237823486,0.05687849596142769,-0.879851222038269,0.4701077938079834,-0.5098236799240112,0.25811123847961426,0.1525290310382843,0.6150825023651123,-0.11167971044778824,0.18157711625099182,-0.5010213851928711,-0.04666370153427124,-0.026127740740776062,0.5611697435379028,0.04779838025569916,0.03029804676771164,-0.1987055391073227,0.33392226696014404,0.19206929206848145,0.4799639582633972,-1.4498071670532227,-0.08722110837697983,-1.3746213912963867,1.0071938037872314,0.3271160423755646,0.11646910011768341,0.5032021403312683,-1.1625118255615234,-0.40679827332496643,1.1683859825134277,0.6293565630912781,-0.3706609010696411,0.07003284990787506,1.1268434524536133
5.711636543273926,0.995032548904419,0.9240168929100037,-0.041529715061187744,0.05880444496870041,-0.8884982466697693,0.4531976282596588,-0.568097710609436,0.2654898166656494,0.12668132781982422,0.7002726793289185,-0.13846798241138458,0.18397939205169678,-0.553661584854126,-0.03417443484067917,-0.025407016277313232,0.6214606761932373,-0.004854475613683462,0.02886367216706276,-0.16911977529525757,0.3507690131664276,0.17875587940216064,0.4304157793521881,-1.4629266262054443,-0.08723821491003036,-1.384512186050415,1.048334002494812,0.33174580335617065,0.11158240586519241,0.5237094759941101,-1.1982659101486206,-0.3710363507270813,1.17811119556427,0.7512171268463135,-0.3567396402359009,0.07112635672092438,1.1028368473052979
5.712305545806885,0.9975981712341309,0.9069958329200745,-0.042446963489055634,0.060643818229436874,-0.8970702290534973,0.4356439709663391,-0.6389132142066956,0.2714174687862396,0.09357882291078568,0.8020179271697998,-0.16920022666454315,0.1851266622543335,-0.6155416965484619,-0.01768520101904869,-0.019639471545815468,0.6979579329490662,-0.03139902651309967,0.027286343276500702,-0.1420629620552063,0.3687245845794678,0.16877388954162598,0.380751371383667,-1.4768764972686768,-0.08724933862686157,-1.399280071258545,1.083131194114685,0.3405075967311859,0.1083153560757637,0.5430176258087158,-1.2296342849731445,-0.3379032611846924,1.1858649253845215,0.8626737594604492,-0.34395843744277954,0.06988450139760971,1.0775846242904663
5.714194297790527,1.0010802745819092,0.8883787393569946,-0.043211907148361206,0.05960144102573395,-0.9046555161476135,0.41973650455474854,-0.7053056955337524,0.26812365651130676,0.06217320263385773,0.8964852094650269,-0.19528618454933167,0.18397963047027588,-0.6732481718063354,-0.004033410456031561,-0.01122116670012474,0.7692854404449463,-0.048363879323005676,0.026542389765381813,-0.11603282392024994,0.3913409113883972,0.15138836205005646,0.3383946716785431,-1.4864587783813477,-0.08725650608539581,-1.4138374328613281,1.1095126867294312,0.3533198833465576,0.10592399537563324,0.5629132986068726,-1.249021053314209,-0.3204316198825836,1.1873040199279785,0.9409451484680176,-0.3352806866168976,0.06696783751249313,1.0528484582901
5.717043876647949,1.005146861076355,0.8698603510856628,-0.04375029727816582,0.05695934593677521,-0.9112224578857422,0.40560469031333923,-0.7646863460540771,0.25934943556785583,0.03444793447852135,0.9787576198577881,-0.2146264910697937,0.18040990829467773,-0.7297826409339905,0.006495656445622444,-0.00318738492205739,0.8364542126655579,-0.058529894798994064,0.026966428384184837,-0.09390079230070114,0.41810429096221924,0.12924084067344666,0.3033198416233063,-1.503117561340332,-0.08712231367826462,-1.4298897981643677,1.1287336349487305,0.3671310842037201,0.10532444715499878,0.5783542394638062,-1.267313838005066,-0.3148729205131531,1.1894283294677734,0.9926076531410217,-0.33018940687179565,0.06560616195201874,1.0330339670181274
5.719634056091309,1.0089315176010132,0.8510599732398987,-0.041880808770656586,0.05521784722805023,-0.9172829985618591,0.39215919375419617,-0.8266422152519226,0.24824583530426025,0.0067390017211437225,1.055285930633545,-0.23029573261737823,0.1730307787656784,-0.7896773815155029,0.017274294048547745,0.004296880681067705,0.9038244485855103,-0.06933750212192535,0.027140870690345764,-0.07731033116579056,0.435092568397522,0.11394898593425751,0.27148059010505676,-1.5121214389801025,-0.08700651675462723,-1.4422907829284668,1.1549800634384155,0.3782883286476135,0.10571673512458801,0.5903382301330566,-1.2790765762329102,-0.3043103814125061,1.1926500797271729,1.0356714725494385,-0.3272067904472351,0.06379437446594238,1.0153074264526367
5.721499443054199,1.0120432376861572,0.8309503793716431,-0.03786193206906319,0.05487922206521034,-0.9230350852012634,0.3788943886756897,-0.895073413848877,0.23767714202404022,-0.020690038800239563,1.1326075792312622,-0.24488379061222076,0.16258512437343597,-0.8575868010520935,0.02885894849896431,0.008770001120865345,0.9764251708984375,-0.08157224208116531,0.025518406182527542,-0.0678362101316452,0.4449158310890198,0.1037781834602356,0.23900896310806274,-1.5177316665649414,-0.08709868788719177,-1.4513213634490967,1.1780015230178833,0.3862736225128174,0.10651074349880219,0.6005503535270691,-1.2899951934814453,-0.2840611934661865,1.1978073120117188,1.0758708715438843,-0.3238261938095093,0.06198311969637871,0.9974038600921631
5.723414897918701,1.0147994756698608,0.8085291385650635,-0.032745059579610825,0.055537451058626175,-0.927567720413208,0.3680509328842163,-0.9712165594100952,0.22748035192489624,-0.0478987991809845,1.2145241498947144,-0.2596514821052551,0.15102587640285492,-0.9344078302383423,0.041203513741493225,0.009114259853959084,1.0555651187896729,-0.09457782655954361,0.0225386805832386,-0.06414705514907837,0.4508008360862732,0.09662380814552307,0.20420776307582855,-1.5238621234893799,-0.08715863525867462,-1.4613856077194214,1.2007783651351929,0.3931494951248169,0.10819423198699951,0.6057263016700745,-1.304749608039856,-0.26090455055236816,1.2068074941635132,1.1111745834350586,-0.318989634513855,0.059729643166065216,0.9823172092437744
5.724734306335449,1.0168856382369995,0.7860429883003235,-0.027545519173145294,0.05664380267262459,-0.9311609268188477,0.3591267466545105,-1.0466049909591675,0.21575713157653809,-0.07418811321258545,1.2907365560531616,-0.2703550159931183,0.1379043459892273,-1.0105777978897095,0.05098510906100273,0.0074195414781570435,1.1299195289611816,-0.10354801267385483,0.02034187689423561,-0.06524329632520676,0.4532608985900879,0.09177635610103607,0.1705155074596405,-1.526651382446289,-0.08719760924577713,-1.466833233833313,1.2201850414276123,0.39513254165649414,0.10980457067489624,0.6089869141578674,-1.3169159889221191,-0.23585805296897888,1.2114393711090088,1.1474236249923706,-0.31099119782447815,0.056613169610500336,0.9679956436157227
5.7260236740112305,1.0190461874008179,0.7634227871894836,-0.022652581334114075,0.056950125843286514,-0.9347298741340637,0.3500337302684784,-1.1187975406646729,0.20302122831344604,-0.0962507426738739,1.3621563911437988,-0.2781927287578583,0.1251848340034485,-1.0885095596313477,0.05519132688641548,0.004142066463828087,1.2019433975219727,-0.10790186375379562,0.020524952560663223,-0.06819724291563034,0.4546889066696167,0.08759790658950806,0.138973668217659,-1.5292179584503174,-0.08722293376922607,-1.4739806652069092,1.2378116846084595,0.3973805904388428,0.11122237145900726,0.6112025380134583,-1.3294843435287476,-0.21450616419315338,1.217513084411621,1.1808135509490967,-0.3035237789154053,0.0537772998213768,0.9578126668930054
5.727204322814941,1.0216147899627686,0.7433898448944092,-0.018712298944592476,0.056932732462882996,-0.9392353892326355,0.33800211548805237,-1.1803996562957764,0.19280597567558289,-0.11429313570261002,1.4209115505218506,-0.2820199728012085,0.11275798082351685,-1.1581825017929077,0.05348746106028557,0.004020315129309893,1.2654664516448975,-0.10838539898395538,0.021143760532140732,-0.07376266270875931,0.45584550499916077,0.08270563185214996,0.11106328666210175,-1.5329704284667969,-0.08723939210176468,-1.477968454360962,1.2549128532409668,0.3953138589859009,0.11197809129953384,0.6106210947036743,-1.3486777544021606,-0.2033056616783142,1.2188152074813843,1.2097395658493042,-0.28969767689704895,0.05200674757361412,0.9537330269813538
5.728416919708252,1.0230293273925781,0.7227649688720703,-0.01366872526705265,0.0564098097383976,-0.9413653612136841,0.33235886693000793,-1.243060827255249,0.17867697775363922,-0.128879114985466,1.4815233945846558,-0.28751885890960693,0.10146334767341614,-1.2277066707611084,0.05331682413816452,-9.485683403909206e-05,1.3288218975067139,-0.11142772436141968,0.020642107352614403,-0.07531698793172836,0.4553210139274597,0.07900038361549377,0.08199553191661835,-1.53507399559021,-0.08725009113550186,-1.4852733612060547,1.2688992023468018,0.3951481878757477,0.11170908808708191,0.609096109867096,-1.3569399118423462,-0.1853138506412506,1.2278180122375488,1.2329356670379639,-0.2845374345779419,0.04933192580938339,0.949469804763794
5.729876518249512,1.0246171951293945,0.7037971615791321,-0.010496306233108044,0.05575085058808327,-0.9432339668273926,0.32724812626838684,-1.2975865602493286,0.1656741201877594,-0.14039209485054016,1.5353202819824219,-0.29170042276382446,0.09181295335292816,-1.2874228954315186,0.049592748284339905,-0.004615250043570995,1.3834166526794434,-0.11311914026737213,0.020509330555796623,-0.07685911655426025,0.4553258419036865,0.07590724527835846,0.05763998255133629,-1.5372719764709473,-0.08725690096616745,-1.4923150539398193,1.281481146812439,0.3959377110004425,0.11241889744997025,0.6056016683578491,-1.3637032508850098,-0.17061372101306915,1.2366466522216797,1.251313328742981,-0.2817726731300354,0.045935552567243576,0.9480988383293152
5.731204032897949,1.0264599323272705,0.6877953410148621,-0.00919618271291256,0.05469774082303047,-0.945146381855011,0.32190367579460144,-1.3410532474517822,0.15450763702392578,-0.14743714034557343,1.5777541399002075,-0.29254281520843506,0.08501946926116943,-1.3353140354156494,0.043901681900024414,-0.008627127856016159,1.4263103008270264,-0.11179465055465698,0.019938670098781586,-0.07857170701026917,0.45552101731300354,0.07189508527517319,0.037505123764276505,-1.5358004570007324,-0.08726128935813904,-1.4978785514831543,1.292784333229065,0.398373007774353,0.11348669230937958,0.6013028025627136,-1.369863510131836,-0.15712065994739532,1.2436420917510986,1.2641828060150146,-0.27960291504859924,0.042834918946027756,0.9494587182998657
5.731637477874756,1.0278816223144531,0.6750214099884033,-0.009036730043590069,0.05382567271590233,-0.9470492601394653,0.31641560792922974,-1.373271107673645,0.14503644406795502,-0.15368852019309998,1.6122474670410156,-0.2939082086086273,0.07794958353042603,-1.3711650371551514,0.03927401080727577,-0.011852458119392395,1.458855390548706,-0.10944462567567825,0.020514965057373047,-0.08047254383563995,0.4549952745437622,0.0689743384718895,0.02326779253780842,-1.5303959846496582,-0.08726328611373901,-1.5032814741134644,1.300681471824646,0.4018857479095459,0.1148090586066246,0.5974783897399902,-1.3748486042022705,-0.14388561248779297,1.2524685859680176,1.2765822410583496,-0.28043386340141296,0.04052715748548508,0.9525347948074341
5.731820106506348,1.0291308164596558,0.6661279201507568,-0.008216810412704945,0.05323879420757294,-0.948882520198822,0.31099846959114075,-1.3955304622650146,0.1377166509628296,-0.15748074650764465,1.6381490230560303,-0.2964918911457062,0.06977581977844238,-1.39552903175354,0.03484676405787468,-0.01421293243765831,1.4821592569351196,-0.10924680531024933,0.022207878530025482,-0.081745944917202,0.453908234834671,0.0665423572063446,0.012764273211359978,-1.5231223106384277,-0.08726152777671814,-1.5082895755767822,1.3086752891540527,0.40684962272644043,0.11598441004753113,0.5943746566772461,-1.3766852617263794,-0.13291777670383453,1.2610042095184326,1.2880730628967285,-0.2831449806690216,0.038687318563461304,0.9553583860397339
5.732431888580322,1.0307199954986572,0.6609141230583191,-0.008875073865056038,0.05262124910950661,-0.9505239129066467,0.30603358149528503,-1.4063273668289185,0.1334918886423111,-0.15861603617668152,1.6531143188476562,-0.29741907119750977,0.06189149245619774,-1.4077144861221313,0.030285244807600975,-0.015605663880705833,1.4938771724700928,-0.10733392834663391,0.025106195360422134,-0.08216345310211182,0.45344388484954834,0.06277671456336975,0.006620891857892275,-1.5157558917999268,-0.08721426129341125,-1.510756492614746,1.3174471855163574,0.4106947183609009,0.11695520579814911,0.5903432369232178,-1.3766639232635498,-0.12658323347568512,1.2660648822784424,1.2978336811065674,-0.28546133637428284,0.0371401309967041,0.960275411605835
5.733579635620117,1.0328609943389893,0.6594099402427673,-0.010584305040538311,0.05172520875930786,-0.9522876143455505,0.30060070753097534,-1.4061907529830933,0.13136190176010132,-0.15632890164852142,1.6562319993972778,-0.29589512944221497,0.05564536899328232,-1.4082772731781006,0.025353429839015007,-0.016578497365117073,1.4941809177398682,-0.10387500375509262,0.028211209923028946,-0.08081534504890442,0.45402956008911133,0.05646958574652672,0.004021067172288895,-1.5069149732589722,-0.08713818341493607,-1.511354923248291,1.323462963104248,0.4141201674938202,0.11757570505142212,0.5871604681015015,-1.3763175010681152,-0.12287545204162598,1.268331527709961,1.3042736053466797,-0.2880115509033203,0.03597286716103554,0.9667121171951294
5.7348175048828125,1.0350358486175537,0.661293625831604,-0.013129129074513912,0.05074632912874222,-0.9541890621185303,0.29457709193229675,-1.3964006900787354,0.13204273581504822,-0.15172339975833893,1.6487295627593994,-0.2918185293674469,0.0494445338845253,-1.3979694843292236,0.02090132236480713,-0.01643241196870804,1.4826406240463257,-0.09758379310369492,0.031459927558898926,-0.07966103404760361,0.4550166428089142,0.04857731610536575,0.004345116205513477,-1.500474214553833,-0.08697997033596039,-1.5098881721496582,1.3290305137634277,0.4172207713127136,0.11831778287887573,0.5855066776275635,-1.375415563583374,-0.12379322201013565,1.2682380676269531,1.3063887357711792,-0.2901778221130371,0.034633416682481766,0.9722022414207458
5.736198425292969,1.0375365018844604,0.6660603880882263,-0.016289381310343742,0.04935698211193085,-0.9560558199882507,0.2885408103466034,-1.3782161474227905,0.1350151002407074,-0.14399443566799164,1.6316008567810059,-0.2856568694114685,0.04469070956110954,-1.3775051832199097,0.01682685874402523,-0.014420831575989723,1.460818886756897,-0.08958181738853455,0.034897398203611374,-0.07788477092981339,0.4564914107322693,0.03803358972072601,0.005607643164694309,-1.4960699081420898,-0.08678998798131943,-1.506821870803833,1.3328628540039062,0.4192812442779541,0.11831691861152649,0.5859872102737427,-1.376709222793579,-0.12862294912338257,1.2660527229309082,1.3057332038879395,-0.29156601428985596,0.03417402505874634,0.9774763584136963
5.737980842590332,1.040330410003662,0.6734627485275269,-0.019656751304864883,0.047735683619976044,-0.9576793313026428,0.28317004442214966,-1.3526045083999634,0.13914541900157928,-0.13291725516319275,1.6066808700561523,-0.27865153551101685,0.042994335293769836,-1.349404215812683,0.014738786965608597,-0.010416124947369099,1.430525541305542,-0.08055811375379562,0.03771242871880531,-0.07695187628269196,0.4592931866645813,0.02603365108370781,0.009311530739068985,-1.4943962097167969,-0.08656194061040878,-1.5024844408035278,1.3349934816360474,0.420928418636322,0.11822628974914551,0.5892632603645325,-1.3792437314987183,-0.13691666722297668,1.263542652130127,1.2998672723770142,-0.29306572675704956,0.03387773409485817,0.9818807244300842
5.740000247955322,1.0432075262069702,0.6838480830192566,-0.023357896134257317,0.045480452477931976,-0.9589203596115112,0.2790299355983734,-1.3177580833435059,0.14269964396953583,-0.11816388368606567,1.572309970855713,-0.27074646949768066,0.04471276327967644,-1.3107669353485107,0.013248850591480732,-0.005013937130570412,1.3902502059936523,-0.07150851935148239,0.041059426963329315,-0.0749598816037178,0.4623822867870331,0.012532966211438179,0.015313460491597652,-1.4944552183151245,-0.08469066768884659,-1.498840570449829,1.3326151371002197,0.42307645082473755,0.11763612926006317,0.5932531952857971,-1.3815628290176392,-0.14715391397476196,1.261865496635437,1.2927308082580566,-0.2959979474544525,0.03506291285157204,0.9875856637954712
5.742083549499512,1.0458252429962158,0.697413444519043,-0.027291111648082733,0.04327354207634926,-0.9598444700241089,0.27582812309265137,-1.2741905450820923,0.1463508903980255,-0.1010989397764206,1.5274648666381836,-0.26116490364074707,0.04846929758787155,-1.2607593536376953,0.011895460076630116,0.00017689727246761322,1.3399009704589844,-0.06319989264011383,0.044799838215112686,-0.07214631885290146,0.4652804136276245,0.0001965416595339775,0.022659966722130775,-1.4948444366455078,-0.07978573441505432,-1.4961521625518799,1.3253504037857056,0.4262649416923523,0.11653956770896912,0.5968967080116272,-1.383337140083313,-0.15940801799297333,1.261037826538086,1.2840898036956787,-0.3003559708595276,0.03679085895419121,0.9939827919006348
5.744168758392334,1.048121690750122,0.7146925330162048,-0.03132639825344086,0.04087987169623375,-0.9604546427726746,0.2736318111419678,-1.220199465751648,0.14883193373680115,-0.08160510659217834,1.4690766334533691,-0.24847331643104553,0.054232191294431686,-1.1980810165405273,0.00979643501341343,0.005987918004393578,1.276172161102295,-0.054056208580732346,0.04983782768249512,-0.06800682842731476,0.4682089686393738,-0.013102300465106964,0.03193250671029091,-1.491620421409607,-0.07040265947580338,-1.493255615234375,1.3122954368591309,0.4299986958503723,0.11477821320295334,0.5995759963989258,-1.3819693326950073,-0.17373688519001007,1.258955478668213,1.2741960287094116,-0.30487608909606934,0.03866969048976898,1.0012078285217285
5.745882987976074,1.0496759414672852,0.7352203726768494,-0.035496100783348083,0.038852863013744354,-0.9611088037490845,0.2711094915866852,-1.1565475463867188,0.1511632800102234,-0.06125640869140625,1.399370789527893,-0.2338012307882309,0.06081143021583557,-1.1244443655014038,0.007110021077096462,0.011937350034713745,1.2025022506713867,-0.04518301039934158,0.05480425804853439,-0.06571059674024582,0.4700269401073456,-0.02586701512336731,0.04387572780251503,-1.4849544763565063,-0.06027095392346382,-1.4856340885162354,1.2957987785339355,0.43305158615112305,0.11342699825763702,0.6024689078330994,-1.3782398700714111,-0.18593640625476837,1.2549045085906982,1.260075330734253,-0.30932164192199707,0.04044511541724205,1.006771445274353
5.747041702270508,1.0502445697784424,0.75844806432724,-0.039486490190029144,0.03741266205906868,-0.9618613719940186,0.2680741846561432,-1.0845904350280762,0.1528611183166504,-0.041890427470207214,1.3197630643844604,-0.2176932692527771,0.0676717460155487,-1.0421751737594604,0.003398515982553363,0.018868429586291313,1.1196242570877075,-0.035721294581890106,0.06146344542503357,-0.06353002786636353,0.4699179530143738,-0.03512461856007576,0.061953701078891754,-1.4781789779663086,-0.048622552305459976,-1.4790940284729004,1.279629111289978,0.4363735616207123,0.11283273994922638,0.6009318828582764,-1.3704291582107544,-0.19832664728164673,1.2507878541946411,1.245354175567627,-0.3145613968372345,0.04305721074342728,1.0146634578704834
5.7479729652404785,1.049849033355713,0.7837894558906555,-0.042240891605615616,0.03662154823541641,-0.9626140594482422,0.2650446593761444,-1.0073744058609009,0.15352320671081543,-0.022730274125933647,1.2296501398086548,-0.19872911274433136,0.07434437423944473,-0.9545328617095947,-0.003001656848937273,0.02682667225599289,1.0262627601623535,-0.023155421018600464,0.07057870179414749,-0.060811400413513184,0.4665994644165039,-0.041914891451597214,0.08769948780536652,-1.4722471237182617,-0.03192874416708946,-1.4716646671295166,1.260995626449585,0.43818598985671997,0.11262442916631699,0.5950164794921875,-1.3586883544921875,-0.2158956229686737,1.243703842163086,1.22624933719635,-0.31942611932754517,0.04581368714570999,1.0244336128234863
5.748210906982422,1.0488128662109375,0.8097083568572998,-0.043870095163583755,0.03609570860862732,-0.9632948637008667,0.2623652219772339,-0.9274600148200989,0.15284425020217896,-0.003900272771716118,1.133042812347412,-0.17792823910713196,0.08052485436201096,-0.8614087700843811,-0.012680081650614738,0.0354265421628952,0.9243131875991821,-0.009159494191408157,0.07994633913040161,-0.05616680905222893,0.45781075954437256,-0.0453190915286541,0.11963522434234619,-1.4610860347747803,-0.013929094187915325,-1.4633374214172363,1.2375891208648682,0.43918517231941223,0.11268004029989243,0.5853862762451172,-1.3382365703582764,-0.2369479537010193,1.2319279909133911,1.2030816078186035,-0.3245483636856079,0.049316294491291046,1.0360488891601562
5.748280048370361,1.0477560758590698,0.8354784250259399,-0.0448276586830616,0.03563248738646507,-0.9640568494796753,0.2594517767429352,-0.8451216816902161,0.15126699209213257,0.014429880306124687,1.0297584533691406,-0.15400995314121246,0.08601412922143936,-0.7635111212730408,-0.025020480155944824,0.04398418217897415,0.8141270875930786,0.007261089980602264,0.0897427499294281,-0.051712486892938614,0.4456828832626343,-0.04953962564468384,0.15915971994400024,-1.448425054550171,0.009837052784860134,-1.4574205875396729,1.2008473873138428,0.4426411986351013,0.11225800216197968,0.571198046207428,-1.3079609870910645,-0.2670098841190338,1.216956615447998,1.1661449670791626,-0.3316534161567688,0.052367180585861206,1.0495623350143433
5.746799945831299,1.0459243059158325,0.8589020371437073,-0.04500231146812439,0.036251068115234375,-0.9651059508323669,0.255403995513916,-0.7672407031059265,0.1516071856021881,0.030922623351216316,0.9329590797424316,-0.13276994228363037,0.09016405045986176,-0.6698829531669617,-0.03723092004656792,0.05117298662662506,0.7102531790733337,0.020587094128131866,0.09680306166410446,-0.04844383895397186,0.4286438226699829,-0.05063914507627487,0.19843176007270813,-1.437185525894165,0.02865416929125786,-1.4529790878295898,1.1667571067810059,0.4473225474357605,0.11355163156986237,0.551861047744751,-1.2763768434524536,-0.29634416103363037,1.200687289237976,1.1291247606277466,-0.33985599875450134,0.0589003749191761,1.0659445524215698
5.744239807128906,1.0434815883636475,0.879890501499176,-0.04437307268381119,0.03791593015193939,-0.9663432836532593,0.25054752826690674,-0.6946128010749817,0.153450608253479,0.04577670991420746,0.8427919745445251,-0.11476067453622818,0.0924767404794693,-0.5837123990058899,-0.048745378851890564,0.055927082896232605,0.6146265268325806,0.031138943508267403,0.1013040542602539,-0.04637688398361206,0.40736234188079834,-0.04897509887814522,0.2360316514968872,-1.4209609031677246,0.04060308262705803,-1.4467689990997314,1.132716417312622,0.4510052800178528,0.11402365565299988,0.5328078866004944,-1.2442928552627563,-0.3186466097831726,1.1862545013427734,1.0837140083312988,-0.35023394227027893,0.06440053880214691,1.081496238708496
5.741230010986328,1.0411102771759033,0.8981897234916687,-0.04342598095536232,0.04016995429992676,-0.9676207900047302,0.24537861347198486,-0.6275122761726379,0.15709736943244934,0.05998033657670021,0.759635865688324,-0.09866984188556671,0.09205041825771332,-0.5044546723365784,-0.05954756587743759,0.05785344913601875,0.5284078121185303,0.0389072485268116,0.10276623070240021,-0.04284478724002838,0.38618597388267517,-0.04072028398513794,0.2720471918582916,-1.408793330192566,0.048989228904247284,-1.4405627250671387,1.1034349203109741,0.45265641808509827,0.11454905569553375,0.5118044018745422,-1.2173688411712646,-0.3392014503479004,1.1757960319519043,1.0284650325775146,-0.36306267976760864,0.0699523389339447,1.099898099899292
5.738156795501709,1.0389670133590698,0.9142833948135376,-0.04172493889927864,0.042294684797525406,-0.9690229892730713,0.23971784114837646,-0.5646778345108032,0.16020163893699646,0.07465614378452301,0.6788307428359985,-0.08205320686101913,0.08864221721887589,-0.4338594079017639,-0.07142676413059235,0.05757095292210579,0.4513530135154724,0.04444785416126251,0.10426879674196243,-0.03887827694416046,0.3631875216960907,-0.03473321348428726,0.3121185004711151,-1.3915650844573975,0.05066101253032684,-1.42734956741333,1.078682541847229,0.4493655264377594,0.11579836159944534,0.49369198083877563,-1.1900146007537842,-0.35183119773864746,1.1594760417938232,0.9804983139038086,-0.37196606397628784,0.07895664870738983,1.1176198720932007
5.736149787902832,1.0372533798217773,0.9283497929573059,-0.039760757237672806,0.04429689049720764,-0.9704284071922302,0.23393496870994568,-0.504993200302124,0.16254949569702148,0.09068882465362549,0.5999926328659058,-0.06465446949005127,0.08446750789880753,-0.37228018045425415,-0.08421283960342407,0.054459184408187866,0.3856262266635895,0.047790806740522385,0.10464328527450562,-0.03399588167667389,0.3403550088405609,-0.024721719324588776,0.358393132686615,-1.3825048208236694,0.05072476714849472,-1.4131473302841187,1.056862473487854,0.442663311958313,0.11852798610925674,0.47439783811569214,-1.1678375005722046,-0.3632054328918457,1.1413077116012573,0.9352049827575684,-0.37872743606567383,0.08914737403392792,1.1363645792007446
5.734399795532227,1.0353502035140991,0.9404858350753784,-0.037659063935279846,0.045897476375103,-0.9719250202178955,0.2276773303747177,-0.44773125648498535,0.16368098556995392,0.10909070074558258,0.5226070880889893,-0.04680401086807251,0.07815215736627579,-0.3185369372367859,-0.0971945971250534,0.04681426286697388,0.3277956247329712,0.05088985711336136,0.10249502956867218,-0.03197268396615982,0.3158118724822998,-0.015896959230303764,0.3989660441875458,-1.369994878768921,0.04909243434667587,-1.3918216228485107,1.034018874168396,0.42981261014938354,0.12071976065635681,0.4601958692073822,-1.140748143196106,-0.370021253824234,1.1158270835876465,0.8874861001968384,-0.38038715720176697,0.09734159708023071,1.1501435041427612
5.733820915222168,1.032831072807312,0.9501354098320007,-0.036192718893289566,0.04797065630555153,-0.9731046557426453,0.22238756716251373,-0.3974452614784241,0.16464193165302277,0.12770329415798187,0.45350581407546997,-0.029723508283495903,0.07267396152019501,-0.27453282475471497,-0.10718598961830139,0.0388670489192009,0.28093552589416504,0.054400719702243805,0.09817588329315186,-0.03721419721841812,0.29620853066444397,-0.004741075448691845,0.4402865171432495,-1.3650270700454712,0.0480925515294075,-1.3725440502166748,1.0100018978118896,0.41650617122650146,0.125322163105011,0.4457177519798279,-1.1063400506973267,-0.3908121585845947,1.0790445804595947,0.8312627077102661,-0.3774260878562927,0.10469746589660645,1.1612420082092285
5.733543872833252,1.0295782089233398,0.9576852321624756,-0.03520067408680916,0.04994506016373634,-0.9737862944602966,0.21910427510738373,-0.35356664657592773,0.16490438580513,0.14573028683662415,0.3932933211326599,-0.014700419269502163,0.06781215965747833,-0.23730535805225372,-0.11528249084949493,0.029413172975182533,0.2409941703081131,0.05815316364169121,0.09384644776582718,-0.04259585961699486,0.27734196186065674,0.005165250040590763,0.4800865948200226,-1.3589118719100952,0.044518303126096725,-1.351239562034607,0.9827226996421814,0.39892834424972534,0.130327969789505,0.435021311044693,-1.0748698711395264,-0.41274333000183105,1.0369094610214233,0.7687841653823853,-0.3706674575805664,0.111936055123806,1.1708457469940186
5.733371734619141,1.0265028476715088,0.9634631872177124,-0.03431614488363266,0.05111301690340042,-0.974382758140564,0.21630573272705078,-0.3152236342430115,0.16375109553337097,0.16277030110359192,0.3415004014968872,-0.001578040304593742,0.06364867091178894,-0.20486807823181152,-0.12334702908992767,0.01829080656170845,0.20763958990573883,0.08667648583650589,0.09001141786575317,-0.0421743281185627,0.25762704014778137,0.009361222386360168,0.5111510753631592,-1.357256531715393,0.04500516876578331,-1.325977087020874,0.9549400210380554,0.37574607133865356,0.13448220491409302,0.4297013282775879,-1.0549291372299194,-0.4283929467201233,1.0009498596191406,0.7043554782867432,-0.3630661070346832,0.11877259612083435,1.1789814233779907
5.733309745788574,1.023927927017212,0.9679160714149475,-0.03343635052442551,0.05200658738613129,-0.975586473941803,0.2107328474521637,-0.2818191647529602,0.16344627737998962,0.1804816722869873,0.2979735732078552,0.009078730829060078,0.05867239832878113,-0.17593154311180115,-0.13115015625953674,0.004204542841762304,0.18015944957733154,0.10569216310977936,0.08592163026332855,-0.03768961876630783,0.23463723063468933,0.01255711168050766,0.5290875434875488,-1.3475309610366821,0.041757307946681976,-1.3000383377075195,0.9354610443115234,0.3488103151321411,0.13529691100120544,0.42952466011047363,-1.0495755672454834,-0.4243541359901428,0.9815205335617065,0.6687318086624146,-0.3526947498321533,0.12769168615341187,1.1875839233398438
5.7338409423828125,1.020876407623291,0.9715616703033447,-0.03257930278778076,0.05420355126261711,-0.9776168465614319,0.2006634771823883,-0.25417450070381165,0.16603389382362366,0.19840499758720398,0.2633326053619385,0.016570501029491425,0.05656742304563522,-0.15140977501869202,-0.1365126669406891,-0.010423777624964714,0.15746784210205078,0.11896969377994537,0.08324502408504486,-0.03205167129635811,0.21164876222610474,0.01866554096341133,0.5376254916191101,-1.3403515815734863,0.03984459862112999,-1.272951364517212,0.9222608804702759,0.32101377844810486,0.13484472036361694,0.43207699060440063,-1.0572237968444824,-0.4117683172225952,0.9766538143157959,0.6454598903656006,-0.3427782952785492,0.1326027810573578,1.196581482887268
5.734057903289795,1.017090082168579,0.974625289440155,-0.031879864633083344,0.05669718608260155,-0.9800167083740234,0.18797969818115234,-0.22946420311927795,0.16920173168182373,0.2175266146659851,0.2344093918800354,0.021338174119591713,0.05618149787187576,-0.13147751986980438,-0.1401761770248413,-0.025395384058356285,0.1394122689962387,0.12714992463588715,0.08116768300533295,-0.027342423796653748,0.18678288161754608,0.023479774594306946,0.5393961071968079,-1.315189003944397,0.03405439481139183,-1.2375531196594238,0.9125138521194458,0.29211193323135376,0.13184703886508942,0.4418313503265381,-1.0559968948364258,-0.3795049786567688,0.9762300252914429,0.6358280181884766,-0.3327886164188385,0.13143816590309143,1.1980335712432861
5.734585762023926,1.0128028392791748,0.9770302772521973,-0.03218897432088852,0.05912601947784424,-0.9821529388427734,0.1756237894296646,-0.2075144350528717,0.17185965180397034,0.23537763953208923,0.2104942351579666,0.02515529841184616,0.05878659337759018,-0.11509394645690918,-0.14255565404891968,-0.04133663326501846,0.12641148269176483,0.13242527842521667,0.07873347401618958,-0.01735544204711914,0.16637854278087616,0.02784663625061512,0.5410048365592957,-1.2743204832077026,0.026235342025756836,-1.1991783380508423,0.8993122577667236,0.2667768597602844,0.127271369099617,0.45471781492233276,-1.0406773090362549,-0.34493017196655273,0.9761648774147034,0.6263794898986816,-0.3261328935623169,0.12613338232040405,1.1969069242477417
5.735337257385254,1.007925033569336,0.978754460811615,-0.033184848725795746,0.06163415685296059,-0.9844422936439514,0.16116254031658173,-0.19027023017406464,0.17455601692199707,0.2531222999095917,0.19425973296165466,0.026829322800040245,0.06396038085222244,-0.09978263080120087,-0.14353720843791962,-0.0589771494269371,0.11549460142850876,0.13412249088287354,0.07541763782501221,-0.004715954419225454,0.1503068208694458,0.030736837536096573,0.5392283201217651,-1.2164510488510132,0.01885553076863289,-1.1581337451934814,0.8748728632926941,0.24623757600784302,0.11870969831943512,0.4708406925201416,-1.0129295587539673,-0.3098910450935364,0.9764457941055298,0.6111122369766235,-0.3230920135974884,0.11657895147800446,1.1926649808883667
5.73526668548584,1.0018236637115479,0.9800972938537598,-0.033790238201618195,0.06465494632720947,-0.9871819615364075,0.1419500708580017,-0.17793524265289307,0.17774459719657898,0.2726196348667145,0.18527767062187195,0.025648541748523712,0.0733991414308548,-0.08846475929021835,-0.14241333305835724,-0.07703901827335358,0.10860089957714081,0.13221004605293274,0.07286270707845688,0.0021652497816830873,0.13762812316417694,0.03636447340250015,0.5314714908599854,-1.1456546783447266,0.00914159044623375,-1.1209884881973267,0.8504990339279175,0.23250940442085266,0.10888353735208511,0.4863918125629425,-0.9741184711456299,-0.27399975061416626,0.9803465604782104,0.5966595411300659,-0.32400500774383545,0.10490909218788147,1.1870489120483398
5.735655784606934,0.9948123693466187,0.9812204241752625,-0.0349632129073143,0.06832247227430344,-0.9896190166473389,0.12150628864765167,-0.16796913743019104,0.18200084567070007,0.2915686070919037,0.180450901389122,0.023164130747318268,0.08444370329380035,-0.07858982682228088,-0.13934490084648132,-0.09350629895925522,0.10160057991743088,0.1315658837556839,0.07559424638748169,0.012246726080775261,0.12771104276180267,0.0467950738966465,0.5205117464065552,-1.051494836807251,0.007677195593714714,-1.0838043689727783,0.8288498520851135,0.2253185212612152,0.09914062172174454,0.49988284707069397,-0.908894419670105,-0.24858993291854858,0.9817962646484375,0.5889836549758911,-0.3269823491573334,0.08871021866798401,1.1839063167572021
5.733759880065918,0.9871312379837036,0.9825118184089661,-0.03524733707308769,0.07227923721075058,-0.9914646148681641,0.10262191295623779,-0.1582641303539276,0.1858922243118286,0.3091851770877838,0.17509187757968903,0.020032472908496857,0.09550778567790985,-0.06885050982236862,-0.1339670717716217,-0.11046221852302551,0.09458491206169128,0.12784206867218018,0.0783565565943718,0.020203329622745514,0.11395447701215744,0.059424273669719696,0.5012899041175842,-0.9453551769256592,-0.012740237638354301,-1.0578519105911255,0.8361347913742065,0.2189399152994156,0.09056145697832108,0.5102221965789795,-0.8300943970680237,-0.2091914564371109,0.9947602152824402,0.6055585145950317,-0.331259548664093,0.07236234843730927,1.1814160346984863
5.730513572692871,0.9810595512390137,0.9833386540412903,-0.03410090506076813,0.0760449767112732,-0.9929413795471191,0.08439049124717712,-0.1569349616765976,0.1916574090719223,0.32496410608291626,0.18203876912593842,0.010620015673339367,0.10563423484563828,-0.06554225832223892,-0.1268341839313507,-0.11737670004367828,0.0893755853176117,0.12527760863304138,0.08718457818031311,0.02212917059659958,0.09559640288352966,0.08448174595832825,0.47893503308296204,-0.8100743293762207,-0.021942906081676483,-1.0158429145812988,0.866194486618042,0.23201213777065277,0.07506006956100464,0.5054929256439209,-0.7077556848526001,-0.18943384289741516,0.9474259614944458,0.6753365993499756,-0.3341628313064575,0.041809745132923126,1.1873066425323486
5.725362777709961,0.975541353225708,0.9842169880867004,-0.03194248676300049,0.08001094311475754,-0.9942801594734192,0.06312620639801025,-0.15634183585643768,0.1975933313369751,0.3374485969543457,0.190475732088089,-6.919458974152803e-05,0.11328636109828949,-0.06363606452941895,-0.11992491781711578,-0.12385083734989166,0.08414433896541595,0.12347304821014404,0.09668686985969543,0.025042563676834106,0.0731603354215622,0.1015470027923584,0.44925564527511597,-0.6700103878974915,-0.034709133207798004,-0.960158109664917,0.9438462257385254,0.24287891387939453,0.05786725506186485,0.495037704706192,-0.5767478346824646,-0.164870023727417,0.8720594644546509,0.8045247793197632,-0.32865017652511597,0.014703395776450634,1.1938984394073486
5.71870231628418,0.971054196357727,0.9847881197929382,-0.029027165845036507,0.08335696905851364,-0.9953305721282959,0.03906404599547386,-0.15813100337982178,0.20138970017433167,0.34356170892715454,0.20173898339271545,-0.012026580981910229,0.11832292377948761,-0.06571519374847412,-0.11548396199941635,-0.12930770218372345,0.08811315894126892,0.1177380308508873,0.10357002913951874,0.03387977182865143,0.0542081817984581,0.1100090742111206,0.41457292437553406,-0.5417633056640625,-0.05254785716533661,-0.9196209907531738,1.0376856327056885,0.25467783212661743,0.04091612994670868,0.4715791344642639,-0.4607366621494293,-0.12297847121953964,0.7968639135360718,0.9747897386550903,-0.3194429874420166,-0.0009723575785756111,1.2067208290100098
5.714313507080078,0.9664287567138672,0.984381914138794,-0.026714948937296867,0.08485201746225357,-0.9959297180175781,0.014504818245768547,-0.1649518609046936,0.20218795537948608,0.3458678424358368,0.21970811486244202,-0.024456260725855827,0.12054911255836487,-0.07007192075252533,-0.11719765514135361,-0.13489341735839844,0.09606022387742996,0.11172360181808472,0.10813847184181213,0.052362967282533646,0.04792902618646622,0.11856076121330261,0.3811069130897522,-0.4245744049549103,-0.06417140364646912,-0.8651771545410156,1.1428192853927612,0.2624836564064026,0.030957961454987526,0.43784672021865845,-0.36080166697502136,-0.08427924662828445,0.7223311066627502,1.1354836225509644,-0.3097934424877167,-0.009454348124563694,1.2292413711547852
5.713462829589844,0.9620969295501709,0.9832108616828918,-0.025925491005182266,0.08532695472240448,-0.9960055947303772,-0.00448133610188961,-0.17563289403915405,0.20342224836349487,0.3439916670322418,0.24350199103355408,-0.03776140883564949,0.12070392817258835,-0.07314850389957428,-0.12270118296146393,-0.13981209695339203,0.10327289998531342,0.10470317304134369,0.11214593052864075,0.08166633546352386,0.05476200953125954,0.13090407848358154,0.3517805337905884,-0.3227572441101074,-0.07179372012615204,-0.8175977468490601,1.2280621528625488,0.2746632397174835,0.023049667477607727,0.3978601098060608,-0.28021129965782166,-0.043242283165454865,0.6772452592849731,1.2551257610321045,-0.3094152510166168,-0.014700781553983688,1.2597222328186035
5.714239597320557,0.9581297636032104,0.9815632700920105,-0.025046586990356445,0.08440440148115158,-0.9959295392036438,-0.01930992305278778,-0.18876580893993378,0.20328231155872345,0.34056365489959717,0.2676486372947693,-0.04883193224668503,0.11948387324810028,-0.0795341208577156,-0.13309668004512787,-0.14211200177669525,0.11009567230939865,0.10084667801856995,0.11442446708679199,0.09862011671066284,0.06800118088722229,0.14165806770324707,0.32528531551361084,-0.24607522785663605,-0.0764082819223404,-0.7588405609130859,1.3030483722686768,0.2783174216747284,0.019952442497015,0.36863240599632263,-0.2135740965604782,-0.016993362456560135,0.633768618106842,1.3398654460906982,-0.3060758411884308,-0.017975937575101852,1.2860493659973145
5.714877128601074,0.9550334215164185,0.9801982045173645,-0.023114241659641266,0.08238391578197479,-0.9958377480506897,-0.03139742091298103,-0.19961710274219513,0.19984394311904907,0.333200603723526,0.28288209438323975,-0.05651708319783211,0.11670832335948944,-0.08788032829761505,-0.14889466762542725,-0.14149409532546997,0.11428249627351761,0.10143640637397766,0.11968210339546204,0.11110160499811172,0.08004698902368546,0.1525503396987915,0.30773141980171204,-0.1945548802614212,-0.038483843207359314,-0.7180008888244629,1.3488967418670654,0.2851938009262085,0.015588782727718353,0.3519327938556671,-0.16689017415046692,-0.002773977816104889,0.6028774380683899,1.3922797441482544,-0.303519606590271,-0.021161392331123352,1.302921175956726
5.714486122131348,0.9537505507469177,0.9796931147575378,-0.020343612879514694,0.08206535875797272,-0.9953550100326538,-0.046041663736104965,-0.2067960947751999,0.199819415807724,0.3231900930404663,0.29140356183052063,-0.06173932924866676,0.11451482772827148,-0.0958099216222763,-0.16249801218509674,-0.14042995870113373,0.11850069463253021,0.10420635342597961,0.12478234618902206,0.12060444056987762,0.08806087076663971,0.17124047875404358,0.3009108901023865,-0.16859732568264008,0.014718505553901196,-0.7069560289382935,1.3700908422470093,0.2976014018058777,0.01280450914055109,0.34238025546073914,-0.1381109058856964,-0.004753305576741695,0.5858627557754517,1.4213738441467285,-0.3034980297088623,-0.025476042181253433,1.3115274906158447
5.713984966278076,0.9538860321044922,0.9796000719070435,-0.01742061972618103,0.08257197588682175,-0.9944844841957092,-0.06228223815560341,-0.21173863112926483,0.20282743871212006,0.3144712448120117,0.29654815793037415,-0.06524122506380081,0.1130266785621643,-0.10420973598957062,-0.17431655526161194,-0.13783369958400726,0.12358635663986206,0.1084633469581604,0.12854382395744324,0.12295331060886383,0.09317314624786377,0.1977335810661316,0.30480292439460754,-0.15875788033008575,0.060928985476493835,-0.7110979557037354,1.3774914741516113,0.3120726943016052,0.011863145977258682,0.3372895419597626,-0.11791343986988068,-0.0230563897639513,0.5668764114379883,1.4395136833190918,-0.30313634872436523,-0.02930702269077301,1.31450355052948
5.713834285736084,0.9548877477645874,0.9797682166099548,-0.014442521147429943,0.0827859491109848,-0.9936598539352417,-0.0746857151389122,-0.2145826518535614,0.20525890588760376,0.3086569011211395,0.29752492904663086,-0.06717509031295776,0.1137281209230423,-0.11290200799703598,-0.18543477356433868,-0.13465771079063416,0.1295604407787323,0.11249138414859772,0.13178661465644836,0.12495754659175873,0.09499849379062653,0.21552889049053192,0.3133946657180786,-0.15697543323040009,0.09107054024934769,-0.7251362204551697,1.373035192489624,0.32792407274246216,0.01052594743669033,0.3345929980278015,-0.1075534075498581,-0.04609295725822449,0.5495061874389648,1.4498860836029053,-0.30296263098716736,-0.03186306357383728,1.3125804662704468
5.713705062866211,0.9560967087745667,0.9800536036491394,-0.011485251598060131,0.0826287642121315,-0.9929308295249939,-0.08443333208560944,-0.21596074104309082,0.2068135142326355,0.3044220507144928,0.2966803312301636,-0.06826569885015488,0.11367522180080414,-0.12032925337553024,-0.19757139682769775,-0.13125592470169067,0.1350575089454651,0.11484575271606445,0.13491661846637726,0.12902489304542542,0.09470347315073013,0.22566616535186768,0.3222111463546753,-0.16158263385295868,0.10603973269462585,-0.7417516112327576,1.3643219470977783,0.3411516547203064,0.009710137732326984,0.33332860469818115,-0.10368284583091736,-0.06532719731330872,0.5335105657577515,1.4544111490249634,-0.30285704135894775,-0.03416460379958153,1.30647873878479
5.714269638061523,0.9572850465774536,0.9799702763557434,-0.008611557073891163,0.08254052698612213,-0.9919050931930542,-0.09611073136329651,-0.2201295644044876,0.20791634917259216,0.2980838418006897,0.30164578557014465,-0.07119812071323395,0.11346042156219482,-0.1266007423400879,-0.2095019817352295,-0.12568196654319763,0.14173883199691772,0.11503702402114868,0.13632069528102875,0.1361716091632843,0.09466861188411713,0.23116770386695862,0.32849204540252686,-0.17092621326446533,0.1061130166053772,-0.754307746887207,1.3597209453582764,0.34887853264808655,0.009857866913080215,0.3333263397216797,-0.10377731919288635,-0.07526227086782455,0.5186969041824341,1.4612321853637695,-0.30328845977783203,-0.03379036486148834,1.299780011177063
5.715307235717773,0.9588154554367065,0.9798545837402344,-0.0063396659679710865,0.0829804390668869,-0.9913042783737183,-0.10193149000406265,-0.2248826026916504,0.2100646197795868,0.29429328441619873,0.3090757131576538,-0.07576777040958405,0.1144983172416687,-0.13256603479385376,-0.21797946095466614,-0.11989188194274902,0.14867617189884186,0.11459314823150635,0.13547854125499725,0.1416039615869522,0.09515400975942612,0.23189935088157654,0.3335916996002197,-0.17967374622821808,0.10017194598913193,-0.7587593793869019,1.3582240343093872,0.3514535129070282,0.009820966050028801,0.33692511916160583,-0.10413497686386108,-0.07889829576015472,0.5058969259262085,1.4663987159729004,-0.3043782711029053,-0.03306358680129051,1.2916336059570312
5.717043399810791,0.9597461223602295,0.9796839952468872,-0.005245732143521309,0.08433070778846741,-0.9914188981056213,-0.09974683076143265,-0.23032306134700775,0.21283695101737976,0.29148387908935547,0.318959504365921,-0.08167898654937744,0.11531531810760498,-0.13604514300823212,-0.22363188862800598,-0.11665886640548706,0.15308818221092224,0.11442980170249939,0.13465559482574463,0.14834031462669373,0.09699022769927979,0.2293923795223236,0.3395683169364929,-0.18668252229690552,0.09323529899120331,-0.7560820579528809,1.357008695602417,0.3496525287628174,0.00908619537949562,0.34340915083885193,-0.10451754927635193,-0.07743681222200394,0.4965040683746338,1.4682828187942505,-0.3067716658115387,-0.03349745273590088,1.2837529182434082
5.71987247467041,0.9608451128005981,0.9791615009307861,-0.005676078610122204,0.08523568511009216,-0.9923691749572754,-0.08891649544239044,-0.23671874403953552,0.2135552614927292,0.28610959649086,0.33070337772369385,-0.08824995905160904,0.11613211035728455,-0.13997076451778412,-0.22958149015903473,-0.11227856576442719,0.15973538160324097,0.11235551536083221,0.1350342035293579,0.1565122902393341,0.09950943291187286,0.2282455563545227,0.34620314836502075,-0.19044457376003265,0.08694703131914139,-0.7465288639068604,1.356626033782959,0.3460196256637573,0.00909268856048584,0.3504757881164551,-0.10515357553958893,-0.07477223873138428,0.4863751232624054,1.467233419418335,-0.31087255477905273,-0.03448328748345375,1.2758797407150269
5.722672462463379,0.9632188081741333,0.9789955019950867,-0.006478556431829929,0.08577197045087814,-0.9935721755027771,-0.07359018176794052,-0.23995104432106018,0.2126755714416504,0.27733761072158813,0.3359658122062683,-0.09207004308700562,0.11447235941886902,-0.14075222611427307,-0.23465502262115479,-0.11027088761329651,0.16392628848552704,0.10978007316589355,0.13575896620750427,0.16596603393554688,0.10141904652118683,0.22792547941207886,0.35238635540008545,-0.1889934092760086,0.0819174274802208,-0.7412296533584595,1.3540478944778442,0.3442912697792053,0.007517937570810318,0.3548128008842468,-0.10491277277469635,-0.0696823000907898,0.48401162028312683,1.4631364345550537,-0.3203628659248352,-0.03673715889453888,1.268532156944275
5.725236892700195,0.9678390026092529,0.9788848757743835,-0.006657544057816267,0.08637192845344543,-0.9943149089813232,-0.061914801597595215,-0.243437722325325,0.2135341465473175,0.2670125663280487,0.3413238823413849,-0.09522680938243866,0.11139217764139175,-0.13899432122707367,-0.23814013600349426,-0.11116881668567657,0.16815675795078278,0.10574866831302643,0.1363612413406372,0.17619149386882782,0.10503880679607391,0.2311081886291504,0.35948702692985535,-0.18801674246788025,0.08101678639650345,-0.7382873892784119,1.3508691787719727,0.34239375591278076,0.005348761100322008,0.3576046824455261,-0.10522836446762085,-0.06609039753675461,0.484322190284729,1.456449031829834,-0.33171120285987854,-0.04120326414704323,1.2625558376312256
5.727867126464844,0.9751487970352173,0.9783945083618164,-0.006107400171458721,0.08665727823972702,-0.9946936964988708,-0.05511556193232536,-0.25051623582839966,0.214260995388031,0.25757160782814026,0.3496380150318146,-0.09814973175525665,0.10814826935529709,-0.13503244519233704,-0.23936456441879272,-0.11291930079460144,0.16756725311279297,0.10173281282186508,0.13664531707763672,0.1875580996274948,0.11013102531433105,0.23865088820457458,0.36339831352233887,-0.1884249448776245,0.08165992051362991,-0.7405592203140259,1.35075044631958,0.3418768346309662,0.0045485785230994225,0.35709843039512634,-0.10683564841747284,-0.06234947592020035,0.486902117729187,1.4533061981201172,-0.3425176739692688,-0.044239431619644165,1.2601262331008911
5.729604721069336,0.9841887950897217,0.9783096313476562,-0.0050693899393081665,0.08684203773736954,-0.9946877956390381,-0.05503636598587036,-0.2543262839317322,0.2155357301235199,0.2544311285018921,0.35071563720703125,-0.0974225103855133,0.10649533569812775,-0.12891675531864166,-0.23792798817157745,-0.11978495121002197,0.164676234126091,0.09909862279891968,0.1369430273771286,0.20222802460193634,0.11389022320508957,0.24757999181747437,0.37199515104293823,-0.18557411432266235,0.08275379240512848,-0.7515364289283752,1.3506181240081787,0.3450031280517578,0.004222896881401539,0.3539309799671173,-0.11059669405221939,-0.054507337510585785,0.4985012412071228,1.4502639770507812,-0.35559597611427307,-0.04712118208408356,1.2579376697540283
5.731449604034424,0.9939776659011841,0.977790117263794,-0.004580449778586626,0.08709563314914703,-0.9944232702255249,-0.05929339677095413,-0.25983381271362305,0.21895718574523926,0.2558535635471344,0.35653451085090637,-0.09723785519599915,0.10754090547561646,-0.12336462736129761,-0.23539552092552185,-0.12551040947437286,0.16343359649181366,0.09723545610904694,0.1386501044034958,0.2152727246284485,0.1177777647972107,0.2520168423652649,0.3824913501739502,-0.1819164752960205,0.08755673468112946,-0.7598904371261597,1.3534119129180908,0.34958574175834656,0.0058385999873280525,0.3507920503616333,-0.11584222316741943,-0.04650086537003517,0.5133108496665955,1.4481631517410278,-0.36811113357543945,-0.04978690296411514,1.2571972608566284
5.733246803283691,1.0028842687606812,0.9774488210678101,-0.004528428893536329,0.08768025040626526,-0.9941629767417908,-0.06270308047533035,-0.26322686672210693,0.22286716103553772,0.2613700032234192,0.36087560653686523,-0.09654741734266281,0.10873672366142273,-0.11911678314208984,-0.23537594079971313,-0.12929357588291168,0.16299648582935333,0.09845870733261108,0.1428346037864685,0.2250731736421585,0.12054942548274994,0.2560439109802246,0.39819055795669556,-0.17309416830539703,0.09476925432682037,-0.7585257291793823,1.3585691452026367,0.3524010181427002,0.007754159159958363,0.3500860035419464,-0.11781421303749084,-0.03968605026602745,0.5239057540893555,1.4486169815063477,-0.3779476284980774,-0.051509127020835876,1.2561019659042358
5.735196590423584,1.0098955631256104,0.9771835207939148,-0.005025187041610479,0.08866682648658752,-0.9940658807754517,-0.06281710416078568,-0.26559603214263916,0.227098286151886,0.2688395380973816,0.365691602230072,-0.09697062522172928,0.11157259345054626,-0.11615849286317825,-0.23764091730117798,-0.13102759420871735,0.1665610671043396,0.10063592344522476,0.14703212678432465,0.23109498620033264,0.12251965701580048,0.259272038936615,0.4143158793449402,-0.16014112532138824,0.10288222134113312,-0.7464564442634583,1.3659169673919678,0.3536895513534546,0.008669819682836533,0.35095250606536865,-0.11591577529907227,-0.03779091686010361,0.5293936729431152,1.4510754346847534,-0.3847941756248474,-0.052366625517606735,1.256119966506958
5.736769676208496,1.0150914192199707,0.976698637008667,-0.005898543167859316,0.08969235420227051,-0.9939084649085999,-0.06376954913139343,-0.26857349276542664,0.22995159029960632,0.272000789642334,0.37349480390548706,-0.09941436350345612,0.11456410586833954,-0.11460927128791809,-0.2404724657535553,-0.1288554072380066,0.1731385737657547,0.10213947296142578,0.15070293843746185,0.23218804597854614,0.1236611008644104,0.26599788665771484,0.42727798223495483,-0.14745736122131348,0.10913144797086716,-0.7343631386756897,1.3702317476272583,0.35547083616256714,0.007866809144616127,0.35240161418914795,-0.11080975830554962,-0.040594037622213364,0.533861517906189,1.4525583982467651,-0.39062178134918213,-0.053587816655635834,1.2569600343704224
5.737920761108398,1.0188813209533691,0.9757618308067322,-0.006421901751309633,0.08947437256574631,-0.993704080581665,-0.06712199002504349,-0.2733325660228729,0.22786787152290344,0.26924189925193787,0.38397520780563354,-0.1033833846449852,0.11926724016666412,-0.1141120046377182,-0.24445350468158722,-0.12170298397541046,0.18526051938533783,0.10132861137390137,0.1536492109298706,0.23329932987689972,0.12218035757541656,0.27729588747024536,0.4371965527534485,-0.1367730051279068,0.11307471990585327,-0.724101722240448,1.3721896409988403,0.3579661250114441,0.006127303000539541,0.35322749614715576,-0.10469835996627808,-0.04724987968802452,0.5374977588653564,1.4552212953567505,-0.39555904269218445,-0.05409564822912216,1.2598296403884888
5.73872184753418,1.021484375,0.9747112393379211,-0.006548519246280193,0.08888990432024002,-0.9937434196472168,-0.06730377674102783,-0.2793477773666382,0.22503650188446045,0.26130539178848267,0.39635002613067627,-0.10847420245409012,0.12361327558755875,-0.11596331000328064,-0.250027060508728,-0.11072175204753876,0.20451202988624573,0.09979844093322754,0.15624573826789856,0.23307211697101593,0.12032236158847809,0.29224300384521484,0.4475626051425934,-0.13049055635929108,0.11715476214885712,-0.7143757939338684,1.3715126514434814,0.36000555753707886,0.004480684641748667,0.35532110929489136,-0.09800122678279877,-0.057642221450805664,0.5366942882537842,1.4577584266662598,-0.3979983925819397,-0.05404730141162872,1.2625327110290527
5.739468574523926,1.022965908050537,0.9738611578941345,-0.0062219188548624516,0.08809482306241989,-0.9942297339439392,-0.060891710221767426,-0.28505274653434753,0.22323839366436005,0.24983768165111542,0.40812206268310547,-0.11432825773954391,0.12581942975521088,-0.11916486918926239,-0.2607486844062805,-0.09749586880207062,0.22847047448158264,0.09887411445379257,0.16161790490150452,0.23389022052288055,0.11728714406490326,0.31622087955474854,0.45826154947280884,-0.12687993049621582,0.11930277943611145,-0.7164490222930908,1.3647699356079102,0.36535438895225525,0.00223057484254241,0.35457557439804077,-0.0902780294418335,-0.0680999606847763,0.5340145826339722,1.4605417251586914,-0.39982175827026367,-0.053346432745456696,1.2667218446731567
5.739576816558838,1.0226235389709473,0.9729161262512207,-0.005648655351251364,0.08572204411029816,-0.9952898025512695,-0.04492258280515671,-0.2910808026790619,0.21707850694656372,0.2380709946155548,0.417851984500885,-0.1200360581278801,0.12935543060302734,-0.12342962622642517,-0.281221479177475,-0.0812273621559143,0.2597704529762268,0.09698155522346497,0.16760510206222534,0.2340775430202484,0.10790884494781494,0.34415894746780396,0.4621288776397705,-0.126569926738739,0.12183749675750732,-0.7222900390625,1.350049614906311,0.369856059551239,-0.001495563075877726,0.3490077257156372,-0.0813138335943222,-0.07966155558824539,0.5184615850448608,1.466322660446167,-0.39517906308174133,-0.04986206069588661,1.2738707065582275
5.7380571365356445,1.0184341669082642,0.9718778133392334,-0.00572882778942585,0.08277928084135056,-0.9964556097984314,-0.013818188570439816,-0.29856687784194946,0.20325160026550293,0.21953463554382324,0.4254336357116699,-0.12542180716991425,0.1383027285337448,-0.1297537088394165,-0.3040432929992676,-0.055668752640485764,0.3109269440174103,0.09744973480701447,0.1688680499792099,0.22703111171722412,0.09508605301380157,0.3663810193538666,0.45888152718544006,-0.1301312893629074,0.12365024536848068,-0.728360652923584,1.3259518146514893,0.37137919664382935,-0.007671290542930365,0.3424086570739746,-0.06922191381454468,-0.09203487634658813,0.4876236021518707,1.4695883989334106,-0.38198280334472656,-0.045313384383916855,1.2782081365585327
5.735001087188721,1.0111180543899536,0.9711509943008423,-0.007372758816927671,0.0814998596906662,-0.9962042570114136,0.029674440622329712,-0.3059258759021759,0.18855677545070648,0.18633654713630676,0.43150579929351807,-0.12871570885181427,0.14014723896980286,-0.12975521385669708,-0.31197983026504517,-0.022211506962776184,0.3516588807106018,0.09815569221973419,0.1661384254693985,0.21439959108829498,0.08096393942832947,0.39992555975914,0.4517505168914795,-0.1386759877204895,0.12315914034843445,-0.7443247437477112,1.3023011684417725,0.37166914343833923,-0.011627070605754852,0.33503076434135437,-0.05785456672310829,-0.09733275324106216,0.46354952454566956,1.4686150550842285,-0.3689522445201874,-0.04249594733119011,1.282139778137207
5.729642868041992,1.0028183460235596,0.971358060836792,-0.00996957253664732,0.08143522590398788,-0.99406498670578,0.0714409276843071,-0.30663082003593445,0.17669597268104553,0.14673689007759094,0.4305347800254822,-0.12845690548419952,0.13523055613040924,-0.1320389062166214,-0.2949880361557007,0.002173398621380329,0.376067191362381,0.09367867559194565,0.15621861815452576,0.19370485842227936,0.06860826164484024,0.448268860578537,0.44070249795913696,-0.15182101726531982,0.11779800057411194,-0.7585898637771606,1.288049578666687,0.36794060468673706,-0.01169939897954464,0.3342841863632202,-0.050149157643318176,-0.09609218686819077,0.44749587774276733,1.4658406972885132,-0.35578233003616333,-0.0422818660736084,1.2851569652557373
5.7228546142578125,0.9920387864112854,0.972026526927948,-0.013095585629343987,0.08220671862363815,-0.9896613955497742,0.11679447442293167,-0.3046311140060425,0.1702299863100052,0.10734313726425171,0.4283945858478546,-0.12874415516853333,0.12389703094959259,-0.13929913938045502,-0.2696792483329773,0.024683931842446327,0.379566490650177,0.08252646028995514,0.14990302920341492,0.16842254996299744,0.05732782185077667,0.5065227746963501,0.4211137294769287,-0.16699503362178802,0.10540012270212173,-0.7783762216567993,1.276178240776062,0.36606886982917786,-0.011785291135311127,0.33383601903915405,-0.04475007578730583,-0.09154777973890305,0.44091925024986267,1.4629464149475098,-0.34395498037338257,-0.04205416515469551,1.291736125946045
5.716791152954102,0.9814349412918091,0.9720715284347534,-0.014619885943830013,0.08206148445606232,-0.9822841286659241,0.16783922910690308,-0.31040680408477783,0.16853688657283783,0.06983400136232376,0.43134835362434387,-0.1298239380121231,0.10504104942083359,-0.13888543844223022,-0.25641345977783203,0.05358164757490158,0.36075708270072937,0.06587706506252289,0.15052269399166107,0.146567240357399,0.04288896918296814,0.5646581053733826,0.3944280445575714,-0.18301284313201904,0.08357539772987366,-0.8019040822982788,1.2662053108215332,0.36704039573669434,-0.013932043686509132,0.33192965388298035,-0.040589116513729095,-0.08815587311983109,0.4403077960014343,1.462439775466919,-0.33487164974212646,-0.03901011869311333,1.3021494150161743
5.709682941436768,0.9758477210998535,0.9711677432060242,-0.014546623453497887,0.08093111962080002,-0.971675455570221,0.2215520590543747,-0.3262568414211273,0.17326998710632324,0.03571310639381409,0.4390639364719391,-0.12848559021949768,0.08103813230991364,-0.13081252574920654,-0.25430917739868164,0.08278020471334457,0.33935123682022095,0.04421388730406761,0.15554898977279663,0.1337750107049942,0.024485895410180092,0.6047832369804382,0.36171776056289673,-0.19640907645225525,0.055639997124671936,-0.8351242542266846,1.2581470012664795,0.3716275990009308,-0.018867457285523415,0.3265492916107178,-0.042560458183288574,-0.0789092406630516,0.4666154980659485,1.4605464935302734,-0.3370881676673889,-0.035624388605356216,1.3159819841384888
5.699994087219238,0.9768505096435547,0.96924889087677,-0.014481019228696823,0.07962766289710999,-0.9583592414855957,0.2738563120365143,-0.35001301765441895,0.18779893219470978,0.007086627185344696,0.4483144283294678,-0.12235627323389053,0.05945350229740143,-0.11840139329433441,-0.25443166494369507,0.106998972594738,0.3285503387451172,0.01870673894882202,0.16154880821704865,0.1304994821548462,0.00669450405985117,0.6372552514076233,0.32800355553627014,-0.2046499103307724,0.027801766991615295,-0.8782089948654175,1.2437747716903687,0.37842369079589844,-0.02605288475751877,0.3186560869216919,-0.04622340202331543,-0.06880275160074234,0.5061532258987427,1.4500911235809326,-0.3434499204158783,-0.037624187767505646,1.3280665874481201
5.687137126922607,0.9853756427764893,0.9663136601448059,-0.01584087498486042,0.07711305469274521,-0.9421557784080505,0.32579919695854187,-0.375507652759552,0.20451229810714722,-0.014109536074101925,0.4530286192893982,-0.10809554159641266,0.05014144256711006,-0.10665468126535416,-0.24430981278419495,0.12420424818992615,0.3307228684425354,-0.010105817578732967,0.16080498695373535,0.13163484632968903,-0.007940901443362236,0.6740264892578125,0.30017194151878357,-0.21087247133255005,0.002952353795990348,-0.924092710018158,1.2308502197265625,0.38767215609550476,-0.03015550598502159,0.3099323511123657,-0.04974791407585144,-0.06116039305925369,0.564704418182373,1.4248206615447998,-0.3551522493362427,-0.04840712994337082,1.3403842449188232
5.672536849975586,1.0012872219085693,0.962797224521637,-0.020391739904880524,0.07250416278839111,-0.9216859936714172,0.3805551528930664,-0.39599892497062683,0.21321114897727966,-0.028303883969783783,0.45213955640792847,-0.08724992722272873,0.05734962597489357,-0.09933975338935852,-0.21554966270923615,0.13329942524433136,0.34933751821517944,-0.04118278995156288,0.15574006736278534,0.127769336104393,-0.013739319518208504,0.7137062549591064,0.2760580778121948,-0.20730166137218475,-0.017799554392695427,-0.9710653424263,1.2153875827789307,0.40311628580093384,-0.03242925554513931,0.29721951484680176,-0.045252613723278046,-0.06519034504890442,0.6365149021148682,1.3681485652923584,-0.3697817325592041,-0.07169804722070694,1.3551874160766602
5.6596455574035645,1.020081639289856,0.9584020972251892,-0.025772107765078545,0.062011636793613434,-0.8933348655700684,0.4443458020687103,-0.4111112058162689,0.19772998988628387,-0.03419531136751175,0.4506895840167999,-0.06475231796503067,0.07653787732124329,-0.1026957780122757,-0.17585143446922302,0.1382485330104828,0.3799622356891632,-0.06995365023612976,0.1480015516281128,0.12014130502939224,-0.005635183770209551,0.7446931600570679,0.25842952728271484,-0.20311379432678223,-0.03416060656309128,-1.0177735090255737,1.196970820426941,0.42530977725982666,-0.03303581476211548,0.2807166576385498,-0.03473541885614395,-0.08958788961172104,0.6879726648330688,1.3078912496566772,-0.3806310296058655,-0.09458963572978973,1.3658390045166016
5.651555061340332,1.0370430946350098,0.954023003578186,-0.029422637075185776,0.04532632604241371,-0.8588524460792542,0.5093645453453064,-0.41314053535461426,0.161349818110466,-0.031382761895656586,0.4421675205230713,-0.041973114013671875,0.1009751409292221,-0.11522848904132843,-0.13790783286094666,0.14152151346206665,0.41445448994636536,-0.2363578975200653,0.14136046171188354,0.1122453585267067,0.008748061023652554,0.746446967124939,0.24594110250473022,-0.20056812465190887,-0.00881189201027155,-1.0554420948028564,1.1764956712722778,0.44735103845596313,-0.033073779195547104,0.2668697237968445,-0.02226559817790985,-0.126382514834404,0.7040301561355591,1.2566819190979004,-0.3871432840824127,-0.11285492032766342,1.3665711879730225
5.647646427154541,1.0494627952575684,0.9500178098678589,-0.03120541013777256,0.027504222467541695,-0.8262715935707092,0.5617338418960571,-0.40635114908218384,0.12276007980108261,-0.018002524971961975,0.4235708713531494,-0.01576191931962967,0.1264549195766449,-0.12530417740345,-0.10985551029443741,0.14290624856948853,0.4459218382835388,-0.2759261131286621,0.1400662213563919,0.1087493896484375,0.024068370461463928,0.7181270718574524,0.23412762582302094,-0.19617795944213867,0.05341924726963043,-1.081619143486023,1.1450419425964355,0.4659181237220764,-0.03562792390584946,0.25383853912353516,-0.011494738049805164,-0.15902408957481384,0.6966698169708252,1.2191517353057861,-0.3938124179840088,-0.12641510367393494,1.3586244583129883
5.646762847900391,1.0559358596801758,0.9454940557479858,-0.0316845178604126,0.01121911033987999,-0.8003584742546082,0.5985787510871887,-0.4012627601623535,0.08933410793542862,-0.000851217657327652,0.41396111249923706,0.004438092932105064,0.1500243842601776,-0.1329668164253235,-0.09178038686513901,0.14347098767757416,0.4772040843963623,-0.28651681542396545,0.14110083878040314,0.10757923871278763,0.03929440677165985,0.6701936721801758,0.21855977177619934,-0.18783102929592133,0.12923741340637207,-1.0905601978302002,1.1098161935806274,0.4817296266555786,-0.0384683758020401,0.2438328117132187,-0.0021387911401689053,-0.18628281354904175,0.6818404793739319,1.1933332681655884,-0.4033356010913849,-0.1363590508699417,1.3481115102767944
5.647945880889893,1.0570780038833618,0.9406833648681641,-0.0310056172311306,-0.0034634291660040617,-0.7793252468109131,0.6258425712585449,-0.3988596200942993,0.06090689077973366,0.018365144729614258,0.41212403774261475,0.018174342811107635,0.17157471179962158,-0.1436614990234375,-0.0827949196100235,0.1425948590040207,0.5145655870437622,-0.2929549515247345,0.14330516755580902,0.10800378024578094,0.052670981734991074,0.6124130487442017,0.20065541565418243,-0.17469272017478943,0.18375419080257416,-1.0835027694702148,1.088860273361206,0.4967363774776459,-0.0397317111492157,0.23574572801589966,0.0024921903386712074,-0.203562393784523,0.6592899560928345,1.1930922269821167,-0.41279011964797974,-0.1396295577287674,1.3357993364334106
5.649257659912109,1.0557483434677124,0.935904860496521,-0.03047601319849491,-0.016465548425912857,-0.7608311772346497,0.6480247378349304,-0.39828744530677795,0.0390804298222065,0.03494122996926308,0.41979944705963135,0.023937169462442398,0.1902191936969757,-0.1608196347951889,-0.0774238258600235,0.14094366133213043,0.5613020062446594,-0.3005375862121582,0.1435452699661255,0.10087613761425018,0.06494978070259094,0.5561171174049377,0.183446004986763,-0.15237346291542053,0.21349409222602844,-1.0516892671585083,1.0970008373260498,0.5106595754623413,-0.03721733018755913,0.23299026489257812,0.007294893264770508,-0.21562227606773376,0.6340084671974182,1.2044789791107178,-0.42057332396507263,-0.13985073566436768,1.3258240222930908
5.650522708892822,1.0535917282104492,0.93265700340271,-0.030223621055483818,-0.026896687224507332,-0.7450363039970398,0.6657957434654236,-0.4004298448562622,0.023913227021694183,0.045834824442863464,0.43295466899871826,0.02526101842522621,0.20161114633083344,-0.17784154415130615,-0.07327970862388611,0.1394711285829544,0.6072068214416504,-0.3113015592098236,0.1404188871383667,0.09109008312225342,0.0759870633482933,0.5075833797454834,0.17030860483646393,-0.12593288719654083,0.21867068111896515,-0.9962103366851807,1.1362152099609375,0.5183900594711304,-0.030878977850079536,0.2380712777376175,0.008893601596355438,-0.2228192538022995,0.606220543384552,1.2271983623504639,-0.42316216230392456,-0.1362825334072113,1.3181712627410889
5.6511311531066895,1.0511869192123413,0.9304311275482178,-0.030625365674495697,-0.03441403806209564,-0.7330064177513123,0.678659975528717,-0.4008743464946747,0.015897678211331367,0.05166272446513176,0.442838191986084,0.026030441746115685,0.2064734697341919,-0.1919027864933014,-0.06933623552322388,0.13695871829986572,0.6429767608642578,-0.31924691796302795,0.13493815064430237,0.07944222539663315,0.08485866338014603,0.4683592915534973,0.16024327278137207,-0.1049077957868576,0.21506372094154358,-0.926602840423584,1.1823861598968506,0.5179569721221924,-0.02353733777999878,0.2515527904033661,0.010387606918811798,-0.2294507771730423,0.5818055868148804,1.2440476417541504,-0.4223351776599884,-0.1327369213104248,1.3121623992919922
5.6513214111328125,1.0491387844085693,0.9282562732696533,-0.031193537637591362,-0.03996807709336281,-0.7248751521110535,0.6870120167732239,-0.39541298151016235,0.011091317050158978,0.05429624766111374,0.43994230031967163,0.030207520350813866,0.20719510316848755,-0.2036859095096588,-0.0670505240559578,0.133643239736557,0.6709861755371094,-0.32443156838417053,0.12974813580513,0.06946594268083572,0.09280845522880554,0.4343410134315491,0.15436701476573944,-0.08397255837917328,0.20978595316410065,-0.850734293460846,1.2224940061569214,0.5090858936309814,-0.018003597855567932,0.26963573694229126,0.012519821524620056,-0.23465032875537872,0.5591562986373901,1.255272626876831,-0.4196711778640747,-0.12922947108745575,1.3056676387786865
5.6511430740356445,1.0473535060882568,0.9282901287078857,-0.03159569576382637,-0.04417559131979942,-0.7202222347259521,0.6916142106056213,-0.3799242377281189,0.006402293685823679,0.05619490146636963,0.41601330041885376,0.042060669511556625,0.2055932581424713,-0.20936107635498047,-0.06647291779518127,0.12763018906116486,0.6798062324523926,-0.3209182620048523,0.12463103234767914,0.06760264188051224,0.0960918515920639,0.4016246199607849,0.1529025286436081,-0.05775256082415581,0.20665243268013,-0.7764750123023987,1.237708568572998,0.491351842880249,-0.01791033335030079,0.2917677164077759,0.014177864417433739,-0.2352398931980133,0.5389702320098877,1.2485721111297607,-0.41567325592041016,-0.1300116777420044,1.292804479598999
5.652379512786865,1.0458884239196777,0.9285483360290527,-0.031855467706918716,-0.04828689992427826,-0.7171438336372375,0.6945202350616455,-0.36020374298095703,-0.0021531577222049236,0.057619258761405945,0.3842001259326935,0.056513797491788864,0.20407336950302124,-0.21846315264701843,-0.06918595731258392,0.12146307528018951,0.6911519765853882,-0.3154866695404053,0.11982476711273193,0.06791689246892929,0.09970642626285553,0.37372323870658875,0.15320131182670593,-0.0407300740480423,0.21220527589321136,-0.7149546146392822,1.2118786573410034,0.4689188003540039,-0.018987223505973816,0.31770598888397217,0.020151786506175995,-0.23485170304775238,0.5160974860191345,1.2446436882019043,-0.412322461605072,-0.12895746529102325,1.2782859802246094
5.6537909507751465,1.0439623594284058,0.9296386241912842,-0.0315067358314991,-0.052067533135414124,-0.7146775722503662,0.696801483631134,-0.34004661440849304,-0.012035533785820007,0.05995992571115494,0.34782490134239197,0.07448824495077133,0.20073330402374268,-0.22206665575504303,-0.0737520158290863,0.11511096358299255,0.6975140571594238,-0.3114038407802582,0.11525782942771912,0.07579906284809113,0.09913681447505951,0.34269729256629944,0.15526361763477325,-0.02749703638255596,0.22230972349643707,-0.6734001636505127,1.1586803197860718,0.44596076011657715,-0.019604872912168503,0.33893901109695435,0.021161027252674103,-0.2273518145084381,0.49897336959838867,1.2362306118011475,-0.4104123115539551,-0.1283044070005417,1.2599241733551025
5.655660152435303,1.0423907041549683,0.9296966791152954,-0.03148467838764191,-0.05544190853834152,-0.7120374441146851,0.6992407441139221,-0.32547828555107117,-0.021612299606204033,0.06425642967224121,0.31745675206184387,0.0927191823720932,0.1962222009897232,-0.2223171889781952,-0.07789459079504013,0.10944738984107971,0.7004418969154358,-0.30919119715690613,0.10984751582145691,0.08591610193252563,0.09841345250606537,0.31181395053863525,0.1592881828546524,-0.024810023605823517,0.228286474943161,-0.6467260122299194,1.102241039276123,0.42465800046920776,-0.019124582409858704,0.35812509059906006,0.01805621199309826,-0.21663688123226166,0.48263469338417053,1.236128807067871,-0.40837419033050537,-0.12641160190105438,1.2413091659545898
