0.0026737574953585863,-0.30462315678596497,0.5872117877006531,-0.03454391658306122,-0.06534188985824585,-0.6620334386825562,0.745820939540863,-0.9439491629600525,0.14078092575073242,-0.13010036945343018,1.1429953575134277,-0.18909701704978943,-0.09474655985832214,-0.9689725041389465,-0.12004251778125763,0.12463296949863434,1.1898998022079468,-0.0953734964132309,0.11219548434019089,-0.030162133276462555,0.05468791350722313,0.5199999809265137,-0.42676272988319397,0.33097022771835327,-0.8793445825576782,0.49269333481788635,0.34631234407424927,-0.07255154848098755,0.40800467133522034,-0.5283216834068298,-0.2881720960140228,0.8068844676017761,0.6479796767234802,-0.3471134305000305,-0.022603457793593407,-0.3401867151260376
0.0032623596489429474,-0.30388423800468445,0.5793425440788269,-0.029346443712711334,-0.053621113300323486,-0.6707821488380432,0.7391311526298523,-0.9629217386245728,0.16957861185073853,-0.12959067523479462,1.1468287706375122,-0.30185747146606445,-0.032732948660850525,-1.008257508277893,-0.13179922103881836,0.10893189907073975,1.2344162464141846,-0.14822646975517273,0.07776745408773422,-0.02841436304152012,0.07830587029457092,0.5199999809265137,-0.5051498413085938,0.29971402883529663,-0.8723540306091309,0.5879479050636292,0.4202582836151123,-0.02351563423871994,0.38135334849357605,-0.5591078400611877,-0.30071866512298584,0.8428261876106262,0.707273542881012,-0.4088277220726013,-0.006808913312852383,-0.28145548701286316
0.0034257310908287764,-0.30380791425704956,0.5781112909317017,-0.029388776049017906,-0.05240150913596153,-0.6710981726646423,0.7389301061630249,-0.9649186134338379,0.1735142469406128,-0.12412082403898239,1.1527292728424072,-0.30621927976608276,-0.027561068534851074,-1.0145635604858398,-0.1304931342601776,0.1070481389760971,1.2414577007293701,-0.14657153189182281,0.07066159695386887,-0.027708904817700386,0.0785108283162117,0.5199999809265137,-0.5163056254386902,0.29869508743286133,-0.8754667043685913,0.5946311950683594,0.4302635192871094,-0.022884324193000793,0.37493330240249634,-0.5986596941947937,-0.29933202266693115,0.8443915843963623,0.7070197463035583,-0.41311824321746826,-0.006354642100632191,-0.27637335658073425
0.0035477913916110992,-0.3037509620189667,0.5771827697753906,-0.029239661991596222,-0.051194801926612854,-0.6714698672294617,0.7386828660964966,-0.9670060873031616,0.17685091495513916,-0.12012286484241486,1.1566658020019531,-0.3093493580818176,-0.024305982515215874,-1.0200424194335938,-0.12884676456451416,0.1057211309671402,1.2461411952972412,-0.14462082087993622,0.06598681211471558,-0.026300325989723206,0.07914243638515472,0.5199999809265137,-0.5254215002059937,0.2978002727031708,-0.8789308071136475,0.6002941131591797,0.43858617544174194,-0.02269076555967331,0.3698984384536743,-0.6302275061607361,-0.2983759641647339,0.8458746075630188,0.7072364091873169,-0.4168362319469452,-0.0055780671536922455,-0.27222466468811035
0.003646870842203498,-0.30370649695396423,0.5765165090560913,-0.029189344495534897,-0.05042870715260506,-0.6717673540115356,0.7384669780731201,-0.9684185981750488,0.1793530285358429,-0.11749158799648285,1.1589430570602417,-0.311093270778656,-0.022173918783664703,-1.0235850811004639,-0.1275942325592041,0.10479508340358734,1.2484095096588135,-0.14316238462924957,0.06319022178649902,-0.0252409428358078,0.0796225368976593,0.5199999809265137,-0.5308230519294739,0.29690635204315186,-0.8813022375106812,0.604500949382782,0.44407689571380615,-0.02263542078435421,0.3668746054172516,-0.6478486657142639,-0.29778391122817993,0.8465210199356079,0.707919716835022,-0.41928207874298096,-0.005165729206055403,-0.26986032724380493
0.00373494578525424,-0.30368226766586304,0.5760424137115479,-0.02898378297686577,-0.04974999651312828,-0.671998918056488,0.7383104562759399,-0.9697726964950562,0.18115757405757904,-0.11578328907489777,1.1595033407211304,-0.31204843521118164,-0.021198011934757233,-1.0266083478927612,-0.1266288310289383,0.10414264351129532,1.2495325803756714,-0.1417165994644165,0.06102408096194267,-0.02447255700826645,0.0800538957118988,0.5199999809265137,-0.533903956413269,0.296175479888916,-0.8827638626098633,0.6064535975456238,0.44743812084198,-0.022668341174721718,0.3651106655597687,-0.6550806164741516,-0.2974255681037903,0.8468899726867676,0.7083142995834351,-0.4206699728965759,-0.004653711337596178,-0.26845529675483704
0.003813433926552534,-0.30365559458732605,0.5755808353424072,-0.02878604829311371,-0.04925786331295967,-0.6721547245979309,0.7382093667984009,-0.9712306261062622,0.1825382560491562,-0.11461827903985977,1.1599857807159424,-0.3126893937587738,-0.020431842654943466,-1.029110312461853,-0.12597772479057312,0.10370346158742905,1.2501550912857056,-0.14093701541423798,0.059461019933223724,-0.024048127233982086,0.08059123903512955,0.5199999809265137,-0.5353608131408691,0.29543426632881165,-0.8838855624198914,0.6074240803718567,0.4494553208351135,-0.022660788148641586,0.36400073766708374,-0.6558991074562073,-0.2972174882888794,0.8469101786613464,0.7087663412094116,-0.4213019609451294,-0.0040720063261687756,-0.2679319977760315
0.003886439139023423,-0.30362871289253235,0.5751185417175293,-0.028573138639330864,-0.048854146152734756,-0.672280490398407,0.7381299734115601,-0.9729495048522949,0.18351489305496216,-0.11372814327478409,1.160403847694397,-0.3129855990409851,-0.019890131428837776,-1.0314319133758545,-0.12544482946395874,0.10344298928976059,1.2508385181427002,-0.14061853289604187,0.058216992765665054,-0.02369312196969986,0.08104174584150314,0.5199999809265137,-0.5358278751373291,0.2947286367416382,-0.8841781616210938,0.6076772809028625,0.4504491090774536,-0.022452611476182938,0.36368831992149353,-0.6538192629814148,-0.297124445438385,0.8464417457580566,0.70921790599823,-0.42127010226249695,-0.003409649943932891,-0.26809147000312805
0.003955504857003689,-0.3036016821861267,0.5746288299560547,-0.028262918815016747,-0.04843690246343613,-0.6723693013191223,0.7380884885787964,-0.9749281406402588,0.1843755841255188,-0.11307819187641144,1.1609216928482056,-0.31332507729530334,-0.019421417266130447,-1.0339686870574951,-0.1251503825187683,0.10324366390705109,1.2515473365783691,-0.14054740965366364,0.05714593827724457,-0.02349270135164261,0.08133935928344727,0.5199999809265137,-0.5360743403434753,0.29425185918807983,-0.8841549158096313,0.6077636480331421,0.45090043544769287,-0.022013314068317413,0.3638637661933899,-0.6512631177902222,-0.29700905084609985,0.846126914024353,0.7090233564376831,-0.42107537388801575,-0.0027878170367330313,-0.26853102445602417
0.0040232050232589245,-0.30356740951538086,0.5742103457450867,-0.028099779039621353,-0.04821856692433357,-0.6724641919136047,0.73802250623703,-0.9763358235359192,0.18498004972934723,-0.11268826574087143,1.1614264249801636,-0.3135899007320404,-0.019050849601626396,-1.035778522491455,-0.12499705702066422,0.10309009253978729,1.2523542642593384,-0.14069223403930664,0.05642911046743393,-0.02337791956961155,0.08150607347488403,0.5199999809265137,-0.5357953906059265,0.29418617486953735,-0.884325385093689,0.6075024604797363,0.4513438940048218,-0.021854132413864136,0.3640424609184265,-0.64896160364151,-0.29708996415138245,0.8460701704025269,0.7083655595779419,-0.4210435152053833,-0.0026407702825963497,-0.2687464952468872
0.00409192219376564,-0.30353790521621704,0.5738732218742371,-0.02799816057085991,-0.04809769243001938,-0.6725623607635498,0.7379448413848877,-0.9773223400115967,0.1854221522808075,-0.11246645450592041,1.1616168022155762,-0.3137468099594116,-0.01884312555193901,-1.0371243953704834,-0.12493693083524704,0.10297075659036636,1.25297212600708,-0.14079590141773224,0.0559237003326416,-0.023321788758039474,0.08144931495189667,0.5199999809265137,-0.5354937314987183,0.2943803668022156,-0.8845686912536621,0.6072104573249817,0.45135098695755005,-0.02187327668070793,0.36409950256347656,-0.6474171876907349,-0.29715418815612793,0.8462449312210083,0.7071399092674255,-0.4209043085575104,-0.002742274198681116,-0.26879793405532837
0.004162017721682787,-0.30351129174232483,0.5736339092254639,-0.027939962223172188,-0.0480349138379097,-0.6726420521736145,0.7378785610198975,-0.9780044555664062,0.1857733428478241,-0.1123758852481842,1.161485195159912,-0.31372302770614624,-0.018892493098974228,-1.0380125045776367,-0.12497417628765106,0.10291752964258194,1.2532061338424683,-0.14078322052955627,0.05573961138725281,-0.023305997252464294,0.08138559013605118,0.5199999809265137,-0.5352777242660522,0.29465240240097046,-0.884954035282135,0.6070640087127686,0.4515368938446045,-0.021855728700757027,0.3641299605369568,-0.6465100049972534,-0.29723015427589417,0.8463913798332214,0.706096887588501,-0.4207926392555237,-0.0028362220618873835,-0.26878249645233154
0.004232101142406464,-0.30348122119903564,0.5734497904777527,-0.027981199324131012,-0.04808231443166733,-0.6727348566055298,0.7377892732620239,-0.9782966375350952,0.18603025376796722,-0.11238729953765869,1.1613867282867432,-0.31369781494140625,-0.018846094608306885,-1.0384414196014404,-0.12496814131736755,0.10296528786420822,1.2534624338150024,-0.14076387882232666,0.05577418953180313,-0.023393943905830383,0.08123321831226349,0.5199999809265137,-0.5351847410202026,0.29491594433784485,-0.8852907419204712,0.6075732111930847,0.45144134759902954,-0.02180834673345089,0.36397409439086914,-0.6461767554283142,-0.2973283529281616,0.8465735912322998,0.7052015662193298,-0.4205753207206726,-0.003087419318035245,-0.26841068267822266
0.004304493311792612,-0.3034588098526001,0.5733039975166321,-0.027969809249043465,-0.048087239265441895,-0.6728388667106628,0.7376945614814758,-0.9785640239715576,0.18629588186740875,-0.11246549338102341,1.161150574684143,-0.3135610818862915,-0.018818914890289307,-1.0388814210891724,-0.1250246912240982,0.1030726283788681,1.2533459663391113,-0.14059458673000336,0.05592314153909683,-0.023401934653520584,0.08099770545959473,0.5199999809265137,-0.5354353785514832,0.2952059209346771,-0.885175347328186,0.6080765128135681,0.45108211040496826,-0.021672889590263367,0.36401134729385376,-0.6461004614830017,-0.2975071966648102,0.8465583324432373,0.7041505575180054,-0.4201474189758301,-0.003292459761723876,-0.26815199851989746
0.004378044046461582,-0.3034447431564331,0.5732190012931824,-0.027902590110898018,-0.048029061406850815,-0.6729272603988647,0.7376202940940857,-0.9788476228713989,0.18654382228851318,-0.11252225935459137,1.160670280456543,-0.3133496642112732,-0.018923435360193253,-1.0393096208572388,-0.12511378526687622,0.10319416224956512,1.2528059482574463,-0.14018571376800537,0.05611232668161392,-0.02342677116394043,0.08099797368049622,0.5199999809265137,-0.5360490679740906,0.29507648944854736,-0.88517165184021,0.6087207794189453,0.45066770911216736,-0.02143440954387188,0.3640052080154419,-0.6465306282043457,-0.29750463366508484,0.8468393087387085,0.7040087580680847,-0.4198918342590332,-0.0031993344891816378,-0.2678854763507843
0.004450889769941568,-0.30343884229660034,0.573192298412323,-0.027798598632216454,-0.0479305237531662,-0.6729733347892761,0.7375885844230652,-0.9791948795318604,0.18685853481292725,-0.11250277608633041,1.1597436666488647,-0.31299030780792236,-0.019042061641812325,-1.039589524269104,-0.12522852420806885,0.10333973169326782,1.251608967781067,-0.13966967165470123,0.05638575181365013,-0.023406513035297394,0.0811239555478096,0.5199999809265137,-0.5367546677589417,0.294938325881958,-0.8848757743835449,0.6091936230659485,0.4503937363624573,-0.02113979682326317,0.36417484283447266,-0.6471067667007446,-0.29761606454849243,0.8467286825180054,0.7040209770202637,-0.41960039734840393,-0.003045485820621252,-0.26790088415145874
0.004524082876741886,-0.3034302592277527,0.5731035470962524,-0.027774563059210777,-0.047919537872076035,-0.6729949712753296,0.7375703454017639,-0.9795118570327759,0.187127947807312,-0.11251083016395569,1.1589816808700562,-0.3126220703125,-0.01932569406926632,-1.0397952795028687,-0.12533549964427948,0.10350427031517029,1.250559687614441,-0.13922636210918427,0.05659642815589905,-0.023309629410505295,0.0814398005604744,0.5199999809265137,-0.5374594926834106,0.2947635054588318,-0.8847949504852295,0.6096705794334412,0.4505031108856201,-0.020751239731907845,0.36425280570983887,-0.6478144526481628,-0.2976784408092499,0.8467140197753906,0.7046463489532471,-0.4196452498435974,-0.0027534309774637222,-0.2679022252559662
0.0045968773774802685,-0.3034103214740753,0.5730568766593933,-0.027820179238915443,-0.04798322170972824,-0.673023521900177,0.7375385165214539,-0.9795891046524048,0.18739262223243713,-0.11253555864095688,1.1583471298217773,-0.3124247193336487,-0.019573502242565155,-1.0396524667739868,-0.12553095817565918,0.10364183783531189,1.2497379779815674,-0.13902777433395386,0.056844908744096756,-0.02318667806684971,0.08167841285467148,0.5199999809265137,-0.5374770164489746,0.29476144909858704,-0.8848326206207275,0.6100172400474548,0.45088252425193787,-0.020522434264421463,0.36412498354911804,-0.6477157473564148,-0.29807212948799133,0.8463863134384155,0.7047576904296875,-0.4196210503578186,-0.002876606769859791,-0.2677415609359741
0.004664857406169176,-0.3033788502216339,0.5731168985366821,-0.028078971430659294,-0.048281729221343994,-0.6730196475982666,0.7375127077102661,-0.9788432121276855,0.18750762939453125,-0.11261165142059326,1.158128261566162,-0.312155544757843,-0.01994396187365055,-1.0385526418685913,-0.12557722628116608,0.10379683971405029,1.2490167617797852,-0.13895179331302643,0.05711419880390167,-0.02353651262819767,0.08140794932842255,0.5199999809265137,-0.5377082228660583,0.2946240305900574,-0.8850228786468506,0.6118617057800293,0.4510096609592438,-0.02015739120543003,0.36363640427589417,-0.6471602320671082,-0.2981604337692261,0.8464037179946899,0.7052421569824219,-0.41954463720321655,-0.0031482523772865534,-0.2673269510269165
0.0047323573380708694,-0.30335095524787903,0.5732415318489075,-0.028309905901551247,-0.04854448139667511,-0.6729837656021118,0.737519383430481,-0.9779013395309448,0.1876283586025238,-0.11277395486831665,1.1574739217758179,-0.3118385374546051,-0.02024764008820057,-1.0374195575714111,-0.12572240829467773,0.10388131439685822,1.2481508255004883,-0.13858866691589355,0.05748903006315231,-0.02374153770506382,0.08112800121307373,0.5199999809265137,-0.5376555323600769,0.29511237144470215,-0.8850092887878418,0.6122819185256958,0.45112213492393494,-0.02025563269853592,0.3632708191871643,-0.6462329030036926,-0.2988792657852173,0.8463219404220581,0.7043609619140625,-0.4193273186683655,-0.0038761356845498085,-0.2666095495223999
0.00479733943939209,-0.3033062219619751,0.5732724666595459,-0.02855766750872135,-0.04881139099597931,-0.6729304790496826,0.7375408411026001,-0.9769649505615234,0.18772032856941223,-0.11297336220741272,1.157228946685791,-0.31204381585121155,-0.02022211253643036,-1.0365016460418701,-0.1259562075138092,0.10390587151050568,1.2479544878005981,-0.13868442177772522,0.057765744626522064,-0.023643359541893005,0.08094927668571472,0.5199999809265137,-0.5372228622436523,0.29574596881866455,-0.8847596645355225,0.6121129393577576,0.4510069489479065,-0.02051611617207527,0.3627285957336426,-0.6452084183692932,-0.2999824285507202,0.8459571003913879,0.7034681439399719,-0.4191664159297943,-0.004578089341521263,-0.26551395654678345
0.004862338770180941,-0.3032713234424591,0.5733457803726196,-0.02872195839881897,-0.0489782989025116,-0.6729077100753784,0.7375441193580627,-0.9761428833007812,0.18784424662590027,-0.11315122246742249,1.156576156616211,-0.31186628341674805,-0.02029305137693882,-1.0357325077056885,-0.12606441974639893,0.10392392426729202,1.2474859952926636,-0.13862434029579163,0.058110661804676056,-0.023639440536499023,0.08065764605998993,0.5199999809265137,-0.5368528962135315,0.2964239716529846,-0.8838058710098267,0.6120092272758484,0.45089930295944214,-0.02040817216038704,0.3625730872154236,-0.6442244648933411,-0.3009108901023865,0.8454513549804688,0.7021475434303284,-0.4191499352455139,-0.005080613773316145,-0.264716237783432
0.004930241499096155,-0.303245484828949,0.5734913349151611,-0.02882082760334015,-0.04906292259693146,-0.6728777289390564,0.7375620603561401,-0.975211501121521,0.1879771500825882,-0.1132480725646019,1.1552057266235352,-0.31146240234375,-0.020235488191246986,-1.0350008010864258,-0.1262315958738327,0.10378148406744003,1.2465990781784058,-0.1382337361574173,0.058475397527217865,-0.023506369441747665,0.0804893746972084,0.5199999809265137,-0.5363122820854187,0.2972458302974701,-0.883111834526062,0.6113083362579346,0.45095205307006836,-0.020542830228805542,0.362425833940506,-0.6433972716331482,-0.3018486797809601,0.8450539112091064,0.7009518146514893,-0.4193182587623596,-0.005441590677946806,-0.2639770805835724
0.004998997785151005,-0.30322009325027466,0.5737340450286865,-0.028964854776859283,-0.0491739884018898,-0.6728180050849915,0.737603485584259,-0.9739810228347778,0.18803517520427704,-0.11330795288085938,1.1536250114440918,-0.31091707944869995,-0.02016334794461727,-1.0338637828826904,-0.12645551562309265,0.10365253686904907,1.2455182075500488,-0.13776914775371552,0.05898591876029968,-0.023213641718029976,0.08059991896152496,0.5199999809265137,-0.5356550216674805,0.2977999746799469,-0.8828572034835815,0.6107515096664429,0.45073288679122925,-0.020992964506149292,0.3617631793022156,-0.6428871750831604,-0.3025694191455841,0.8444885015487671,0.7007947564125061,-0.4192058742046356,-0.005567298270761967,-0.2632841467857361
0.0050703007727861404,-0.3032105565071106,0.5739759206771851,-0.02891995944082737,-0.04907328262925148,-0.6727554202079773,0.737669050693512,-0.9733360409736633,0.18813461065292358,-0.1132567971944809,1.1518526077270508,-0.31010669469833374,-0.020128915086388588,-1.0333521366119385,-0.1266310065984726,0.10348783433437347,1.244370460510254,-0.13712464272975922,0.059228114783763885,-0.02285096049308777,0.08068066835403442,0.5199999809265137,-0.5353861451148987,0.2982918620109558,-0.8828338384628296,0.6101144552230835,0.4505348801612854,-0.021334800869226456,0.36144691705703735,-0.6426977515220642,-0.3029593229293823,0.8443119525909424,0.7006471157073975,-0.4190642237663269,-0.005586234852671623,-0.26305943727493286
0.005143444985151291,-0.3032004237174988,0.5741442441940308,-0.028688877820968628,-0.048758313059806824,-0.6727118492126465,0.7377386689186096,-0.9733802080154419,0.18830977380275726,-0.11301274597644806,1.150235891342163,-0.3096100091934204,-0.01980055868625641,-1.0336028337478638,-0.12686768174171448,0.10321468114852905,1.243596076965332,-0.13683003187179565,0.05907503142952919,-0.02261756733059883,0.08073855936527252,0.5199999809265137,-0.5350276827812195,0.29874032735824585,-0.8828485012054443,0.6084771156311035,0.45023971796035767,-0.021909648552536964,0.3614889979362488,-0.6422651410102844,-0.3034535348415375,0.8440395593643188,0.6998217701911926,-0.41891130805015564,-0.005770246963948011,-0.2632670998573303
0.00521479919552803,-0.30318641662597656,0.5742627382278442,-0.028600262477993965,-0.048577699810266495,-0.6726502776145935,0.7378101944923401,-0.973249077796936,0.18839886784553528,-0.11276023089885712,1.1487847566604614,-0.30894944071769714,-0.019719092175364494,-1.0335924625396729,-0.12693700194358826,0.10295461118221283,1.2430251836776733,-0.13660605251789093,0.05896703898906708,-0.0222465842962265,0.0809750184416771,0.5199999809265137,-0.534780740737915,0.29907792806625366,-0.8833003640174866,0.6075297594070435,0.4503278136253357,-0.022297333925962448,0.36124634742736816,-0.6425244808197021,-0.30379509925842285,0.8440744876861572,0.6999296545982361,-0.4188069701194763,-0.005666443612426519,-0.26332056522369385
0.005286249797791243,-0.30316466093063354,0.5743421316146851,-0.028529489412903786,-0.04843998700380325,-0.6726280450820923,0.7378422021865845,-0.9731290340423584,0.18856292963027954,-0.11247382313013077,1.147413969039917,-0.3083951473236084,-0.019627606496214867,-1.033624529838562,-0.12696528434753418,0.1026240661740303,1.2426079511642456,-0.13650459051132202,0.05885174125432968,-0.02197764441370964,0.08105038106441498,0.5199999809265137,-0.5344342589378357,0.29936712980270386,-0.883551299571991,0.6069084405899048,0.4506292939186096,-0.022507596760988235,0.3612530827522278,-0.6423994302749634,-0.30407917499542236,0.8441522121429443,0.6996692419052124,-0.41881242394447327,-0.005802278406918049,-0.2634868919849396
0.0053597912192344666,-0.30314040184020996,0.5744293332099915,-0.02849343605339527,-0.048367809504270554,-0.6726401448249817,0.7378373742103577,-0.972936749458313,0.18876329064369202,-0.11213292926549911,1.145951747894287,-0.30780911445617676,-0.019478928297758102,-1.0335612297058105,-0.12706729769706726,0.10216355323791504,1.242265224456787,-0.13631296157836914,0.058822594583034515,-0.02174697443842888,0.08132508397102356,0.5199999809265137,-0.5339749455451965,0.29969915747642517,-0.8838742971420288,0.6063185930252075,0.45105135440826416,-0.02276468276977539,0.36106371879577637,-0.6423001289367676,-0.3044617772102356,0.8442368507385254,0.699504017829895,-0.41887861490249634,-0.00593263003975153,-0.2634805738925934
0.005433450452983379,-0.30311518907546997,0.5745064616203308,-0.02845553681254387,-0.04832354187965393,-0.6726784706115723,0.7378067374229431,-0.9729089736938477,0.18891826272010803,-0.11196321249008179,1.1447794437408447,-0.3070942759513855,-0.019498556852340698,-1.033541202545166,-0.12708421051502228,0.10178656131029129,1.242112159729004,-0.13611792027950287,0.058903321623802185,-0.02161048725247383,0.08145836740732193,0.5199999809265137,-0.5336437821388245,0.2998761534690857,-0.8844245672225952,0.6061022281646729,0.45138394832611084,-0.022947892546653748,0.36072373390197754,-0.6422690749168396,-0.3044995367527008,0.8443742990493774,0.6998306512832642,-0.4189351201057434,-0.00591271324083209,-0.2635419964790344
0.005507280118763447,-0.30309081077575684,0.5745621919631958,-0.028359349817037582,-0.04822126403450966,-0.6727318167686462,0.7377684712409973,-0.9731533527374268,0.18905889987945557,-0.11191496253013611,1.1439850330352783,-0.3064208924770355,-0.019696202129125595,-1.033851146697998,-0.12700900435447693,0.10148456692695618,1.2424758672714233,-0.13591177761554718,0.05893075093626976,-0.021516893059015274,0.08154435455799103,0.5199999809265137,-0.533721923828125,0.3000248074531555,-0.8849331140518188,0.605521023273468,0.45124006271362305,-0.023352233693003654,0.3603706359863281,-0.642579972743988,-0.30435600876808167,0.8443868160247803,0.7003375291824341,-0.41873612999916077,-0.005852762144058943,-0.26378828287124634
0.005582720506936312,-0.3030637204647064,0.5746110677719116,-0.02821614407002926,-0.04806952923536301,-0.67279452085495,0.7377267479896545,-0.973580002784729,0.18921881914138794,-0.11190074682235718,1.1435869932174683,-0.3059048652648926,-0.01986256055533886,-1.0343540906906128,-0.12699444591999054,0.10120264440774918,1.2430797815322876,-0.13573865592479706,0.058862872421741486,-0.021472163498401642,0.0813528299331665,0.5199999809265137,-0.5338086485862732,0.3003242611885071,-0.8851251602172852,0.604279100894928,0.450483500957489,-0.024052172899246216,0.3600309491157532,-0.642742931842804,-0.3042294681072235,0.8438431024551392,0.7003081440925598,-0.41807520389556885,-0.005854908376932144,-0.26434561610221863
0.005660716909915209,-0.3030361533164978,0.574655294418335,-0.02811688929796219,-0.04796702414751053,-0.672889232635498,0.7376507520675659,-0.9738279581069946,0.1893903613090515,-0.11194004863500595,1.1432706117630005,-0.3054295778274536,-0.01988011971116066,-1.0347585678100586,-0.12693935632705688,0.10087814182043076,1.2436906099319458,-0.13551416993141174,0.05860273540019989,-0.021496959030628204,0.0805177241563797,0.5199999809265137,-0.5336740016937256,0.30097776651382446,-0.8845206499099731,0.6028558015823364,0.449344277381897,-0.024690579622983932,0.36010438203811646,-0.6423776149749756,-0.30411314964294434,0.8429358601570129,0.6993120312690735,-0.4172446131706238,-0.006080189719796181,-0.26518702507019043
0.00574733829125762,-0.30302202701568604,0.5747880339622498,-0.028121136128902435,-0.047977183014154434,-0.6730117797851562,0.7375381588935852,-0.9732595682144165,0.18961209058761597,-0.11213012039661407,1.1421828269958496,-0.3043389916419983,-0.020182501524686813,-1.0346531867980957,-0.12681324779987335,0.10052628815174103,1.2436609268188477,-0.1347118616104126,0.058957383036613464,-0.021485356613993645,0.07947428524494171,0.5199999809265137,-0.5330144762992859,0.3017590045928955,-0.884724497795105,0.6022529006004333,0.4487583339214325,-0.025132540613412857,0.3598915636539459,-0.6415573954582214,-0.303987056016922,0.8425174951553345,0.698599100112915,-0.41661593317985535,-0.006234406493604183,-0.26570233702659607
0.005838461220264435,-0.30299797654151917,0.5747568607330322,-0.028095964342355728,-0.047943346202373505,-0.6731572151184082,0.7374085783958435,-0.9730000495910645,0.1898781955242157,-0.11241757869720459,1.1418991088867188,-0.30372509360313416,-0.020544758066534996,-1.0351649522781372,-0.1265881061553955,0.10026635974645615,1.2445372343063354,-0.1342500001192093,0.059096258133649826,-0.021516140550374985,0.07820526510477066,0.5199999809265137,-0.5329017639160156,0.3019903302192688,-0.8849844932556152,0.602694034576416,0.4483230710029602,-0.02509509027004242,0.3598634600639343,-0.6409297585487366,-0.3035649061203003,0.8421317338943481,0.698529064655304,-0.4161519408226013,-0.0060709561221301556,-0.2663211226463318
0.005935164634138346,-0.3029558062553406,0.5746018886566162,-0.0281231552362442,-0.047956082969903946,-0.6733322143554688,0.7372469305992126,-0.9727249145507812,0.19022735953330994,-0.11272870004177094,1.1424195766448975,-0.30379247665405273,-0.020645417273044586,-1.0358798503875732,-0.12641072273254395,0.09997574985027313,1.2461791038513184,-0.13426344096660614,0.05924060940742493,-0.021626174449920654,0.07693032175302505,0.5199999809265137,-0.5330585837364197,0.30213114619255066,-0.8851006031036377,0.6034655570983887,0.4481520652770996,-0.024901576340198517,0.3600292205810547,-0.6404514312744141,-0.30328503251075745,0.841397762298584,0.6978846788406372,-0.41550445556640625,-0.006085504777729511,-0.2667662799358368
0.006039241328835487,-0.3029046654701233,0.5742784738540649,-0.028138071298599243,-0.04792149364948273,-0.6735404133796692,0.7370583415031433,-0.9726496934890747,0.1906646341085434,-0.11308258771896362,1.1432526111602783,-0.304287850856781,-0.020538434386253357,-1.037235140800476,-0.1261410415172577,0.09959931671619415,1.2489087581634521,-0.13463889062404633,0.059089165180921555,-0.021368231624364853,0.07564649730920792,0.5199999809265137,-0.5333836674690247,0.30235132575035095,-0.8849647045135498,0.6037542819976807,0.4477856755256653,-0.024681400507688522,0.36009109020233154,-0.640209972858429,-0.3031686842441559,0.8405706882476807,0.6968791484832764,-0.41464412212371826,-0.006037088111042976,-0.2668920159339905
0.006151363719254732,-0.3028528690338135,0.5738751292228699,-0.028122486546635628,-0.047846462577581406,-0.673809826374054,0.7368176579475403,-0.9726134538650513,0.19128930568695068,-0.11333195120096207,1.1443312168121338,-0.3050457239151001,-0.02021181397140026,-1.0390228033065796,-0.12587639689445496,0.09903819859027863,1.2525163888931274,-0.1352771669626236,0.058555230498313904,-0.021047599613666534,0.07435371726751328,0.5199999809265137,-0.5339708924293518,0.3025965392589569,-0.884884774684906,0.6034876108169556,0.44751250743865967,-0.024381007999181747,0.36018937826156616,-0.6401563286781311,-0.3030935227870941,0.8400852084159851,0.6957358121871948,-0.4139692187309265,-0.005972545128315687,-0.2669062614440918
0.006268401630222797,-0.30280840396881104,0.5734352469444275,-0.028200460597872734,-0.047857850790023804,-0.6741114258766174,0.7365378737449646,-0.9721184968948364,0.1920473277568817,-0.1134880855679512,1.1450281143188477,-0.30562543869018555,-0.019832834601402283,-1.0406789779663086,-0.1255437582731247,0.09827558696269989,1.25649094581604,-0.13608767092227936,0.05787932872772217,-0.02075323648750782,0.07297809422016144,0.5199999809265137,-0.5345349907875061,0.3027217984199524,-0.8851141333580017,0.6040980219841003,0.4477576017379761,-0.023798823356628418,0.360215425491333,-0.6401636600494385,-0.30288809537887573,0.8399533033370972,0.6951367855072021,-0.41369709372520447,-0.0058983489871025085,-0.26687362790107727
0.006386283785104752,-0.3027655780315399,0.5729290246963501,-0.028258996084332466,-0.04784630239009857,-0.6744075417518616,0.7362653017044067,-0.9715850949287415,0.19284465909004211,-0.11360973864793777,1.1458667516708374,-0.3063736855983734,-0.01970570720732212,-1.0426249504089355,-0.12509213387966156,0.09748086333274841,1.2615153789520264,-0.13741827011108398,0.05682549625635147,-0.02050083875656128,0.07161770761013031,0.5199999809265137,-0.5357199311256409,0.30239230394363403,-0.8856547474861145,0.6057819128036499,0.44790875911712646,-0.022988446056842804,0.3599388599395752,-0.6408476829528809,-0.3021670877933502,0.8403292894363403,0.6960153579711914,-0.413629949092865,-0.005462421104311943,-0.26668402552604675
0.006503279320895672,-0.30272334814071655,0.5722893476486206,-0.028253182768821716,-0.04772358015179634,-0.6747246980667114,0.7359829545021057,-0.971166729927063,0.19390583038330078,-0.11367373168468475,1.1466889381408691,-0.3074551820755005,-0.019494056701660156,-1.0453746318817139,-0.12459686398506165,0.09655459225177765,1.2681218385696411,-0.13904494047164917,0.055426713079214096,-0.020288653671741486,0.07049882411956787,0.5199999809265137,-0.5368489623069763,0.30220553278923035,-0.8866708278656006,0.6069916486740112,0.44808128476142883,-0.022576823830604553,0.35948777198791504,-0.6420867443084717,-0.3015832006931305,0.8410623073577881,0.6970095634460449,-0.4137072265148163,-0.005314038135111332,-0.2663889527320862
0.00661768764257431,-0.3026830852031708,0.5714696049690247,-0.028314614668488503,-0.04764339327812195,-0.6750621795654297,0.7356761693954468,-0.9706379175186157,0.19521892070770264,-0.113725446164608,1.147559404373169,-0.30840665102005005,-0.01969921961426735,-1.0486376285552979,-0.12380675226449966,0.09553921222686768,1.2765002250671387,-0.14108136296272278,0.05370067432522774,-0.020018205046653748,0.0696031004190445,0.5199999809265137,-0.5379684567451477,0.3021833002567291,-0.8882168531417847,0.6079176068305969,0.4483329653739929,-0.022443795576691628,0.35888051986694336,-0.6442261934280396,-0.3012116253376007,0.8423284292221069,0.698218047618866,-0.41388005018234253,-0.005321361590176821,-0.2659323811531067
0.006729801185429096,-0.3026426434516907,0.5705595016479492,-0.02847713604569435,-0.0476374551653862,-0.6754377484321594,0.7353255152702332,-0.9697502255439758,0.1966927945613861,-0.11381877958774567,1.148245096206665,-0.30928200483322144,-0.020140305161476135,-1.0520044565200806,-0.12289391458034515,0.09440643340349197,1.286137580871582,-0.14337648451328278,0.051914818584918976,-0.01964377984404564,0.0689600482583046,0.5199999809265137,-0.5385187864303589,0.3022031784057617,-0.8897165060043335,0.6084722280502319,0.4486767649650574,-0.022514326497912407,0.35808515548706055,-0.6463326215744019,-0.30120790004730225,0.8432983756065369,0.6998115181922913,-0.41398388147354126,-0.005491980351507664,-0.2654954195022583
0.006838417612016201,-0.3026082515716553,0.5695737600326538,-0.02853877656161785,-0.04752163961529732,-0.6758753657341003,0.7349283695220947,-0.9689939022064209,0.19834426045417786,-0.11403055489063263,1.1487177610397339,-0.3102228045463562,-0.020874235779047012,-1.0559630393981934,-0.1216868981719017,0.09321757405996323,1.2971744537353516,-0.14616818726062775,0.04985976964235306,-0.01902056112885475,0.0685054212808609,0.5199999809265137,-0.5386834740638733,0.3018925189971924,-0.8909761905670166,0.6082825660705566,0.44860905408859253,-0.022664682939648628,0.3574444055557251,-0.6490672826766968,-0.30123886466026306,0.8439986705780029,0.7019757628440857,-0.4137880802154541,-0.005533568561077118,-0.2653026580810547
0.006940981838852167,-0.3025720417499542,0.5685012936592102,-0.028664059937000275,-0.04746801033616066,-0.6763865351676941,0.7344565987586975,-0.9681210517883301,0.2000676840543747,-0.11441385746002197,1.1491572856903076,-0.3111030161380768,-0.021860387176275253,-1.0600074529647827,-0.12015046924352646,0.09212809801101685,1.309464931488037,-0.14939595758914948,0.047625720500946045,-0.018362663686275482,0.0680406242609024,0.5199999809265137,-0.5383622646331787,0.3012828826904297,-0.8918061256408691,0.6083981394767761,0.4483755826950073,-0.02272031456232071,0.356911301612854,-0.651609480381012,-0.30116695165634155,0.8444706201553345,0.7037299871444702,-0.41348952054977417,-0.0059267496690154076,-0.2652483582496643
0.00703856535255909,-0.30254364013671875,0.5675303339958191,-0.028900552541017532,-0.04754641279578209,-0.6769028902053833,0.7339664101600647,-0.9668512940406799,0.20165479183197021,-0.11486338078975677,1.1494297981262207,-0.31182771921157837,-0.02320672944188118,-1.0633231401443481,-0.11853551864624023,0.09116845577955246,1.321819543838501,-0.15272365510463715,0.04547848924994469,-0.017704909667372704,0.06806708872318268,0.5199999809265137,-0.5384531617164612,0.3001355230808258,-0.8927758932113647,0.6099545359611511,0.4480043649673462,-0.022486593574285507,0.3559207320213318,-0.6547482013702393,-0.3007393181324005,0.8451701402664185,0.7071213126182556,-0.41329655051231384,-0.005810963921248913,-0.26503393054008484
0.0071293627843260765,-0.3025256395339966,0.5667737126350403,-0.02908068150281906,-0.04761626943945885,-0.6774221658706665,0.7334755063056946,-0.9655212163925171,0.20300604403018951,-0.11533616483211517,1.1492438316345215,-0.3124085068702698,-0.024804264307022095,-1.0658721923828125,-0.11703945696353912,0.09040412306785583,1.3334147930145264,-0.15637913346290588,0.043350156396627426,-0.016942456364631653,0.0685000941157341,0.5199999809265137,-0.5387129783630371,0.29847443103790283,-0.8939207792282104,0.6120507121086121,0.44769835472106934,-0.022240011021494865,0.3548504114151001,-0.6576745510101318,-0.30000823736190796,0.8457673788070679,0.7113038301467896,-0.41332268714904785,-0.005568990018218756,-0.2650834321975708
0.007209349423646927,-0.3025170564651489,0.5662875175476074,-0.029219651594758034,-0.04772692546248436,-0.6778919100761414,0.7330286502838135,-0.9642336368560791,0.20404382050037384,-0.11580094695091248,1.1489213705062866,-0.3130643665790558,-0.026364382356405258,-1.0673770904541016,-0.11571244895458221,0.08986958861351013,1.3435181379318237,-0.16011394560337067,0.041341349482536316,-0.016312066465616226,0.06909126788377762,0.5199999809265137,-0.5389662981033325,0.2968912124633789,-0.8948216438293457,0.6134011149406433,0.44754379987716675,-0.022160043939948082,0.3537329137325287,-0.6599655151367188,-0.29967543482780457,0.8459000587463379,0.7146093845367432,-0.41338980197906494,-0.005460776854306459,-0.2651323676109314
0.007276738528162241,-0.302520751953125,0.5659810900688171,-0.029210759326815605,-0.04777449741959572,-0.678297221660614,0.7326508164405823,-0.9634039998054504,0.2048012912273407,-0.11620641499757767,1.1483951807022095,-0.31349074840545654,-0.02802957408130169,-1.0683937072753906,-0.11443528532981873,0.089545339345932,1.3523563146591187,-0.16417208313941956,0.03926689922809601,-0.015343809500336647,0.0701153576374054,0.5199999809265137,-0.5394129753112793,0.29522705078125,-0.896070122718811,0.6148918271064758,0.4477151036262512,-0.021914565935730934,0.35258880257606506,-0.6622017621994019,-0.29941704869270325,0.8464985489845276,0.7181963920593262,-0.41360872983932495,-0.005224831402301788,-0.2648792266845703
0.007326111663132906,-0.30252355337142944,0.5658922791481018,-0.029312612488865852,-0.04795532301068306,-0.6785797476768494,0.7323732972145081,-0.9625567197799683,0.20516453683376312,-0.11666151136159897,1.1482093334197998,-0.3139026463031769,-0.029482953250408173,-1.068066120147705,-0.11330489069223404,0.08943192660808563,1.3597017526626587,-0.1685630828142166,0.037624262273311615,-0.014348840340971947,0.07120715826749802,0.5199999809265137,-0.5399280786514282,0.2935449182987213,-0.8970605134963989,0.6169677376747131,0.4478510022163391,-0.021647091954946518,0.35129693150520325,-0.6639614701271057,-0.29924696683883667,0.8470920324325562,0.7219439148902893,-0.4140179753303528,-0.005125709809362888,-0.26433467864990234
0.007363390177488327,-0.30253928899765015,0.5660710334777832,-0.029293743893504143,-0.04801160842180252,-0.6787422299385071,0.7322197556495667,-0.9619156122207642,0.205328106880188,-0.11693404614925385,1.1470201015472412,-0.3138975501060486,-0.030683740973472595,-1.0670915842056274,-0.11229440569877625,0.08939974755048752,1.3649253845214844,-0.17263609170913696,0.03642582520842552,-0.013173655606806278,0.07257085293531418,0.5199999809265137,-0.5394948124885559,0.29229456186294556,-0.897140383720398,0.6163129210472107,0.44801732897758484,-0.02220887318253517,0.35065528750419617,-0.664017379283905,-0.30009567737579346,0.8463976383209229,0.7237057685852051,-0.4143972396850586,-0.0056475503370165825,-0.264148473739624
0.007386050187051296,-0.3025599718093872,0.5663729310035706,-0.02929268218576908,-0.04806523397564888,-0.6787586808204651,0.7322010397911072,-0.9616544246673584,0.2052057981491089,-0.11718934774398804,1.1459051370620728,-0.31357836723327637,-0.03177225962281227,-1.0655293464660645,-0.11128368973731995,0.08971914649009705,1.3685433864593506,-0.17643079161643982,0.03572644293308258,-0.012027710676193237,0.07421865314245224,0.5199999809265137,-0.5392720699310303,0.290944904088974,-0.8971964120864868,0.6156077980995178,0.4482550621032715,-0.022647585719823837,0.34984856843948364,-0.663872480392456,-0.3012637197971344,0.8453751802444458,0.7246162295341492,-0.414701908826828,-0.00607394240796566,-0.26360976696014404
0.007402890361845493,-0.3025856018066406,0.5668236017227173,-0.029253846034407616,-0.04809385538101196,-0.6786466240882874,0.7323046326637268,-0.9618227481842041,0.20494692027568817,-0.11721014976501465,1.1453168392181396,-0.3132040500640869,-0.03212292492389679,-1.0634539127349854,-0.11085083335638046,0.09004595875740051,1.370479941368103,-0.18001428246498108,0.035315416753292084,-0.010941761545836926,0.07599668204784393,0.5199999809265137,-0.5391653180122375,0.28962236642837524,-0.8971576690673828,0.614348292350769,0.4487171769142151,-0.023114485666155815,0.34930574893951416,-0.6629703640937805,-0.3025917410850525,0.8444719314575195,0.7245739698410034,-0.415334552526474,-0.0066550131887197495,-0.2629418969154358
0.007413465995341539,-0.3026174306869507,0.5673510432243347,-0.029174335300922394,-0.04805292934179306,-0.67839515209198,0.7325433492660522,-0.9624671339988708,0.20450277626514435,-0.11713965237140656,1.144782304763794,-0.31275779008865356,-0.032350338995456696,-1.0612245798110962,-0.11074422299861908,0.090549997985363,1.3712565898895264,-0.18319597840309143,0.03519916906952858,-0.010216579772531986,0.07789637893438339,0.5199999809265137,-0.5390584468841553,0.2882792353630066,-0.8973094820976257,0.6123224496841431,0.44969311356544495,-0.023675203323364258,0.348991721868515,-0.66172856092453,-0.30407026410102844,0.8437337875366211,0.7239488363265991,-0.41651779413223267,-0.007360201328992844,-0.26211220026016235
0.00741663109511137,-0.3026486337184906,0.5679744482040405,-0.02904077246785164,-0.04794240742921829,-0.6780291795730591,0.7328946590423584,-0.9635699987411499,0.20383048057556152,-0.117052361369133,1.1446728706359863,-0.31217968463897705,-0.0325019471347332,-1.0588093996047974,-0.11070224642753601,0.09141027927398682,1.37128746509552,-0.18614561855793,0.03552138805389404,-0.009848886169493198,0.08005902916193008,0.5199999809265137,-0.5391462445259094,0.28696221113204956,-0.8971678018569946,0.6098810434341431,0.4508363902568817,-0.024193506687879562,0.34894633293151855,-0.660609245300293,-0.3055098354816437,0.842737078666687,0.723409116268158,-0.4180288314819336,-0.007825709879398346,-0.26149463653564453
0.007415351457893848,-0.3026795983314514,0.568569004535675,-0.02881675399839878,-0.047695938497781754,-0.6776022911071777,0.7333142757415771,-0.9653254747390747,0.20309308171272278,-0.1168494001030922,1.1448845863342285,-0.3116326332092285,-0.03230627626180649,-1.0567772388458252,-0.1108492836356163,0.09252896904945374,1.3706598281860352,-0.18869319558143616,0.03623935952782631,-0.009806565009057522,0.08224697411060333,0.5199999809265137,-0.5394949913024902,0.2860449552536011,-0.8968547582626343,0.6069909334182739,0.45218437910079956,-0.024657946079969406,0.3493862748146057,-0.6593683362007141,-0.30681419372558594,0.8419333100318909,0.721785306930542,-0.4198986887931824,-0.008392889983952045,-0.26107358932495117
0.007417104206979275,-0.302709698677063,0.5691217184066772,-0.028538603335618973,-0.04738090559840202,-0.6771708726882935,0.7337439656257629,-0.9674166440963745,0.2022383064031601,-0.11652761697769165,1.1451910734176636,-0.3110266923904419,-0.03206503763794899,-1.0551501512527466,-0.11121268570423126,0.09382115304470062,1.3698650598526,-0.1906842589378357,0.03724273666739464,-0.010107733309268951,0.08483733981847763,0.5199999809265137,-0.5395910739898682,0.28557366132736206,-0.8964132070541382,0.6036159992218018,0.4536820650100708,-0.025224069133400917,0.3500901460647583,-0.6579506993293762,-0.3084784150123596,0.8410112857818604,0.7195815443992615,-0.4217963218688965,-0.008935663849115372,-0.2607475221157074
0.007418425753712654,-0.30272525548934937,0.5695083737373352,-0.028255734592676163,-0.04700113832950592,-0.6767981648445129,0.7341231107711792,-0.9701365232467651,0.20137181878089905,-0.11603961884975433,1.1458899974822998,-0.3105640411376953,-0.0313362181186676,-1.0541077852249146,-0.11161644756793976,0.0951899066567421,1.3695234060287476,-0.19268928468227386,0.03890459984540939,-0.010518718510866165,0.0875200629234314,0.5199999809265137,-0.5393693447113037,0.28604844212532043,-0.8963534832000732,0.5989766120910645,0.4557743966579437,-0.0259355790913105,0.3509373068809509,-0.6564549803733826,-0.31064775586128235,0.8406057357788086,0.7157465815544128,-0.4238601326942444,-0.009847549721598625,-0.26014646887779236
0.00742398202419281,-0.3027324378490448,0.5697259902954102,-0.027727311477065086,-0.046351101249456406,-0.6764690279960632,0.7344878911972046,-0.9743330478668213,0.2003520429134369,-0.11529749631881714,1.1474597454071045,-0.3103836178779602,-0.030178900808095932,-1.0542792081832886,-0.11202079057693481,0.09697788953781128,1.3696742057800293,-0.19482214748859406,0.04060004651546478,-0.011175708845257759,0.0904693603515625,0.5199999809265137,-0.5388903021812439,0.28689247369766235,-0.8960443735122681,0.5930420756340027,0.4575859606266022,-0.026676315814256668,0.3520912826061249,-0.6549018621444702,-0.3136190176010132,0.8397647142410278,0.710416853427887,-0.42542898654937744,-0.010775664821267128,-0.25987112522125244
0.007439580745995045,-0.30274128913879395,0.569757342338562,-0.02695784531533718,-0.04539431631565094,-0.676233172416687,0.7347934246063232,-0.9801467061042786,0.19927014410495758,-0.11405475437641144,1.1491749286651611,-0.3101500868797302,-0.02839352935552597,-1.0558191537857056,-0.1123868003487587,0.09895698726177216,1.3701115846633911,-0.19682152569293976,0.04250745847821236,-0.011863833293318748,0.09329025447368622,0.5199999809265137,-0.5376952290534973,0.2881819009780884,-0.8954048752784729,0.5853678584098816,0.45971280336380005,-0.027387503534555435,0.3542557954788208,-0.6525014638900757,-0.3174859285354614,0.8394613862037659,0.7007626295089722,-0.42684829235076904,-0.012646185234189034,-0.25974535942077637
0.007470437325537205,-0.30275869369506836,0.5695141553878784,-0.025825485587120056,-0.04398936405777931,-0.6760223507881165,0.7351134419441223,-0.988239586353302,0.19817674160003662,-0.11229518055915833,1.1519536972045898,-0.3104948103427887,-0.02554987370967865,-1.0593737363815308,-0.11280947923660278,0.10120205581188202,1.3711397647857666,-0.1987031102180481,0.04503517970442772,-0.012767324224114418,0.09632796049118042,0.5199999809265137,-0.5353788137435913,0.2908138930797577,-0.8958191871643066,0.5750434398651123,0.4626530408859253,-0.02856513112783432,0.35685598850250244,-0.649037778377533,-0.32328370213508606,0.8394959568977356,0.68745356798172,-0.42825931310653687,-0.014975226484239101,-0.25959324836730957
0.007512533105909824,-0.3027716279029846,0.5688448548316956,-0.024325668811798096,-0.04207359999418259,-0.6758489608764648,0.7354361414909363,-0.99941086769104,0.19677191972732544,-0.11026572436094284,1.1568092107772827,-0.31192877888679504,-0.02178669348359108,-1.0654678344726562,-0.11336255073547363,0.10367665439844131,1.3737579584121704,-0.20076797902584076,0.04920659214258194,-0.013014893047511578,0.0993262305855751,0.5199999809265137,-0.5318081378936768,0.29646509885787964,-0.8965310454368591,0.5590791702270508,0.4661242365837097,-0.030786525458097458,0.360044002532959,-0.6450311541557312,-0.3315580487251282,0.8402549028396606,0.6680303812026978,-0.42990243434906006,-0.018317438662052155,-0.25880712270736694
0.00758148729801178,-0.3028053641319275,0.5679094195365906,-0.022354191169142723,-0.03959828242659569,-0.6757277846336365,0.7357473969459534,-1.0130643844604492,0.1952388733625412,-0.10801531374454498,1.162433385848999,-0.3139679729938507,-0.017816683277487755,-1.0737719535827637,-0.11425206065177917,0.10632076114416122,1.3769327402114868,-0.20304277539253235,0.056026991456747055,-0.012673932127654552,0.10278251022100449,0.5199999809265137,-0.5270927548408508,0.3049244284629822,-0.9003293514251709,0.5364043712615967,0.47124719619750977,-0.034440889954566956,0.3632294535636902,-0.6401956677436829,-0.34273338317871094,0.8433195352554321,0.6430872082710266,-0.4331016540527344,-0.022691411897540092,-0.2572023868560791
0.007680620066821575,-0.3028913736343384,0.5663201212882996,-0.019564662128686905,-0.03611753508448601,-0.6756566166877747,0.7360712289810181,-1.0310826301574707,0.19370560348033905,-0.1055837869644165,1.1693774461746216,-0.31726258993148804,-0.014206565916538239,-1.0865598917007446,-0.1148727536201477,0.10939642786979675,1.3822978734970093,-0.2059231698513031,0.06489001959562302,-0.012500302866101265,0.10625749826431274,0.5199999809265137,-0.5233851075172424,0.31768348813056946,-0.9080841541290283,0.5072652101516724,0.47847554087638855,-0.03917397931218147,0.36687350273132324,-0.6368366479873657,-0.3586038053035736,0.8491920232772827,0.6114596128463745,-0.43724822998046875,-0.02773057483136654,-0.2552186846733093
0.007811699062585831,-0.30307984352111816,0.5639580488204956,-0.015466656535863876,-0.03096231259405613,-0.6756306886672974,0.7364274263381958,-1.055567741394043,0.19252119958400726,-0.10268814861774445,1.1757338047027588,-0.32112666964530945,-0.010915946215391159,-1.1057102680206299,-0.11517845839262009,0.11252526938915253,1.389011025428772,-0.20934981107711792,0.07620017230510712,-0.011121421121060848,0.10894417762756348,0.5199999809265137,-0.5213059186935425,0.33364492654800415,-0.9171574115753174,0.4693823456764221,0.4867570102214813,-0.044467732310295105,0.37472546100616455,-0.634262204170227,-0.3786623775959015,0.8571611642837524,0.5703375339508057,-0.44226208329200745,-0.03368283808231354,-0.2557377219200134
0.0079910634085536,-0.3033772110939026,0.5607078075408936,-0.010344387032091618,-0.024389296770095825,-0.6756290197372437,0.7367656230926514,-1.0865418910980225,0.19186611473560333,-0.09874893724918365,1.1815776824951172,-0.32566994428634644,-0.006643357686698437,-1.1304421424865723,-0.11538413166999817,0.11529229581356049,1.3967562913894653,-0.21417945623397827,0.09039422869682312,-0.008571464568376541,0.11149228364229202,0.5199999809265137,-0.5192697048187256,0.35266417264938354,-0.9280833005905151,0.42390525341033936,0.49642497301101685,-0.050238899886608124,0.387409508228302,-0.6312817335128784,-0.4028450548648834,0.8669743537902832,0.5214776992797852,-0.4483182430267334,-0.04081359878182411,-0.25895261764526367
0.008284000679850578,-0.30395275354385376,0.5570194721221924,-0.0042723543010652065,-0.016457658261060715,-0.6755639314651489,0.7371053695678711,-1.1227896213531494,0.1920059621334076,-0.09377638250589371,1.1843628883361816,-0.32899209856987,-0.0021378586534410715,-1.1590317487716675,-0.11571846157312393,0.11732179671525955,1.4015699625015259,-0.21952681243419647,0.10498766601085663,-0.004287181422114372,0.11210965365171432,0.5199999809265137,-0.5158525109291077,0.37109553813934326,-0.9370071887969971,0.37853312492370605,0.5071431398391724,-0.053561680018901825,0.40683823823928833,-0.6269746422767639,-0.4272964596748352,0.8767008781433105,0.47197258472442627,-0.4553419053554535,-0.04694569855928421,-0.2668302357196808
0.008804664015769958,-0.30509519577026367,0.5534002780914307,0.002330589573830366,-0.007452099118381739,-0.675384521484375,0.7374244332313538,-1.161369800567627,0.1927913874387741,-0.08828602731227875,1.181617259979248,-0.33006352186203003,0.001558337826281786,-1.1886744499206543,-0.11608290672302246,0.1190839484333992,1.402026653289795,-0.2249940186738968,0.11763851344585419,0.0013697792310267687,0.11199361085891724,0.5199999809265137,-0.5144631266593933,0.38532984256744385,-0.9416484236717224,0.3391973376274109,0.5181386470794678,-0.0531940832734108,0.43113234639167786,-0.6257739663124084,-0.44844290614128113,0.8845272064208984,0.42904818058013916,-0.462979793548584,-0.04987916722893715,-0.2792540192604065
0.009702550247311592,-0.3071576952934265,0.5504586696624756,0.008684847503900528,0.0016992896562442183,-0.6750090718269348,0.7377564311027527,-1.1984621286392212,0.19306737184524536,-0.08291839063167572,1.1776835918426514,-0.33043843507766724,0.0048656165599823,-1.215108871459961,-0.11720399558544159,0.12108226120471954,1.4005712270736694,-0.2314487248659134,0.1269092857837677,0.007020294200628996,0.11223846673965454,0.5199999809265137,-0.5133765339851379,0.3951455056667328,-0.9416635036468506,0.3072110414505005,0.5286391973495483,-0.051199283450841904,0.4563635289669037,-0.6252171397209167,-0.46564799547195435,0.8877702951431274,0.39499741792678833,-0.470600426197052,-0.05087520182132721,-0.2943184971809387
0.011078037321567535,-0.3106127977371216,0.5490620136260986,0.014982910826802254,0.01111663319170475,-0.6741905808448792,0.7383217215538025,-1.2314255237579346,0.19219350814819336,-0.079043447971344,1.1737467050552368,-0.3306693732738495,0.0068534500896930695,-1.236191987991333,-0.11939737200737,0.12338806688785553,1.3976402282714844,-0.23964494466781616,0.13242533802986145,0.012597917579114437,0.11135692894458771,0.5199999809265137,-0.5164119601249695,0.3998144268989563,-0.9425227642059326,0.2850114107131958,0.5387777090072632,-0.048366729170084,0.47720521688461304,-0.6267129778862,-0.4776792526245117,0.8909823894500732,0.37493574619293213,-0.47887831926345825,-0.04967113211750984,-0.30812764167785645
0.012865129858255386,-0.3154344856739044,0.5492540597915649,0.020214291289448738,0.01968972757458687,-0.6726548671722412,0.7394181489944458,-1.257569432258606,0.189387708902359,-0.07674583047628403,1.1731995344161987,-0.3314846158027649,0.008710775524377823,-1.2488718032836914,-0.12299548089504242,0.12576770782470703,1.3965811729431152,-0.2509477138519287,0.13305842876434326,0.01815769635140896,0.11015783250331879,0.5199999809265137,-0.5242693424224854,0.3983025550842285,-0.941146731376648,0.2792041301727295,0.5461649298667908,-0.04330457001924515,0.49178311228752136,-0.6320773363113403,-0.4813552498817444,0.8919907808303833,0.37838295102119446,-0.4870789051055908,-0.044739168137311935,-0.31898021697998047
0.014973963610827923,-0.32134810090065,0.5509575605392456,0.024430986493825912,0.027178175747394562,-0.6706947088241577,0.7408326268196106,-1.2765220403671265,0.18550285696983337,-0.07573665678501129,1.175169825553894,-0.3334830403327942,0.010936015285551548,-1.2531800270080566,-0.12746000289916992,0.1283157467842102,1.3959393501281738,-0.264932245016098,0.1295396387577057,0.023875538259744644,0.10808780789375305,0.5199999809265137,-0.5381958484649658,0.39217355847358704,-0.9354862570762634,0.28726500272750854,0.5502212047576904,-0.035929612815380096,0.5010004639625549,-0.6435328125953674,-0.478423148393631,0.8893153071403503,0.4002619981765747,-0.49319490790367126,-0.03626678138971329,-0.3273908495903015
0.017227619886398315,-0.32775530219078064,0.5534419417381287,0.026745865121483803,0.03226472809910774,-0.6684848070144653,0.7425440549850464,-1.2869746685028076,0.18043328821659088,-0.0760352686047554,1.18063485622406,-0.33629730343818665,0.013605764135718346,-1.248565435409546,-0.13226857781410217,0.1308491975069046,1.3978030681610107,-0.281574547290802,0.12374487519264221,0.029426708817481995,0.10533764213323593,0.5199999809265137,-0.5560622215270996,0.3837618827819824,-0.9274710416793823,0.3073798418045044,0.5509132742881775,-0.027727952226996422,0.5050369501113892,-0.6585493683815002,-0.47058260440826416,0.8841102123260498,0.4374648928642273,-0.4961642324924469,-0.026340771466493607,-0.33307012915611267
0.019582204520702362,-0.33438125252723694,0.5569018125534058,0.027066290378570557,0.034707117825746536,-0.6661365628242493,0.7445299625396729,-1.2875258922576904,0.1745932251214981,-0.07680491358041763,1.1869527101516724,-0.3395746946334839,0.0168885700404644,-1.23385751247406,-0.137253999710083,0.1333046555519104,1.3983114957809448,-0.29978692531585693,0.11580410599708557,0.03420408070087433,0.1012086346745491,0.5199999809265137,-0.576744556427002,0.37209075689315796,-0.9157732129096985,0.33677226305007935,0.5475945472717285,-0.01843920722603798,0.5051392912864685,-0.6724846959114075,-0.4580099582672119,0.8757567405700684,0.4871833920478821,-0.4956578016281128,-0.01565084233880043,-0.3366599977016449
0.02205919474363327,-0.34121590852737427,0.562012791633606,0.0252266563475132,0.03442002832889557,-0.6636941432952881,0.7467857599258423,-1.2752591371536255,0.16890737414360046,-0.07673783600330353,1.1900018453598022,-0.3432275950908661,0.02138165384531021,-1.206775426864624,-0.14298281073570251,0.1342751830816269,1.392814040184021,-0.3177123963832855,0.1080985963344574,0.03781457990407944,0.09682993590831757,0.5199999809265137,-0.5970634818077087,0.3577113449573517,-0.909868597984314,0.38273200392723083,0.542513370513916,-0.008794732391834259,0.49829113483428955,-0.6834971904754639,-0.44106316566467285,0.8692347407341003,0.5484399795532227,-0.49254000186920166,-0.0054555353708565235,-0.3358597755432129
0.02476813644170761,-0.3484889268875122,0.5691547989845276,0.021941035985946655,0.03233429789543152,-0.6611325740814209,0.7492508888244629,-1.2523149251937866,0.16347229480743408,-0.0750388503074646,1.186856746673584,-0.3453609347343445,0.026903238147497177,-1.1680331230163574,-0.14921024441719055,0.13346028327941895,1.3789818286895752,-0.3350926637649536,0.0997900739312172,0.041616037487983704,0.09224628657102585,0.5199999809265137,-0.6186031699180603,0.33945003151893616,-0.9047713279724121,0.4402081370353699,0.5334206223487854,0.0006630527786910534,0.48928898572921753,-0.692373514175415,-0.41999080777168274,0.8624826073646545,0.6201189756393433,-0.48621249198913574,0.005065870936959982,-0.33374959230422974
0.027815308421850204,-0.3563774824142456,0.5784410238265991,0.017768817022442818,0.02944336086511612,-0.658369243144989,0.7519091367721558,-1.219114065170288,0.1585220992565155,-0.07078635692596436,1.1762394905090332,-0.3466460108757019,0.03482599928975105,-1.1192421913146973,-0.15507633984088898,0.131062313914299,1.355304479598999,-0.35023027658462524,0.09309352934360504,0.04492472484707832,0.08886198699474335,0.5199999809265137,-0.6361839175224304,0.31809085607528687,-0.9001860618591309,0.503090500831604,0.5211272239685059,0.008067650720477104,0.47973790764808655,-0.6945801377296448,-0.3966255784034729,0.8537488579750061,0.6972732543945312,-0.477851927280426,0.014170156791806221,-0.33130943775177
0.031406935304403305,-0.36516228318214417,0.5903147459030151,0.01342378742992878,0.026537206023931503,-0.6556155681610107,0.7545089721679688,-1.1763173341751099,0.15444828569889069,-0.0637935921549797,1.1554347276687622,-0.3477768898010254,0.0434846431016922,-1.0608911514282227,-0.16069284081459045,0.12608742713928223,1.3188934326171875,-0.3621674180030823,0.08810137212276459,0.04830814525485039,0.08477860689163208,0.5199999809265137,-0.6497143507003784,0.297989159822464,-0.8968865275382996,0.5621222257614136,0.5098570585250854,0.013271581381559372,0.4694250822067261,-0.6885504126548767,-0.3731077313423157,0.8470714092254639,0.770045280456543,-0.4708467423915863,0.0213782899081707,-0.3265649676322937
0.03585519641637802,-0.37518852949142456,0.6042751669883728,0.00827325601130724,0.02292986400425434,-0.6528511047363281,0.7570939064025879,-1.1210625171661377,0.1509617418050766,-0.05421767383813858,1.125555157661438,-0.34892579913139343,0.05514245852828026,-0.9923503398895264,-0.16608640551567078,0.11807218194007874,1.273497223854065,-0.3706941604614258,0.08411908149719238,0.05057414248585701,0.08049993216991425,0.5199999809265137,-0.6556214094161987,0.2816650867462158,-0.8884374499320984,0.6225464344024658,0.49757927656173706,0.01682383380830288,0.4586732089519501,-0.674972653388977,-0.35257670283317566,0.8362144231796265,0.8388323187828064,-0.46225208044052124,0.025752631947398186,-0.31995463371276855
0.041668131947517395,-0.3872472643852234,0.6206924915313721,0.0028361836448311806,0.01920805498957634,-0.6508146524429321,0.7589883804321289,-1.050919771194458,0.14971883594989777,-0.04019351676106453,1.0826364755630493,-0.35212475061416626,0.06999841332435608,-0.9122047424316406,-0.17058971524238586,0.10635098814964294,1.2170859575271606,-0.37717169523239136,0.08180731534957886,0.052729226648807526,0.07711904495954514,0.5199999809265137,-0.6503133177757263,0.26876702904701233,-0.8782366514205933,0.6764267683029175,0.4870626926422119,0.018610017374157906,0.446434885263443,-0.6509724855422974,-0.3634651005268097,0.8210920095443726,0.8993610143661499,-0.45234057307243347,0.02901347354054451,-0.31197282671928406
0.04922361671924591,-0.4019072949886322,0.6380550861358643,-0.004223205614835024,0.01373275462538004,-0.6492071747779846,0.7604759335517883,-0.9644218683242798,0.1471884846687317,-0.024847853928804398,1.030860185623169,-0.35513079166412354,0.08751994371414185,-0.8210449814796448,-0.17463570833206177,0.09208916872739792,1.1573580503463745,-0.3794392943382263,0.08221269398927689,0.05475899577140808,0.07469820976257324,0.517714262008667,-0.6342517733573914,0.26157620549201965,-0.8602668046951294,0.7254663705825806,0.4727490544319153,0.013674328103661537,0.42804986238479614,-0.6209036111831665,-0.37088578939437866,0.798980712890625,0.9547439813613892,-0.4390852451324463,0.026254672557115555,-0.2968733012676239
0.058603785932064056,-0.42022377252578735,0.6569827198982239,-0.011789549142122269,0.007857064716517925,-0.6486523747444153,0.7609529495239258,-0.8635268211364746,0.14484304189682007,-0.0075951432809233665,0.9667260050773621,-0.3586193919181824,0.10671263933181763,-0.7177203893661499,-0.17710518836975098,0.07498208433389664,1.087815523147583,-0.3775031268596649,0.08549954742193222,0.0585453025996685,0.07393977046012878,0.5059950351715088,-0.5998872518539429,0.2629184424877167,-0.833426296710968,0.7629905939102173,0.45702221989631653,0.004749996121972799,0.405012309551239,-0.5813220143318176,-0.3695753514766693,0.7685171365737915,1.0022578239440918,-0.4239721894264221,0.02127796784043312,-0.27764591574668884
0.06939081847667694,-0.4428761601448059,0.6739320158958435,-0.016944196075201035,0.006478064227849245,-0.648773729801178,0.7607651948928833,-0.7592816948890686,0.14275209605693817,0.008442615158855915,0.8932363390922546,-0.3611963391304016,0.12701712548732758,-0.6255382299423218,-0.17593026161193848,0.05979737639427185,1.0251840353012085,-0.3698655664920807,0.09501297771930695,0.06280834227800369,0.08106327056884766,0.46794939041137695,-0.5423466563224792,0.2671544551849365,-0.8072037696838379,0.7899341583251953,0.4420034885406494,-0.007541034370660782,0.38103434443473816,-0.5256547331809998,-0.36512771248817444,0.7369025945663452,1.0417929887771606,-0.4111531376838684,0.015175716951489449,-0.2579773962497711
0.08086499571800232,-0.4692823886871338,0.6894384622573853,-0.020463310182094574,0.007709212601184845,-0.6489923000335693,0.7604807019233704,-0.6525524258613586,0.13951033353805542,0.019980333745479584,0.8110455274581909,-0.36113274097442627,0.14499478042125702,-0.5384751558303833,-0.1711207777261734,0.04821908846497536,0.9627685546875,-0.3570491075515747,0.10595323890447617,0.0681786835193634,0.09158693999052048,0.4115927815437317,-0.4660835266113281,0.27333328127861023,-0.7812943458557129,0.8206312656402588,0.42608642578125,-0.021376341581344604,0.3507998287677765,-0.4600156545639038,-0.35763657093048096,0.7058120965957642,1.0762606859207153,-0.4011143743991852,0.006672421470284462,-0.23562964797019958
0.0922454446554184,-0.4977659285068512,0.7052844166755676,-0.023978251963853836,0.008738674223423004,-0.6487046480178833,0.7606122493743896,-0.5468361377716064,0.13393017649650574,0.024744858965277672,0.7262631058692932,-0.35590097308158875,0.15887503325939178,-0.4618813395500183,-0.16304226219654083,0.04150860756635666,0.9114240407943726,-0.34120383858680725,0.11590805649757385,0.07110366225242615,0.1029827892780304,0.35622361302375793,-0.3891608715057373,0.2813040614128113,-0.7512820363044739,0.8521115779876709,0.4065920114517212,-0.03937150910496712,0.31511059403419495,-0.3962545394897461,-0.3516199290752411,0.6725659370422363,1.1034159660339355,-0.39143335819244385,-0.005810061004012823,-0.21046601235866547
0.10296331346035004,-0.5268295407295227,0.7223370671272278,-0.026536520570516586,0.010534570552408695,-0.6480737328529358,0.7610422372817993,-0.4565231502056122,0.12713971734046936,0.020269596949219704,0.6535756587982178,-0.3510274887084961,0.1685154139995575,-0.4071122407913208,-0.15150809288024902,0.041501082479953766,0.8821694850921631,-0.3264842629432678,0.12523020803928375,0.07131777703762054,0.11547891050577164,0.3077531158924103,-0.32959163188934326,0.2912801504135132,-0.7315172553062439,0.8695026636123657,0.3907274603843689,-0.0566038079559803,0.2850096821784973,-0.343877911567688,-0.34729987382888794,0.647515058517456,1.119694471359253,-0.3824803829193115,-0.018185151740908623,-0.19096693396568298
0.11268675327301025,-0.5552685856819153,0.7354414463043213,-0.028917556628584862,0.012479260563850403,-0.6469250321388245,0.761902928352356,-0.377456396818161,0.12097994983196259,0.010047352872788906,0.5867661237716675,-0.34556400775909424,0.17611932754516602,-0.369894802570343,-0.13633252680301666,0.043417878448963165,0.8692749738693237,-0.3124140799045563,0.13282136619091034,0.07004177570343018,0.12624777853488922,0.2645307779312134,-0.27467894554138184,0.30335336923599243,-0.709114670753479,0.8824145793914795,0.37582170963287354,-0.07181409001350403,0.259735643863678,-0.2969267964363098,-0.34420114755630493,0.6232251524925232,1.124767541885376,-0.3732258379459381,-0.032192617654800415,-0.17563150823116302
0.12125597149133682,-0.5823654532432556,0.7451952695846558,-0.03119163028895855,0.014285902492702007,-0.6452381014823914,0.7632108330726624,-0.3092152178287506,0.11548486351966858,-0.0037115919403731823,0.525092601776123,-0.3391604423522949,0.18187931180000305,-0.3497312664985657,-0.1160709410905838,0.04491942375898361,0.8700339198112488,-0.3011325001716614,0.13635140657424927,0.06517888605594635,0.13709139823913574,0.23143218457698822,-0.2347092479467392,0.31915706396102905,-0.6904297471046448,0.8867722749710083,0.3635847270488739,-0.08549231290817261,0.23921829462051392,-0.2564087510108948,-0.3456808626651764,0.6014954447746277,1.120673418045044,-0.3636983036994934,-0.0463220588862896,-0.1631622314453125
0.12866470217704773,-0.6075175404548645,0.7521113157272339,-0.033358316868543625,0.014954055659472942,-0.6428377032279968,0.7651296257972717,-0.24893751740455627,0.10900315642356873,-0.018223337829113007,0.47087401151657104,-0.33511340618133545,0.18742412328720093,-0.34884217381477356,-0.09334001690149307,0.044052962213754654,0.8761078119277954,-0.28903743624687195,0.13628095388412476,0.05596742033958435,0.14742428064346313,0.2075008898973465,-0.2037152498960495,0.335283100605011,-0.6677020788192749,0.8909169435501099,0.35195663571357727,-0.0958808958530426,0.22531375288963318,-0.21878553926944733,-0.3481408655643463,0.5786710381507874,1.1131093502044678,-0.3542497158050537,-0.05971343815326691,-0.15409553050994873
0.13489334285259247,-0.6302207708358765,0.7564811706542969,-0.034639693796634674,0.014043541625142097,-0.6401500105857849,0.7673400640487671,-0.1965932548046112,0.0995318666100502,-0.034392546862363815,0.42566001415252686,-0.33488428592681885,0.1905229389667511,-0.3605666756629944,-0.07019785046577454,0.04091602936387062,0.8692009449005127,-0.2723584473133087,0.1329500675201416,0.04166588559746742,0.15348100662231445,0.19216445088386536,-0.19088037312030792,0.35209235548973083,-0.6458323001861572,0.8949124813079834,0.34260571002960205,-0.10253734886646271,0.21944549679756165,-0.18806633353233337,-0.34934383630752563,0.5620244741439819,1.103136420249939,-0.3467790484428406,-0.07174832373857498,-0.14767958223819733
0.14007426798343658,-0.6505134105682373,0.7589946985244751,-0.03467189520597458,0.011093917302787304,-0.6365308165550232,0.7703916430473328,-0.14968517422676086,0.08568108081817627,-0.053860168904066086,0.38561177253723145,-0.3355422019958496,0.1903039515018463,-0.37538671493530273,-0.04919801279902458,0.038818564265966415,0.8336905241012573,-0.24644948542118073,0.13166478276252747,0.02639140374958515,0.15497294068336487,0.1845981478691101,-0.1861511617898941,0.37103116512298584,-0.622143030166626,0.9024441242218018,0.3346761167049408,-0.10765976458787918,0.21781879663467407,-0.16928307712078094,-0.35429275035858154,0.5484257936477661,1.088080883026123,-0.3399960398674011,-0.0836094468832016,-0.14285579323768616
0.14455828070640564,-0.6691233515739441,0.7593966722488403,-0.03297066316008568,0.004816900938749313,-0.6313964128494263,0.7747439742088318,-0.11259528994560242,0.06355485320091248,-0.07898605614900589,0.3629800081253052,-0.33973097801208496,0.1855645477771759,-0.3822908401489258,-0.034420374780893326,0.04666430875658989,0.7656816244125366,-0.20952486991882324,0.13514962792396545,0.013458346016705036,0.15059277415275574,0.18498998880386353,-0.1858925223350525,0.38871246576309204,-0.5926880836486816,0.9066234230995178,0.3245469033718109,-0.11301815509796143,0.2221825271844864,-0.15419431030750275,-0.36148279905319214,0.5316935777664185,1.074252724647522,-0.33283278346061707,-0.09289287030696869,-0.14104481041431427
0.1488620638847351,-0.6870867013931274,0.7588005661964417,-0.029844094067811966,-0.0036531768273562193,-0.6240370273590088,0.7808160781860352,-0.0793108269572258,0.03565913811326027,-0.10954292118549347,0.3441486060619354,-0.3425227999687195,0.17829979956150055,-0.38003185391426086,-0.028532899916172028,0.06351735442876816,0.6691343784332275,-0.16302363574504852,0.14489416778087616,-0.000286041758954525,0.14263500273227692,0.19103482365608215,-0.19634194672107697,0.40010595321655273,-0.5712993741035461,0.9117124080657959,0.31593793630599976,-0.11766065657138824,0.22719494998455048,-0.14541126787662506,-0.36934077739715576,0.5168299674987793,1.0684343576431274,-0.32870909571647644,-0.09849622845649719,-0.138895183801651
0.15343883633613586,-0.704811692237854,0.7569166421890259,-0.024689655750989914,-0.014673938974738121,-0.6152389645576477,0.7878172993659973,-0.0526379719376564,0.0006446018815040588,-0.13987472653388977,0.3464674949645996,-0.35010966658592224,0.1696380078792572,-0.3700177073478699,-0.032529380172491074,0.08443349599838257,0.5636072754859924,-0.11050201952457428,0.1556406319141388,-0.014160839840769768,0.12955516576766968,0.2019270658493042,-0.20916034281253815,0.40709513425827026,-0.552712082862854,0.918372631072998,0.3076454997062683,-0.12147722393274307,0.23322880268096924,-0.14141447842121124,-0.38004833459854126,0.4991004765033722,1.0705220699310303,-0.3255411386489868,-0.10071969777345657,-0.13920962810516357
0.15860313177108765,-0.7211896181106567,0.7546179294586182,-0.01889573037624359,-0.02561340481042862,-0.605819046497345,0.7949655652046204,-0.02749568223953247,-0.03470927104353905,-0.16752249002456665,0.3572074770927429,-0.3600804805755615,0.161167711019516,-0.35835641622543335,-0.04112778604030609,0.10437518358230591,0.4669594466686249,-0.060599248856306076,0.16769397258758545,-0.025474010035395622,0.1164797842502594,0.2137652337551117,-0.22337102890014648,0.41051217913627625,-0.5380046367645264,0.9130595922470093,0.29955148696899414,-0.12606903910636902,0.24134886264801025,-0.13890881836414337,-0.39152148365974426,0.4789280891418457,1.0750854015350342,-0.32388532161712646,-0.10095107555389404,-0.1421038806438446
0.16391219198703766,-0.7343025803565979,0.7527590394020081,-0.013688418082892895,-0.034656621515750885,-0.596359372138977,0.801852285861969,-0.0003990195691585541,-0.06347249448299408,-0.18916428089141846,0.3637121915817261,-0.36746472120285034,0.15375381708145142,-0.34632110595703125,-0.04983590170741081,0.11632496118545532,0.38587746024131775,-0.014835318550467491,0.17909929156303406,-0.03552214056253433,0.10567353665828705,0.22176232933998108,-0.2282593548297882,0.40781211853027344,-0.5229755640029907,0.9131116271018982,0.29358264803886414,-0.1280815452337265,0.24795690178871155,-0.13123191893100739,-0.39860403537750244,0.4534330368041992,1.091010332107544,-0.3243398070335388,-0.09774035215377808,-0.14656566083431244
0.16904324293136597,-0.7437982559204102,0.7510286569595337,-0.00851472094655037,-0.04212922602891922,-0.5870887041091919,0.8083808422088623,0.02214706689119339,-0.08794546127319336,-0.19833645224571228,0.3745567500591278,-0.37246885895729065,0.1479075402021408,-0.33478599786758423,-0.05859503149986267,0.11860531568527222,0.322767049074173,0.02217250131070614,0.18492594361305237,-0.04568471759557724,0.09802676737308502,0.22794625163078308,-0.2265186607837677,0.40112560987472534,-0.5118712186813354,0.9145132303237915,0.2905424237251282,-0.12903127074241638,0.2527785897254944,-0.12002643942832947,-0.40314069390296936,0.42797234654426575,1.1108567714691162,-0.32603833079338074,-0.09319764375686646,-0.15247662365436554
0.17382586002349854,-0.7501003742218018,0.7490900754928589,-0.002624903107061982,-0.0485377199947834,-0.5776389241218567,0.8148438334465027,0.0424661822617054,-0.10982882976531982,-0.19660604000091553,0.3938894271850586,-0.3764426112174988,0.14139562845230103,-0.3251219391822815,-0.07028162479400635,0.11314211785793304,0.2742719352245331,0.05106281489133835,0.18937847018241882,-0.05594683438539505,0.09293371438980103,0.23096933960914612,-0.2220197468996048,0.3927202522754669,-0.5088302493095398,0.911521315574646,0.2912974953651428,-0.13055174052715302,0.25480180978775024,-0.10767751932144165,-0.4055934548377991,0.4045858681201935,1.1329798698425293,-0.3286382853984833,-0.08785414695739746,-0.1587522327899933
0.1781071126461029,-0.75419020652771,0.7461746335029602,0.004914056975394487,-0.05494487285614014,-0.5679205656051636,0.8212326765060425,0.05534219741821289,-0.13137011229991913,-0.18511122465133667,0.4317011535167694,-0.3793675899505615,0.13021472096443176,-0.3129238188266754,-0.08818009495735168,0.1041765809059143,0.23512545228004456,0.06977546960115433,0.19055041670799255,-0.06335398554801941,0.08731435239315033,0.2318500578403473,-0.21498574316501617,0.3846389949321747,-0.5110058784484863,0.9065136909484863,0.29559749364852905,-0.13226521015167236,0.2542903423309326,-0.09240244328975677,-0.40668579936027527,0.3840481638908386,1.1556406021118164,-0.33269938826560974,-0.08240716904401779,-0.1638883352279663
0.18209265172481537,-0.7572237253189087,0.746285080909729,0.013257232494652271,-0.06082941219210625,-0.5568198561668396,0.8282968401908875,0.064460389316082,-0.14647553861141205,-0.1648678034543991,0.4774928092956543,-0.37992602586746216,0.11674734205007553,-0.29888439178466797,-0.11231429129838943,0.091538205742836,0.2018512636423111,0.08040967583656311,0.19234944880008698,-0.07004594802856445,0.08145369589328766,0.2292947918176651,-0.20689354836940765,0.37444230914115906,-0.5194123387336731,0.9018491506576538,0.30314570665359497,-0.13402125239372253,0.25091156363487244,-0.07704044133424759,-0.4050005376338959,0.36773553490638733,1.1775569915771484,-0.33872994780540466,-0.07690676301717758,-0.16696015000343323
0.1860334873199463,-0.7602561712265015,0.7488139867782593,0.021964821964502335,-0.06669364869594574,-0.5455429553985596,0.8351361751556396,0.06638272106647491,-0.15524235367774963,-0.134625643491745,0.5340318083763123,-0.3783310055732727,0.10369088500738144,-0.28296881914138794,-0.14195215702056885,0.07224883139133453,0.17363937199115753,0.08637678623199463,0.19172945618629456,-0.07485421001911163,0.07410388439893723,0.22265750169754028,-0.1970386952161789,0.3614627420902252,-0.5287412405014038,0.8984842896461487,0.311980277299881,-0.1349046528339386,0.24629664421081543,-0.06341396272182465,-0.40085795521736145,0.35475000739097595,1.19923734664917,-0.3456341028213501,-0.07020550966262817,-0.16906633973121643
0.19003498554229736,-0.7644111514091492,0.7523789405822754,0.03069438599050045,-0.07194304466247559,-0.5357903242111206,0.8407203555107117,0.06188713759183884,-0.15761101245880127,-0.09739024192094803,0.5989068150520325,-0.3756604492664337,0.09496084600687027,-0.2654557228088379,-0.17195118963718414,0.0438694953918457,0.15364401042461395,0.08508051186800003,0.18487277626991272,-0.07524628192186356,0.06778328865766525,0.2126832902431488,-0.17960584163665771,0.3494662642478943,-0.5388072729110718,0.898475170135498,0.32210826873779297,-0.1355971246957779,0.23765259981155396,-0.05306879058480263,-0.3938181400299072,0.3480711281299591,1.2168406248092651,-0.35200461745262146,-0.06375752389431,-0.16955137252807617
0.1940115988254547,-0.7700741291046143,0.7565516829490662,0.03644239902496338,-0.07182840257883072,-0.5286027193069458,0.8450395464897156,0.04121672362089157,-0.1471831500530243,-0.059611622244119644,0.6676905155181885,-0.35032883286476135,0.08702421188354492,-0.2490733116865158,-0.18671686947345734,0.006075460463762283,0.14289067685604095,0.07493950426578522,0.16567985713481903,-0.06600546091794968,0.07234994322061539,0.19643735885620117,-0.15330858528614044,0.3368588387966156,-0.5452221632003784,0.9117330312728882,0.3311156630516052,-0.13466981053352356,0.2252468466758728,-0.049752071499824524,-0.3863177001476288,0.3471263647079468,1.2327622175216675,-0.3546224534511566,-0.05793801695108414,-0.16744819283485413
0.19816622138023376,-0.7772361040115356,0.7610598206520081,0.0395272858440876,-0.06904426962137222,-0.5242225527763367,0.847856879234314,0.010776467621326447,-0.13122931122779846,-0.023937489837408066,0.728518545627594,-0.31441769003868103,0.08546621352434158,-0.23082640767097473,-0.18869048357009888,-0.02889343351125717,0.1404791623353958,0.05540124699473381,0.1453278511762619,-0.050180330872535706,0.08248210698366165,0.18074935674667358,-0.11769565939903259,0.32428351044654846,-0.5487003922462463,0.9412699341773987,0.3377416431903839,-0.13240663707256317,0.2110997885465622,-0.05749841406941414,-0.38066405057907104,0.3518825173377991,1.23844575881958,-0.35267120599746704,-0.05475851148366928,-0.16621005535125732
0.20265167951583862,-0.7855393886566162,0.765885055065155,0.04163367673754692,-0.06664921343326569,-0.5222777724266052,0.8491469025611877,-0.026358846575021744,-0.11685696244239807,0.009834570810198784,0.7906680107116699,-0.2847251296043396,0.09047961235046387,-0.20798060297966003,-0.18693315982818604,-0.05418241396546364,0.1409766674041748,0.03238080069422722,0.13111458718776703,-0.029666274785995483,0.09077505767345428,0.16803112626075745,-0.07064554840326309,0.3062575161457062,-0.5461388230323792,0.9953786134719849,0.34323182702064514,-0.1287650763988495,0.19552843272686005,-0.0699782595038414,-0.3749031126499176,0.3598421514034271,1.2413257360458374,-0.3487849533557892,-0.053533826023340225,-0.16467463970184326
0.2075386792421341,-0.7946781516075134,0.7709500193595886,0.04411948099732399,-0.06559064239263535,-0.5211101174354553,0.8498209118843079,-0.08503193408250809,-0.10574480891227722,0.04321613535284996,0.8766934871673584,-0.2720786929130554,0.09861475229263306,-0.18094021081924438,-0.18676969408988953,-0.06774947047233582,0.14404308795928955,0.006428663618862629,0.12258367985486984,-0.003858105279505253,0.09612606465816498,0.16281388700008392,-0.02735319919884205,0.29296886920928955,-0.5465540289878845,1.0358614921569824,0.3458724915981293,-0.1280360221862793,0.18377567827701569,-0.09178318083286285,-0.37365254759788513,0.3731817603111267,1.2311537265777588,-0.3430935740470886,-0.053676195442676544,-0.1661497950553894
0.21294543147087097,-0.8047052621841431,0.7759766578674316,0.04518015310168266,-0.06395906209945679,-0.5206567645072937,0.8501673340797424,-0.1575733870267868,-0.09021471440792084,0.07886563986539841,0.9486564993858337,-0.26714301109313965,0.1129685789346695,-0.14783868193626404,-0.18270212411880493,-0.07602406293153763,0.1459517776966095,-0.019234586507081985,0.11844445765018463,0.029685035347938538,0.09987226873636246,0.15949834883213043,0.01433631032705307,0.28066906332969666,-0.5458584427833557,1.0619958639144897,0.3449847102165222,-0.129814013838768,0.17520418763160706,-0.11476785689592361,-0.37227025628089905,0.3885030746459961,1.2203073501586914,-0.339432954788208,-0.05439875274896622,-0.16751715540885925
0.21917462348937988,-0.8159245252609253,0.7799884676933289,0.04442150518298149,-0.061538103967905045,-0.5193777084350586,0.8511677980422974,-0.23041203618049622,-0.06505841761827469,0.10952040553092957,0.9870356917381287,-0.2636008560657501,0.12468232959508896,-0.11362829804420471,-0.17481805384159088,-0.07696276903152466,0.14929409325122833,-0.044122811406850815,0.11934221535921097,0.06273719668388367,0.10177311301231384,0.15930357575416565,0.048088595271110535,0.26876524090766907,-0.5426439046859741,1.085776448249817,0.3420998454093933,-0.1308702826499939,0.1715700328350067,-0.13738827407360077,-0.3702223300933838,0.4039936065673828,1.2064547538757324,-0.3368211090564728,-0.05605475604534149,-0.16978707909584045
0.22677621245384216,-0.8282837867736816,0.782869815826416,0.042015984654426575,-0.058599453419446945,-0.5150529146194458,0.8541201949119568,-0.29178619384765625,-0.03421151265501976,0.13733124732971191,0.9878528118133545,-0.2590802311897278,0.13752004504203796,-0.07809682190418243,-0.16490992903709412,-0.07694345712661743,0.1517324298620224,-0.06627854704856873,0.12304876744747162,0.09432696551084518,0.10186473280191422,0.15945205092430115,0.07237266004085541,0.25455421209335327,-0.5337462425231934,1.1137653589248657,0.33902376890182495,-0.12958979606628418,0.17211011052131653,-0.15456540882587433,-0.3627627193927765,0.42011064291000366,1.1949318647384644,-0.33695679903030396,-0.057956513017416,-0.17075251042842865
0.23601195216178894,-0.8415189981460571,0.7848095297813416,0.03908776491880417,-0.05549239367246628,-0.506270706653595,0.8596991896629333,-0.34235483407974243,-0.004411868751049042,0.16844454407691956,0.9576749205589294,-0.2550576329231262,0.1534687876701355,-0.0394107922911644,-0.15626385807991028,-0.0801260769367218,0.1486627161502838,-0.08512067794799805,0.1279360055923462,0.12540051341056824,0.1004176065325737,0.16236646473407745,0.0889899805188179,0.23659706115722656,-0.520199179649353,1.1546132564544678,0.33675307035446167,-0.1259382963180542,0.17318470776081085,-0.17238643765449524,-0.3546673059463501,0.43483906984329224,1.1912798881530762,-0.33834028244018555,-0.0590495839715004,-0.1699642390012741
0.24723634123802185,-0.8557465076446533,0.7856394052505493,0.03458879142999649,-0.051349617540836334,-0.49431079626083374,0.867077648639679,-0.37916436791419983,0.02199587970972061,0.20342803001403809,0.8847885131835938,-0.2423924207687378,0.17059087753295898,0.0008915234357118607,-0.14470668137073517,-0.08767230063676834,0.14191772043704987,-0.10063706338405609,0.13265638053417206,0.15729278326034546,0.10119719058275223,0.16785958409309387,0.0990896224975586,0.21891283988952637,-0.5032729506492615,1.1947290897369385,0.33190444111824036,-0.12282092124223709,0.17567867040634155,-0.19555988907814026,-0.34537479281425476,0.4480136036872864,1.192699909210205,-0.33906179666519165,-0.05994125455617905,-0.17001312971115112
0.26104795932769775,-0.8710864186286926,0.7847281098365784,0.026657717302441597,-0.04501819238066673,-0.48153790831565857,0.8748622536659241,-0.39413130283355713,0.04689723998308182,0.23972965776920319,0.7660247087478638,-0.21559208631515503,0.18487770855426788,0.03927137702703476,-0.1248352974653244,-0.09920720756053925,0.13552922010421753,-0.11549282819032669,0.13481488823890686,0.18822279572486877,0.10992996394634247,0.17174670100212097,0.10109168291091919,0.20415692031383514,-0.48788973689079285,1.2235651016235352,0.3258393704891205,-0.11988489329814911,0.1802237331867218,-0.21750390529632568,-0.3332207500934601,0.45972803235054016,1.1985684633255005,-0.3405650854110718,-0.05946951359510422,-0.171162411570549
0.27801522612571716,-0.8878225684165955,0.7819114923477173,0.01313059777021408,-0.036866676062345505,-0.4710584878921509,0.8812333941459656,-0.388542115688324,0.07398577034473419,0.2752021551132202,0.6143831610679626,-0.17637038230895996,0.1952088624238968,0.0791960060596466,-0.09159466624259949,-0.11337734758853912,0.13273727893829346,-0.1302938163280487,0.1331610530614853,0.22102421522140503,0.12717194855213165,0.1738976240158081,0.09813998639583588,0.19517824053764343,-0.4692228436470032,1.2409902811050415,0.3183225095272064,-0.11734458804130554,0.18529939651489258,-0.2399342954158783,-0.31791067123413086,0.4704936742782593,1.2077720165252686,-0.3430666923522949,-0.05811090022325516,-0.1720116138458252
0.29771631956100464,-0.905771791934967,0.7776739597320557,-0.002494168933480978,-0.029125869274139404,-0.4627186059951782,0.8860231637954712,-0.3757765293121338,0.10371646285057068,0.30888399481773376,0.46539896726608276,-0.13306550681591034,0.1978197693824768,0.12122371792793274,-0.05540057644248009,-0.12519697844982147,0.1341620683670044,-0.1464075893163681,0.12818661332130432,0.2531599700450897,0.14564698934555054,0.17584049701690674,0.08908498287200928,0.19264331459999084,-0.45047426223754883,1.2480194568634033,0.3110993504524231,-0.11411801725625992,0.19137048721313477,-0.2637197971343994,-0.30360838770866394,0.48015403747558594,1.2171733379364014,-0.34607046842575073,-0.055492907762527466,-0.1749654859304428
0.31912416219711304,-0.9239797592163086,0.7726743817329407,-0.016409974545240402,-0.02261771447956562,-0.45402851700782776,0.8905488848686218,-0.3643592894077301,0.13259220123291016,0.3402866721153259,0.3410496115684509,-0.09157779067754745,0.19371777772903442,0.16197985410690308,-0.026425302028656006,-0.13248120248317719,0.13636676967144012,-0.16236791014671326,0.12199339270591736,0.28085312247276306,0.16102290153503418,0.1797959804534912,0.07305972278118134,0.19104215502738953,-0.438120037317276,1.2504167556762695,0.306607723236084,-0.10898201167583466,0.19740918278694153,-0.28795185685157776,-0.2902573347091675,0.48918336629867554,1.2261440753936768,-0.35017281770706177,-0.050916288048028946,-0.18012113869190216
0.3416418433189392,-0.9415559768676758,0.7674421668052673,-0.027199890464544296,-0.017062101513147354,-0.44331425428390503,0.8957909941673279,-0.3543280065059662,0.15478137135505676,0.3705980181694031,0.24827028810977936,-0.05678410828113556,0.1893952488899231,0.19877439737319946,-0.007191328331828117,-0.13932591676712036,0.1411694884300232,-0.17715586721897125,0.11709928512573242,0.3035002648830414,0.17043536901474,0.18076205253601074,0.058432646095752716,0.18882210552692413,-0.42699235677719116,1.2537554502487183,0.30439335107803345,-0.10214953124523163,0.20180340111255646,-0.308328241109848,-0.27731436491012573,0.49509239196777344,1.2336156368255615,-0.35419607162475586,-0.045742396265268326,-0.18557646870613098
0.3654869794845581,-0.9580915570259094,0.7621635794639587,-0.03422139957547188,-0.011626754887402058,-0.4301397204399109,0.90203857421875,-0.34460991621017456,0.16695921123027802,0.3986011743545532,0.1889985203742981,-0.031471848487854004,0.18717342615127563,0.22987595200538635,0.0007945331744849682,-0.14911553263664246,0.14934054017066956,-0.1903439164161682,0.1160198375582695,0.3192148208618164,0.1747889518737793,0.1759893298149109,0.0439750961959362,0.1848520040512085,-0.4197532534599304,1.2626616954803467,0.30445119738578796,-0.09384281188249588,0.2037745714187622,-0.32625338435173035,-0.26433655619621277,0.5014974474906921,1.2416112422943115,-0.35903918743133545,-0.03973564878106117,-0.19046136736869812
0.39111876487731934,-0.9736576080322266,0.7567121982574463,-0.03880847990512848,-0.005862278398126364,-0.41473686695098877,0.909094512462616,-0.33098268508911133,0.16962449252605438,0.4218684434890747,0.15630733966827393,-0.018542958423495293,0.18981048464775085,0.25493255257606506,0.0004392711853142828,-0.16317231953144073,0.1681489646434784,-0.1995844542980194,0.12014274299144745,0.32731884717941284,0.17579501867294312,0.16068992018699646,0.02927059307694435,0.17945291101932526,-0.4152398705482483,1.2700128555297852,0.30562159419059753,-0.08689460158348083,0.20429860055446625,-0.3338885009288788,-0.2536260485649109,0.5080705881118774,1.2500864267349243,-0.3660215735435486,-0.0344947874546051,-0.19330808520317078
0.4185238778591156,-0.9884418249130249,0.7506422400474548,-0.044449806213378906,-1.8830243789125234e-05,-0.39690709114074707,0.9167818427085876,-0.3104252219200134,0.1682165563106537,0.4298827052116394,0.13387885689735413,-0.01669062115252018,0.196147620677948,0.2684168517589569,-0.0013741020811721683,-0.17549380660057068,0.21902212500572205,-0.2005816102027893,0.13063545525074005,0.3300439417362213,0.17957140505313873,0.13662540912628174,0.01849205791950226,0.17247426509857178,-0.40975433588027954,1.2788972854614258,0.30589839816093445,-0.08202259242534637,0.1993614137172699,-0.329954594373703,-0.24463187158107758,0.5130587220191956,1.2589517831802368,-0.3739701211452484,-0.03138381242752075,-0.19081655144691467
0.44713130593299866,-1.0023796558380127,0.7434328198432922,-0.051586542278528214,0.004579928237944841,-0.377628356218338,0.9245077967643738,-0.2843107581138611,0.1657543182373047,0.4178290367126465,0.11573930084705353,-0.02286059409379959,0.20197458565235138,0.2704324424266815,-0.0020799182821065187,-0.1806984841823578,0.2975478172302246,-0.1936313360929489,0.14294308423995972,0.32935377955436707,0.1863037645816803,0.10828246176242828,0.009368707425892353,0.16586577892303467,-0.40824320912361145,1.2849382162094116,0.3064531981945038,-0.07892543822526932,0.19022613763809204,-0.31906309723854065,-0.23719380795955658,0.5179728269577026,1.2658133506774902,-0.379575252532959,-0.03046257421374321,-0.1842031180858612
0.47625720500946045,-1.0151207447052002,0.747704029083252,-0.05709785968065262,0.007742105517536402,-0.35512977838516235,0.9330395460128784,-0.2549026608467102,0.15583643317222595,0.3916096091270447,0.09818191826343536,-0.034352079033851624,0.20884546637535095,0.24776902794837952,-0.0063064140267670155,-0.18082691729068756,0.407613605260849,-0.1738978922367096,0.1547650247812271,0.3251238465309143,0.18875902891159058,0.0814117044210434,-0.0032972022891044617,0.16146768629550934,-0.4082087576389313,1.2884358167648315,0.3053710460662842,-0.0765400305390358,0.1788584589958191,-0.3042587637901306,-0.2313806563615799,0.5203881859779358,1.2723503112792969,-0.38114434480667114,-0.03237174078822136,-0.1754923015832901
0.5048714876174927,-1.0263060331344604,0.7527929544448853,-0.058592233806848526,0.009348291903734207,-0.32748332619667053,0.9429921507835388,-0.22544986009597778,0.13388176262378693,0.34641948342323303,0.08138687908649445,-0.049557968974113464,0.21345867216587067,0.196265310049057,-0.017501749098300934,-0.17160344123840332,0.5256495475769043,-0.14456897974014282,0.15950748324394226,0.3125985860824585,0.18369990587234497,0.060628604143857956,-0.02437468431890011,0.16097745299339294,-0.41409534215927124,1.2896744012832642,0.30722516775131226,-0.07420691102743149,0.16539376974105835,-0.2934386730194092,-0.22629991173744202,0.5237711668014526,1.2749552726745605,-0.3819948732852936,-0.03647608309984207,-0.16659322381019592
0.5321590900421143,-1.0357903242111206,0.7565504312515259,-0.060382213443517685,0.007908103056252003,-0.2934510111808777,0.9540324211120605,-0.1941799372434616,0.11017905175685883,0.27824681997299194,0.06934144347906113,-0.06862454116344452,0.2156549096107483,0.12082074582576752,-0.0235765278339386,-0.1545182168483734,0.642337441444397,-0.12747304141521454,0.1525641828775406,0.29142987728118896,0.18367387354373932,0.051225513219833374,-0.056852787733078,0.16684259474277496,-0.42649486660957336,1.281843900680542,0.3111228346824646,-0.07162657380104065,0.15451352298259735,-0.29096388816833496,-0.22841034829616547,0.5256790518760681,1.2684855461120605,-0.3778349757194519,-0.041650980710983276,-0.160167396068573
0.5570381283760071,-1.0439462661743164,0.7596086263656616,-0.06300421804189682,0.003739679465070367,-0.2557314932346344,0.9646853804588318,-0.15930670499801636,0.09125976264476776,0.1982685923576355,0.05819278582930565,-0.08679402619600296,0.2124651074409485,0.04497456178069115,-0.01990417018532753,-0.13576006889343262,0.734555721282959,-0.1298678070306778,0.14166323840618134,0.2693660259246826,0.18912313878536224,0.04772515222430229,-0.08793183416128159,0.17420119047164917,-0.44173941016197205,1.270914077758789,0.3162742257118225,-0.06946225464344025,0.14569054543972015,-0.2922479510307312,-0.22974319756031036,0.5302422046661377,1.2595725059509277,-0.37238264083862305,-0.04700981080532074,-0.15346147119998932
0.5792543888092041,-1.0508003234863281,0.7626767158508301,-0.06552817672491074,-0.0025723224971443415,-0.21278592944145203,0.9748956561088562,-0.11909154802560806,0.07581605017185211,0.11472807079553604,0.04451911896467209,-0.10122810304164886,0.20623943209648132,-0.04009398818016052,-0.007279609329998493,-0.11594977974891663,0.8063002824783325,-0.1471230685710907,0.13064776360988617,0.24181221425533295,0.1976955384016037,0.05077667534351349,-0.11797653883695602,0.1754922717809677,-0.4611867070198059,1.259675145149231,0.3207617700099945,-0.06682218611240387,0.13860543072223663,-0.2904084622859955,-0.23010432720184326,0.5325998663902283,1.2500630617141724,-0.36373257637023926,-0.052083730697631836,-0.1466803103685379
0.5985208749771118,-1.0565681457519531,0.76520836353302,-0.06696140021085739,-0.00979551300406456,-0.16583804786205292,0.9838281869888306,-0.07754525542259216,0.06264005601406097,0.032614272087812424,0.03216829523444176,-0.11614289879798889,0.19901466369628906,-0.12360812723636627,0.0108580831438303,-0.0942162349820137,0.8477331399917603,-0.16800224781036377,0.12327274680137634,0.207617849111557,0.20767530798912048,0.05851016193628311,-0.14693394303321838,0.17131628096103668,-0.48502016067504883,1.2493574619293213,0.3257696330547333,-0.06392912566661835,0.131846621632576,-0.2861585319042206,-0.23012083768844604,0.5330174565315247,1.2404184341430664,-0.3522602319717407,-0.05612192302942276,-0.1393706053495407
0.614974319934845,-1.061840295791626,0.7670390605926514,-0.06689242273569107,-0.017501596361398697,-0.11406566202640533,0.9910641312599182,-0.03787924721837044,0.05074575915932655,-0.04937922954559326,0.022898808121681213,-0.13148562610149384,0.18900084495544434,-0.194318026304245,0.030913541093468666,-0.06288276612758636,0.8437114953994751,-0.18072468042373657,0.12573741376399994,0.16976314783096313,0.21860896050930023,0.0706918016076088,-0.17918094992637634,0.16313807666301727,-0.5186959505081177,1.2373453378677368,0.33494505286216736,-0.06177012622356415,0.12406115978956223,-0.27866265177726746,-0.23032115399837494,0.5351080894470215,1.232776403427124,-0.34135615825653076,-0.05871068313717842,-0.1296314299106598
0.6303957104682922,-1.066455602645874,0.7678194046020508,-0.06189855933189392,-0.024653363972902298,-0.05646189674735069,0.9961791038513184,0.0013369042426347733,0.030854618176817894,-0.12866240739822388,0.01988557167351246,-0.15101292729377747,0.1799294799566269,-0.24354910850524902,0.04104574769735336,-0.021833404898643494,0.7728404998779297,-0.16800841689109802,0.13581529259681702,0.12899652123451233,0.2216719537973404,0.08396203815937042,-0.21283993124961853,0.1555151343345642,-0.5531964898109436,1.2190797328948975,0.3442462086677551,-0.0611087791621685,0.11831341683864594,-0.2687409520149231,-0.23385679721832275,0.5366843938827515,1.2195069789886475,-0.33226555585861206,-0.06099352240562439,-0.1196548342704773
0.6464594006538391,-1.0702186822891235,0.7676287293434143,-0.050891440361738205,-0.03051862120628357,0.003755836747586727,0.9982306957244873,0.04045920819044113,0.0032428596168756485,-0.20935098826885223,0.02180153876543045,-0.17401687800884247,0.16834460198879242,-0.26607900857925415,0.03299936652183533,0.03133820369839668,0.6506327390670776,-0.13272547721862793,0.15396443009376526,0.08918361365795135,0.21341800689697266,0.09843020141124725,-0.25499773025512695,0.14716656506061554,-0.5907971262931824,1.194880723953247,0.35279351472854614,-0.06216481328010559,0.1145334541797638,-0.26071640849113464,-0.23907408118247986,0.536104679107666,1.2148505449295044,-0.3265780806541443,-0.05895368009805679,-0.10944095999002457
0.6642038822174072,-1.0725953578948975,0.7661236524581909,-0.03568747639656067,-0.03476029634475708,0.060894764959812164,0.996900200843811,0.07891181856393814,-0.026600882411003113,-0.2857082486152649,0.027533486485481262,-0.19967986643314362,0.15760886669158936,-0.2761712670326233,0.006760885007679462,0.08736661076545715,0.5077675580978394,-0.08415291458368301,0.17764773964881897,0.04872841387987137,0.19554080069065094,0.11237189173698425,-0.3056809902191162,0.13908426463603973,-0.6347916126251221,1.1567076444625854,0.36088448762893677,-0.0664454847574234,0.11529693007469177,-0.2522571086883545,-0.24910306930541992,0.5375891923904419,1.204900860786438,-0.32470905780792236,-0.05702900514006615,-0.10043279081583023
0.6833353042602539,-1.0730394124984741,0.7639794945716858,-0.019604764878749847,-0.03812258318066597,0.11266564577817917,0.9927077889442444,0.11862079799175262,-0.05097412317991257,-0.3535783290863037,0.03530285134911537,-0.22555573284626007,0.14640982449054718,-0.282378226518631,-0.028183724731206894,0.13265390694141388,0.3763929009437561,-0.03322172909975052,0.1998836100101471,0.008802704513072968,0.17284709215164185,0.12882889807224274,-0.3434602618217468,0.13263653218746185,-0.6722114086151123,1.1410167217254639,0.37054353952407837,-0.06699725985527039,0.11446291208267212,-0.2455502301454544,-0.25992563366889954,0.5409849882125854,1.2010725736618042,-0.32950276136398315,-0.05360892415046692,-0.08977227658033371
0.7032372355461121,-1.0713582038879395,0.7617061138153076,-0.004947205539792776,-0.040313150733709335,0.15749043226242065,0.9866849184036255,0.15948551893234253,-0.06674373149871826,-0.40694791078567505,0.04489795118570328,-0.25008460879325867,0.1344376504421234,-0.287387877702713,-0.06231430545449257,0.16339944303035736,0.26969125866889954,0.013291334733366966,0.2167857587337494,-0.028042098507285118,0.15024136006832123,0.1425279974937439,-0.3537185788154602,0.12835687398910522,-0.6898568868637085,1.1587414741516113,0.37867817282676697,-0.06448386609554291,0.11292161792516708,-0.23868215084075928,-0.2645074725151062,0.5412308573722839,1.209477186203003,-0.33732694387435913,-0.048832762986421585,-0.0818035826086998
0.7233343720436096,-1.0678112506866455,0.7591838836669922,0.006999550387263298,-0.04057440906763077,0.19476471841335297,0.9799854159355164,0.19606178998947144,-0.07547164708375931,-0.44456052780151367,0.058847349137067795,-0.27454209327697754,0.12381838262081146,-0.2901645302772522,-0.08864359557628632,0.18305283784866333,0.19239433109760284,0.05038265138864517,0.22624599933624268,-0.058135755360126495,0.13120205700397491,0.15197141468524933,-0.345201700925827,0.126315176486969,-0.6925652623176575,1.1897832155227661,0.3841734230518341,-0.06256212294101715,0.1132841557264328,-0.2332175374031067,-0.2651318907737732,0.5430662035942078,1.2196810245513916,-0.3461989760398865,-0.04525906592607498,-0.07725589722394943
0.7441442012786865,-1.062932014465332,0.7563084959983826,0.016620025038719177,-0.03840593621134758,0.22375907003879547,0.9737456440925598,0.2237738072872162,-0.07899222522974014,-0.46744304895401,0.08337037265300751,-0.3002479672431946,0.10970813035964966,-0.28687965869903564,-0.10623784363269806,0.19453094899654388,0.1448552906513214,0.07615797221660614,0.22908462584018707,-0.08076928555965424,0.1174570769071579,0.15532024204730988,-0.32654938101768494,0.1266435980796814,-0.6839321255683899,1.224554419517517,0.38645610213279724,-0.060570187866687775,0.11483137309551239,-0.22467553615570068,-0.2663566470146179,0.5442181825637817,1.2313416004180908,-0.3531858026981354,-0.041521430015563965,-0.07391860336065292
0.7675279378890991,-1.0577011108398438,0.753253161907196,0.02738790586590767,-0.03373607620596886,0.24320748448371887,0.9690004587173462,0.23107637465000153,-0.08695825189352036,-0.46710288524627686,0.14941513538360596,-0.32412755489349365,0.08416840434074402,-0.27149248123168945,-0.11986418068408966,0.19947421550750732,0.1186894029378891,0.09082648158073425,0.2241862267255783,-0.09151943027973175,0.10258492827415466,0.14771191775798798,-0.29399341344833374,0.13053590059280396,-0.6618550419807434,1.2617188692092896,0.38429903984069824,-0.05864464491605759,0.11636382341384888,-0.21170440316200256,-0.2699575424194336,0.5461505651473999,1.240702509880066,-0.35833868384361267,-0.038636624813079834,-0.06997029483318329
0.7947734594345093,-1.0530223846435547,0.7486602663993835,0.041843269020318985,-0.026484401896595955,0.25446316599845886,0.9658137559890747,0.19074662029743195,-0.10616116225719452,-0.42679423093795776,0.31229284405708313,-0.3386811912059784,0.04000534862279892,-0.24482500553131104,-0.1379692703485489,0.19461873173713684,0.1057039126753807,0.08630378544330597,0.20812076330184937,-0.09229359030723572,0.07981744408607483,0.13585563004016876,-0.25758811831474304,0.13520389795303345,-0.6358131170272827,1.2934587001800537,0.373599112033844,-0.056005075573921204,0.11879812926054001,-0.1993260234594345,-0.2713462710380554,0.5512241125106812,1.2479617595672607,-0.3617734909057617,-0.03625790774822235,-0.06466038525104523
0.8240563869476318,-1.049045205116272,0.7553659081459045,0.04801834747195244,-0.017008580267429352,0.2626194953918457,0.963553786277771,0.1299184113740921,-0.09588368237018585,-0.3594282865524292,0.455571711063385,-0.3016124963760376,0.005289582535624504,-0.2201024889945984,-0.13953061401844025,0.16724848747253418,0.10053737461566925,0.06485702842473984,0.18732471764087677,-0.09154608845710754,0.07305688410997391,0.12259754538536072,-0.23152674734592438,0.140732541680336,-0.6123657822608948,1.3107731342315674,0.35876747965812683,-0.05226839333772659,0.12303216755390167,-0.18670889735221863,-0.2756619453430176,0.5526794791221619,1.2522649765014648,-0.362354576587677,-0.034007478505373,-0.05813456326723099
0.8540898561477661,-1.0453426837921143,0.7649855017662048,0.05469011887907982,-0.008209570311009884,0.2684987187385559,0.9616912007331848,0.0469931922852993,-0.07996530830860138,-0.27582183480262756,0.6004846096038818,-0.27681827545166016,0.001972667872905731,-0.1896357238292694,-0.13876892626285553,0.13394874334335327,0.09818125516176224,0.035707809031009674,0.16923721134662628,-0.08112511038780212,0.06696972250938416,0.11402562260627747,-0.20877677202224731,0.14468608796596527,-0.5923689603805542,1.314931035041809,0.3434043824672699,-0.04956343397498131,0.12797905504703522,-0.1755927950143814,-0.28097403049468994,0.5540087819099426,1.2526843547821045,-0.361288458108902,-0.032061100006103516,-0.05282801017165184
0.8832883238792419,-1.0411272048950195,0.7734205722808838,0.06181231513619423,-0.002046662149950862,0.2717532813549042,0.9603776931762695,-0.04432132467627525,-0.0579204261302948,-0.1872011125087738,0.7260024547576904,-0.2742754817008972,0.022267114371061325,-0.15076206624507904,-0.13901573419570923,0.10191331803798676,0.09575958549976349,0.004948709160089493,0.15669779479503632,-0.06417913734912872,0.060825414955616,0.11085866391658783,-0.18724772334098816,0.14762668311595917,-0.5781993865966797,1.3117314577102661,0.3316577076911926,-0.04950757324695587,0.13240723311901093,-0.16545447707176208,-0.28509721159935,0.5559043884277344,1.2545547485351562,-0.3603408932685852,-0.029979493468999863,-0.048913393169641495
0.9100345969200134,-1.035876989364624,0.7796252369880676,0.06608638912439346,0.0012724698754027486,0.2716936469078064,0.9601112008094788,-0.13731150329113007,-0.027342453598976135,-0.10414590686559677,0.8232661485671997,-0.28471261262893677,0.0501406267285347,-0.10861934721469879,-0.13596032559871674,0.07500395178794861,0.09226922690868378,-0.022323381155729294,0.14947019517421722,-0.04148496314883232,0.058560796082019806,0.1102375015616417,-0.17135725915431976,0.1533186435699463,-0.5658350586891174,1.298073172569275,0.31997400522232056,-0.05240178108215332,0.1372423768043518,-0.1576048731803894,-0.290255606174469,0.5568995475769043,1.2525193691253662,-0.3570806384086609,-0.028871089220046997,-0.04609496891498566
0.9342572689056396,-1.0292539596557617,0.7838718891143799,0.06682553142309189,0.00255006505176425,0.2691899538040161,0.9607625603675842,-0.22531065344810486,0.008576292544603348,-0.0314752534031868,0.8905831575393677,-0.297059565782547,0.0769617110490799,-0.06755203008651733,-0.13085949420928955,0.05236669257283211,0.09248991310596466,-0.04688089340925217,0.14490580558776855,-0.01567535102367401,0.06032174825668335,0.11144411563873291,-0.1552126258611679,0.1614837944507599,-0.5519312620162964,1.2763116359710693,0.3079674541950226,-0.05744769796729088,0.14047449827194214,-0.14950604736804962,-0.29581794142723083,0.5551415085792542,1.2475112676620483,-0.3515932261943817,-0.028533905744552612,-0.04386671632528305
0.9567121863365173,-1.021070957183838,0.7866451740264893,0.06394670158624649,0.001528450520709157,0.2639695703983307,0.9624077081680298,-0.2945736348628998,0.044476162642240524,0.02738722413778305,0.8819224834442139,-0.29478490352630615,0.09920021891593933,-0.0226889755576849,-0.12230931967496872,0.03779464215040207,0.0913991630077362,-0.0659913569688797,0.1453864872455597,0.010258985683321953,0.06827586889266968,0.11431022733449936,-0.12978576123714447,0.16834932565689087,-0.5331506729125977,1.2619297504425049,0.2963164448738098,-0.06366388499736786,0.14028257131576538,-0.1450345814228058,-0.2979479730129242,0.5505263805389404,1.2436299324035645,-0.34384846687316895,-0.02979511022567749,-0.04234999790787697
0.97947096824646,-1.010198950767517,0.786989688873291,0.05425730347633362,-0.0016371102537959814,0.2581530213356018,0.964577853679657,-0.3238125145435333,0.07337991148233414,0.08369751274585724,0.7585954070091248,-0.25867170095443726,0.12034428119659424,0.028349759057164192,-0.10261447727680206,0.024526821449398994,0.08857259154319763,-0.08513262122869492,0.14612756669521332,0.038346949964761734,0.08765918016433716,0.11957715451717377,-0.09319940954446793,0.1735721230506897,-0.5056071281433105,1.264136552810669,0.286690354347229,-0.07007815688848495,0.13399994373321533,-0.14623476564884186,-0.3010725677013397,0.5370989441871643,1.2394236326217651,-0.32826071977615356,-0.03371044993400574,-0.041461095213890076
1.0031534433364868,-0.9974926710128784,0.7844445705413818,0.03889254480600357,-0.007291816174983978,0.2519664168357849,0.966926634311676,-0.3304104804992676,0.10595063865184784,0.12800651788711548,0.5959340333938599,-0.20476092398166656,0.13230779767036438,0.08050090074539185,-0.07181374728679657,0.014436685480177402,0.09558022767305374,-0.10982772707939148,0.1388644278049469,0.06571043282747269,0.11810198426246643,0.12863373756408691,-0.05480016767978668,0.17946654558181763,-0.47058165073394775,1.2700382471084595,0.27699509263038635,-0.07571491599082947,0.12548990547657013,-0.14869637787342072,-0.30783259868621826,0.5139163732528687,1.2311429977416992,-0.30680394172668457,-0.03762231394648552,-0.04299390688538551
1.0276875495910645,-0.9838787913322449,0.7798790335655212,0.022381974384188652,-0.014225130900740623,0.2449515163898468,0.9691725969314575,-0.3354075849056244,0.14020876586437225,0.15835848450660706,0.45102459192276,-0.15305039286613464,0.13637307286262512,0.13125111162662506,-0.04030466079711914,0.011425366625189781,0.11102661490440369,-0.13524296879768372,0.12741951644420624,0.09316955506801605,0.1486658751964569,0.1407112032175064,-0.015666889026761055,0.18267956376075745,-0.4395698010921478,1.2780672311782837,0.26897314190864563,-0.07900947332382202,0.11557381600141525,-0.15517613291740417,-0.31218382716178894,0.4931725561618805,1.2217657566070557,-0.2878776490688324,-0.03864950314164162,-0.047388024628162384
1.0526190996170044,-0.9698034524917603,0.7738833427429199,0.008025172166526318,-0.02234909124672413,0.23587845265865326,0.971492350101471,-0.34635618329048157,0.17730794847011566,0.17607343196868896,0.33754250407218933,-0.1054481714963913,0.1322912573814392,0.18051740527153015,-0.016186438500881195,0.019331175833940506,0.13525423407554626,-0.16144728660583496,0.1168273538351059,0.11960484087467194,0.1745368093252182,0.15538528561592102,0.01948695071041584,0.18338647484779358,-0.41241681575775146,1.2825617790222168,0.26321855187416077,-0.08041257411241531,0.10793116688728333,-0.16341707110404968,-0.3175429105758667,0.4730318784713745,1.2106800079345703,-0.27288681268692017,-0.03708258643746376,-0.05632386356592178
1.0771632194519043,-0.955612063407898,0.76695716381073,-0.002471180632710457,-0.03065449930727482,0.22642873227596283,0.9735421538352966,-0.3637802004814148,0.2092036008834839,0.18744680285453796,0.25475215911865234,-0.06434275954961777,0.12565593421459198,0.22540874779224396,-0.001370876096189022,0.03379080817103386,0.17108505964279175,-0.18913990259170532,0.10834363102912903,0.14443181455135345,0.19289520382881165,0.17165705561637878,0.04729904979467392,0.1838216632604599,-0.3885246217250824,1.2779427766799927,0.2590699791908264,-0.08103647828102112,0.10539188981056213,-0.17020192742347717,-0.3243817985057831,0.4559483528137207,1.1943492889404297,-0.26369261741638184,-0.03550819680094719,-0.069019615650177
1.100414752960205,-0.941941499710083,0.7599314451217651,-0.00752298953011632,-0.037908416241407394,0.2191154956817627,0.9749332070350647,-0.3884141445159912,0.22766858339309692,0.1965027153491974,0.19920703768730164,-0.03082439862191677,0.12016463279724121,0.2636934816837311,0.004011721815913916,0.05001620948314667,0.21444645524024963,-0.21635064482688904,0.1015087217092514,0.16645370423793793,0.20349714159965515,0.18600840866565704,0.06630657613277435,0.1817225217819214,-0.3692820370197296,1.264155626296997,0.2545569837093353,-0.08114751428365707,0.10863517224788666,-0.17408360540866852,-0.3305496275424957,0.44248613715171814,1.1753541231155396,-0.2600115239620209,-0.03415437042713165,-0.08456841111183167
1.1222490072250366,-0.9287596940994263,0.7528518438339233,-0.009009883739054203,-0.043857935816049576,0.21462155878543854,0.9756705164909363,-0.41340988874435425,0.236305832862854,0.20418310165405273,0.16274787485599518,-0.0033092722296714783,0.11508652567863464,0.2938597798347473,0.0035138074308633804,0.06333468109369278,0.2616233229637146,-0.24279999732971191,0.09742425382137299,0.18205754458904266,0.2090635746717453,0.19698846340179443,0.07443568855524063,0.17886778712272644,-0.35619547963142395,1.2439295053482056,0.2514568865299225,-0.08097711205482483,0.11572031676769257,-0.17466621100902557,-0.33583685755729675,0.43167370557785034,1.1584289073944092,-0.2622224688529968,-0.03308611735701561,-0.10111124813556671
1.1436364650726318,-0.9150125980377197,0.7450628876686096,-0.01046195812523365,-0.049342602491378784,0.21195299923419952,0.97597736120224,-0.43132007122039795,0.2431153506040573,0.2067756950855255,0.14166736602783203,0.019181257113814354,0.10933899879455566,0.31660088896751404,0.003475095611065626,0.07246102392673492,0.3139392137527466,-0.26821771264076233,0.0949334055185318,0.19295601546764374,0.21331492066383362,0.20606888830661774,0.07584484666585922,0.1767253428697586,-0.3465149402618408,1.222947120666504,0.2505488395690918,-0.08049020171165466,0.12392017990350723,-0.17371602356433868,-0.33864885568618774,0.4239896535873413,1.1432981491088867,-0.26849088072776794,-0.03342554718255997,-0.11564796417951584
1.1655528545379639,-0.8996951580047607,0.736216127872467,-0.013878150843083858,-0.05558920279145241,0.21001525223255157,0.9760178923606873,-0.43393674492836,0.2553604543209076,0.20341259241104126,0.13479912281036377,0.03554515168070793,0.1011614054441452,0.33792978525161743,0.005477470811456442,0.0787314623594284,0.36489078402519226,-0.2894273102283478,0.09461484849452972,0.200910747051239,0.2213154435157776,0.2098362147808075,0.07855955511331558,0.17589643597602844,-0.34148040413856506,1.2056642770767212,0.2526569068431854,-0.07960467785596848,0.13308322429656982,-0.16770797967910767,-0.33909937739372253,0.42173486948013306,1.1308221817016602,-0.27670592069625854,-0.034425459802150726,-0.12816351652145386
1.188181757926941,-0.8829456567764282,0.7268242239952087,-0.013539847917854786,-0.056034281849861145,0.2090015709400177,0.9762147068977356,-0.4490812420845032,0.2547885775566101,0.1938558667898178,0.16078850626945496,0.03979576379060745,0.09920784085988998,0.33657515048980713,-0.005523683503270149,0.07337040454149246,0.4413245916366577,-0.31419146060943604,0.0981309711933136,0.20123988389968872,0.2138439118862152,0.20941320061683655,0.06808372586965561,0.1779952198266983,-0.3348889648914337,1.2028870582580566,0.2560356855392456,-0.07602940499782562,0.13683652877807617,-0.169610857963562,-0.33615440130233765,0.4238715171813965,1.124804139137268,-0.28635939955711365,-0.035522449761629105,-0.13327904045581818
1.2117538452148438,-0.8647822737693787,0.7167780995368958,-0.009837131015956402,-0.05438227578997612,0.20729811489582062,0.9767155647277832,-0.478159099817276,0.2468733787536621,0.17465084791183472,0.22455346584320068,0.02811620756983757,0.10378103703260422,0.316480815410614,-0.022911369800567627,0.06808285415172577,0.5440875291824341,-0.3386548161506653,0.10315431654453278,0.197658970952034,0.2011304497718811,0.2100386768579483,0.0550808385014534,0.18069539964199066,-0.33292460441589355,1.197033166885376,0.2591039836406708,-0.07403089851140976,0.14302751421928406,-0.17402717471122742,-0.33072131872177124,0.4322563707828522,1.1173142194747925,-0.29536765813827515,-0.03794822841882706,-0.13851961493492126
1.235703945159912,-0.8464255928993225,0.7061200141906738,-0.001736172242090106,-0.050135593861341476,0.20361608266830444,0.9777647256851196,-0.529984712600708,0.22909891605377197,0.1466170847415924,0.34337472915649414,-0.00804462656378746,0.11449423432350159,0.2807365357875824,-0.04710642248392105,0.0663696825504303,0.6617002487182617,-0.36846667528152466,0.10691221803426743,0.19234894216060638,0.18182282149791718,0.21141871809959412,0.040920015424489975,0.18682409822940826,-0.3352521061897278,1.181546688079834,0.2649117708206177,-0.07255357503890991,0.15327167510986328,-0.18036125600337982,-0.32487744092941284,0.44788819551467896,1.1047943830490112,-0.305467814207077,-0.04163099825382233,-0.1437835693359375
1.2581799030303955,-0.8295692205429077,0.69464111328125,0.009301578626036644,-0.04523228853940964,0.19812020659446716,0.9790893197059631,-0.6010609865188599,0.20545263588428497,0.11734697222709656,0.49504441022872925,-0.05549783632159233,0.12417332082986832,0.23448029160499573,-0.07255078852176666,0.06942330300807953,0.7864627242088318,-0.4082721471786499,0.1076282411813736,0.19071730971336365,0.15938512980937958,0.2214018702507019,0.024104326963424683,0.19355756044387817,-0.34357720613479614,1.155333399772644,0.27263209223747253,-0.07107388228178024,0.16633576154708862,-0.19268585741519928,-0.3190774917602539,0.4668682813644409,1.0928457975387573,-0.3137319087982178,-0.04516950622200966,-0.1490236520767212
1.2768213748931885,-0.815514087677002,0.6842992305755615,0.020767882466316223,-0.04164791479706764,0.19311361014842987,0.9800720810890198,-0.6745258569717407,0.183307483792305,0.09086224436759949,0.6404273509979248,-0.09839771687984467,0.12559263408184052,0.19346928596496582,-0.09468220174312592,0.07674472033977509,0.8904193639755249,-0.45190924406051636,0.10730975866317749,0.1882181465625763,0.13933371007442474,0.23616257309913635,0.006445381790399551,0.2001352608203888,-0.35955172777175903,1.1213350296020508,0.28446832299232483,-0.07017823308706284,0.17983660101890564,-0.20490866899490356,-0.31396111845970154,0.48866400122642517,1.0775851011276245,-0.32217520475387573,-0.04934181272983551,-0.15251213312149048
1.290528655052185,-0.8043607473373413,0.6754953265190125,0.030121635645627975,-0.03881222754716873,0.19000647962093353,0.9805528521537781,-0.737392246723175,0.1669570505619049,0.06973107159137726,0.7451989650726318,-0.12295068800449371,0.11925264447927475,0.16182994842529297,-0.11094799637794495,0.08969639241695404,0.9680030345916748,-0.4925645589828491,0.1098422259092331,0.18845531344413757,0.12803874909877777,0.25050246715545654,-0.014833793975412846,0.20478470623493195,-0.37632739543914795,1.0837147235870361,0.2979518175125122,-0.068906269967556,0.18929538130760193,-0.21696904301643372,-0.31120166182518005,0.5012385845184326,1.0763821601867676,-0.32768791913986206,-0.04955439269542694,-0.1544766128063202
1.299312949180603,-0.7961533665657043,0.6674344539642334,0.037928689271211624,-0.036414120346307755,0.18920649588108063,0.9805286526679993,-0.7949516177177429,0.1527664214372635,0.052909303456544876,0.8248097896575928,-0.13735970854759216,0.10880085825920105,0.1377723067998886,-0.12398659437894821,0.10522617399692535,1.029090404510498,-0.5307895541191101,0.11077980697154999,0.1917436122894287,0.12079286575317383,0.2685602903366089,-0.040241774171590805,0.20852622389793396,-0.3933560848236084,1.047013759613037,0.3107757568359375,-0.06661607325077057,0.19682475924491882,-0.23319274187088013,-0.3095032572746277,0.5095758438110352,1.0793840885162354,-0.3306193947792053,-0.04880226403474808,-0.157174751162529
1.3040921688079834,-0.7907503843307495,0.6588808298110962,0.04553934559226036,-0.0336771123111248,0.18984365463256836,0.9801793098449707,-0.8552396297454834,0.13837817311286926,0.04088311642408371,0.9035621881484985,-0.15093843638896942,0.0959959328174591,0.11989019811153412,-0.13808920979499817,0.12183518707752228,1.0829787254333496,-0.5677521228790283,0.11259928345680237,0.1912769228219986,0.11414345353841782,0.28846147656440735,-0.0696580559015274,0.2107221931219101,-0.41391903162002563,1.0137007236480713,0.32244932651519775,-0.06400464475154877,0.2025776207447052,-0.25199002027511597,-0.3088991343975067,0.5173524022102356,1.0843751430511475,-0.33226609230041504,-0.04743959382176399,-0.15976151823997498
1.3071200847625732,-0.7870112061500549,0.650112509727478,0.05335916578769684,-0.030255531892180443,0.19152358174324036,0.9795693755149841,-0.9174658060073853,0.12385711073875427,0.03276978060603142,0.9836310148239136,-0.16647572815418243,0.08167780935764313,0.1076040267944336,-0.1544140875339508,0.13894028961658478,1.1295897960662842,-0.6031609773635864,0.118263378739357,0.18873292207717896,0.10845374315977097,0.30828285217285156,-0.09998131543397903,0.2139964997768402,-0.4350288510322571,0.9810787439346313,0.3332512676715851,-0.062136754393577576,0.20757609605789185,-0.275075227022171,-0.31204187870025635,0.5229565501213074,1.086169958114624,-0.33200111985206604,-0.04592005908489227,-0.16376370191574097
1.310375452041626,-0.7837623953819275,0.6401166915893555,0.06111373007297516,-0.026579368859529495,0.1937587857246399,0.9787830114364624,-0.9803668260574341,0.11050000786781311,0.029521776363253593,1.0658526420593262,-0.1853296458721161,0.06944446265697479,0.10228490829467773,-0.17266102135181427,0.15452523529529572,1.1730387210845947,-0.6370885968208313,0.12704434990882874,0.1837652623653412,0.10222646594047546,0.32422423362731934,-0.12476931512355804,0.21893402934074402,-0.4567030072212219,0.9599483609199524,0.3443078398704529,-0.05961417406797409,0.20935586094856262,-0.29491180181503296,-0.31618037819862366,0.5274734497070312,1.0867501497268677,-0.3315120041370392,-0.044240422546863556,-0.16713908314704895
1.314719557762146,-0.7803485989570618,0.6292015910148621,0.0685807392001152,-0.022563563659787178,0.19549794495105743,0.9780430197715759,-1.042224645614624,0.09776913374662399,0.029287446290254593,1.149195671081543,-0.20798024535179138,0.06019022315740585,0.10113134980201721,-0.19173114001750946,0.1680368036031723,1.2145805358886719,-0.6690348982810974,0.13908812403678894,0.17712222039699554,0.09501566737890244,0.33702683448791504,-0.15207377076148987,0.24279071390628815,-0.4814920425415039,0.9347748756408691,0.35590294003486633,-0.05894143879413605,0.2119908481836319,-0.31250321865081787,-0.3212375342845917,0.5360168218612671,1.0788103342056274,-0.33132046461105347,-0.044307172298431396,-0.17020753026008606
1.3202136754989624,-0.7765936851501465,0.6171217560768127,0.07496816664934158,-0.01814485527575016,0.1960572898387909,0.9775541424751282,-1.0967986583709717,0.08611223101615906,0.02928461879491806,1.2204126119613647,-0.22921404242515564,0.051583219319581985,0.10395418107509613,-0.2100873738527298,0.18041157722473145,1.2544769048690796,-0.6971988677978516,0.15417951345443726,0.17060162127017975,0.08822844922542572,0.3457126021385193,-0.1757757067680359,0.2807278037071228,-0.5060078501701355,0.9106130599975586,0.3676145076751709,-0.05876842141151428,0.21288785338401794,-0.3249163329601288,-0.32842162251472473,0.5429847836494446,1.068774700164795,-0.330310583114624,-0.04433663934469223,-0.17205676436424255
1.3266150951385498,-0.7722809314727783,0.6044440269470215,0.07949395477771759,-0.012886078096926212,0.1957433968782425,0.9773429036140442,-1.1381868124008179,0.0754331573843956,0.026860972866415977,1.2685468196868896,-0.24466437101364136,0.042812738567590714,0.10941758006811142,-0.22615793347358704,0.1930798888206482,1.2897591590881348,-0.7202916145324707,0.17085886001586914,0.1657596230506897,0.0824071615934372,0.35193580389022827,-0.19527584314346313,0.32216835021972656,-0.5322849154472351,0.8926590085029602,0.37837791442871094,-0.05795816704630852,0.2106996476650238,-0.3342771828174591,-0.3350633680820465,0.5492419004440308,1.0612995624542236,-0.32801365852355957,-0.04313968867063522,-0.17222952842712402
1.3335833549499512,-0.767511248588562,0.5918835401535034,0.08219952136278152,-0.00729145435616374,0.19397211074829102,0.9775300025939941,-1.1686533689498901,0.06497980654239655,0.0221097394824028,1.2975447177886963,-0.2548089325428009,0.03518784046173096,0.1170358955860138,-0.24039611220359802,0.20591682195663452,1.3182586431503296,-0.7386459708213806,0.18746741116046906,0.1635143756866455,0.07727744430303574,0.35654181241989136,-0.20875880122184753,0.3596971035003662,-0.5559503436088562,0.8814404010772705,0.38688814640045166,-0.05616455152630806,0.20695562660694122,-0.3403617739677429,-0.3388686776161194,0.5545200705528259,1.0555161237716675,-0.3243194818496704,-0.04171118140220642,-0.1713205873966217
1.3408243656158447,-0.762596607208252,0.5792058110237122,0.08376089483499527,-0.0015666139079257846,0.1907939910888672,0.9780486822128296,-1.1925580501556396,0.05457475036382675,0.015078423544764519,1.315913200378418,-0.260797381401062,0.028508968651294708,0.12520258128643036,-0.25434014201164246,0.21758508682250977,1.3434998989105225,-0.7533605098724365,0.20148493349552155,0.1647912859916687,0.07093816995620728,0.3614770770072937,-0.21684864163398743,0.38896074891090393,-0.5737008452415466,0.8741891384124756,0.3931752145290375,-0.053489282727241516,0.20434238016605377,-0.3437677025794983,-0.33897364139556885,0.5603047013282776,1.0496366024017334,-0.32032594084739685,-0.04064873233437538,-0.16963517665863037
1.347882628440857,-0.7580345869064331,0.5682498216629028,0.08514769375324249,0.003725167131051421,0.1867726743221283,0.9786991477012634,-1.2088764905929565,0.04446198791265488,0.006209755316376686,1.3268260955810547,-0.2657158374786377,0.022204678505659103,0.1329156458377838,-0.2690916657447815,0.22636795043945312,1.3619332313537598,-0.7641915678977966,0.21347898244857788,0.16697858273983002,0.06396587938070297,0.36368584632873535,-0.21855320036411285,0.40804654359817505,-0.586885929107666,0.8696533441543579,0.3989119827747345,-0.0502813495695591,0.2014831155538559,-0.34134483337402344,-0.33697375655174255,0.5655961632728577,1.0471264123916626,-0.3172430992126465,-0.039051637053489685,-0.16484326124191284
1.3543431758880615,-0.7541329860687256,0.5600897073745728,0.08657040446996689,0.00847970973700285,0.18255585432052612,0.9793400764465332,-1.216387391090393,0.036305688321590424,-0.0037145204842090607,1.3268303871154785,-0.26653048396110535,0.015045964159071445,0.13924682140350342,-0.28490573167800903,0.2332955300807953,1.3713966608047485,-0.7695305347442627,0.2236931025981903,0.17188936471939087,0.05536670982837677,0.3644768297672272,-0.2164757251739502,0.41704505681991577,-0.5951238870620728,0.8690005540847778,0.40326863527297974,-0.046416014432907104,0.1986001431941986,-0.33686450123786926,-0.33365392684936523,0.5693365931510925,1.0486286878585815,-0.31427863240242004,-0.03708953410387039,-0.1578378677368164
1.36041259765625,-0.7509121298789978,0.5538147687911987,0.08748409897089005,0.012404660694301128,0.17781323194503784,0.9800893664360046,-1.2183456420898438,0.030680540949106216,-0.013244258239865303,1.3246805667877197,-0.26628023386001587,0.008287928998470306,0.14545755088329315,-0.2999334931373596,0.23725062608718872,1.3744162321090698,-0.7719756364822388,0.22989331185817719,0.17797577381134033,0.04563450068235397,0.3629275858402252,-0.21070465445518494,0.4166575074195862,-0.5995614528656006,0.8736773729324341,0.4047132432460785,-0.04219567030668259,0.19673959910869598,-0.3303016722202301,-0.32661569118499756,0.5727099180221558,1.053842306137085,-0.31128615140914917,-0.03489251434803009,-0.1505647897720337
1.365989089012146,-0.7483116388320923,0.5497158169746399,0.08758565038442612,0.015767443925142288,0.17219863831996918,0.9810340404510498,-1.212791919708252,0.027346760034561157,-0.02341141551733017,1.3176870346069336,-0.2656136751174927,0.0014780950732529163,0.14934517443180084,-0.3137228488922119,0.2379729449748993,1.3718039989471436,-0.770789623260498,0.232564777135849,0.18387751281261444,0.03581983968615532,0.3598129451274872,-0.2061137557029724,0.4110530912876129,-0.6037304401397705,0.8822003602981567,0.4050901532173157,-0.03793903812766075,0.1956881880760193,-0.32531291246414185,-0.3190559446811676,0.576878547668457,1.0638660192489624,-0.30910736322402954,-0.03238658234477043,-0.14319007098674774
1.3709410429000854,-0.7464292645454407,0.5488033890724182,0.08712785691022873,0.018195584416389465,0.1656845510005951,0.9821538925170898,-1.2035748958587646,0.025901030749082565,-0.03271158039569855,1.3070844411849976,-0.2651352882385254,-0.004241622053086758,0.15114441514015198,-0.32432815432548523,0.2357383668422699,1.3616918325424194,-0.7667882442474365,0.2312936633825302,0.19247746467590332,0.02610504813492298,0.36027202010154724,-0.20323386788368225,0.40353432297706604,-0.605884850025177,0.8944671154022217,0.4048118591308594,-0.034043505787849426,0.19756382703781128,-0.32562172412872314,-0.31247344613075256,0.5817248821258545,1.07478666305542,-0.3068966865539551,-0.030959583818912506,-0.137689471244812
1.3755682706832886,-0.745146632194519,0.5517762303352356,0.08612501621246338,0.019906561821699142,0.1589260995388031,0.9833253622055054,-1.18867826461792,0.026891449466347694,-0.040433019399642944,1.289182186126709,-0.2635759115219116,-0.00920175015926361,0.1508234739303589,-0.3315625786781311,0.2308129072189331,1.3416194915771484,-0.759043276309967,0.22692617774009705,0.20193344354629517,0.018767111003398895,0.3611646592617035,-0.2004353404045105,0.39371761679649353,-0.6037655472755432,0.9046209454536438,0.4025351405143738,-0.031646959483623505,0.2019987404346466,-0.32629287242889404,-0.3077918589115143,0.5844039916992188,1.0826627016067505,-0.30372557044029236,-0.031010892242193222,-0.13435934484004974
1.3803958892822266,-0.743806004524231,0.5589826107025146,0.08410166949033737,0.02178451605141163,0.15204854309558868,0.9845473766326904,-1.1679946184158325,0.029959607869386673,-0.046173155307769775,1.2646410465240479,-0.2622097432613373,-0.012458732351660728,0.1505444198846817,-0.33538350462913513,0.22238746285438538,1.3055901527404785,-0.7449287176132202,0.22120465338230133,0.2111968845129013,0.012836634181439877,0.35931533575057983,-0.1929776668548584,0.38233238458633423,-0.5988149642944336,0.9130209684371948,0.3990693986415863,-0.030356932431459427,0.20742258429527283,-0.32307639718055725,-0.30322587490081787,0.587537407875061,1.0839120149612427,-0.30176106095314026,-0.03287810459733009,-0.13195852935314178
1.38539457321167,-0.742043137550354,0.5704542398452759,0.08075454831123352,0.024447211995720863,0.14489687979221344,0.985842764377594,-1.1402442455291748,0.03540746122598648,-0.04923693463206291,1.2305595874786377,-0.2594006657600403,-0.013607924804091454,0.1511867344379425,-0.33660104870796204,0.21162784099578857,1.249881386756897,-0.7222645282745361,0.21651235222816467,0.2210405170917511,0.009283862076699734,0.3552532196044922,-0.18643520772457123,0.37011146545410156,-0.5927673578262329,0.9168514013290405,0.3936949670314789,-0.030931293964385986,0.2132558822631836,-0.3194771707057953,-0.29962795972824097,0.5912060141563416,1.079139232635498,-0.3000531494617462,-0.03580253943800926,-0.13034768402576447
1.389751672744751,-0.7401896715164185,0.5856682062149048,0.07603606581687927,0.027149522677063942,0.13698624074459076,0.9872771501541138,-1.1008116006851196,0.04543132707476616,-0.05020977556705475,1.1787655353546143,-0.25124597549438477,-0.015649229288101196,0.15231949090957642,-0.3348222076892853,0.19988925755023956,1.1778461933135986,-0.6903666257858276,0.21172936260700226,0.23130440711975098,0.009476996026933193,0.3535548448562622,-0.18761005997657776,0.3588414788246155,-0.5861042141914368,0.9156545996665955,0.38662025332450867,-0.032326798886060715,0.22067219018936157,-0.32120516896247864,-0.29723793268203735,0.596343994140625,1.069040298461914,-0.3002246916294098,-0.038735195994377136,-0.1298820674419403
1.392543077468872,-0.7384275197982788,0.6032256484031677,0.06972557306289673,0.029841838404536247,0.12869693338871002,0.9887794852256775,-1.050004005432129,0.05994287505745888,-0.0490812249481678,1.1104786396026611,-0.2391478270292282,-0.015596559271216393,0.15160322189331055,-0.3279821276664734,0.18612626194953918,1.0977696180343628,-0.6519162654876709,0.2072291374206543,0.23795674741268158,0.011697608046233654,0.3503763973712921,-0.19946686923503876,0.3515850901603699,-0.5791272521018982,0.904952883720398,0.3787456154823303,-0.033864378929138184,0.2325023114681244,-0.3210529386997223,-0.29493218660354614,0.6010513305664062,1.0561999082565308,-0.30364829301834106,-0.041741080582141876,-0.13169488310813904
1.393996000289917,-0.736225962638855,0.6231893301010132,0.06088966503739357,0.03237422928214073,0.12023437768220901,0.9903474450111389,-0.985092282295227,0.0796753391623497,-0.04503395035862923,1.0237189531326294,-0.22378551959991455,-0.013080574572086334,0.14944076538085938,-0.31380900740623474,0.1701434850692749,1.0079048871994019,-0.6043757200241089,0.2025127112865448,0.24031972885131836,0.017482418566942215,0.3423108160495758,-0.22165067493915558,0.34672510623931885,-0.571211576461792,0.8975062370300293,0.37037980556488037,-0.033306218683719635,0.2470448762178421,-0.3172454237937927,-0.293148934841156,0.602758526802063,1.047188639640808,-0.30886176228523254,-0.042999766767024994,-0.13465774059295654
1.3954379558563232,-0.733437180519104,0.6419628858566284,0.05017389729619026,0.03404746577143669,0.11451985687017441,0.9915687441825867,-0.9118984341621399,0.10126879811286926,-0.03761586546897888,0.9245217442512512,-0.20582982897758484,-0.008840815164148808,0.14998337626457214,-0.2927734851837158,0.15304294228553772,0.9197196960449219,-0.5532822608947754,0.20033647119998932,0.247674360871315,0.03122887574136257,0.32744985818862915,-0.22551020979881287,0.33531680703163147,-0.5583314895629883,0.8936767578125,0.3646639883518219,-0.03514261916279793,0.2548750638961792,-0.30031391978263855,-0.29561859369277954,0.5960786938667297,1.0451525449752808,-0.31575724482536316,-0.04396283999085426,-0.1354289948940277
1.397315263748169,-0.7300354242324829,0.6572015881538391,0.03834431618452072,0.03572261333465576,0.11282767355442047,0.992231547832489,-0.8357744216918945,0.12103636562824249,-0.027417553588747978,0.8209037780761719,-0.18371635675430298,0.0006641768850386143,0.145021453499794,-0.26630279421806335,0.13923048973083496,0.8516921997070312,-0.5042956471443176,0.20145472884178162,0.252724826335907,0.050229378044605255,0.30886760354042053,-0.21609443426132202,0.3233181834220886,-0.5417075753211975,0.9101773500442505,0.3592824339866638,-0.03579973056912422,0.25628969073295593,-0.2860196828842163,-0.3019546866416931,0.5842253565788269,1.0517823696136475,-0.32122963666915894,-0.04392249137163162,-0.13685856759548187
1.4008063077926636,-0.724938690662384,0.6687331199645996,0.025759194046258926,0.03702442720532417,0.11602463573217392,0.9922217130661011,-0.755383312702179,0.13769227266311646,-0.016072412952780724,0.7166218757629395,-0.16268447041511536,0.014884610660374165,0.13203886151313782,-0.23995329439640045,0.13213838636875153,0.8111214637756348,-0.45842188596725464,0.2097969353199005,0.25184544920921326,0.07272513210773468,0.28290483355522156,-0.19743144512176514,0.31174546480178833,-0.5208232402801514,0.92718505859375,0.35320422053337097,-0.038298577070236206,0.2530687153339386,-0.26798710227012634,-0.3075767159461975,0.5726361274719238,1.0536952018737793,-0.3284986615180969,-0.045418210327625275,-0.1378476619720459
1.4082962274551392,-0.7161303758621216,0.6920750141143799,0.012963426299393177,0.038175687193870544,0.1261138617992401,0.9911961555480957,-0.6689765453338623,0.14758926630020142,-0.0031326105818152428,0.6111694574356079,-0.14648114144802094,0.037622950971126556,0.1051790863275528,-0.2138824164867401,0.12437280267477036,0.8104081153869629,-0.41202282905578613,0.21730352938175201,0.24195486307144165,0.09557045996189117,0.2490205466747284,-0.1758788377046585,0.30035457015037537,-0.5016379952430725,0.9562940001487732,0.34867212176322937,-0.039672818034887314,0.2423437088727951,-0.24074119329452515,-0.31370648741722107,0.5583304166793823,1.0653778314590454,-0.337639719247818,-0.045875515788793564,-0.13615471124649048
1.4201791286468506,-0.7026292085647583,0.712894082069397,0.0028694013599306345,0.03984018415212631,0.14525747299194336,0.9885872602462769,-0.58230060338974,0.14160481095314026,0.009475203230977058,0.514989972114563,-0.13894549012184143,0.0693683922290802,0.0650392547249794,-0.1891229897737503,0.11562810093164444,0.8217392563819885,-0.35178521275520325,0.21784807741641998,0.22220423817634583,0.1117047667503357,0.21141865849494934,-0.15856322646141052,0.28448036313056946,-0.4854365587234497,0.9901120066642761,0.3418087065219879,-0.04026782140135765,0.22839632630348206,-0.20854315161705017,-0.31658294796943665,0.5409671068191528,1.0771492719650269,-0.34520280361175537,-0.046925559639930725,-0.13507415354251862
1.4347960948944092,-0.685349702835083,0.7292815446853638,-0.004819443915039301,0.03967751935124397,0.1730036735534668,0.9841098785400391,-0.49981722235679626,0.12248668074607849,0.012568119913339615,0.4310169816017151,-0.13830643892288208,0.10235059261322021,0.016169214621186256,-0.16121169924736023,0.10654434561729431,0.8538824319839478,-0.2987823486328125,0.2105887234210968,0.1910609006881714,0.12476101517677307,0.1794281303882599,-0.16167542338371277,0.26729607582092285,-0.4821910858154297,1.0166776180267334,0.3344409465789795,-0.04053036868572235,0.21433717012405396,-0.1818591207265854,-0.3192073404788971,0.5235110521316528,1.089503526687622,-0.3481808304786682,-0.04740237072110176,-0.13433583080768585
1.4505834579467773,-0.6654970049858093,0.7419173717498779,-0.012313061393797398,0.03465438634157181,0.20859825611114502,0.9773097038269043,-0.4175618290901184,0.09889767318964005,0.002656118478626013,0.3660682439804077,-0.15177203714847565,0.1358245611190796,-0.06075412034988403,-0.12654908001422882,0.09457272291183472,0.9125637412071228,-0.2718749940395355,0.19529880583286285,0.14228181540966034,0.14065246284008026,0.15674912929534912,-0.17082980275154114,0.24906094372272491,-0.486941933631897,1.0390135049819946,0.3312765955924988,-0.03976244851946831,0.20159399509429932,-0.15017734467983246,-0.3269890248775482,0.5037260055541992,1.0909401178359985,-0.347202330827713,-0.05146704241633415,-0.1312842071056366
1.466921091079712,-0.6440972089767456,0.7510392069816589,-0.0192521121352911,0.02680443413555622,0.2465381920337677,0.9685710668563843,-0.3383139371871948,0.07803132385015488,-0.01977812498807907,0.3189852237701416,-0.17823855578899384,0.16027304530143738,-0.15404406189918518,-0.09714259207248688,0.07611653953790665,0.9819254875183105,-0.26460355520248413,0.17752563953399658,0.08210679888725281,0.15399308502674103,0.1429024487733841,-0.19266478717327118,0.23972265422344208,-0.4957693815231323,1.0529375076293945,0.329752117395401,-0.03924461454153061,0.19308160245418549,-0.12012537568807602,-0.33932629227638245,0.47923561930656433,1.0863840579986572,-0.3414798378944397,-0.05587201565504074,-0.12823835015296936
1.4850749969482422,-0.6217569708824158,0.7573051452636719,-0.02312050759792328,0.017795909196138382,0.28354763984680176,0.9585142135620117,-0.2613217830657959,0.0568864569067955,-0.049617018550634384,0.2923346161842346,-0.21510353684425354,0.17521387338638306,-0.2595452666282654,-0.07952611148357391,0.05300753936171532,1.0367387533187866,-0.2664933204650879,0.15962794423103333,0.021752897650003433,0.1617518663406372,0.13532015681266785,-0.20756477117538452,0.2293270081281662,-0.506373405456543,1.0786499977111816,0.33022165298461914,-0.03751612454652786,0.18360929191112518,-0.09977719932794571,-0.3476160168647766,0.45553743839263916,1.083213448524475,-0.33216342329978943,-0.0590081661939621,-0.12753930687904358
1.5055196285247803,-0.5989315509796143,0.7614259123802185,-0.024568630382418633,0.008007194846868515,0.3183023929595947,0.9476370215415955,-0.18412986397743225,0.03760962933301926,-0.08225762844085693,0.2796853482723236,-0.25640419125556946,0.17937856912612915,-0.36451712250709534,-0.0706171840429306,0.028959156945347786,1.0541903972625732,-0.2682817578315735,0.1482832431793213,-0.03621832653880119,0.16457052528858185,0.13164043426513672,-0.21193288266658783,0.21730294823646545,-0.5166109800338745,1.1118422746658325,0.33295583724975586,-0.036370899528265,0.17418459057807922,-0.08364403992891312,-0.35003554821014404,0.43635839223861694,1.0801498889923096,-0.3215271532535553,-0.06247560307383537,-0.12676003575325012
1.5274622440338135,-0.5759569406509399,0.7631472945213318,-0.021285051479935646,-0.0013068958651274443,0.3523463010787964,0.9356266260147095,-0.10242433100938797,0.0162665918469429,-0.11546941101551056,0.26561516523361206,-0.29332435131073,0.17130613327026367,-0.43892908096313477,-0.07966980338096619,0.0036167586222290993,0.9613208770751953,-0.23847074806690216,0.15072810649871826,-0.08805209398269653,0.1598692238330841,0.1313188225030899,-0.21599343419075012,0.20762057602405548,-0.525783121585846,1.1370047330856323,0.3343273997306824,-0.03873877972364426,0.16754864156246185,-0.07406356185674667,-0.34877315163612366,0.41757798194885254,1.084268569946289,-0.31049779057502747,-0.06331130117177963,-0.12660229206085205
1.5501689910888672,-0.5532960891723633,0.7616889476776123,-0.011236817575991154,-0.009797260165214539,0.3855242133140564,0.9225772619247437,-0.017632409930229187,-0.011596743017435074,-0.15208135545253754,0.25473594665527344,-0.32841581106185913,0.15797246992588043,-0.4722839891910553,-0.10966451466083527,-0.015327347442507744,0.7814728617668152,-0.17493388056755066,0.16445708274841309,-0.1371079981327057,0.14202114939689636,0.13566413521766663,-0.22327584028244019,0.19676701724529266,-0.5353250503540039,1.1528021097183228,0.33492207527160645,-0.04405640810728073,0.16261929273605347,-0.06672818958759308,-0.34526118636131287,0.3988238275051117,1.0926363468170166,-0.30171072483062744,-0.06208827346563339,-0.12631016969680786
1.572342038154602,-0.5318213701248169,0.7587106227874756,-0.0014941977569833398,-0.01947254315018654,0.41526421904563904,0.9094911813735962,0.06604954600334167,-0.027281969785690308,-0.18946290016174316,0.24560269713401794,-0.3610793948173523,0.1423690766096115,-0.4920271635055542,-0.1462366282939911,-0.02796703204512596,0.5972793102264404,-0.10649971663951874,0.18353161215782166,-0.17880389094352722,0.12632125616073608,0.13976937532424927,-0.22918209433555603,0.18553000688552856,-0.5485377907752991,1.1572861671447754,0.33593836426734924,-0.05151929333806038,0.16078273952007294,-0.05645332857966423,-0.34005019068717957,0.3828085958957672,1.1057713031768799,-0.2972344756126404,-0.05875273048877716,-0.12712445855140686
1.592127799987793,-0.5127707719802856,0.7559347152709961,0.0027922927401959896,-0.02994352951645851,0.43930134177207947,0.8978362679481506,0.13957467675209045,-0.020718753337860107,-0.21902236342430115,0.23778584599494934,-0.3883228302001953,0.12440115213394165,-0.511631429195404,-0.17331674695014954,-0.03589414060115814,0.4502909779548645,-0.046844955533742905,0.19692912697792053,-0.21368896961212158,0.12330905348062515,0.1447785347700119,-0.2437146008014679,0.173024982213974,-0.568811297416687,1.151317834854126,0.3370947539806366,-0.058478862047195435,0.16306671500205994,-0.044000037014484406,-0.3365322947502136,0.3714144229888916,1.1260991096496582,-0.2978351414203644,-0.05313834547996521,-0.12796074151992798
1.609860897064209,-0.49603286385536194,0.7532004117965698,0.004236917942762375,-0.03887736052274704,0.45716845989227295,0.8885198831558228,0.19997408986091614,-0.002522875554859638,-0.238968625664711,0.23413586616516113,-0.40864554047584534,0.10553855448961258,-0.5307607650756836,-0.19099189341068268,-0.037734780460596085,0.34464991092681885,0.001676877960562706,0.20365196466445923,-0.24114185571670532,0.12762895226478577,0.14749208092689514,-0.26080161333084106,0.15942718088626862,-0.5928230881690979,1.1467618942260742,0.34058859944343567,-0.06271298229694366,0.1663285344839096,-0.03542526811361313,-0.33676645159721375,0.3648974299430847,1.1514649391174316,-0.3023296296596527,-0.04606209695339203,-0.12857398390769958
1.627286434173584,-0.48049062490463257,0.7489153146743774,0.009816897101700306,-0.045602187514305115,0.4728928506374359,0.8798843622207642,0.25419700145721436,0.011450075544416904,-0.25900545716285706,0.24104247987270355,-0.42406511306762695,0.0872354507446289,-0.5339308381080627,-0.21315155923366547,-0.030436288565397263,0.27280062437057495,0.040607936680316925,0.20631641149520874,-0.2657899260520935,0.12388874590396881,0.1467151939868927,-0.2690035104751587,0.14790740609169006,-0.6201278567314148,1.1371623277664185,0.34589821100234985,-0.06724516302347183,0.16896609961986542,-0.024634119123220444,-0.3378393054008484,0.3634200692176819,1.1732655763626099,-0.30785179138183594,-0.03840196505188942,-0.1303890496492386
1.646775484085083,-0.464244544506073,0.7414467334747314,0.022685253992676735,-0.04814529046416283,0.48666515946388245,0.8719658255577087,0.30614739656448364,0.012635030783712864,-0.28292760252952576,0.26197195053100586,-0.43616151809692383,0.07154611498117447,-0.5120064616203308,-0.23962914943695068,-0.012541374191641808,0.22516195476055145,0.06734804809093475,0.20587754249572754,-0.2852105498313904,0.10585295408964157,0.1420665681362152,-0.26362234354019165,0.1384643167257309,-0.6407327651977539,1.1330227851867676,0.34984952211380005,-0.06889922171831131,0.16819924116134644,-0.015123611316084862,-0.3370153307914734,0.36299577355384827,1.1944799423217773,-0.3123394846916199,-0.029828613623976707,-0.13072393834590912
1.6678712368011475,-0.4472994804382324,0.7316696047782898,0.03777783736586571,-0.04740660637617111,0.4976278841495514,0.8652698993682861,0.35046935081481934,0.011642199009656906,-0.30231842398643494,0.2974175214767456,-0.4413047432899475,0.05629280209541321,-0.4779368042945862,-0.2634923458099365,0.01166241429746151,0.19879509508609772,0.08165894448757172,0.20639988780021667,-0.29496893286705017,0.08475305140018463,0.135749951004982,-0.24353733658790588,0.13503596186637878,-0.649178683757782,1.1374857425689697,0.3521340489387512,-0.06713458150625229,0.16487257182598114,-0.0072350408881902695,-0.332552969455719,0.3642069101333618,1.215986728668213,-0.3174896240234375,-0.02072816714644432,-0.12774617969989777
1.6894586086273193,-0.43028074502944946,0.7203197479248047,0.04667442664504051,-0.043526541441679,0.5035349130630493,0.861614465713501,0.36624765396118164,0.020981017500162125,-0.3026409149169922,0.3664770722389221,-0.4474002718925476,0.0401453971862793,-0.45833146572113037,-0.2651898264884949,0.03711649030447006,0.20562365651130676,0.08088582009077072,0.20260298252105713,-0.29672685265541077,0.07666262239217758,0.1283043622970581,-0.21851834654808044,0.13566970825195312,-0.6441600322723389,1.1508034467697144,0.3534056544303894,-0.06334386020898819,0.15768010914325714,-0.01596185564994812,-0.32720208168029785,0.37038344144821167,1.2375327348709106,-0.322600781917572,-0.013210712932050228,-0.11789249628782272
1.711108684539795,-0.41333550214767456,0.7075958847999573,0.05309510976076126,-0.03817497566342354,0.507082462310791,0.8594131469726562,0.3670142889022827,0.036258988082408905,-0.29491227865219116,0.4406541585922241,-0.4520164430141449,0.028700413182377815,-0.44732290506362915,-0.258405476808548,0.05740975961089134,0.23579183220863342,0.06442952156066895,0.1969650238752365,-0.297837495803833,0.0733640044927597,0.12139274179935455,-0.18934741616249084,0.13820940256118774,-0.6349069476127625,1.1648790836334229,0.3531044125556946,-0.05855551362037659,0.15266568958759308,-0.025265436619520187,-0.3231743574142456,0.3762732744216919,1.2497719526290894,-0.32497578859329224,-0.00756523571908474,-0.11126638948917389
1.7317646741867065,-0.3975234031677246,0.6944331526756287,0.05673601105809212,-0.03272930905222893,0.5076994299888611,0.8590407967567444,0.35744142532348633,0.05800739675760269,-0.28020182251930237,0.5133239030838013,-0.4555029273033142,0.022290289402008057,-0.4469760060310364,-0.2460712045431137,0.06964791566133499,0.28714054822921753,0.03742546588182449,0.18986941874027252,-0.29775217175483704,0.07601508498191833,0.11317221820354462,-0.16348765790462494,0.1424877941608429,-0.6278269290924072,1.1633827686309814,0.3521265387535095,-0.05520927906036377,0.15052470564842224,-0.030084755271673203,-0.3214285373687744,0.38194990158081055,1.247633457183838,-0.3253302574157715,-0.004577112849801779,-0.10766813904047012
1.7503457069396973,-0.38403835892677307,0.6993688344955444,0.05596430227160454,-0.027102632448077202,0.5065290331840515,0.8599778413772583,0.33808764815330505,0.09141944348812103,-0.2622729539871216,0.5672953128814697,-0.4500945806503296,0.021794145926833153,-0.46010521054267883,-0.23158565163612366,0.07049006223678589,0.3609123229980469,-0.0009528566151857376,0.1824323832988739,-0.2939078211784363,0.08577269315719604,0.1032232716679573,-0.13821060955524445,0.1457400619983673,-0.620606005191803,1.1666182279586792,0.35147619247436523,-0.04997383803129196,0.14827224612236023,-0.03996320068836212,-0.31948143243789673,0.39043450355529785,1.239635944366455,-0.3245111107826233,-0.001825688872486353,-0.10539713501930237
1.7659194469451904,-0.3741668462753296,0.7063127756118774,0.05448009446263313,-0.02316031977534294,0.5041376352310181,0.8615919947624207,0.3167441487312317,0.13197147846221924,-0.23653921484947205,0.6106442213058472,-0.45506733655929565,0.03018546849489212,-0.4794183373451233,-0.22248311340808868,0.06267055869102478,0.4574645161628723,-0.05249606445431709,0.17193852365016937,-0.2884090542793274,0.09636025875806808,0.09439824521541595,-0.11633172631263733,0.1503690928220749,-0.6109439134597778,1.1619174480438232,0.3485993444919586,-0.045132335275411606,0.14929567277431488,-0.04670453816652298,-0.3173466920852661,0.3975861668586731,1.2247014045715332,-0.322875440120697,8.066254667937756e-05,-0.10561716556549072
1.7780338525772095,-0.3678397834300995,0.7093726396560669,0.05296006426215172,-0.020403679460287094,0.5020005106925964,0.8630031943321228,0.2950926125049591,0.17292746901512146,-0.2069748044013977,0.6493175029754639,-0.47287309169769287,0.04177942872047424,-0.5031200647354126,-0.21990007162094116,0.050900138914585114,0.5667687654495239,-0.10998214781284332,0.16026894748210907,-0.28189390897750854,0.10809209942817688,0.08627775311470032,-0.10309726744890213,0.15583482384681702,-0.601955235004425,1.1486670970916748,0.34466826915740967,-0.04088980704545975,0.15035800635814667,-0.05772218853235245,-0.31681597232818604,0.40501755475997925,1.2077291011810303,-0.32067328691482544,0.0026324260979890823,-0.10598054528236389
1.7871100902557373,-0.36383700370788574,0.707589328289032,0.05149244889616966,-0.018823513761162758,0.4980672001838684,0.8654035329818726,0.27643945813179016,0.20671311020851135,-0.18400195240974426,0.6897870898246765,-0.49946129322052,0.05191618949174881,-0.5341812968254089,-0.21810118854045868,0.03828439116477966,0.6788121461868286,-0.1650572270154953,0.14835602045059204,-0.27617347240448,0.11815036088228226,0.08281489461660385,-0.0988059714436531,0.1625741422176361,-0.5953890681266785,1.1270220279693604,0.33984842896461487,-0.037015341222286224,0.15347440540790558,-0.07460495829582214,-0.31832578778266907,0.41540199518203735,1.1826870441436768,-0.31850120425224304,0.0032853963784873486,-0.10758909583091736
1.7937707901000977,-0.36103934049606323,0.7017872333526611,0.04993598908185959,-0.01788443885743618,0.49377506971359253,0.8679705262184143,0.2644087076187134,0.23308274149894714,-0.16885071992874146,0.7284692525863647,-0.5303197503089905,0.06029053032398224,-0.5716904401779175,-0.21525907516479492,0.02719016559422016,0.7896991968154907,-0.21559888124465942,0.13774296641349792,-0.272251158952713,0.12825718522071838,0.08351162821054459,-0.0979452058672905,0.16982729732990265,-0.5931881666183472,1.1022300720214844,0.337449848651886,-0.03380923345685005,0.15669305622577667,-0.09601324796676636,-0.3228081464767456,0.42944979667663574,1.1504191160202026,-0.3187992572784424,0.0016634570201858878,-0.10842294991016388
1.7989113330841064,-0.3585500121116638,0.6934483647346497,0.0480416901409626,-0.01653074286878109,0.49039366841316223,0.8700188398361206,0.2596732974052429,0.2521913945674896,-0.15801559388637543,0.7622594833374023,-0.5609033107757568,0.06753916293382645,-0.6131281852722168,-0.21385100483894348,0.0169526357203722,0.8889876008033752,-0.25747740268707275,0.13070638477802277,-0.2716941833496094,0.1384459286928177,0.08803029358386993,-0.10372249782085419,0.17765092849731445,-0.5955814123153687,1.0803879499435425,0.33788809180259705,-0.03095478191971779,0.15974636375904083,-0.1245264858007431,-0.33200597763061523,0.4450092315673828,1.1167705059051514,-0.3202791213989258,-0.0008071657503023744,-0.10942515730857849
1.8035407066345215,-0.3555864095687866,0.682766854763031,0.045443691313266754,-0.014690207317471504,0.4878558814525604,0.871616780757904,0.2633358836174011,0.26698631048202515,-0.1514061987400055,0.7924693822860718,-0.5905970335006714,0.07169470191001892,-0.6603624820709229,-0.2144313007593155,0.006539978552609682,0.9824451804161072,-0.2935238778591156,0.12448836117982864,-0.271623820066452,0.14758141338825226,0.09431637823581696,-0.11615253239870071,0.18824268877506256,-0.5981854200363159,1.0571696758270264,0.33885112404823303,-0.028529148548841476,0.16500526666641235,-0.15816929936408997,-0.34488147497177124,0.4597288966178894,1.086220145225525,-0.3232724070549011,-0.002514285733923316,-0.11245366930961609
1.808592438697815,-0.3515016436576843,0.6697853803634644,0.04186651483178139,-0.012266735546290874,0.484009325504303,0.8739746809005737,0.2732652723789215,0.2800741493701935,-0.1491728276014328,0.8210208415985107,-0.6195968389511108,0.07346076518297195,-0.7151513695716858,-0.2145387977361679,-0.0022399197332561016,1.0755500793457031,-0.3249620199203491,0.11833309382200241,-0.276483952999115,0.15490564703941345,0.10309125483036041,-0.14856863021850586,0.20032371580600739,-0.6110522747039795,1.0259981155395508,0.34317392110824585,-0.02552834525704384,0.17496895790100098,-0.19549128413200378,-0.35809120535850525,0.4796762466430664,1.0559159517288208,-0.3301718533039093,-0.0033660794142633677,-0.11811770498752594
1.814100742340088,-0.3461124002933502,0.6539724469184875,0.037478093057870865,-0.00993029773235321,0.47991544008255005,0.8764575719833374,0.28647834062576294,0.2931414842605591,-0.14696505665779114,0.8554055094718933,-0.6507294178009033,0.07475238293409348,-0.7778466939926147,-0.2136063426733017,-0.008308447897434235,1.1716554164886475,-0.3525141775608063,0.11159686744213104,-0.2852398753166199,0.1619667410850525,0.11383359134197235,-0.1950962245464325,0.20985767245292664,-0.6323744654655457,0.994205892086029,0.35123294591903687,-0.020415591076016426,0.18599988520145416,-0.23407816886901855,-0.3716917335987091,0.49840855598449707,1.033151626586914,-0.33843114972114563,-0.0005605205660685897,-0.1264180839061737
1.8196344375610352,-0.33985474705696106,0.6354905962944031,0.03186783567070961,-0.007384064607322216,0.4766635000705719,0.8784770369529724,0.30241477489471436,0.3058851659297943,-0.14635783433914185,0.8965317010879517,-0.6827533841133118,0.0746978372335434,-0.8473687767982483,-0.21289625763893127,-0.013520664535462856,1.2703434228897095,-0.37758147716522217,0.10446397960186005,-0.2935696840286255,0.17082205414772034,0.12535235285758972,-0.23599836230278015,0.2157689481973648,-0.6550019979476929,0.9690808057785034,0.3596632480621338,-0.014503012411296368,0.1948496401309967,-0.2707904279232025,-0.38446277379989624,0.5147179365158081,1.0103427171707153,-0.347046434879303,0.0027008051984012127,-0.13524802029132843
1.8247911930084229,-0.3335210382938385,0.6165223121643066,0.02522730641067028,-0.004196781199425459,0.4744569659233093,0.8799071311950684,0.31907913088798523,0.317622572183609,-0.1468859314918518,0.9385561943054199,-0.7081493139266968,0.07301077991724014,-0.9159178733825684,-0.21404710412025452,-0.018879448994994164,1.3631802797317505,-0.4011540412902832,0.0982753336429596,-0.30129849910736084,0.18161003291606903,0.1332433521747589,-0.26836100220680237,0.21823938190937042,-0.6789429187774658,0.9470653533935547,0.36792007088661194,-0.009532095864415169,0.2003825604915619,-0.3000960052013397,-0.39198464155197144,0.53218674659729,0.9867242574691772,-0.35703593492507935,0.00619904138147831,-0.14179092645645142
1.829136848449707,-0.32776203751564026,0.597091794013977,0.01781618595123291,-0.0010525058023631573,0.47241196036338806,0.8811971545219421,0.33355093002319336,0.3281117081642151,-0.14936652779579163,0.9855567216873169,-0.7289488315582275,0.06845782697200775,-0.982299268245697,-0.21633893251419067,-0.023056957870721817,1.4521061182022095,-0.4241430163383484,0.09212754666805267,-0.3064836859703064,0.19322705268859863,0.14024251699447632,-0.2888517379760742,0.21859322488307953,-0.7007766366004944,0.9304606914520264,0.37380194664001465,-0.004881173372268677,0.2032972276210785,-0.3217811584472656,-0.39550700783729553,0.549443244934082,0.9648360013961792,-0.3677244186401367,0.010656241327524185,-0.14617322385311127
1.8326807022094727,-0.3227766156196594,0.577172040939331,0.010308765806257725,0.001755913021042943,0.47128576040267944,0.8819186091423035,0.34678420424461365,0.33801186084747314,-0.15299159288406372,1.034982681274414,-0.7486131191253662,0.06220642849802971,-1.0465013980865479,-0.217739075422287,-0.02490585297346115,1.5379633903503418,-0.4471742510795593,0.08628606051206589,-0.3099673390388489,0.20563140511512756,0.14686456322669983,-0.2956436276435852,0.22045697271823883,-0.7163209915161133,0.9218599796295166,0.37724414467811584,-6.926269270479679e-05,0.2052772492170334,-0.33491411805152893,-0.4063846170902252,0.5644128322601318,0.9454120397567749,-0.3788098394870758,0.015207326039671898,-0.1486659049987793
1.835350751876831,-0.3185823857784271,0.5574345588684082,0.0027686150278896093,0.004901539999991655,0.47064194083213806,0.8823063373565674,0.3556293845176697,0.3464735150337219,-0.15774467587471008,1.0863758325576782,-0.7692007422447205,0.05416269600391388,-1.1089451313018799,-0.21752135455608368,-0.025149937719106674,1.6170923709869385,-0.47000759840011597,0.08156655728816986,-0.3110423982143402,0.21793264150619507,0.15413513779640198,-0.2966489791870117,0.22478003799915314,-0.7249324321746826,0.9242367148399353,0.37808769941329956,0.005493145901709795,0.20650452375411987,-0.34592825174331665,-0.4259421229362488,0.5785185098648071,0.9341906905174255,-0.38977497816085815,0.021057717502117157,-0.1484380066394806
1.8375272750854492,-0.3149193525314331,0.5395016074180603,-0.0041807410307228565,0.008055755868554115,0.4699175953865051,0.8826636075973511,0.36324000358581543,0.35319796204566956,-0.16280704736709595,1.131723165512085,-0.7860720157623291,0.04535511136054993,-1.1641278266906738,-0.21750780940055847,-0.024963298812508583,1.6860902309417725,-0.4922451376914978,0.07719409465789795,-0.31030720472335815,0.23037423193454742,0.15948498249053955,-0.2918921113014221,0.22775223851203918,-0.7304454445838928,0.9354206323623657,0.37640535831451416,0.010778051801025867,0.20684634149074554,-0.35621821880340576,-0.4480804204940796,0.5932976603507996,0.9334956407546997,-0.40056997537612915,0.027564793825149536,-0.14738917350769043
1.8396680355072021,-0.311554491519928,0.5249003171920776,-0.010465375147759914,0.011326502077281475,0.4685550630092621,0.883299708366394,0.36815595626831055,0.35718846321105957,-0.16699574887752533,1.1689484119415283,-0.7969483733177185,0.036574725061655045,-1.2079640626907349,-0.2163810431957245,-0.02411370538175106,1.742011308670044,-0.5135012865066528,0.07156813144683838,-0.30978405475616455,0.2422083616256714,0.1638891100883484,-0.2865898013114929,0.22708486020565033,-0.7341983318328857,0.9497497081756592,0.37349918484687805,0.015817372128367424,0.20727959275245667,-0.36432012915611267,-0.46934229135513306,0.6077751517295837,0.9377674460411072,-0.4104076623916626,0.03307927027344704,-0.14633455872535706
1.8422129154205322,-0.3083873391151428,0.5148602724075317,-0.015972938388586044,0.014896122738718987,0.4678410589694977,0.8835427165031433,0.3701273798942566,0.359735369682312,-0.16959282755851746,1.193029522895813,-0.8000952005386353,0.02860485017299652,-1.2380797863006592,-0.2146875262260437,-0.021960461512207985,1.7816189527511597,-0.5323445796966553,0.06742178648710251,-0.3084551990032196,0.254909873008728,0.16766303777694702,-0.28344762325286865,0.22223560512065887,-0.7400015592575073,0.9627107381820679,0.3699224889278412,0.01905192621052265,0.2057497501373291,-0.3718227744102478,-0.4873256981372833,0.6210318803787231,0.9531272053718567,-0.41974198818206787,0.03966325521469116,-0.14470186829566956
1.8455142974853516,-0.3051952123641968,0.509876549243927,-0.02056664228439331,0.01933613233268261,0.46713700890541077,0.8837342262268066,0.3680712580680847,0.3613472878932953,-0.17068152129650116,1.2017732858657837,-0.7961230278015137,0.02226012386381626,-1.2548191547393799,-0.21198174357414246,-0.019271599128842354,1.8049051761627197,-0.5480165481567383,0.0627073273062706,-0.3087543845176697,0.26706165075302124,0.17286580801010132,-0.2826496660709381,0.2155284583568573,-0.7454830408096313,0.9764131307601929,0.3663497865200043,0.022031651809811592,0.20333699882030487,-0.3794859051704407,-0.5010940432548523,0.6317040920257568,0.9710058569908142,-0.4269050359725952,0.04522107541561127,-0.1431104838848114
1.849773645401001,-0.3018549978733063,0.5095093250274658,-0.023828521370887756,0.024945857003331184,0.46654778718948364,0.883823037147522,0.36274194717407227,0.36376193165779114,-0.17043188214302063,1.1937106847763062,-0.7836511135101318,0.016659127548336983,-1.2612853050231934,-0.20795011520385742,-0.01626703515648842,1.813747525215149,-0.5591136813163757,0.058294400572776794,-0.31044870615005493,0.2801220715045929,0.1802750676870346,-0.28087419271469116,0.20518489181995392,-0.7510066628456116,0.99196457862854,0.3621598184108734,0.023929115384817123,0.19901901483535767,-0.3882867097854614,-0.5088529586791992,0.6379387378692627,0.995907187461853,-0.4311416745185852,0.05149214714765549,-0.14238224923610687
1.8553776741027832,-0.2981751561164856,0.5149881839752197,-0.025754470378160477,0.03256233036518097,0.46693652868270874,0.8833157420158386,0.35521143674850464,0.3673708736896515,-0.16829630732536316,1.1592047214508057,-0.7598831653594971,0.012676481157541275,-1.255300760269165,-0.20396240055561066,-0.013630218803882599,1.8045904636383057,-0.5657995939254761,0.0537203848361969,-0.31511998176574707,0.2924213111400604,0.18841609358787537,-0.2787248194217682,0.1919611394405365,-0.7547208666801453,1.012913465499878,0.3582938611507416,0.02503139153122902,0.1940217912197113,-0.3964584469795227,-0.5093851089477539,0.6402749419212341,1.0235657691955566,-0.43201160430908203,0.05624014139175415,-0.14212647080421448
1.8627045154571533,-0.2940008044242859,0.5290302038192749,-0.025963006541132927,0.041828203946352005,0.46819114685058594,0.8822547197341919,0.3413878381252289,0.370509535074234,-0.16287297010421753,1.0979433059692383,-0.7232430577278137,0.011895762756466866,-1.2280299663543701,-0.200442373752594,-0.013639731332659721,1.7658635377883911,-0.567132830619812,0.050031524151563644,-0.3209577798843384,0.29947471618652344,0.19507651031017303,-0.2765920162200928,0.17879211902618408,-0.7545891404151917,1.0411075353622437,0.3560858368873596,0.025727104395627975,0.18955813348293304,-0.4035710096359253,-0.5027629733085632,0.6397100687026978,1.0500997304916382,-0.4290764331817627,0.05822562426328659,-0.14193293452262878
1.871761679649353,-0.289398729801178,0.5518534183502197,-0.023960990831255913,0.05213269218802452,0.47042179107666016,0.8805744647979736,0.3206231892108917,0.3705819845199585,-0.1497306078672409,1.0154058933258057,-0.674770176410675,0.01434855442494154,-1.1771278381347656,-0.19629603624343872,-0.01807350292801857,1.695584774017334,-0.5609018802642822,0.0462120957672596,-0.3266722559928894,0.2986427843570709,0.20004896819591522,-0.2776016891002655,0.16329310834407806,-0.7548778057098389,1.0727131366729736,0.35558080673217773,0.02538956329226494,0.1851251870393753,-0.40484777092933655,-0.4894188642501831,0.6368396878242493,1.0730327367782593,-0.42162570357322693,0.057337190955877304,-0.14098496735095978
1.8820042610168457,-0.28433406352996826,0.5805898308753967,-0.020583344623446465,0.06310687214136124,0.47265109419822693,0.8787461519241333,0.2970903515815735,0.36370593309402466,-0.12743836641311646,0.922042727470398,-0.6159214973449707,0.018888510763645172,-1.1101287603378296,-0.19130966067314148,-0.028217867016792297,1.5985640287399292,-0.5452808141708374,0.04370223730802536,-0.33434727787971497,0.2933988571166992,0.2034260630607605,-0.2862357497215271,0.14420278370380402,-0.7612671852111816,1.1036773920059204,0.35757023096084595,0.023650161921977997,0.17937999963760376,-0.4017601013183594,-0.4721134305000305,0.6336320042610168,1.0935468673706055,-0.4111466705799103,0.05515417456626892,-0.13851483166217804
1.8926278352737427,-0.27835044264793396,0.6126821041107178,-0.015981361269950867,0.07207659631967545,0.4730880856513977,0.8779163956642151,0.2561720609664917,0.34366071224212646,-0.09488654136657715,0.8676204681396484,-0.5552197098731995,0.02950051799416542,-1.0253674983978271,-0.17836549878120422,-0.04057277739048004,1.483310580253601,-0.5201197862625122,0.041305411607027054,-0.33079397678375244,0.2844907343387604,0.20434606075286865,-0.2940463423728943,0.1287095546722412,-0.7688055038452148,1.124521255493164,0.3600199520587921,0.020579051226377487,0.17215679585933685,-0.38826847076416016,-0.4545947015285492,0.6253424286842346,1.1146337985992432,-0.3965441882610321,0.05201554298400879,-0.1330622136592865
1.9031116962432861,-0.2709167003631592,0.6461095809936523,-0.0099363774061203,0.07840058207511902,0.46924781799316406,0.8795232176780701,0.19901639223098755,0.31096863746643066,-0.05860007926821709,0.8621296882629395,-0.5025113821029663,0.04349604621529579,-0.9279503226280212,-0.15846751630306244,-0.048472531139850616,1.3471816778182983,-0.48415088653564453,0.04319966211915016,-0.31888347864151,0.272530198097229,0.20509925484657288,-0.30442455410957336,0.11640051007270813,-0.7804816961288452,1.1346732378005981,0.36510270833969116,0.01797807589173317,0.16482414305210114,-0.3697201907634735,-0.4366300106048584,0.6148271560668945,1.1361749172210693,-0.383123517036438,0.049009114503860474,-0.1262819766998291
1.9143478870391846,-0.26102855801582336,0.6767622232437134,-0.0036412824410945177,0.08132875710725784,0.45995238423347473,0.8842037320137024,0.12243684381246567,0.26947104930877686,-0.021250523626804352,0.9012764692306519,-0.46053051948547363,0.0628357082605362,-0.8253426551818848,-0.13430799543857574,-0.04822145402431488,1.207185983657837,-0.4429987668991089,0.04681600630283356,-0.29766178131103516,0.2558533549308777,0.20283445715904236,-0.30736875534057617,0.1102275624871254,-0.7915486097335815,1.1430343389511108,0.37341129779815674,0.016118695959448814,0.15655799210071564,-0.34210169315338135,-0.4218463599681854,0.603222668170929,1.1595513820648193,-0.371833860874176,0.045873768627643585,-0.1165602058172226
1.9273078441619873,-0.24859900772571564,0.7039274573326111,0.002255673287436366,0.08108905702829361,0.4434051513671875,0.8926429152488708,0.02648710086941719,0.22444915771484375,0.01369064673781395,0.9673049449920654,-0.4291498064994812,0.08742742240428925,-0.7165589332580566,-0.10949854552745819,-0.040122587233781815,1.0667331218719482,-0.4017035663127899,0.05205827206373215,-0.26405394077301025,0.23580163717269897,0.19813644886016846,-0.3029845356941223,0.1084439754486084,-0.79912269115448,1.1405463218688965,0.3794395327568054,0.012703332118690014,0.15026900172233582,-0.3130940794944763,-0.4044151306152344,0.599181592464447,1.172293782234192,-0.3641090393066406,0.04072219878435135,-0.10720907151699066
1.9422909021377563,-0.23441842198371887,0.7263703346252441,0.007500968407839537,0.0773100033402443,0.42099979519844055,0.9037289619445801,-0.07473013550043106,0.18302172422409058,0.041552722454071045,1.0235230922698975,-0.4067615866661072,0.11437465995550156,-0.6077173948287964,-0.08561147749423981,-0.02478247508406639,0.9313337802886963,-0.3604758083820343,0.06170301139354706,-0.22078832983970642,0.21162042021751404,0.19329208135604858,-0.29343196749687195,0.11584840714931488,-0.7927793264389038,1.1245067119598389,0.38025546073913574,0.006925961934030056,0.15010008215904236,-0.28156131505966187,-0.38818272948265076,0.6005775332450867,1.1725759506225586,-0.3619772791862488,0.032512158155441284,-0.09927574545145035
1.9586199522018433,-0.21948829293251038,0.7433747053146362,0.012938173487782478,0.07003917545080185,0.39457792043685913,0.91609787940979,-0.17571048438549042,0.1529783010482788,0.05801443010568619,1.060339093208313,-0.38906335830688477,0.13302475214004517,-0.5053151845932007,-0.06721945106983185,-0.001105702482163906,0.8113279342651367,-0.32282909750938416,0.07604463398456573,-0.17577990889549255,0.1859123408794403,0.18948380649089813,-0.27903956174850464,0.12827780842781067,-0.7773338556289673,1.1089428663253784,0.3796388506889343,0.0009754386264830828,0.1539478898048401,-0.24814975261688232,-0.37553098797798157,0.6021690964698792,1.169769048690796,-0.36232858896255493,0.0250074602663517,-0.0925624743103981
1.97563898563385,-0.20431166887283325,0.7561325430870056,0.019090766087174416,0.06014585867524147,0.3672884404659271,0.9279640316963196,-0.28006112575531006,0.13706491887569427,0.06736921519041061,1.0706441402435303,-0.37264570593833923,0.1446346938610077,-0.4085538387298584,-0.05709415301680565,0.029276322573423386,0.7060806751251221,-0.29082605242729187,0.0946478471159935,-0.1312575489282608,0.1624123603105545,0.1906796097755432,-0.26985371112823486,0.14444468915462494,-0.7580280303955078,1.0910916328430176,0.37567710876464844,-0.0061699696816504,0.16058053076267242,-0.22381070256233215,-0.3671835660934448,0.6046767234802246,1.1604982614517212,-0.36207377910614014,0.01816202886402607,-0.08783598989248276
1.993079662322998,-0.18802741169929504,0.7648304104804993,0.025254052132368088,0.049342308193445206,0.3407445549964905,0.9385204911231995,-0.36966121196746826,0.1360406130552292,0.07000181823968887,1.0387251377105713,-0.35210084915161133,0.14695674180984497,-0.31984230875968933,-0.05614812672138214,0.0587109811604023,0.6232855319976807,-0.2703278362751007,0.11305172741413116,-0.08955595642328262,0.14139680564403534,0.1928035318851471,-0.26131385564804077,0.16238439083099365,-0.7369312047958374,1.0714293718338013,0.3702523708343506,-0.01485508680343628,0.16686910390853882,-0.2031700164079666,-0.35872307419776917,0.6091993451118469,1.1477537155151367,-0.3620794713497162,0.010601984336972237,-0.08277628570795059
2.012627124786377,-0.16861136257648468,0.7693629860877991,0.023906880989670753,0.037351056933403015,0.3134302794933319,0.9485751390457153,-0.40913939476013184,0.1475842446088791,0.08405832201242447,0.8870193362236023,-0.2993752062320709,0.1489741951227188,-0.22835847735404968,-0.04893392324447632,0.07423089444637299,0.5547829866409302,-0.2618075907230377,0.12590353190898895,-0.04852382093667984,0.13623885810375214,0.1942632496356964,-0.24621886014938354,0.18191084265708923,-0.7077287435531616,1.0535259246826172,0.361447811126709,-0.026479572057724,0.16762574017047882,-0.1818128526210785,-0.3498745560646057,0.6077695488929749,1.1350209712982178,-0.3572506904602051,0.0006235269829630852,-0.07578238844871521
2.0354294776916504,-0.14869694411754608,0.769160270690918,0.018002329394221306,0.022016922011971474,0.2821851670742035,0.9589383006095886,-0.4391772747039795,0.16370666027069092,0.09308479726314545,0.72308349609375,-0.23292940855026245,0.14751702547073364,-0.13683685660362244,-0.03299109637737274,0.08779408037662506,0.5143265724182129,-0.2666959762573242,0.12595269083976746,-0.0068800318986177444,0.14057596027851105,0.20002898573875427,-0.22418364882469177,0.20202845335006714,-0.6717451810836792,1.0294240713119507,0.3491557240486145,-0.039601948112249374,0.1687333881855011,-0.16803637146949768,-0.34021294116973877,0.6031360030174255,1.1147116422653198,-0.34960630536079407,-0.010507580824196339,-0.07267618179321289
2.060103178024292,-0.13082139194011688,0.7662779092788696,0.014203854836523533,0.006442651618272066,0.24928556382656097,0.9683043956756592,-0.4724741578102112,0.17817571759223938,0.09504508972167969,0.5913587212562561,-0.17175425589084625,0.1418139934539795,-0.04974159225821495,-0.021335799247026443,0.10486564040184021,0.49598872661590576,-0.2801392674446106,0.12111885845661163,0.03473407402634621,0.14373895525932312,0.2068200409412384,-0.1922280192375183,0.21570292115211487,-0.6350907683372498,1.014087200164795,0.3381868600845337,-0.05010037124156952,0.16950251162052155,-0.16207951307296753,-0.3281225860118866,0.5971060991287231,1.1031124591827393,-0.34379351139068604,-0.01837528496980667,-0.0736391693353653
2.085038423538208,-0.11496811360120773,0.7618493437767029,0.013758552260696888,-0.007820158265531063,0.21808701753616333,0.9758010506629944,-0.5063730478286743,0.1922028362751007,0.09582577645778656,0.4815332293510437,-0.11608966439962387,0.13094782829284668,0.030110161751508713,-0.0183266568928957,0.1230349913239479,0.49211305379867554,-0.29738667607307434,0.11681559681892395,0.0690605416893959,0.14226286113262177,0.2131156623363495,-0.1496908813714981,0.22387507557868958,-0.5957320928573608,1.006536841392517,0.32777905464172363,-0.05755253881216049,0.1727849841117859,-0.15338657796382904,-0.31700530648231506,0.5848633050918579,1.0914289951324463,-0.3361697494983673,-0.02461116947233677,-0.08099827170372009
2.1085739135742188,-0.10099487006664276,0.7576053738594055,0.020122280344367027,-0.017898304387927055,0.19355523586273193,0.9807196855545044,-0.5517319440841675,0.1940394639968872,0.10249260067939758,0.39776214957237244,-0.06671909987926483,0.11925889551639557,0.09666828066110611,-0.03282653167843819,0.13511040806770325,0.4966548681259155,-0.31552746891975403,0.11440283060073853,0.0935538038611412,0.1270241141319275,0.2165447622537613,-0.10437066853046417,0.22833657264709473,-0.5536162257194519,0.9976221323013306,0.31689947843551636,-0.06397828459739685,0.17696084082126617,-0.14025181531906128,-0.30727827548980713,0.5675820112228394,1.0773155689239502,-0.32864809036254883,-0.02964729815721512,-0.0923113226890564
2.130545139312744,-0.08836130797863007,0.7519699335098267,0.027395369485020638,-0.02576206624507904,0.17402777075767517,0.9840224385261536,-0.5947587490081787,0.18876300752162933,0.11596573889255524,0.3297218084335327,-0.021750759333372116,0.1111123263835907,0.15093094110488892,-0.04893934726715088,0.139469712972641,0.5144238471984863,-0.33619630336761475,0.11112405359745026,0.11232994496822357,0.10970284044742584,0.219336599111557,-0.06476116925477982,0.230056032538414,-0.5117157697677612,1.0023409128189087,0.30600419640541077,-0.06670520454645157,0.17807964980602264,-0.127102792263031,-0.3015909790992737,0.5456625819206238,1.074485421180725,-0.3225407898426056,-0.03175519406795502,-0.10361633449792862
2.1515841484069824,-0.07656516134738922,0.7451796531677246,0.03349631279706955,-0.03284488990902901,0.1587139219045639,0.9862094521522522,-0.6294312477111816,0.18444012105464935,0.13057847321033478,0.2735300064086914,0.01968185044825077,0.1020096093416214,0.20055115222930908,-0.06476789712905884,0.14064809679985046,0.5330473184585571,-0.3555893301963806,0.10833508521318436,0.12938115000724792,0.09459619224071503,0.22179773449897766,-0.02480364218354225,0.22370678186416626,-0.47289615869522095,1.0311553478240967,0.2960159480571747,-0.06641334295272827,0.17491647601127625,-0.11887843906879425,-0.29719310998916626,0.522301435470581,1.0761784315109253,-0.3175315260887146,-0.03300142288208008,-0.11630204319953918
2.1729423999786377,-0.06487441062927246,0.7354072332382202,0.038050659000873566,-0.038327302783727646,0.14910735189914703,0.9873450398445129,-0.6584290266036987,0.17806586623191833,0.14305993914604187,0.24736659228801727,0.04787898063659668,0.09491384774446487,0.2466922104358673,-0.08393155038356781,0.1368824690580368,0.5599055290222168,-0.379539430141449,0.10845629125833511,0.14263074100017548,0.08329396694898605,0.2234264463186264,0.016222968697547913,0.21232664585113525,-0.4359264373779297,1.0749921798706055,0.2870587110519409,-0.06542146950960159,0.16872981190681458,-0.11353413760662079,-0.29606327414512634,0.49881914258003235,1.0726778507232666,-0.31227150559425354,-0.0357610248029232,-0.12887302041053772
2.1961300373077393,-0.05216895043849945,0.7225340604782104,0.03617522493004799,-0.045178767293691635,0.1400580108165741,0.988450288772583,-0.6603459715843201,0.18449825048446655,0.14830929040908813,0.23179477453231812,0.06725374609231949,0.08301127701997757,0.2934190034866333,-0.09328293800354004,0.13841098546981812,0.5892887115478516,-0.4008292555809021,0.10890772938728333,0.15776410698890686,0.08435655385255814,0.22174856066703796,0.060592636466026306,0.20004917681217194,-0.4008927643299103,1.1175053119659424,0.2795848548412323,-0.062185339629650116,0.16369225084781647,-0.10009892284870148,-0.2952119708061218,0.4770023226737976,1.0722078084945679,-0.3093608617782593,-0.03725399821996689,-0.14055941998958588
2.2218477725982666,-0.037824597209692,0.7073123455047607,0.02705598995089531,-0.054731566458940506,0.1277744472026825,0.989922285079956,-0.6325829029083252,0.20830750465393066,0.14640074968338013,0.21448594331741333,0.08185924589633942,0.06576813757419586,0.34161806106567383,-0.09300409257411957,0.1458572894334793,0.6164605617523193,-0.41661536693573,0.1101643443107605,0.17380967736244202,0.10108710825443268,0.21974816918373108,0.1026892364025116,0.18673492968082428,-0.36880454421043396,1.1593542098999023,0.2743958830833435,-0.05779782682657242,0.15706866979599,-0.08432647585868835,-0.29400718212127686,0.45926591753959656,1.0723042488098145,-0.3099466562271118,-0.03900504857301712,-0.1473434716463089
2.249915599822998,-0.02182057872414589,0.691863477230072,0.01660078763961792,-0.06409893929958344,0.11569057404994965,0.991075873374939,-0.5976908802986145,0.23469243943691254,0.1407914161682129,0.20503494143486023,0.09158430993556976,0.050598107278347015,0.3875153362751007,-0.09472395479679108,0.15074500441551208,0.6376558542251587,-0.4274623692035675,0.11292058229446411,0.18996727466583252,0.12187667191028595,0.21735985577106476,0.13682976365089417,0.17302082479000092,-0.34162819385528564,1.1977869272232056,0.2712372839450836,-0.05460965260863304,0.14949791133403778,-0.06925183534622192,-0.2923854887485504,0.44458675384521484,1.0797125101089478,-0.3112536668777466,-0.039128903299570084,-0.14981752634048462
2.279719591140747,-0.004735059104859829,0.6771270036697388,0.011108826845884323,-0.06904181092977524,0.10417088121175766,0.9920979142189026,-0.5817916393280029,0.24987494945526123,0.13161185383796692,0.22660762071609497,0.08934764564037323,0.04312586784362793,0.4221540689468384,-0.11034932732582092,0.14872735738754272,0.6610351204872131,-0.4365522563457489,0.11967231333255768,0.203982412815094,0.1325010061264038,0.21629519760608673,0.1481540948152542,0.16308164596557617,-0.3198223412036896,1.2321158647537231,0.27051490545272827,-0.054064370691776276,0.13991595804691315,-0.06789600849151611,-0.29264894127845764,0.4320451617240906,1.095947504043579,-0.3109757602214813,-0.039388541132211685,-0.1468154340982437
2.310786724090576,0.012968014925718307,0.6629963517189026,0.010498001240193844,-0.06967590004205704,0.09363182634115219,0.9931103587150574,-0.591167151927948,0.25421157479286194,0.11666540801525116,0.28559207916259766,0.06959300488233566,0.04237433895468712,0.44777652621269226,-0.1354193389415741,0.1457141488790512,0.6840310096740723,-0.4493854343891144,0.12985709309577942,0.21833038330078125,0.13189798593521118,0.21607431769371033,0.1526155173778534,0.15861856937408447,-0.30413326621055603,1.2519056797027588,0.27179384231567383,-0.05548921972513199,0.135674849152565,-0.06895530223846436,-0.29082444310188293,0.4292324185371399,1.1065587997436523,-0.3138289749622345,-0.042156606912612915,-0.14324386417865753
2.341554641723633,0.03048032894730568,0.649265706539154,0.013573853299021721,-0.06675881892442703,0.08615493774414062,0.9939498901367188,-0.6213072538375854,0.2521316707134247,0.10119955241680145,0.37242162227630615,0.03808794170618057,0.045759882777929306,0.4648289680480957,-0.16465020179748535,0.14429382979869843,0.7094383239746094,-0.46437394618988037,0.14122799038887024,0.23463881015777588,0.12375755608081818,0.21527303755283356,0.15030613541603088,0.15688857436180115,-0.2914009094238281,1.2552285194396973,0.2725689113140106,-0.05659100040793419,0.13675886392593384,-0.07188870012760162,-0.2863229215145111,0.4328326880931854,1.1104462146759033,-0.31942665576934814,-0.04508456960320473,-0.1404075175523758
2.3703370094299316,0.046798162162303925,0.6375733613967896,0.01879919320344925,-0.061611369252204895,0.08085205405950546,0.994642436504364,-0.6665116548538208,0.24707359075546265,0.0864923968911171,0.47618842124938965,-0.002565106377005577,0.05088508874177933,0.4714621603488922,-0.1914106160402298,0.14082667231559753,0.7365897297859192,-0.48314201831817627,0.14865097403526306,0.2481175810098648,0.10841239988803864,0.2193923145532608,0.12915802001953125,0.16498401761054993,-0.2839600443840027,1.2337459325790405,0.2738196849822998,-0.057290852069854736,0.14702874422073364,-0.07603199779987335,-0.28196775913238525,0.445766419172287,1.102110505104065,-0.32832345366477966,-0.049736686050891876,-0.1371140480041504
2.3957583904266357,0.06084659695625305,0.627626895904541,0.02433314174413681,-0.05506764352321625,0.07741886377334595,0.995179295539856,-0.7124515175819397,0.24344798922538757,0.07337664812803268,0.569067120552063,-0.03790024667978287,0.050739966332912445,0.4684842824935913,-0.21369627118110657,0.13698014616966248,0.7668488621711731,-0.5031315684318542,0.15486137568950653,0.2590700387954712,0.09330718964338303,0.22654375433921814,0.09690633416175842,0.17236459255218506,-0.28738510608673096,1.2074403762817383,0.2769830822944641,-0.05606221780180931,0.15997684001922607,-0.0884426012635231,-0.27540069818496704,0.4670601487159729,1.0891518592834473,-0.33957311511039734,-0.05425646901130676,-0.13360130786895752
2.41801118850708,0.07274042069911957,0.6191619634628296,0.030515844002366066,-0.0465557724237442,0.07506315410137177,0.9956238865852356,-0.7641180753707886,0.23591065406799316,0.061305154114961624,0.6640324592590332,-0.07416615635156631,0.051137231290340424,0.45978549122810364,-0.23223140835762024,0.1327342987060547,0.7951452732086182,-0.525836169719696,0.16053658723831177,0.26878273487091064,0.07741129398345947,0.23917442560195923,0.05426926165819168,0.1801695078611374,-0.2987910509109497,1.184075117111206,0.28057214617729187,-0.05356347933411598,0.1742352545261383,-0.11034363508224487,-0.2685787081718445,0.4907761216163635,1.0784791707992554,-0.34770599007606506,-0.05770045146346092,-0.1323350965976715
2.437511682510376,0.08290503919124603,0.6115435361862183,0.03720690310001373,-0.0366358608007431,0.07353194057941437,0.9959250092506409,-0.8217538595199585,0.22455856204032898,0.050485361367464066,0.7609441876411438,-0.10863631963729858,0.04908788204193115,0.4509333372116089,-0.24929630756378174,0.12971679866313934,0.8168418407440186,-0.5481878519058228,0.16736114025115967,0.2776375412940979,0.06258758157491684,0.25318530201911926,0.013324499130249023,0.18648135662078857,-0.315173864364624,1.1645275354385376,0.2850287854671478,-0.05211915075778961,0.18561822175979614,-0.13775160908699036,-0.26499515771865845,0.5137993693351746,1.0682897567749023,-0.351496160030365,-0.061818502843379974,-0.13122853636741638
2.454690456390381,0.09167444705963135,0.6040171384811401,0.04398686811327934,-0.02600478008389473,0.07228955626487732,0.996073842048645,-0.8816725015640259,0.21066386997699738,0.040896546095609665,0.8553338646888733,-0.1411203294992447,0.044757794588804245,0.44520747661590576,-0.2659749686717987,0.1275891363620758,0.8312581777572632,-0.5685729384422302,0.1770094633102417,0.2858675718307495,0.04757137969136238,0.26484227180480957,-0.02017790637910366,0.19242003560066223,-0.330824077129364,1.145094871520996,0.2903817296028137,-0.05251765996217728,0.1942846029996872,-0.16190212965011597,-0.26704540848731995,0.5313137173652649,1.0535070896148682,-0.35115134716033936,-0.06773753464221954,-0.12973269820213318
2.4692203998565674,0.09925776720046997,0.595604419708252,0.050677984952926636,-0.015008177608251572,0.07025591284036636,0.9961278438568115,-0.944408118724823,0.19622021913528442,0.03282066807150841,0.9468336701393127,-0.1711415946483612,0.0402519628405571,0.4405883848667145,-0.28256452083587646,0.1272052526473999,0.8456076383590698,-0.5878137946128845,0.18868206441402435,0.29314345121383667,0.03466407209634781,0.2761247754096985,-0.052477456629276276,0.20084074139595032,-0.35169148445129395,1.1220210790634155,0.29796260595321655,-0.05434911325573921,0.20190471410751343,-0.1876312494277954,-0.2733256220817566,0.5484222769737244,1.0313684940338135,-0.3477936387062073,-0.07438641786575317,-0.1296221911907196
2.480745553970337,0.10536521673202515,0.5868762731552124,0.05710599943995476,-0.004395666066557169,0.06658162921667099,0.9961357712745667,-1.0076438188552856,0.18155008554458618,0.025811638683080673,1.032729983329773,-0.19915154576301575,0.03704506903886795,0.4366143047809601,-0.29987582564353943,0.12803751230239868,0.8595876097679138,-0.6040635108947754,0.20055387914180756,0.2992466688156128,0.022623341530561447,0.28709203004837036,-0.08497542142868042,0.2136956751346588,-0.3747236728668213,1.0949444770812988,0.3076757788658142,-0.05668405443429947,0.21055586636066437,-0.21475404500961304,-0.2828458547592163,0.5647917985916138,1.0029600858688354,-0.3426509201526642,-0.08088409900665283,-0.13106508553028107
2.490027666091919,0.11027242243289948,0.5762797594070435,0.06302939355373383,0.005348456557840109,0.061311788856983185,0.9961121678352356,-1.069793462753296,0.16738417744636536,0.019894134253263474,1.1134434938430786,-0.22687608003616333,0.03557785600423813,0.432608425617218,-0.3180350959300995,0.12884148955345154,0.880811333656311,-0.6210997104644775,0.21432609856128693,0.3020368218421936,0.01273155864328146,0.29689306020736694,-0.11500509083271027,0.22873567044734955,-0.40106815099716187,1.0650510787963867,0.3207014203071594,-0.05949363857507706,0.2180114984512329,-0.2389964908361435,-0.29686933755874634,0.5804487466812134,0.9679883718490601,-0.33667153120040894,-0.08793345838785172,-0.13134823739528656
2.497391700744629,0.11403115838766098,0.5644352436065674,0.06833289563655853,0.01503807120025158,0.05492779612541199,0.9960358738899231,-1.1285948753356934,0.15515951812267303,0.014730161055922508,1.1820380687713623,-0.2510969042778015,0.0346217155456543,0.42673975229263306,-0.3356581926345825,0.1317160278558731,0.9071490168571472,-0.638325572013855,0.2288028746843338,0.30210691690444946,0.004673592746257782,0.3094034790992737,-0.1597284972667694,0.24889931082725525,-0.43324756622314453,1.0238463878631592,0.33320680260658264,-0.06245226413011551,0.23043698072433472,-0.27082669734954834,-0.30959010124206543,0.5994669795036316,0.9250792264938354,-0.3296230137348175,-0.0937652587890625,-0.13628068566322327
2.5034189224243164,0.11665913462638855,0.5515326857566833,0.07191582024097443,0.02382834441959858,0.0479482039809227,0.9959725141525269,-1.1818782091140747,0.148319810628891,0.008423919789493084,1.2369227409362793,-0.27101150155067444,0.032094188034534454,0.4222133755683899,-0.35003846883773804,0.13586333394050598,0.934904158115387,-0.6541935205459595,0.2403508722782135,0.29933133721351624,-0.00010274420492351055,0.31969690322875977,-0.21333670616149902,0.28486868739128113,-0.4657621681690216,0.977914571762085,0.34631896018981934,-0.0645083636045456,0.24517208337783813,-0.3010387122631073,-0.32051050662994385,0.6180771589279175,0.884541392326355,-0.32405492663383484,-0.09719574451446533,-0.14273038506507874
2.5091495513916016,0.11862419545650482,0.536560595035553,0.07368312776088715,0.0319589339196682,0.04084649682044983,0.9959322214126587,-1.2338435649871826,0.14482641220092773,-5.5258627980947495e-05,1.2870866060256958,-0.2879137694835663,0.029860153794288635,0.423115611076355,-0.3618057668209076,0.13979971408843994,0.9610612988471985,-0.6684021353721619,0.24785806238651276,0.29828551411628723,-0.0016759317368268967,0.3267611265182495,-0.2651360332965851,0.33050739765167236,-0.4928314685821533,0.9356154203414917,0.35860776901245117,-0.06498497724533081,0.2600429058074951,-0.3288717269897461,-0.3280109763145447,0.6318793296813965,0.8502806425094604,-0.3191528022289276,-0.098298579454422,-0.15103010833263397
2.515153646469116,0.12029624730348587,0.5205960273742676,0.07440183311700821,0.03981795534491539,0.032990265637636185,0.9958868026733398,-1.2851786613464355,0.141281396150589,-0.010736310854554176,1.333812952041626,-0.30150920152664185,0.02515149489045143,0.4297950267791748,-0.37204042077064514,0.14398609101772308,0.9802114367485046,-0.680965781211853,0.25273773074150085,0.29708248376846313,-0.0022770664654672146,0.3337458074092865,-0.3141515851020813,0.37460049986839294,-0.5224225521087646,0.9047789573669434,0.3728434443473816,-0.0634598508477211,0.2703580856323242,-0.3529163599014282,-0.3331899046897888,0.6454492807388306,0.8298550844192505,-0.316486656665802,-0.09671076387166977,-0.15680472552776337
2.5211238861083984,0.1217385083436966,0.5048754811286926,0.07493824511766434,0.04726511240005493,0.023590829223394394,0.995788037776947,-1.3318904638290405,0.13782986998558044,-0.023123862221837044,1.3743062019348145,-0.31165260076522827,0.017580382525920868,0.4391765892505646,-0.38278424739837646,0.1481090784072876,0.993321418762207,-0.6905180811882019,0.2559095025062561,0.29466360807418823,-0.004895670805126429,0.3408667743206024,-0.35551589727401733,0.4115113317966461,-0.5495558381080627,0.8786306977272034,0.3870425224304199,-0.06218606233596802,0.27742648124694824,-0.3703268766403198,-0.337402880191803,0.6553237438201904,0.81048184633255,-0.31299442052841187,-0.09621714055538177,-0.15943209826946259
2.5267996788024902,0.1230560913681984,0.4911590814590454,0.07552792131900787,0.0541236475110054,0.012666790746152401,0.9955931901931763,-1.3695099353790283,0.1343982070684433,-0.03640853241086006,1.4038043022155762,-0.3185618221759796,0.008129144087433815,0.44616809487342834,-0.3948982357978821,0.15294787287712097,1.00199556350708,-0.6978258490562439,0.2579711675643921,0.2922121584415436,-0.008259722962975502,0.34944409132003784,-0.38908207416534424,0.44070419669151306,-0.5770689249038696,0.8535626530647278,0.40180695056915283,-0.061197880655527115,0.28067323565483093,-0.3832021653652191,-0.3427811563014984,0.6648181080818176,0.7950640320777893,-0.3099838197231293,-0.09496818482875824,-0.15718944370746613
2.5321943759918213,0.12434247136116028,0.4788830578327179,0.07687393575906754,0.060495585203170776,0.0008413027971982956,0.99520343542099,-1.4015196561813354,0.13172578811645508,-0.04840834438800812,1.427717924118042,-0.32359227538108826,-0.003071911633014679,0.4518902003765106,-0.40878552198410034,0.1589047908782959,1.0077863931655884,-0.7040513753890991,0.2593112587928772,0.29213619232177734,-0.01324371062219143,0.35939544439315796,-0.4131258726119995,0.4633542001247406,-0.60048907995224,0.8299779891967773,0.4140651226043701,-0.06060462445020676,0.2826504409313202,-0.39495018124580383,-0.348026841878891,0.6690760850906372,0.7858391404151917,-0.3055618405342102,-0.09158733487129211,-0.15629564225673676
2.5373013019561768,0.12545447051525116,0.4742099642753601,0.0793965607881546,0.06684913486242294,-0.012199874967336655,0.9945242404937744,-1.4252746105194092,0.13290196657180786,-0.056173671036958694,1.4434523582458496,-0.3269963264465332,-0.01253299880772829,0.45132434368133545,-0.42556965351104736,0.16701826453208923,1.0105149745941162,-0.7087746858596802,0.26018232107162476,0.29360148310661316,-0.018018098548054695,0.3722922205924988,-0.43132445216178894,0.4819013476371765,-0.6235758066177368,0.8032963275909424,0.4244573712348938,-0.06246845796704292,0.2811717987060547,-0.40693962574005127,-0.35372236371040344,0.6694716811180115,0.78288334608078,-0.3009313941001892,-0.08770370483398438,-0.15541942417621613
2.5425477027893066,0.12686190009117126,0.4728287160396576,0.0821775570511818,0.07256577163934708,-0.02510332129895687,0.993655264377594,-1.439232587814331,0.13477373123168945,-0.059636276215314865,1.450852632522583,-0.32958075404167175,-0.021458802744746208,0.4452480971813202,-0.44415783882141113,0.17530128359794617,1.0048096179962158,-0.7096192836761475,0.2607485055923462,0.2953670024871826,-0.02062394469976425,0.3834947943687439,-0.4459138512611389,0.49731332063674927,-0.649659276008606,0.7788304090499878,0.4320008456707001,-0.0648648738861084,0.2769182324409485,-0.42122548818588257,-0.356391578912735,0.6686410903930664,0.7901635766029358,-0.295389324426651,-0.0820869579911232,-0.15645620226860046
2.548386335372925,0.12882362306118011,0.47604817152023315,0.08443202823400497,0.0780612975358963,-0.03745972365140915,0.9926602840423584,-1.4400906562805176,0.1382112205028534,-0.05940144509077072,1.4438437223434448,-0.3291096091270447,-0.029885195195674896,0.43442314863204956,-0.46278393268585205,0.1832372546195984,0.9821146130561829,-0.6997672319412231,0.26111650466918945,0.2978988587856293,-0.024313800036907196,0.3925796449184418,-0.45870286226272583,0.5117955803871155,-0.6750801801681519,0.76325523853302,0.43542951345443726,-0.06590376794338226,0.27126285433769226,-0.4357772767543793,-0.35502272844314575,0.668307363986969,0.804695725440979,-0.2902688980102539,-0.07566294074058533,-0.15743976831436157
2.5547962188720703,0.13122951984405518,0.4850359559059143,0.08468259125947952,0.08288945257663727,-0.05025867372751236,0.9916815757751465,-1.4250757694244385,0.14307484030723572,-0.05871137976646423,1.4197471141815186,-0.3239815831184387,-0.038080811500549316,0.41634830832481384,-0.47744089365005493,0.1912361979484558,0.9443017244338989,-0.6749493479728699,0.2613556981086731,0.2996886074542999,-0.024471979588270187,0.40081846714019775,-0.46803924441337585,0.5231090784072876,-0.6995912790298462,0.7601923942565918,0.4345700144767761,-0.06521861255168915,0.2639610171318054,-0.45064789056777954,-0.3495372533798218,0.6691830158233643,0.8217548131942749,-0.2855397164821625,-0.06905380636453629,-0.15735603868961334
2.5620951652526855,0.13442541658878326,0.5003447532653809,0.08202024549245834,0.08586909621953964,-0.06296524405479431,0.9909260869026184,-1.3897883892059326,0.15283983945846558,-0.05619752034544945,1.3730109930038452,-0.31322747468948364,-0.04631732404232025,0.3962346911430359,-0.4866398870944977,0.19670647382736206,0.8919243812561035,-0.6344432830810547,0.2615112066268921,0.3015737235546112,-0.02085850201547146,0.40489888191223145,-0.4645541310310364,0.5305652022361755,-0.7167704701423645,0.7724522352218628,0.4309544861316681,-0.06513293087482452,0.2544199526309967,-0.45194530487060547,-0.3431771695613861,0.6666721105575562,0.8472769260406494,-0.2857721745967865,-0.06337715685367584,-0.15380048751831055
2.5708696842193604,0.13857293128967285,0.522482693195343,0.07570799440145493,0.08809737861156464,-0.0729684978723526,0.990546703338623,-1.3343864679336548,0.16537773609161377,-0.05474570393562317,1.3065519332885742,-0.29688113927841187,-0.05098092928528786,0.37537217140197754,-0.4832112193107605,0.19757606089115143,0.8312145471572876,-0.5793770551681519,0.26161229610443115,0.30447477102279663,-0.013346033170819283,0.40285933017730713,-0.44812941551208496,0.5281084775924683,-0.7268843650817871,0.7977986335754395,0.4219319820404053,-0.0636969655752182,0.2463669776916504,-0.44417279958724976,-0.3313572406768799,0.6645744442939758,0.8705164194107056,-0.288470983505249,-0.05990275368094444,-0.15063869953155518
2.5813980102539062,0.14395229518413544,0.5501120090484619,0.06712549179792404,0.09038558602333069,-0.07928179949522018,0.9904741048812866,-1.262238621711731,0.178458571434021,-0.05160962790250778,1.2244293689727783,-0.2760469317436218,-0.05162280797958374,0.3492909073829651,-0.46867549419403076,0.19411392509937286,0.7797597050666809,-0.5170303583145142,0.26167798042297363,0.30772218108177185,-0.004547238815575838,0.3954532742500305,-0.4247502386569977,0.5147993564605713,-0.7253785133361816,0.8392314910888672,0.4071926474571228,-0.059868767857551575,0.24322940409183502,-0.4319470524787903,-0.31631121039390564,0.6622744202613831,0.9034968614578247,-0.29370906949043274,-0.05632466450333595,-0.15028691291809082
2.5934596061706543,0.1496099829673767,0.5822421312332153,0.05647725984454155,0.0918622836470604,-0.08351482450962067,0.9906548261642456,-1.171980381011963,0.190839022397995,-0.0470196008682251,1.1267032623291016,-0.25368770956993103,-0.04599014297127724,0.3159448504447937,-0.442152738571167,0.18602001667022705,0.7407590746879578,-0.4553458094596863,0.2617206573486328,0.3058188557624817,0.010324007831513882,0.3787785768508911,-0.3967839479446411,0.4885079562664032,-0.7175819873809814,0.8885835409164429,0.3891616463661194,-0.05588463321328163,0.24069558084011078,-0.4217279553413391,-0.3027084171772003,0.6608023643493652,0.9419820308685303,-0.30037304759025574,-0.05300432816147804,-0.1506863236427307
2.6068830490112305,0.15481100976467133,0.6134747862815857,0.04619211703538895,0.09164018929004669,-0.08495841175317764,0.9910854697227478,-1.0748414993286133,0.196620911359787,-0.042355649173259735,1.0284470319747925,-0.23552057147026062,-0.03395436704158783,0.2665039300918579,-0.40729546546936035,0.17390839755535126,0.733209490776062,-0.40463370084762573,0.26174843311309814,0.29842445254325867,0.026563778519630432,0.36043718457221985,-0.37129518389701843,0.45784643292427063,-0.7053512334823608,0.9236456155776978,0.373546838760376,-0.053473979234695435,0.2408743053674698,-0.4116854667663574,-0.29736027121543884,0.6625720262527466,0.9708949327468872,-0.3107878863811493,-0.051958195865154266,-0.14991623163223267
2.6218507289886475,0.1602427363395691,0.6425780057907104,0.038342155516147614,0.08931474387645721,-0.0823497623205185,0.9918524622917175,-0.9702782034873962,0.19283431768417358,-0.03498440235853195,0.9200005531311035,-0.21771451830863953,-0.016883838921785355,0.20047156512737274,-0.370663583278656,0.16147074103355408,0.7584478855133057,-0.3661453127861023,0.2616974115371704,0.28766417503356934,0.03685981407761574,0.3425448536872864,-0.35059893131256104,0.4271850883960724,-0.6845405101776123,0.9535233974456787,0.35889822244644165,-0.05046789348125458,0.2454420030117035,-0.3986595571041107,-0.2968887388706207,0.6590563654899597,0.9970711469650269,-0.32146307826042175,-0.05156264454126358,-0.15166407823562622
2.639165163040161,0.16654613614082336,0.6692200899124146,0.030133359134197235,0.08532242476940155,-0.07505607604980469,0.9930652976036072,-0.8619747161865234,0.18371424078941345,-0.030179744586348534,0.8093984723091125,-0.20428097248077393,0.008526112884283066,0.12054625153541565,-0.3247751295566559,0.14695322513580322,0.8082429766654968,-0.3375394642353058,0.25378692150115967,0.27181991934776306,0.04694714397192001,0.319933146238327,-0.33558720350265503,0.39940646290779114,-0.6633296012878418,0.9716682434082031,0.3460002839565277,-0.047251902520656586,0.2504209876060486,-0.38893356919288635,-0.2984606623649597,0.659403920173645,1.003614902496338,-0.3309137523174286,-0.05418826639652252,-0.15289902687072754
2.65858793258667,0.17394030094146729,0.6919870376586914,0.020878693088889122,0.07960744202136993,-0.06363474577665329,0.9945739507675171,-0.7570573091506958,0.17172300815582275,-0.02986716479063034,0.7120290398597717,-0.20101094245910645,0.03743404522538185,0.026989586651325226,-0.27443790435791016,0.13094957172870636,0.8712493181228638,-0.3267919421195984,0.24098461866378784,0.24497249722480774,0.06243171542882919,0.3009423613548279,-0.32855528593063354,0.38336899876594543,-0.6392490267753601,0.9791490435600281,0.33539995551109314,-0.045270875096321106,0.25640439987182617,-0.37833595275878906,-0.30449721217155457,0.658681333065033,0.9947993755340576,-0.33916035294532776,-0.059219393879175186,-0.1530194729566574
2.6789145469665527,0.1815926730632782,0.7116071581840515,0.01119797583669424,0.0726984441280365,-0.051109444350004196,0.9959806203842163,-0.6530138254165649,0.16094550490379333,-0.03278044983744621,0.6115214228630066,-0.19659221172332764,0.05980030074715614,-0.05856716260313988,-0.22492140531539917,0.11214498430490494,0.9192222356796265,-0.3217572569847107,0.2264288365840912,0.2180773913860321,0.08212354779243469,0.2809487283229828,-0.32745882868766785,0.3731352686882019,-0.6189809441566467,0.9841984510421753,0.32723674178123474,-0.04500759765505791,0.25798195600509644,-0.3713162839412689,-0.31087741255760193,0.6568171977996826,0.988929271697998,-0.3450702130794525,-0.06360733509063721,-0.1515699028968811
2.699641704559326,0.18993619084358215,0.7291890382766724,0.0008609001524746418,0.06362760812044144,-0.02957938052713871,0.9975349307060242,-0.5441170930862427,0.14453952014446259,-0.039144523441791534,0.5044030547142029,-0.18985804915428162,0.08373226970434189,-0.14881916344165802,-0.1660836935043335,0.09694783389568329,0.95882248878479,-0.3160034716129303,0.2105761617422104,0.18714995682239532,0.1094222366809845,0.2640753388404846,-0.33313071727752686,0.3569642901420593,-0.6102688312530518,0.972848653793335,0.3217046558856964,-0.04797336831688881,0.2534869313240051,-0.35234445333480835,-0.3216387927532196,0.6450186967849731,0.9852811098098755,-0.34610652923583984,-0.06887253373861313,-0.1488880217075348
2.720369338989258,0.19900564849376678,0.742789626121521,-0.00837755762040615,0.052706196904182434,0.004090326838195324,0.9985665082931519,-0.44134461879730225,0.11592470109462738,-0.053017452359199524,0.4237893223762512,-0.19974613189697266,0.1136627048254013,-0.25033316016197205,-0.10244417190551758,0.08600625395774841,0.9804926514625549,-0.3100019097328186,0.19509246945381165,0.14229968190193176,0.1381988227367401,0.2533026337623596,-0.34404850006103516,0.33565986156463623,-0.61067134141922,0.9593236446380615,0.31821614503860474,-0.05096270143985748,0.2444818764925003,-0.3217228949069977,-0.34035587310791016,0.6248428225517273,0.9755720496177673,-0.338873952627182,-0.07570932805538177,-0.1438015103340149
2.740985870361328,0.20831197500228882,0.7518858909606934,-0.015181653201580048,0.04127136245369911,0.04740584269165993,0.997907280921936,-0.3524132966995239,0.07958167791366577,-0.07938729226589203,0.3779188394546509,-0.22495338320732117,0.13721424341201782,-0.3373999297618866,-0.05467407405376434,0.08966235816478729,0.9724240303039551,-0.2961893081665039,0.19152048230171204,0.09172714501619339,0.1628970056772232,0.24439939856529236,-0.34616971015930176,0.3101201057434082,-0.6163328886032104,0.9639589786529541,0.3175816237926483,-0.05498052015900612,0.2295190691947937,-0.2879883050918579,-0.35604918003082275,0.5993053913116455,0.9847772121429443,-0.3304938077926636,-0.079067163169384,-0.13861536979675293
2.7616589069366455,0.2178012877702713,0.7569591403007507,-0.01810697466135025,0.02977507747709751,0.0960097461938858,0.9947701692581177,-0.2738908529281616,0.04003654420375824,-0.11769182235002518,0.3602043390274048,-0.26098570227622986,0.151469886302948,-0.4113812744617462,-0.027716729789972305,0.10499279946088791,0.936734139919281,-0.2730204463005066,0.1946079581975937,0.03748082369565964,0.17578420042991638,0.23901823163032532,-0.337613970041275,0.27942949533462524,-0.6243343353271484,0.9967204332351685,0.3204900920391083,-0.05678299069404602,0.2127150446176529,-0.2573217451572418,-0.36263781785964966,0.5749598741531372,1.0009785890579224,-0.32111698389053345,-0.08133824169635773,-0.13634613156318665
2.782522439956665,0.2278764247894287,0.7588114738464355,-0.01451731938868761,0.01826905459165573,0.14699231088161469,0.9888623356819153,-0.19173382222652435,-0.004638465121388435,-0.16364465653896332,0.35246971249580383,-0.30122679471969604,0.15555736422538757,-0.46003472805023193,-0.02978499047458172,0.11776593327522278,0.8241360783576965,-0.22163915634155273,0.20247025787830353,-0.021964360028505325,0.1716984510421753,0.23835696280002594,-0.32682520151138306,0.24952049553394318,-0.6335594654083252,1.0390253067016602,0.32568418979644775,-0.05889473110437393,0.19578371942043304,-0.231175035238266,-0.3640831708908081,0.5499979257583618,1.018470048904419,-0.3100523352622986,-0.08287716656923294,-0.13346707820892334
2.8038201332092285,0.23873494565486908,0.7574173212051392,-0.0044499896466732025,0.006027198862284422,0.19814860820770264,0.9801433682441711,-0.10186387598514557,-0.049253858625888824,-0.21634043753147125,0.34743428230285645,-0.3421938121318817,0.15096065402030945,-0.4816935956478119,-0.06519642472267151,0.12672953307628632,0.6552711129188538,-0.14887194335460663,0.2191353738307953,-0.08077269047498703,0.15438950061798096,0.24234504997730255,-0.31544366478919983,0.2200337052345276,-0.6409249305725098,1.07912278175354,0.33126407861709595,-0.06322488933801651,0.18053719401359558,-0.20715607702732086,-0.36135944724082947,0.5192317366600037,1.0434980392456055,-0.3013654947280884,-0.08054502308368683,-0.1309797316789627
2.8246243000030518,0.2502419948577881,0.7546869516372681,0.0034327807370573282,-0.007374522276222706,0.24443913996219635,0.9696304798126221,-0.01121833547949791,-0.07302016764879227,-0.2661062180995941,0.34392425417900085,-0.3821343183517456,0.1411207914352417,-0.5055258274078369,-0.10256019234657288,0.12602148950099945,0.5009776949882507,-0.0781293734908104,0.233718603849411,-0.1330971121788025,0.13703873753547668,0.24750417470932007,-0.30004939436912537,0.19969139993190765,-0.6437641978263855,1.1034367084503174,0.33481577038764954,-0.06830993294715881,0.17303995788097382,-0.17470115423202515,-0.35764116048812866,0.4894503355026245,1.0570547580718994,-0.29705384373664856,-0.07921570539474487,-0.13065886497497559
2.8437469005584717,0.2617044448852539,0.752510666847229,0.004797583911567926,-0.020253030583262444,0.2819799780845642,0.9591944813728333,0.07130949944257736,-0.06666315346956253,-0.3053683638572693,0.3355284631252289,-0.41357535123825073,0.12358997017145157,-0.5335894227027893,-0.13283196091651917,0.11705638468265533,0.38130688667297363,-0.01795310527086258,0.24322426319122314,-0.17744281888008118,0.13334612548351288,0.24827775359153748,-0.28494328260421753,0.1882861852645874,-0.6446421146392822,1.121607780456543,0.3382226824760437,-0.07263102382421494,0.17092613875865936,-0.1409638375043869,-0.3588012158870697,0.45996683835983276,1.0751290321350098,-0.2969769835472107,-0.07513086497783661,-0.13139605522155762
2.8623178005218506,0.27280372381210327,0.7502288818359375,0.0041343579068779945,-0.030847052112221718,0.31145381927490234,0.9497514963150024,0.14247673749923706,-0.044485628604888916,-0.3301551938056946,0.32478147745132446,-0.4349871873855591,0.10399360954761505,-0.5620995163917542,-0.15553104877471924,0.10342799127101898,0.2968931198120117,0.029193436726927757,0.24502021074295044,-0.21267256140708923,0.1366247832775116,0.2458709180355072,-0.268104612827301,0.18005628883838654,-0.642432451248169,1.1337683200836182,0.33956480026245117,-0.0764690563082695,0.1741287112236023,-0.11479723453521729,-0.35974353551864624,0.4382234215736389,1.0879069566726685,-0.3008098602294922,-0.0723637267947197,-0.1351434737443924
2.8812994956970215,0.28330472111701965,0.7465581893920898,0.005127826705574989,-0.039115261286497116,0.33343133330345154,0.9419485926628113,0.2034253180027008,-0.017181698232889175,-0.3435085415840149,0.3215588629245758,-0.4510380029678345,0.0820591002702713,-0.5825167894363403,-0.1759641170501709,0.08920237421989441,0.24279016256332397,0.06425826996564865,0.24319016933441162,-0.24061432480812073,0.13657155632972717,0.23885220289230347,-0.2514607012271881,0.1740027368068695,-0.6395582556724548,1.1467645168304443,0.34104466438293457,-0.07836904376745224,0.17780345678329468,-0.09394603967666626,-0.35773682594299316,0.4256191849708557,1.1030323505401611,-0.3076101243495941,-0.06901712715625763,-0.13727892935276031
2.9017574787139893,0.2934664487838745,0.7393187284469604,0.014626854099333286,-0.045988358557224274,0.3517194986343384,0.9348607063293457,0.26170551776885986,0.0014408295974135399,-0.3530425429344177,0.33309245109558105,-0.4642266035079956,0.0617976039648056,-0.5772351026535034,-0.2074103206396103,0.08315977454185486,0.21174739301204681,0.08579765260219574,0.24026590585708618,-0.2661409080028534,0.12202098965644836,0.2267209142446518,-0.22956149280071259,0.16991113126277924,-0.6377155780792236,1.1553102731704712,0.34235310554504395,-0.07906400412321091,0.18116427958011627,-0.06763045489788055,-0.35557878017425537,0.41596657037734985,1.1208313703536987,-0.3159085512161255,-0.06311560422182083,-0.13895151019096375
2.9245665073394775,0.3032344877719879,0.7274576425552368,0.0322999469935894,-0.050649493932724,0.3657379746437073,0.9287771582603455,0.31535282731056213,0.012335246428847313,-0.3641727864742279,0.36423105001449585,-0.47418734431266785,0.04162932187318802,-0.5450739860534668,-0.2483915239572525,0.08874472230672836,0.1919676959514618,0.09701130539178848,0.23883186280727386,-0.2845574617385864,0.09641294181346893,0.21231433749198914,-0.20391589403152466,0.16532374918460846,-0.6349821090698242,1.164201259613037,0.34190261363983154,-0.07744400948286057,0.18215012550354004,-0.0454397089779377,-0.35161292552948,0.4099392294883728,1.1407954692840576,-0.32422304153442383,-0.0542292445898056,-0.13875842094421387
2.9487273693084717,0.31179478764533997,0.7128502726554871,0.044046252965927124,-0.05126713588833809,0.3725276291370392,0.925556480884552,0.3474156856536865,0.04023417830467224,-0.3665028512477875,0.4142902195453644,-0.4833080768585205,0.01876700483262539,-0.5228230357170105,-0.27084386348724365,0.09479448199272156,0.20130731165409088,0.09429498016834259,0.2343003898859024,-0.29449689388275146,0.0850457176566124,0.20153853297233582,-0.1890050321817398,0.15927845239639282,-0.6289123296737671,1.173875093460083,0.3389016389846802,-0.07251235097646713,0.17999474704265594,-0.04717569053173065,-0.34490829706192017,0.40945911407470703,1.1653034687042236,-0.33131957054138184,-0.0423329658806324,-0.13362465798854828
2.9751949310302734,0.3196326494216919,0.6949799060821533,0.052675146609544754,-0.04768340662121773,0.37733644247055054,0.9233465194702148,0.36526018381118774,0.07862121611833572,-0.36132922768592834,0.46928513050079346,-0.4853745698928833,-0.0036348439753055573,-0.5069825053215027,-0.28565219044685364,0.09753382205963135,0.23334002494812012,0.07754813879728317,0.22775894403457642,-0.29956138134002686,0.08020028471946716,0.18555650115013123,-0.1664348840713501,0.15604040026664734,-0.6196156144142151,1.1840400695800781,0.3361484408378601,-0.06760992854833603,0.17793215811252594,-0.04790881276130676,-0.3375069499015808,0.41042861342430115,1.1839139461517334,-0.33767446875572205,-0.03243645280599594,-0.12927085161209106
3.0023093223571777,0.32675066590309143,0.6776756644248962,0.05441075563430786,-0.0399252325296402,0.3817845284938812,0.9217841625213623,0.3738451600074768,0.13097719848155975,-0.34752339124679565,0.5035410523414612,-0.4693465232849121,-0.019228504970669746,-0.5161437392234802,-0.29386651515960693,0.08933360129594803,0.30482161045074463,0.04123998433351517,0.21712198853492737,-0.3070206642150879,0.09098803997039795,0.1637796312570572,-0.14593273401260376,0.15337476134300232,-0.6143010258674622,1.1905548572540283,0.33618131279945374,-0.060632891952991486,0.1765878051519394,-0.05008392035961151,-0.3330087661743164,0.4108957052230835,1.1991137266159058,-0.34352320432662964,-0.021180883049964905,-0.1277484893798828
3.028501033782959,0.3334900736808777,0.6758503317832947,0.050374582409858704,-0.03162652254104614,0.3846488296985626,0.9211446642875671,0.37569165229797363,0.19248366355895996,-0.325407475233078,0.5330417156219482,-0.4561481475830078,-0.023240704089403152,-0.5583388805389404,-0.3004544675350189,0.07143359631299973,0.428750216960907,-0.014882199466228485,0.2026429921388626,-0.3148469030857086,0.11242842674255371,0.14490780234336853,-0.12597528100013733,0.1535811722278595,-0.6069076061248779,1.1966254711151123,0.33623671531677246,-0.0515153668820858,0.17638008296489716,-0.05892980843782425,-0.3327251076698303,0.41054314374923706,1.2040966749191284,-0.3455754816532135,-0.011353688314557076,-0.12932857871055603
3.05204701423645,0.34000664949417114,0.6717334985733032,0.045326557010412216,-0.026268089190125465,0.3875202238559723,0.920371413230896,0.3740246891975403,0.25525352358818054,-0.3003615438938141,0.5785194039344788,-0.459309458732605,-0.020528152585029602,-0.6188961267471313,-0.3096090257167816,0.05510743707418442,0.5891838073730469,-0.08370101451873779,0.1857926845550537,-0.3222103416919708,0.13481849431991577,0.1326226145029068,-0.110275499522686,0.15462356805801392,-0.6022679805755615,1.1988282203674316,0.33574703335762024,-0.04245851933956146,0.17784637212753296,-0.06954508274793625,-0.332177996635437,0.4121892750263214,1.2033743858337402,-0.34721508622169495,-0.003342393785715103,-0.13281214237213135
3.0714621543884277,0.3457523286342621,0.6640356779098511,0.040447402745485306,-0.022327598184347153,0.39111432433128357,0.919181764125824,0.37342506647109985,0.3142445683479309,-0.2758409380912781,0.6274819374084473,-0.4815123379230499,-0.01408329140394926,-0.6886352896690369,-0.3240918815135956,0.04138844087719917,0.7595012187957764,-0.1544397473335266,0.17092791199684143,-0.33221256732940674,0.15770526230335236,0.1279904693365097,-0.10354464501142502,0.15649183094501495,-0.5981553196907043,1.2039051055908203,0.33590662479400635,-0.03308960795402527,0.1771092414855957,-0.08880367875099182,-0.33473193645477295,0.415783166885376,1.19913911819458,-0.347934752702713,0.003026906866580248,-0.13427674770355225
3.0875742435455322,0.3502040207386017,0.6518259644508362,0.035513680428266525,-0.019360719248652458,0.39231759309768677,0.9189400672912598,0.3719232380390167,0.3617573380470276,-0.25512346625328064,0.6835000514984131,-0.5110155344009399,-0.0068659596145153046,-0.7573839426040649,-0.33431604504585266,0.03052237629890442,0.9234155416488647,-0.22292467951774597,0.15551576018333435,-0.34089532494544983,0.17846083641052246,0.12837043404579163,-0.10889042913913727,0.15614266693592072,-0.6000745892524719,1.2085309028625488,0.3372681736946106,-0.024428728967905045,0.1749267280101776,-0.1169837936758995,-0.3367310166358948,0.42524415254592896,1.192331075668335,-0.34772592782974243,0.00806306954473257,-0.1347658634185791
3.100923538208008,0.3533516228199005,0.6383545994758606,0.030803833156824112,-0.015495151281356812,0.3921797275543213,0.9192421436309814,0.37300172448158264,0.3951544761657715,-0.23852676153182983,0.7295998334884644,-0.53977370262146,-0.0011788501869887114,-0.8207200765609741,-0.33856916427612305,0.020249061286449432,1.0650460720062256,-0.28223076462745667,0.1413133293390274,-0.35206151008605957,0.195187509059906,0.13128694891929626,-0.1353761851787567,0.16008129715919495,-0.6103189587593079,1.1909258365631104,0.34118062257766724,-0.019086243584752083,0.17866508662700653,-0.14913690090179443,-0.34585344791412354,0.44159138202667236,1.1629438400268555,-0.34957975149154663,0.006540450267493725,-0.1357613503932953
3.112051010131836,0.35567182302474976,0.6252428889274597,0.026265287771821022,-0.009993132203817368,0.39259079098701477,0.9192838668823242,0.3778868019580841,0.41762328147888184,-0.22448241710662842,0.7609750032424927,-0.5621733069419861,0.0016655141953378916,-0.8783150911331177,-0.34084552526474,0.008719337172806263,1.1848981380462646,-0.3323274254798889,0.12948323786258698,-0.36173170804977417,0.20968401432037354,0.13527284562587738,-0.16871587932109833,0.16742847859859467,-0.6236293315887451,1.1717056035995483,0.348388671875,-0.01369914785027504,0.18039923906326294,-0.18065789341926575,-0.36204949021339417,0.4575175940990448,1.1320852041244507,-0.35158681869506836,0.005220788065344095,-0.13327069580554962
3.121183395385742,0.35768717527389526,0.6126676201820374,0.02157681994140148,-0.0032029126305133104,0.3927091956138611,0.9194039702415466,0.38468971848487854,0.43193089962005615,-0.21375848352909088,0.7835900783538818,-0.5774908065795898,0.003981072921305895,-0.9329952001571655,-0.34109392762184143,-0.003618834540247917,1.2863376140594482,-0.371573269367218,0.11930045485496521,-0.371096134185791,0.22142855823040009,0.14202222228050232,-0.20301420986652374,0.1758766919374466,-0.640935480594635,1.1485412120819092,0.35619667172431946,-0.009295475669205189,0.18270380795001984,-0.2152501344680786,-0.3815564513206482,0.4751986861228943,1.0897915363311768,-0.35279223322868347,0.001990837976336479,-0.13122901320457458
3.1286115646362305,0.3596843481063843,0.6006976962089539,0.016758553683757782,0.004078454803675413,0.39204248785972595,0.9197854399681091,0.3930513262748718,0.44077157974243164,-0.20428824424743652,0.8013940453529358,-0.587399959564209,0.006234453991055489,-0.983797550201416,-0.34046536684036255,-0.015987813472747803,1.3728333711624146,-0.4032590389251709,0.10988063365221024,-0.3794891834259033,0.23155838251113892,0.14774297177791595,-0.23229661583900452,0.18435052037239075,-0.6583232283592224,1.1268547773361206,0.3652704060077667,-0.00483613321557641,0.1847553551197052,-0.24839694797992706,-0.40323927998542786,0.49345314502716064,1.0508170127868652,-0.3564499616622925,0.001146458787843585,-0.12876279652118683
3.134732484817505,0.3617101311683655,0.5894201993942261,0.011722171679139137,0.011880086734890938,0.3911062479019165,0.9201942086219788,0.40196728706359863,0.4468280076980591,-0.19601517915725708,0.81421959400177,-0.5942122340202332,0.007816902361810207,-1.0311496257781982,-0.34058696031570435,-0.02688942477107048,1.446631669998169,-0.42952054738998413,0.1013256162405014,-0.3873100280761719,0.24040555953979492,0.15265366435050964,-0.2581526041030884,0.19190284609794617,-0.674904465675354,1.1051664352416992,0.3741229176521301,-0.00027689849957823753,0.1869456171989441,-0.2778450846672058,-0.4238954782485962,0.511451244354248,1.0174962282180786,-0.36322975158691406,0.003005658509209752,-0.12809719145298004
3.1397480964660645,0.36371180415153503,0.5792516469955444,0.0064012943767011166,0.01986629143357277,0.38911953568458557,0.9209508299827576,0.4113287925720215,0.45146143436431885,-0.18892163038253784,0.8253179788589478,-0.6011418700218201,0.008747970685362816,-1.0738917589187622,-0.3420804440975189,-0.03621264547109604,1.5086240768432617,-0.4507482051849365,0.09364180266857147,-0.39424169063568115,0.24777628481388092,0.15647484362125397,-0.27693378925323486,0.19850832223892212,-0.6901057958602905,1.083417534828186,0.38306087255477905,0.004244951065629721,0.1887967586517334,-0.30324727296829224,-0.44189852476119995,0.5305074453353882,0.9874918460845947,-0.3737132251262665,0.006094359792768955,-0.12791384756565094
3.143734931945801,0.3656701445579529,0.5695839524269104,0.000632612151093781,0.02781856432557106,0.3858814239501953,0.9221286177635193,0.41815632581710815,0.4537532329559326,-0.18343882262706757,0.8399657011032104,-0.6105995178222656,0.009195594117045403,-1.113972783088684,-0.34334248304367065,-0.04384315758943558,1.5619288682937622,-0.46927839517593384,0.08561232686042786,-0.39937424659729004,0.2541251480579376,0.16201353073120117,-0.29660847783088684,0.2063899040222168,-0.7048770785331726,1.0558741092681885,0.3909335434436798,0.008574137464165688,0.1907106637954712,-0.32945072650909424,-0.4598426818847656,0.5514071583747864,0.9588832855224609,-0.3859911561012268,0.010384500958025455,-0.12690499424934387
3.147005319595337,0.3676716387271881,0.5602935552597046,-0.005321514792740345,0.0354498066008091,0.3820585608482361,0.9234426021575928,0.4236842095851898,0.45445847511291504,-0.17964528501033783,0.8557547926902771,-0.6204674243927002,0.008943692781031132,-1.1508818864822388,-0.3450838327407837,-0.05020282790064812,1.609726905822754,-0.48693251609802246,0.07788314670324326,-0.4029855728149414,0.259250670671463,0.16664837300777435,-0.3175062835216522,0.21361961960792542,-0.7225351333618164,1.0262060165405273,0.398298442363739,0.012300116941332817,0.19324350357055664,-0.352557897567749,-0.4754641354084015,0.5752583742141724,0.9377685785293579,-0.40089261531829834,0.015544874593615532,-0.12627044320106506
3.14969539642334,0.36962103843688965,0.5510520339012146,-0.011234913021326065,0.04236425831913948,0.3789680004119873,0.9243713021278381,0.428829163312912,0.454780638217926,-0.17751073837280273,0.8689603805541992,-0.6299867033958435,0.007885448634624481,-1.186421275138855,-0.34620216488838196,-0.05480143427848816,1.6517560482025146,-0.5028290748596191,0.07097367942333221,-0.4052773118019104,0.2644570469856262,0.1708749532699585,-0.33559033274650574,0.2201501876115799,-0.7391663789749146,0.9998916387557983,0.40335994958877563,0.01589294523000717,0.19655336439609528,-0.3728616237640381,-0.4894309639930725,0.5993756055831909,0.9218553304672241,-0.4167347550392151,0.020233817398548126,-0.12720921635627747
3.1517446041107178,0.37141722440719604,0.5413737297058105,-0.017027894034981728,0.04789770022034645,0.376289039850235,0.9251067042350769,0.4325399398803711,0.4552280604839325,-0.17718258500099182,0.8815461993217468,-0.6398678421974182,0.005812999326735735,-1.2214641571044922,-0.346483439207077,-0.0578572079539299,1.6903916597366333,-0.5163083076477051,0.06544800102710724,-0.40629926323890686,0.26926007866859436,0.1758967489004135,-0.3532213568687439,0.2268010973930359,-0.7554963827133179,0.9722439646720886,0.40580475330352783,0.017973357811570168,0.20148883759975433,-0.3922380208969116,-0.5028223991394043,0.6239092946052551,0.9079222679138184,-0.43329787254333496,0.023773686960339546,-0.12947888672351837
3.1533021926879883,0.3730925917625427,0.532198429107666,-0.02219567261636257,0.05244468152523041,0.37419065833091736,0.925601601600647,0.4341222047805786,0.4562748074531555,-0.1773296296596527,0.8921157121658325,-0.6503649950027466,0.005005337297916412,-1.252652645111084,-0.3479151427745819,-0.05981692299246788,1.725437879562378,-0.529494047164917,0.062043026089668274,-0.4060438573360443,0.27345848083496094,0.18000397086143494,-0.3686017096042633,0.2313489466905594,-0.7735620737075806,0.9466977119445801,0.4075605273246765,0.019211068749427795,0.20462504029273987,-0.4099830687046051,-0.5154137015342712,0.6485658288002014,0.896059513092041,-0.4490049481391907,0.026271803304553032,-0.13116727769374847
3.1549899578094482,0.3746733069419861,0.5242434740066528,-0.026376264169812202,0.0566062368452549,0.37299469113349915,0.9257294535636902,0.4359365701675415,0.457280695438385,-0.17897313833236694,0.8961944580078125,-0.6603095531463623,0.0043123457580804825,-1.279427170753479,-0.34846726059913635,-0.06030678004026413,1.755707025527954,-0.5424792170524597,0.05932466685771942,-0.40415695309638977,0.2784579396247864,0.182580828666687,-0.37852123379707336,0.23271167278289795,-0.7901246547698975,0.9263170957565308,0.40834760665893555,0.019865617156028748,0.2062070518732071,-0.42492854595184326,-0.5276835560798645,0.6708682775497437,0.8870354890823364,-0.46200621128082275,0.02738330513238907,-0.1318495273590088
3.156980037689209,0.37618058919906616,0.518059492111206,-0.029573163017630577,0.06058456748723984,0.3724343776702881,0.9256066083908081,0.4364187717437744,0.45900392532348633,-0.1814740151166916,0.8956819772720337,-0.6697558164596558,0.0021890411153435707,-1.3020075559616089,-0.34705325961112976,-0.059358224272727966,1.7787132263183594,-0.5527656078338623,0.05742322653532028,-0.4020220637321472,0.2815171480178833,0.18757790327072144,-0.38427966833114624,0.23157723248004913,-0.8033163547515869,0.9165043830871582,0.4076496362686157,0.020752722397446632,0.2079949975013733,-0.4395294189453125,-0.5392241477966309,0.6895769834518433,0.8812748193740845,-0.4723561406135559,0.027515236288309097,-0.13321880996227264
3.159637928009033,0.3776624798774719,0.5142390727996826,-0.03187674283981323,0.06516432762145996,0.3737035095691681,0.9247070550918579,0.4348502457141876,0.46222299337387085,-0.18328005075454712,0.8862665891647339,-0.6733037233352661,-0.0017450321465730667,-1.3197486400604248,-0.34466055035591125,-0.057009752839803696,1.7930848598480225,-0.561661958694458,0.05548494681715965,-0.4023822247982025,0.28458958864212036,0.19542409479618073,-0.3903954029083252,0.22559122741222382,-0.8155692219734192,0.9205375909805298,0.4065423011779785,0.02283652126789093,0.2099507451057434,-0.45555126667022705,-0.5479332804679871,0.7057976126670837,0.8835480213165283,-0.480425089597702,0.0288124680519104,-0.13649296760559082
3.1634879112243652,0.3792467713356018,0.5144438743591309,-0.032943859696388245,0.07055021822452545,0.37554052472114563,0.9235294461250305,0.42958295345306396,0.4653353989124298,-0.18313530087471008,0.8653767108917236,-0.6685940027236938,-0.004823324270546436,-1.32785964012146,-0.34167152643203735,-0.05508849769830704,1.7937309741973877,-0.5688648223876953,0.05226849019527435,-0.4055629372596741,0.28767141699790955,0.20339380204677582,-0.39592862129211426,0.21573211252689362,-0.8262319564819336,0.9404432773590088,0.40658754110336304,0.025555962696671486,0.21060219407081604,-0.47283613681793213,-0.5524692535400391,0.7192728519439697,0.8931803703308105,-0.48482149839401245,0.029318124055862427,-0.14034219086170197
3.1686558723449707,0.3809179663658142,0.5200918912887573,-0.03277955576777458,0.07690008729696274,0.3780182898044586,0.9220163226127625,0.4202255606651306,0.468808114528656,-0.1800641566514969,0.8283321857452393,-0.651482880115509,-0.007860197685658932,-1.32271146774292,-0.3372955918312073,-0.05347650498151779,1.7746951580047607,-0.5734342932701111,0.04912954941391945,-0.41162681579589844,0.2909392714500427,0.2096194326877594,-0.4006806015968323,0.19975429773330688,-0.8358629941940308,0.9788159132003784,0.40704935789108276,0.02869383804500103,0.20870956778526306,-0.4879470765590668,-0.5490509867668152,0.7289966344833374,0.917365312576294,-0.4850246012210846,0.031005756929516792,-0.1441492885351181
3.1750969886779785,0.38233238458633423,0.5319223403930664,-0.03069496527314186,0.08415262401103973,0.38160908222198486,0.9199731945991516,0.40527409315109253,0.47088146209716797,-0.1732788383960724,0.7746880054473877,-0.6245994567871094,-0.011583905667066574,-1.303571343421936,-0.33103466033935547,-0.0528721958398819,1.7318612337112427,-0.5727458000183105,0.046373117715120316,-0.4202832281589508,0.29436060786247253,0.22124281525611877,-0.411806583404541,0.18369722366333008,-0.841504693031311,1.0120244026184082,0.40551358461380005,0.028802838176488876,0.20935127139091492,-0.5023953318595886,-0.5427847504615784,0.7325958609580994,0.9446582198143005,-0.4832105338573456,0.03312964737415314,-0.14974290132522583
3.1821963787078857,0.3833046555519104,0.5525322556495667,-0.0263432115316391,0.09091904014348984,0.3865616023540497,0.9173930287361145,0.381576806306839,0.46733278036117554,-0.1600341945886612,0.7125440835952759,-0.5835742354393005,-0.011163022369146347,-1.2604608535766602,-0.32196688652038574,-0.05591544508934021,1.6539684534072876,-0.5608606338500977,0.04576165974140167,-0.4258497357368469,0.2958791255950928,0.2312937080860138,-0.4169250726699829,0.16968515515327454,-0.8434549570083618,1.0408676862716675,0.40333276987075806,0.02558627910912037,0.20539987087249756,-0.5100655555725098,-0.5315567851066589,0.7286561727523804,0.9762107729911804,-0.47508782148361206,0.03439619392156601,-0.1513727605342865
3.189748764038086,0.38419368863105774,0.5801616907119751,-0.020410189405083656,0.09733439981937408,0.3915722072124481,0.9147571325302124,0.35128939151763916,0.4543663561344147,-0.1396605521440506,0.6512011289596558,-0.530333399772644,-0.010096552781760693,-1.1956976652145386,-0.30727002024650574,-0.06199057400226593,1.54750657081604,-0.5379418730735779,0.047020018100738525,-0.43020641803741455,0.2964891791343689,0.23976683616638184,-0.4196169078350067,0.15805023908615112,-0.8453145027160645,1.0671775341033936,0.4020238518714905,0.020965339615941048,0.19654180109500885,-0.5075209736824036,-0.5170428156852722,0.7149757146835327,1.0154225826263428,-0.4600559175014496,0.03614439815282822,-0.14851351082324982
3.1977577209472656,0.3861069679260254,0.6114833354949951,-0.013495545834302902,0.1024274080991745,0.3944709599018097,0.9130822420120239,0.31358206272125244,0.4277859032154083,-0.11066584289073944,0.6123241186141968,-0.477132648229599,-0.004516776651144028,-1.1144018173217773,-0.2842448949813843,-0.0703766867518425,1.4222187995910645,-0.5051743984222412,0.048945311456918716,-0.42798203229904175,0.2921655774116516,0.24692615866661072,-0.4211598038673401,0.1492411345243454,-0.8468836545944214,1.0900989770889282,0.40128734707832336,0.016283350065350533,0.18639807403087616,-0.49606168270111084,-0.49935996532440186,0.6985281109809875,1.0528169870376587,-0.4413522481918335,0.036332692950963974,-0.142500638961792
3.2056081295013428,0.39030951261520386,0.6431216597557068,-0.006301931571215391,0.10423607379198074,0.3916957676410675,0.9141496419906616,0.25006064772605896,0.3834759294986725,-0.07253266870975494,0.6405515074729919,-0.4354056715965271,0.011842372827231884,-1.018107533454895,-0.24820098280906677,-0.07620946317911148,1.2939338684082031,-0.4668523967266083,0.045788250863552094,-0.4100693464279175,0.2822241187095642,0.2512199580669403,-0.4181607961654663,0.1434122920036316,-0.8482944965362549,1.096647024154663,0.3997200131416321,0.010686535388231277,0.17520976066589355,-0.46849703788757324,-0.4814814329147339,0.6773957014083862,1.0831125974655151,-0.41981756687164307,0.033094484359025955,-0.1337554156780243
3.211933135986328,0.3967213034629822,0.6733174324035645,0.0009275116608478129,0.10396487265825272,0.3844793736934662,0.9172601103782654,0.17609632015228271,0.32993897795677185,-0.0330573134124279,0.6938151121139526,-0.404855877161026,0.033435042947530746,-0.915823221206665,-0.20955783128738403,-0.07830120623111725,1.1580193042755127,-0.42209702730178833,0.04797225445508957,-0.3832196891307831,0.26726993918418884,0.25107473134994507,-0.40923842787742615,0.1367526352405548,-0.8524290323257446,1.099210262298584,0.4028463363647461,0.006850302219390869,0.16413551568984985,-0.43222934007644653,-0.46417713165283203,0.6559942960739136,1.1104509830474854,-0.401738703250885,0.029977116733789444,-0.12526842951774597
3.217038631439209,0.40478515625,0.6990973949432373,0.007080876734107733,0.10155104845762253,0.37426528334617615,0.9217172265052795,0.09916044771671295,0.2775658965110779,0.00361781008541584,0.7537035942077637,-0.38729286193847656,0.0586433932185173,-0.8157191872596741,-0.17549435794353485,-0.07566605508327484,1.0269664525985718,-0.37690141797065735,0.05473286658525467,-0.3500422537326813,0.2459620237350464,0.24757717549800873,-0.3991558253765106,0.1327410191297531,-0.8541984558105469,1.1042124032974243,0.4085675776004791,0.00351689918898046,0.15601328015327454,-0.39513328671455383,-0.44342321157455444,0.6426771879196167,1.1341991424560547,-0.3893797695636749,0.02652835100889206,-0.11728458851575851
3.2231993675231934,0.4143402576446533,0.7207462787628174,0.012688085436820984,0.09716322273015976,0.36081206798553467,0.927476704120636,0.023882940411567688,0.22750164568424225,0.03738512098789215,0.8180631399154663,-0.38018548488616943,0.08647684752941132,-0.7190045118331909,-0.1470780223608017,-0.06755737215280533,0.9013173580169678,-0.33087658882141113,0.06530473381280899,-0.3171512186527252,0.22668695449829102,0.24206216633319855,-0.3837619423866272,0.1344323456287384,-0.8505722284317017,1.0994808673858643,0.414000928401947,-0.0017545740120112896,0.15019963681697845,-0.3554804027080536,-0.42877840995788574,0.6312979459762573,1.1430394649505615,-0.3800612688064575,0.020315170288085938,-0.109922856092453
3.232820987701416,0.42502135038375854,0.7386007308959961,0.016965460032224655,0.09063058346509933,0.34540024399757385,0.933914840221405,-0.05787000060081482,0.18331630527973175,0.06437705457210541,0.8817070126533508,-0.37465700507164,0.11499147117137909,-0.6230076551437378,-0.1201200932264328,-0.05440548062324524,0.7850900888442993,-0.2875109314918518,0.07457193732261658,-0.2757560908794403,0.20619764924049377,0.23368346691131592,-0.36158764362335205,0.14233198761940002,-0.837583065032959,1.0873689651489258,0.4138532280921936,-0.008077111095190048,0.1472645401954651,-0.3194025158882141,-0.4156844913959503,0.6232395768165588,1.1391857862472534,-0.37232041358947754,0.012837800197303295,-0.10357564687728882
3.245988368988037,0.4359893202781677,0.7525593042373657,0.02121175453066826,0.0812821239233017,0.32520487904548645,0.9419050216674805,-0.14918851852416992,0.1490812450647354,0.08102789521217346,0.933707594871521,-0.3672158718109131,0.13807207345962524,-0.5276023745536804,-0.09706190228462219,-0.03119169920682907,0.6854784488677979,-0.2525279223918915,0.08647923171520233,-0.23125621676445007,0.18352892994880676,0.2261539101600647,-0.34178727865219116,0.15341465175151825,-0.8251549601554871,1.0683202743530273,0.41229933500289917,-0.015621775761246681,0.14902547001838684,-0.283439576625824,-0.40200015902519226,0.6240957975387573,1.1272053718566895,-0.3689497709274292,0.004457211121916771,-0.09848041832447052
3.2612054347991943,0.4465285837650299,0.7627182006835938,0.026185011491179466,0.07015791535377502,0.30032944679260254,0.950891375541687,-0.24738538265228271,0.12557004392147064,0.08658131957054138,0.9694778323173523,-0.3604239523410797,0.15422552824020386,-0.43939208984375,-0.08020146936178207,-0.0009849797934293747,0.6071237921714783,-0.2273910939693451,0.09739886224269867,-0.18588382005691528,0.15842533111572266,0.22345373034477234,-0.3224155604839325,0.16642877459526062,-0.8054258823394775,1.0573124885559082,0.406380832195282,-0.020911186933517456,0.1545986384153366,-0.25439804792404175,-0.3878096342086792,0.6306989789009094,1.110635757446289,-0.3664032816886902,-0.0037506744265556335,-0.09329305589199066
3.2777962684631348,0.4575042128562927,0.7698414325714111,0.03143632784485817,0.05803325027227402,0.27471956610679626,0.9592565298080444,-0.33931174874305725,0.12031342089176178,0.08433667570352554,0.9615890383720398,-0.3467971086502075,0.15946510434150696,-0.35619595646858215,-0.0712796151638031,0.03118796832859516,0.5489109754562378,-0.21552592515945435,0.11200161278247833,-0.13756710290908813,0.13628096878528595,0.22145618498325348,-0.3027099370956421,0.18316447734832764,-0.7817164659500122,1.0347340106964111,0.3964926600456238,-0.02998637594282627,0.1622897982597351,-0.22870929539203644,-0.37479618191719055,0.6392284631729126,1.0913242101669312,-0.3646836280822754,-0.01257676538079977,-0.08792369067668915
3.296734094619751,0.47155290842056274,0.7745787501335144,0.031537387520074844,0.04617052897810936,0.24680586159229279,0.9674505591392517,-0.3738684356212616,0.13153262436389923,0.07919293642044067,0.8478239178657532,-0.30790963768959045,0.16012805700302124,-0.2710932493209839,-0.06072559207677841,0.0544472336769104,0.4917423725128174,-0.21056246757507324,0.12411649525165558,-0.09633296728134155,0.12256824970245361,0.2135351002216339,-0.2731022238731384,0.19786646962165833,-0.7526085376739502,1.0323922634124756,0.38827550411224365,-0.03740768879652023,0.1637527197599411,-0.20307990908622742,-0.35964736342430115,0.6418523788452148,1.081059455871582,-0.3614213466644287,-0.02157990075647831,-0.07909108698368073
3.3198294639587402,0.48638245463371277,0.7758899927139282,0.025779547169804573,0.03146006166934967,0.2118823081254959,0.9764484167098999,-0.4025677442550659,0.14256545901298523,0.07913573086261749,0.7096660733222961,-0.2503816485404968,0.16012300550937653,-0.18163110315799713,-0.038013480603694916,0.07390519976615906,0.45061275362968445,-0.2149091213941574,0.12342900782823563,-0.05555833503603935,0.1210869699716568,0.21022933721542358,-0.22966036200523376,0.20981647074222565,-0.7116726636886597,1.0379862785339355,0.3757839500904083,-0.047414280474185944,0.16269919276237488,-0.18022648990154266,-0.3451170325279236,0.6360984444618225,1.0717933177947998,-0.35461723804473877,-0.03195115178823471,-0.0728234052658081
3.3457579612731934,0.49957630038261414,0.7740703821182251,0.019158046692609787,0.01554503757506609,0.1710144579410553,0.984959602355957,-0.43098825216293335,0.1617557555437088,0.07198586314916611,0.581274688243866,-0.1860688179731369,0.14802411198616028,-0.09425463527441025,-0.016240347176790237,0.09958723187446594,0.4311210513114929,-0.23116999864578247,0.11944279819726944,-0.012886174023151398,0.12518158555030823,0.2131386399269104,-0.18457132577896118,0.21983930468559265,-0.6649993658065796,1.0451459884643555,0.36194726824760437,-0.056187838315963745,0.16296285390853882,-0.16271531581878662,-0.3341308534145355,0.623699426651001,1.0671110153198242,-0.34616443514823914,-0.03980252146720886,-0.07101638615131378
3.3719208240509033,0.5109258890151978,0.7707643508911133,0.014718969352543354,4.9213798774871975e-05,0.13160847127437592,0.9911925196647644,-0.4570726454257965,0.1865515410900116,0.06387125700712204,0.46327996253967285,-0.12343983352184296,0.13013634085655212,-0.011057179421186447,-0.003596782684326172,0.12735125422477722,0.42089274525642395,-0.25046491622924805,0.11456959694623947,0.02746250107884407,0.12833642959594727,0.21857592463493347,-0.13251787424087524,0.22344234585762024,-0.6147909164428711,1.056771993637085,0.3461526036262512,-0.06192050129175186,0.16501326858997345,-0.14759567379951477,-0.3236084580421448,0.6070027351379395,1.0611083507537842,-0.3363029360771179,-0.045772992074489594,-0.07527756690979004
3.3968276977539062,0.5209606885910034,0.7675076723098755,0.017392516136169434,-0.012784571386873722,0.10052859038114548,0.994700014591217,-0.493341326713562,0.1994609534740448,0.06167616695165634,0.37307024002075195,-0.07036402076482773,0.11360077559947968,0.05934407562017441,-0.009950169362127781,0.14876267313957214,0.42166054248809814,-0.2718466520309448,0.11127650737762451,0.06202491372823715,0.11940476298332214,0.2239462435245514,-0.08147846162319183,0.22277548909187317,-0.5664020776748657,1.0625516176223755,0.3311062753200531,-0.06719382107257843,0.16872236132621765,-0.13384994864463806,-0.3133106529712677,0.5903439521789551,1.0574753284454346,-0.33058226108551025,-0.04893355816602707,-0.08439882099628448
3.420095920562744,0.5300909280776978,0.7638363838195801,0.024935275316238403,-0.021525409072637558,0.07909321784973145,0.9963228106498718,-0.5422680377960205,0.19701194763183594,0.06696466356515884,0.3093377351760864,-0.025670018047094345,0.1018199771642685,0.11196647584438324,-0.030524473637342453,0.15674766898155212,0.43692314624786377,-0.2969415783882141,0.10926266014575958,0.08943967521190643,0.09997803717851639,0.22808140516281128,-0.04009640961885452,0.21661444008350372,-0.5224792957305908,1.0718706846237183,0.3154982328414917,-0.06966126710176468,0.1720181405544281,-0.12707467377185822,-0.30170509219169617,0.5760817527770996,1.0581327676773071,-0.33027657866477966,-0.049188874661922455,-0.09658665955066681
3.4423322677612305,0.5387370586395264,0.7588028907775879,0.03147772327065468,-0.0287485271692276,0.06400421261787415,0.9970386624336243,-0.5875480771064758,0.18921765685081482,0.08076117932796478,0.26479172706604004,0.010199550539255142,0.09478461742401123,0.15615175664424896,-0.05052506923675537,0.1562332808971405,0.4602820873260498,-0.3217536211013794,0.10632200539112091,0.11331921070814133,0.08233319222927094,0.23334962129592896,-0.009801192209124565,0.21016690135002136,-0.47875338792800903,1.0872764587402344,0.2992631793022156,-0.06974485516548157,0.17504587769508362,-0.12407278269529343,-0.29267817735671997,0.5612671971321106,1.0608704090118408,-0.33148258924484253,-0.04849812015891075,-0.10807505249977112
3.4641618728637695,0.5470030307769775,0.7524106502532959,0.036170270293951035,-0.03487494960427284,0.054255224764347076,0.997262179851532,-0.6243009567260742,0.1802406907081604,0.09656654298305511,0.23318403959274292,0.039423856884241104,0.08771882951259613,0.19682122766971588,-0.06974264979362488,0.1489330232143402,0.48547300696372986,-0.34403109550476074,0.10447646677494049,0.13047665357589722,0.06831640750169754,0.23741461336612701,0.014214019291102886,0.20292019844055176,-0.4401148855686188,1.108245849609375,0.28595879673957825,-0.06880201399326324,0.17477640509605408,-0.11892659962177277,-0.2857537865638733,0.546161413192749,1.0638173818588257,-0.333334743976593,-0.04823310673236847,-0.11657261848449707
3.486635208129883,0.5551921725273132,0.7440862655639648,0.03871922194957733,-0.0388692170381546,0.048917289823293686,0.9972949028015137,-0.6502627730369568,0.17307665944099426,0.10935133695602417,0.2168879210948944,0.06299126893281937,0.07903394848108292,0.23200640082359314,-0.08813749253749847,0.137348011136055,0.5152658820152283,-0.3664185404777527,0.10452362149953842,0.1404772698879242,0.0594581663608551,0.23553737998008728,0.04113267362117767,0.1928555816411972,-0.4097888767719269,1.1311713457107544,0.27678120136260986,-0.06645796447992325,0.173172727227211,-0.10732212662696838,-0.28160858154296875,0.5299116373062134,1.0683355331420898,-0.3349420428276062,-0.04760303348302841,-0.12508386373519897
3.5111756324768066,0.5640709400177002,0.7336181998252869,0.03579974174499512,-0.04383534938097,0.04117649793624878,0.9975476264953613,-0.650748074054718,0.1772642731666565,0.11649732291698456,0.20924997329711914,0.07908093929290771,0.06751339137554169,0.26674363017082214,-0.09931562840938568,0.12780043482780457,0.5453770160675049,-0.3875918984413147,0.10467033088207245,0.14905846118927002,0.062252476811409,0.23339736461639404,0.06507749855518341,0.18277692794799805,-0.3876309096813202,1.1539387702941895,0.27229997515678406,-0.063307024538517,0.1702144891023636,-0.09336992353200912,-0.2781762480735779,0.515322744846344,1.0741653442382812,-0.33583706617355347,-0.046544358134269714,-0.1312713474035263
3.539450168609619,0.5744715929031372,0.7206623554229736,0.02489343471825123,-0.051406554877758026,0.027469482272863388,0.9979895353317261,-0.6214091181755066,0.19973036646842957,0.11666874587535858,0.19873672723770142,0.09032687544822693,0.05300060287117958,0.3070969581604004,-0.09873257577419281,0.12615938484668732,0.5717422366142273,-0.4038357138633728,0.1058262437582016,0.16276413202285767,0.0802251547574997,0.23286408185958862,0.08801912516355515,0.1749463826417923,-0.36638256907463074,1.1774982213974,0.269612193107605,-0.05993307754397392,0.1658000499010086,-0.0785943791270256,-0.27533864974975586,0.5020119547843933,1.0828717947006226,-0.33624953031539917,-0.045345406979322433,-0.13357563316822052
3.5708985328674316,0.5866559743881226,0.7069751024246216,0.01238558441400528,-0.058955952525138855,0.009273538365960121,0.9981406331062317,-0.5841389298439026,0.22925981879234314,0.1110120564699173,0.19983190298080444,0.0943739265203476,0.03763148933649063,0.34893351793289185,-0.10307414829730988,0.12445218861103058,0.5902316570281982,-0.4148911237716675,0.10936436057090759,0.17350158095359802,0.10068932175636292,0.23750412464141846,0.0862358957529068,0.17509162425994873,-0.34399446845054626,1.1972969770431519,0.26849180459976196,-0.05776702240109444,0.16012156009674072,-0.07447882741689682,-0.2740648090839386,0.48910751938819885,1.0884534120559692,-0.3368052840232849,-0.04541059583425522,-0.13095590472221375
3.603886604309082,0.5998451709747314,0.6928173899650574,0.005304568447172642,-0.06315603107213974,-0.00875156931579113,0.9979511499404907,-0.5701361298561096,0.24770623445510864,0.10246242582798004,0.23726171255111694,0.0824885293841362,0.02991284802556038,0.3839271664619446,-0.12400701642036438,0.11906208097934723,0.6118478775024414,-0.4245021343231201,0.1199958473443985,0.1825564205646515,0.11010493338108063,0.2422928661108017,0.08111952990293503,0.17636609077453613,-0.3317126929759979,1.205717921257019,0.2716595530509949,-0.05849137157201767,0.15593059360980988,-0.0735154002904892,-0.27400150895118713,0.4864582419395447,1.085167407989502,-0.3406409025192261,-0.047689955681562424,-0.12689049541950226
3.6371212005615234,0.6136987805366516,0.678115963935852,0.004773912951350212,-0.06284447014331818,-0.024898095056414604,0.9977012872695923,-0.5876678824424744,0.25799858570098877,0.08871777355670929,0.3180674612522125,0.05423242598772049,0.02622205764055252,0.40480801463127136,-0.15554927289485931,0.1180448979139328,0.6456361413002014,-0.43692219257354736,0.13514606654644012,0.18699128925800323,0.10633480548858643,0.24789810180664062,0.05855032429099083,0.18566453456878662,-0.3268345892429352,1.2022653818130493,0.2760632634162903,-0.05790085345506668,0.15900087356567383,-0.07257531583309174,-0.27700772881507874,0.4878196120262146,1.0814783573150635,-0.344798743724823,-0.04823596030473709,-0.12464499473571777
3.669349193572998,0.6276388764381409,0.6629314422607422,0.008771886117756367,-0.05897853523492813,-0.03840552270412445,0.997481644153595,-0.6341552734375,0.2600301504135132,0.07416780292987823,0.4363441467285156,0.00960756279528141,0.029138270765542984,0.4124193787574768,-0.1920832395553589,0.12268047034740448,0.6889760494232178,-0.45382052659988403,0.15376614034175873,0.19317419826984406,0.09738767147064209,0.2577091455459595,0.023165952414274216,0.19696328043937683,-0.33588191866874695,1.1901295185089111,0.2831161916255951,-0.05749456211924553,0.16521231830120087,-0.08170953392982483,-0.2789895534515381,0.4965035915374756,1.0773959159851074,-0.35016876459121704,-0.04823075607419014,-0.12458646297454834
3.699681043624878,0.6409100890159607,0.647150993347168,0.014940544031560421,-0.05264946445822716,-0.0484774187207222,0.9973238110542297,-0.6982516050338745,0.25715452432632446,0.06261644512414932,0.5686741471290588,-0.039592329412698746,0.03435622155666351,0.4107058346271515,-0.22678156197071075,0.13173359632492065,0.7390313148498535,-0.47439712285995483,0.17366784811019897,0.19994281232357025,0.08813253045082092,0.269934743642807,-0.01822730153799057,0.20620208978652954,-0.3552539348602295,1.173293113708496,0.2938973009586334,-0.0571720153093338,0.17183800041675568,-0.09725838899612427,-0.28069764375686646,0.505570113658905,1.076310157775879,-0.3546420931816101,-0.04824037849903107,-0.12555471062660217
3.728919506072998,0.6532335877418518,0.6320860981941223,0.022067610174417496,-0.04437575116753578,-0.056543074548244476,0.9971693754196167,-0.7697911262512207,0.24974694848060608,0.05376279354095459,0.700606644153595,-0.08836469799280167,0.038797564804553986,0.4073292016983032,-0.2568851411342621,0.1406802237033844,0.7815853357315063,-0.49586305022239685,0.19105735421180725,0.2073289006948471,0.07978378236293793,0.28249865770339966,-0.056198522448539734,0.2135784924030304,-0.3780127167701721,1.1554739475250244,0.3062662184238434,-0.05664980411529541,0.17667639255523682,-0.11708845943212509,-0.28381988406181335,0.5116173028945923,1.0805199146270752,-0.355366051197052,-0.047940440475940704,-0.12614430487155914
3.7571449279785156,0.6642739176750183,0.6170214414596558,0.02932259440422058,-0.034822653979063034,-0.06291679292917252,0.9969799518585205,-0.8457860946655273,0.23768186569213867,0.04707498475909233,0.8294873833656311,-0.13437893986701965,0.041160643100738525,0.4034919738769531,-0.2833685874938965,0.14715494215488434,0.8196693658828735,-0.5189998149871826,0.20792832970619202,0.21451345086097717,0.07378159463405609,0.2976827323436737,-0.09353415668010712,0.22112531960010529,-0.40548771619796753,1.1350816488265991,0.3188548982143402,-0.05692475289106369,0.18052420020103455,-0.14351916313171387,-0.2903771698474884,0.5180251002311707,1.0795124769210815,-0.35118910670280457,-0.04959195852279663,-0.1272668093442917
3.7837283611297607,0.6738523840904236,0.6028584241867065,0.03591698035597801,-0.024564296007156372,-0.06851915270090103,0.9967004060745239,-0.9194281101226807,0.22121819853782654,0.0425281822681427,0.9474747180938721,-0.17601510882377625,0.04164759814739227,0.3986561894416809,-0.306190550327301,0.15303820371627808,0.8512401580810547,-0.5412604808807373,0.226687490940094,0.2227296531200409,0.07251393795013428,0.3141199052333832,-0.1316089779138565,0.22891128063201904,-0.43962007761001587,1.109829306602478,0.33266615867614746,-0.05964541435241699,0.1834569126367569,-0.17573027312755585,-0.2996107339859009,0.5284775495529175,1.0728864669799805,-0.34519562125205994,-0.0532127246260643,-0.12863358855247498
3.807804584503174,0.6815749406814575,0.5903067588806152,0.040289148688316345,-0.01456912886351347,-0.0731659010052681,0.9963991641998291,-0.9863195419311523,0.20361298322677612,0.03595862537622452,1.0491957664489746,-0.21057027578353882,0.03896615654230118,0.3939948081970215,-0.32133468985557556,0.15662948787212372,0.8757871389389038,-0.5602003335952759,0.23897685110569,0.23259110748767853,0.07547815144062042,0.32772237062454224,-0.16813349723815918,0.23554441332817078,-0.473583459854126,1.0863665342330933,0.3444833755493164,-0.06281651556491852,0.18684770166873932,-0.21326801180839539,-0.3069625794887543,0.5384656190872192,1.0672961473464966,-0.33677276968955994,-0.056400999426841736,-0.1340138465166092
3.8289685249328613,0.6874264478683472,0.578749418258667,0.04291698709130287,-0.005159868858754635,-0.07757225632667542,0.9960492253303528,-1.0463511943817139,0.1863756775856018,0.02728818915784359,1.1359068155288696,-0.2396736890077591,0.034674130380153656,0.39272597432136536,-0.33055439591407776,0.159096822142601,0.8927174210548401,-0.5753404498100281,0.2469649463891983,0.24312596023082733,0.08073943853378296,0.3385353088378906,-0.19978435337543488,0.24957112967967987,-0.5047827363014221,1.0590134859085083,0.35566431283950806,-0.06713178753852844,0.18977180123329163,-0.2486017942428589,-0.3164978623390198,0.5475075244903564,1.0588884353637695,-0.32796579599380493,-0.06011614575982094,-0.13949091732501984
3.847242593765259,0.6914138793945312,0.5673010349273682,0.044563937932252884,0.0031470502726733685,-0.08325742930173874,0.9955261945724487,-1.100115418434143,0.17038193345069885,0.0159835834056139,1.2080433368682861,-0.2634195387363434,0.0294950008392334,0.39564839005470276,-0.3364175856113434,0.16122812032699585,0.9059408903121948,-0.5867878198623657,0.25215721130371094,0.25362974405288696,0.08643195778131485,0.34691834449768066,-0.22366991639137268,0.2735290229320526,-0.5308749675750732,1.0278582572937012,0.3655809760093689,-0.07208433747291565,0.19219839572906494,-0.2782250642776489,-0.3271421492099762,0.5553804636001587,1.0463365316390991,-0.31956082582473755,-0.06377921998500824,-0.1443670392036438
3.862861156463623,0.6937066316604614,0.5553021430969238,0.046414028853178024,0.010069913230836391,-0.08976729214191437,0.9948297142982483,-1.1493891477584839,0.1548568159341812,0.0026499638333916664,1.2691547870635986,-0.28175461292266846,0.022427674382925034,0.4006373882293701,-0.3413674235343933,0.164115309715271,0.9224255681037903,-0.5965731143951416,0.2555321753025055,0.2644532322883606,0.08807037025690079,0.3540298640727997,-0.24033907055854797,0.30152297019958496,-0.5513209700584412,0.9948618412017822,0.37382516264915466,-0.07626984268426895,0.19507694244384766,-0.30191749334335327,-0.33670082688331604,0.5620543956756592,1.0302189588546753,-0.31188398599624634,-0.06684631109237671,-0.1487756371498108
3.8759453296661377,0.6946331858634949,0.5430120229721069,0.04891515523195267,0.01636837236583233,-0.09659115970134735,0.9939866662025452,-1.193359136581421,0.1392553150653839,-0.012638083659112453,1.320871353149414,-0.29687464237213135,0.014420947059988976,0.40577906370162964,-0.34743353724479675,0.16670462489128113,0.9412811994552612,-0.6052770614624023,0.25772589445114136,0.2750772535800934,0.0858825072646141,0.3591923713684082,-0.2514195442199707,0.32970911264419556,-0.5685724020004272,0.9554552435874939,0.380923867225647,-0.08038150519132614,0.19753415882587433,-0.31961917877197266,-0.3441433906555176,0.5696579217910767,1.0057547092437744,-0.30528727173805237,-0.07021144777536392,-0.1510830819606781
3.886584758758545,0.6944854855537415,0.530758261680603,0.05199326202273369,0.02157510817050934,-0.1029205247759819,0.9930955171585083,-1.2335021495819092,0.12242842465639114,-0.028727706521749496,1.365996241569519,-0.3083269000053406,0.0044533913023769855,0.4103173017501831,-0.3550891876220703,0.1707393378019333,0.963045597076416,-0.6144911050796509,0.259151816368103,0.2849394977092743,0.08136314153671265,0.3633539080619812,-0.25574791431427,0.3527011573314667,-0.586392343044281,0.9158236384391785,0.3875311017036438,-0.08331380039453506,0.1971033811569214,-0.3345818519592285,-0.3474981188774109,0.5788141489028931,0.981537938117981,-0.29927629232406616,-0.07166709750890732,-0.15075698494911194
3.894998073577881,0.693712592124939,0.5192614793777466,0.05571160092949867,0.02618754841387272,-0.10842493176460266,0.992196798324585,-1.2708818912506104,0.1053398847579956,-0.042980797588825226,1.4070016145706177,-0.31756511330604553,-0.005851093679666519,0.41479501128196716,-0.3667415976524353,0.17517545819282532,0.982546329498291,-0.6240087747573853,0.26007866859436035,0.29397907853126526,0.07443180680274963,0.3661871552467346,-0.25750043988227844,0.3717966377735138,-0.6019564867019653,0.8777652978897095,0.39244335889816284,-0.08524145185947418,0.19649207592010498,-0.3464037775993347,-0.3479388356208801,0.5885170698165894,0.9608008861541748,-0.293898344039917,-0.07155001908540726,-0.14826278388500214
3.9013302326202393,0.692511260509491,0.5102828741073608,0.05962637811899185,0.02989862486720085,-0.11407972872257233,0.9912298917770386,-1.3029940128326416,0.08947251737117767,-0.0566694475710392,1.4400209188461304,-0.3239513039588928,-0.017013095319271088,0.4170275330543518,-0.3813857436180115,0.17872682213783264,1.0008585453033447,-0.6332245469093323,0.2606811225414276,0.30201441049575806,0.0649842768907547,0.36997121572494507,-0.2560883164405823,0.38784468173980713,-0.6130369305610657,0.8478676080703735,0.39545655250549316,-0.08555224537849426,0.19630900025367737,-0.3545363247394562,-0.34668537974357605,0.5961100459098816,0.9445421099662781,-0.2885172665119171,-0.07110041379928589,-0.1454291194677353
3.9057137966156006,0.6909080147743225,0.5025687217712402,0.06334591656923294,0.03288262337446213,-0.11896421015262604,0.9903300404548645,-1.3288662433624268,0.07851408421993256,-0.06860698759555817,1.4636831283569336,-0.3279990255832672,-0.028240812942385674,0.4169020652770996,-0.39642536640167236,0.18274904787540436,1.0156550407409668,-0.6413620710372925,0.26107272505760193,0.30723077058792114,0.05560774356126785,0.37386399507522583,-0.2556549608707428,0.40174177289009094,-0.6221282482147217,0.82566237449646,0.39746928215026855,-0.08524037897586823,0.197069451212883,-0.3595857620239258,-0.3452374339103699,0.6022148132324219,0.935468316078186,-0.28399160504341125,-0.06986256688833237,-0.14383645355701447
3.9083590507507324,0.6891767978668213,0.49629831314086914,0.06658961623907089,0.03526710718870163,-0.12303393334150314,0.9895376563072205,-1.3487005233764648,0.07387073338031769,-0.07724818587303162,1.478605031967163,-0.3306059241294861,-0.03821897506713867,0.4155423641204834,-0.411641001701355,0.1870146095752716,1.0241785049438477,-0.6472254395484924,0.26132726669311523,0.309825599193573,0.0461367629468441,0.3776475489139557,-0.2577369809150696,0.4138643145561218,-0.6307603120803833,0.8097440004348755,0.3979176878929138,-0.08473146706819534,0.19891619682312012,-0.3628573417663574,-0.3427312672138214,0.6084003448486328,0.9309593439102173,-0.2802335023880005,-0.06870768964290619,-0.1430424451828003
3.9096779823303223,0.6874440908432007,0.49290111660957336,0.07011671364307404,0.0373685397207737,-0.12849609553813934,0.9885221123695374,-1.3614739179611206,0.07515992969274521,-0.08007878810167313,1.481050968170166,-0.33061227202415466,-0.0461328886449337,0.41023385524749756,-0.4292978048324585,0.19187384843826294,1.0247395038604736,-0.6499291062355042,0.2614927291870117,0.31184664368629456,0.0352507159113884,0.3840307295322418,-0.2657136023044586,0.42630988359451294,-0.6390079259872437,0.7966938614845276,0.3974608778953552,-0.08416835218667984,0.2009734809398651,-0.36960670351982117,-0.3412401080131531,0.6147147417068481,0.9267286062240601,-0.2772809863090515,-0.06824598461389542,-0.14226938784122467
3.910492181777954,0.6860051155090332,0.4937911033630371,0.07261337339878082,0.03882097825407982,-0.1352066546678543,0.9873901605606079,-1.3686914443969727,0.07918830215930939,-0.0811585932970047,1.4769387245178223,-0.3293479084968567,-0.052669964730739594,0.4030005633831024,-0.4445130228996277,0.1971111297607422,1.018141746520996,-0.6480530500411987,0.2616002559661865,0.31205910444259644,0.023856647312641144,0.3921184539794922,-0.2770533859729767,0.4397163391113281,-0.6463831067085266,0.7925828695297241,0.39600062370300293,-0.0822322890162468,0.20462115108966827,-0.37613993883132935,-0.3395455777645111,0.6179823279380798,0.928216278553009,-0.27385881543159485,-0.06683163344860077,-0.14356975257396698
3.9114716053009033,0.6852218508720398,0.4988510012626648,0.07364027202129364,0.03987503424286842,-0.14352405071258545,0.9860973358154297,-1.3675622940063477,0.08604394644498825,-0.08089832961559296,1.4630995988845825,-0.32740774750709534,-0.057506244629621506,0.39425867795944214,-0.45692089200019836,0.2018585205078125,0.9983630180358887,-0.6384602189064026,0.26167017221450806,0.3100019693374634,0.015195498242974281,0.40024465322494507,-0.2913361191749573,0.45090451836586,-0.6566216349601746,0.7993210554122925,0.39346814155578613,-0.07909625768661499,0.2075430303812027,-0.38431763648986816,-0.3370381295681,0.6205261945724487,0.9332325458526611,-0.2696821689605713,-0.0650884360074997,-0.1454964280128479
3.9132537841796875,0.6853436231613159,0.5076531171798706,0.07234557718038559,0.04120127111673355,-0.15328745543956757,0.9846682548522949,-1.3539597988128662,0.09822486340999603,-0.08002656698226929,1.4338809251785278,-0.3226388096809387,-0.061516448855400085,0.38470005989074707,-0.4641256332397461,0.20549814403057098,0.9643138647079468,-0.61820387840271,0.2617155909538269,0.3064854145050049,0.011789333075284958,0.4077237844467163,-0.30555543303489685,0.45967164635658264,-0.6687367558479309,0.8108594417572021,0.39000794291496277,-0.07717211544513702,0.20834669470787048,-0.39230480790138245,-0.33569109439849854,0.62188321352005,0.9364467859268188,-0.26492470502853394,-0.06457899510860443,-0.14625148475170135
3.916449546813965,0.6867622137069702,0.5183610320091248,0.06879303604364395,0.04346175491809845,-0.16427022218704224,0.9830533862113953,-1.326946496963501,0.11527389287948608,-0.07837039232254028,1.388871669769287,-0.31359392404556274,-0.06529131531715393,0.3735494315624237,-0.46555671095848083,0.20752862095832825,0.9224304556846619,-0.589996874332428,0.2617451250553131,0.3004935383796692,0.011723622679710388,0.41632944345474243,-0.32058995962142944,0.4659746289253235,-0.6828469038009644,0.8307832479476929,0.38573116064071655,-0.07464084774255753,0.20821473002433777,-0.40147873759269714,-0.3334502875804901,0.6231323480606079,0.9427014589309692,-0.2604955732822418,-0.06391314417123795,-0.1462496519088745
3.921574831008911,0.6895842552185059,0.5315842628479004,0.06324593722820282,0.047046151012182236,-0.17626839876174927,0.9811809659004211,-1.2881392240524292,0.13480621576309204,-0.07582373172044754,1.333705186843872,-0.30124130845069885,-0.06564920395612717,0.35876578092575073,-0.4613363742828369,0.2074044644832611,0.8726816773414612,-0.5536924600601196,0.2617643177509308,0.2946665287017822,0.013058350421488285,0.4235338568687439,-0.33662354946136475,0.4693545401096344,-0.695536732673645,0.8606452941894531,0.37959378957748413,-0.07035473734140396,0.2086477428674698,-0.41274699568748474,-0.3295672833919525,0.6232441663742065,0.9573750495910645,-0.2565910816192627,-0.06167156994342804,-0.14687678217887878
3.929189682006836,0.6935579776763916,0.5483587980270386,0.05409062281250954,0.05262152478098869,-0.18966379761695862,0.9789447784423828,-1.2312982082366943,0.15994155406951904,-0.07645172625780106,1.2628014087677002,-0.2859481871128082,-0.0648464560508728,0.3315035104751587,-0.4437984228134155,0.20404615998268127,0.8261661529541016,-0.5062260627746582,0.26177680492401123,0.2864869236946106,0.017626676708459854,0.4268344044685364,-0.34985077381134033,0.4691212475299835,-0.7051820158958435,0.8951774835586548,0.3704913258552551,-0.06583643704652786,0.20981892943382263,-0.4234977662563324,-0.3223426342010498,0.6253890991210938,0.9707358479499817,-0.25550663471221924,-0.06058026850223541,-0.14704380929470062
3.9387478828430176,0.6990784406661987,0.578444242477417,0.04439778998494148,0.05915234982967377,-0.2046308070421219,0.9760409593582153,-1.1556962728500366,0.1869400143623352,-0.07293274998664856,1.1683510541915894,-0.26488572359085083,-0.06507784128189087,0.2952381372451782,-0.42354416847229004,0.19517379999160767,0.7825804948806763,-0.45512068271636963,0.2617849111557007,0.2796427607536316,0.019506674259901047,0.4266890585422516,-0.3626166880130768,0.46368175745010376,-0.7134467363357544,0.9359066486358643,0.3599163293838501,-0.06039893627166748,0.21263040602207184,-0.4370024800300598,-0.31164562702178955,0.6311933994293213,0.9913920164108276,-0.2583227753639221,-0.05823229253292084,-0.1484852433204651
3.9491219520568848,0.7044262886047363,0.611292839050293,0.03460579365491867,0.06561512500047684,-0.2196214199066162,0.972760796546936,-1.0645365715026855,0.21173328161239624,-0.06822612136602402,1.0553185939788818,-0.23914387822151184,-0.06351372599601746,0.24531561136245728,-0.3961159884929657,0.18109336495399475,0.758732795715332,-0.4067288637161255,0.2617901861667633,0.2713744640350342,0.026452822610735893,0.42109301686286926,-0.3649890422821045,0.45164576172828674,-0.7134242057800293,0.9724227786064148,0.3493800759315491,-0.05566975846886635,0.2157922238111496,-0.4431126117706299,-0.3012036383152008,0.6362533569335938,1.0119837522506714,-0.26478302478790283,-0.056374602019786835,-0.14916200935840607
3.9607532024383545,0.708978533744812,0.642711877822876,0.02771366573870182,0.07150959223508835,-0.23275506496429443,0.9695068001747131,-0.9670665264129639,0.22646433115005493,-0.05574660003185272,0.9350439310073853,-0.2133834958076477,-0.05356214940547943,0.1857651025056839,-0.36708858609199524,0.16303317248821259,0.7537814378738403,-0.36370453238487244,0.2617936134338379,0.2640540897846222,0.031069744378328323,0.41082531213760376,-0.35986149311065674,0.43300119042396545,-0.7088634967803955,1.0036659240722656,0.3399800658226013,-0.052152395248413086,0.2185038924217224,-0.4460299611091614,-0.29444947838783264,0.640025794506073,1.0348234176635742,-0.27281588315963745,-0.05454796925187111,-0.14996004104614258
3.9744296073913574,0.7127184271812439,0.6724470853805542,0.02329428121447563,0.07590383291244507,-0.2431008219718933,0.9667460322380066,-0.8597995638847351,0.2286875993013382,-0.038085028529167175,0.8047962188720703,-0.18867705762386322,-0.03668957203626633,0.12041535973548889,-0.33306553959846497,0.13940846920013428,0.7651141881942749,-0.3270595073699951,0.25814443826675415,0.2509568929672241,0.03396622836589813,0.3934782147407532,-0.3434079587459564,0.4122118353843689,-0.6950096487998962,1.0284349918365479,0.3329232931137085,-0.049579255282878876,0.2202824056148529,-0.43696367740631104,-0.2919866144657135,0.6421012878417969,1.0480626821517944,-0.282971054315567,-0.05553136393427849,-0.14830267429351807
3.9904837608337402,0.7157911062240601,0.699297308921814,0.01757081039249897,0.0783245712518692,-0.24954333901405334,0.9650309681892395,-0.7476423978805542,0.2238127887248993,-0.022977355867624283,0.6714571714401245,-0.16510367393493652,-0.015368047170341015,0.04655704274773598,-0.2817102074623108,0.10984604060649872,0.7972695827484131,-0.3019566535949707,0.24432501196861267,0.23552992939949036,0.04029184952378273,0.375404953956604,-0.3256945013999939,0.3948110342025757,-0.6702665090560913,1.0425838232040405,0.3226901888847351,-0.04830746352672577,0.22459401190280914,-0.4218243956565857,-0.2928216755390167,0.6342456340789795,1.0526928901672363,-0.28798189759254456,-0.058352746069431305,-0.1511765569448471
4.00887393951416,0.7184566259384155,0.7204465270042419,0.011361956596374512,0.07804276049137115,-0.24987651407718658,0.9650605916976929,-0.6440448760986328,0.20998944342136383,-0.01622948609292507,0.5589599013328552,-0.14907172322273254,0.009471101686358452,-0.04182308912277222,-0.22405514121055603,0.08378273993730545,0.8506534099578857,-0.2895825207233429,0.22645792365074158,0.21445509791374207,0.04926372319459915,0.3614479899406433,-0.32022756338119507,0.38020291924476624,-0.6509327292442322,1.0494064092636108,0.31377050280570984,-0.04685274139046669,0.2287304848432541,-0.4180208146572113,-0.29521453380584717,0.6307533979415894,1.048813819885254,-0.2904006838798523,-0.06198006868362427,-0.15435679256916046
4.028360366821289,0.7206052541732788,0.7358478307723999,0.004858026746660471,0.0750824362039566,-0.24451740086078644,0.9667214155197144,-0.5522171854972839,0.19183233380317688,-0.018837325274944305,0.46563050150871277,-0.13972879946231842,0.03196979686617851,-0.12990504503250122,-0.17300370335578918,0.065427765250206,0.9041696190834045,-0.2847141921520233,0.21297267079353333,0.18990233540534973,0.0596444234251976,0.35025832056999207,-0.3167531192302704,0.3714017868041992,-0.6330358386039734,1.0505080223083496,0.3076182007789612,-0.04747729003429413,0.2299487590789795,-0.4152671694755554,-0.29793158173561096,0.6292076110839844,1.037189245223999,-0.29351329803466797,-0.06727435439825058,-0.15422086417675018
4.04771089553833,0.7219479084014893,0.7476380467414856,-0.002252956386655569,0.0699857547879219,-0.23538661003112793,0.9693760871887207,-0.46855777502059937,0.17193903028964996,-0.02407173439860344,0.3876764178276062,-0.13476762175559998,0.05280531197786331,-0.19870954751968384,-0.12696409225463867,0.0516497865319252,0.9353722333908081,-0.28442496061325073,0.2015404999256134,0.1685645878314972,0.0750528872013092,0.334157258272171,-0.308231383562088,0.35914692282676697,-0.6199957132339478,1.0543122291564941,0.3037581443786621,-0.048672378063201904,0.22565020620822906,-0.4072558283805847,-0.29944390058517456,0.6240748167037964,1.0388648509979248,-0.2930758595466614,-0.06998485326766968,-0.15288682281970978
4.06694221496582,0.72325199842453,0.7569024562835693,-0.010291601531207561,0.06211312487721443,-0.21218672394752502,0.9751988649368286,-0.38637596368789673,0.14560166001319885,-0.040807805955410004,0.3157293498516083,-0.13194139301776886,0.0743187963962555,-0.2771204113960266,-0.07534998655319214,0.050390779972076416,0.9556012153625488,-0.2823745608329773,0.19429805874824524,0.1439511775970459,0.0936320349574089,0.3267352283000946,-0.3148185610771179,0.3427937924861908,-0.6213303208351135,1.044894814491272,0.3012847900390625,-0.052199214696884155,0.2193853110074997,-0.3944246172904968,-0.30607226490974426,0.6148777008056641,1.0385032892227173,-0.28798049688339233,-0.07447134703397751,-0.15071843564510345
4.085790157318115,0.7246537804603577,0.7629973888397217,-0.018333178013563156,0.05195790156722069,-0.17129047214984894,0.9836786985397339,-0.3125174045562744,0.11207662522792816,-0.07391749322414398,0.26748713850975037,-0.1446404755115509,0.09797712415456772,-0.3561357855796814,-0.02178141474723816,0.06565466523170471,0.952256441116333,-0.27368465065956116,0.19249355792999268,0.112284816801548,0.11614508926868439,0.32675808668136597,-0.3321220874786377,0.32093554735183716,-0.6337652802467346,1.0354732275009155,0.30072829127311707,-0.05525372922420502,0.21123546361923218,-0.38322383165359497,-0.31907033920288086,0.6032896637916565,1.0374701023101807,-0.278262197971344,-0.07787265628576279,-0.14880701899528503
4.104249477386475,0.7259212732315063,0.7665233612060547,-0.024837370961904526,0.04041612893342972,-0.11821623891592026,0.9918540716171265,-0.24539272487163544,0.07407886534929276,-0.11397233605384827,0.24581554532051086,-0.17543376982212067,0.12103436887264252,-0.42157647013664246,0.018702218309044838,0.0883096307516098,0.923484206199646,-0.2554864287376404,0.195652037858963,0.06914985924959183,0.13677720725536346,0.3238982856273651,-0.3468114733695984,0.2961094379425049,-0.6494603157043457,1.0327839851379395,0.3054769039154053,-0.05773047357797623,0.200585275888443,-0.3632233142852783,-0.3350815176963806,0.5871627330780029,1.0347567796707153,-0.27033179998397827,-0.08150980621576309,-0.14563342928886414
4.122579097747803,0.7275024652481079,0.768235981464386,-0.029075175523757935,0.027950089424848557,-0.058173879981040955,0.9974914789199829,-0.178566113114357,0.0368238165974617,-0.1613173484802246,0.23798522353172302,-0.2142333686351776,0.13642080128192902,-0.4702437222003937,0.040725257247686386,0.11478276550769806,0.868199348449707,-0.22584214806556702,0.2040698230266571,0.019116898998618126,0.14939209818840027,0.31707823276519775,-0.34631282091140747,0.2702801525592804,-0.6600193977355957,1.0431662797927856,0.31369394063949585,-0.06024216115474701,0.1884382665157318,-0.3290739059448242,-0.3502310514450073,0.5611159801483154,1.0341391563415527,-0.2643115818500519,-0.08523926138877869,-0.14287471771240234
4.141454696655273,0.7298778295516968,0.7679535746574402,-0.02789662405848503,0.014844381250441074,0.005345592740923166,0.9994862675666809,-0.10720014572143555,-0.0019821375608444214,-0.21687346696853638,0.23640140891075134,-0.2555861473083496,0.14187631011009216,-0.4969851076602936,0.03507012128829956,0.14009219408035278,0.7592189908027649,-0.1766720563173294,0.2162477672100067,-0.03420981764793396,0.14859001338481903,0.31515631079673767,-0.3328368663787842,0.24954873323440552,-0.6612087488174438,1.0644729137420654,0.32341986894607544,-0.06297159940004349,0.17752516269683838,-0.2930893301963806,-0.3627541661262512,0.5323907136917114,1.0263193845748901,-0.2602936327457428,-0.08927914500236511,-0.14061309397220612
4.161935806274414,0.7333338856697083,0.7656897306442261,-0.02138589322566986,0.0016848589293658733,0.06583313643932343,0.9976000189781189,-0.02902994677424431,-0.03744935989379883,-0.27202555537223816,0.23431098461151123,-0.2961665987968445,0.13941052556037903,-0.5106379985809326,0.0030759628862142563,0.15558907389640808,0.614282488822937,-0.11397717893123627,0.23043152689933777,-0.08652523159980774,0.13826900720596313,0.3142390549182892,-0.3096311688423157,0.23249846696853638,-0.6570153832435608,1.089495301246643,0.33101576566696167,-0.0665757954120636,0.16968025267124176,-0.2586837410926819,-0.3701498508453369,0.5026090145111084,1.0204875469207764,-0.2581596374511719,-0.09141826629638672,-0.14088232815265656
4.183498382568359,0.7379271984100342,0.762668251991272,-0.01593225821852684,-0.01178682129830122,0.12027942389249802,0.9925422668457031,0.05083028972148895,-0.05429307371377945,-0.32372888922691345,0.23203879594802856,-0.33473441004753113,0.1303478479385376,-0.52203768491745,-0.0357627235352993,0.15663905441761017,0.4775949716567993,-0.05258814990520477,0.24103885889053345,-0.13465982675552368,0.1288209855556488,0.3148873746395111,-0.2861533761024475,0.2211429625749588,-0.6484386920928955,1.1094578504562378,0.3360309600830078,-0.07234713435173035,0.1671096682548523,-0.22534310817718506,-0.37419673800468445,0.47546499967575073,1.012712001800537,-0.25954538583755493,-0.09250670671463013,-0.14239275455474854
4.205239295959473,0.7435705661773682,0.7598326802253723,-0.014142409898340702,-0.024109678342938423,0.16566257178783417,0.9857863187789917,0.12656182050704956,-0.0466727651655674,-0.36598747968673706,0.22728803753852844,-0.36730533838272095,0.11463603377342224,-0.5358245372772217,-0.07084177434444427,0.14885765314102173,0.3672453761100769,0.0010117292404174805,0.24799096584320068,-0.17271536588668823,0.12654989957809448,0.31113994121551514,-0.2637782096862793,0.21266043186187744,-0.6391826868057251,1.1218587160110474,0.3375545144081116,-0.07917597889900208,0.16900944709777832,-0.1927453726530075,-0.37464290857315063,0.4515644609928131,1.0081610679626465,-0.2646626830101013,-0.09125376492738724,-0.14588390290737152
4.2262654304504395,0.7497884035110474,0.7565267086029053,-0.013843121938407421,-0.03430575132369995,0.20130997896194458,0.9788287878036499,0.19052815437316895,-0.02347712032496929,-0.3922322392463684,0.2279769778251648,-0.3958788514137268,0.09577461332082748,-0.553457498550415,-0.10163842141628265,0.14012444019317627,0.28816306591033936,0.04400724545121193,0.2524757981300354,-0.20002645254135132,0.1286424994468689,0.30379724502563477,-0.24497012794017792,0.20772051811218262,-0.631523847579956,1.1234986782073975,0.3366450071334839,-0.08510167896747589,0.1746416985988617,-0.16076570749282837,-0.3732953369617462,0.4339081943035126,1.0081285238265991,-0.2744786739349365,-0.08803302049636841,-0.14965203404426575
4.247169494628906,0.7557626366615295,0.7517553567886353,-0.01117828581482172,-0.042214564979076385,0.23073647916316986,0.972035825252533,0.24434584379196167,0.008127647452056408,-0.40640825033187866,0.23602662980556488,-0.4197254776954651,0.07279573380947113,-0.566941499710083,-0.13716378808021545,0.13319453597068787,0.23513531684875488,0.07757264375686646,0.2553473711013794,-0.22274190187454224,0.12922680377960205,0.296566367149353,-0.23099114000797272,0.20540498197078705,-0.6253558993339539,1.1238329410552979,0.33333778381347656,-0.08832193911075592,0.18063849210739136,-0.1369754821062088,-0.3720383644104004,0.42057347297668457,1.0179789066314697,-0.28689104318618774,-0.08093854784965515,-0.15394403040409088
4.268864631652832,0.7607219815254211,0.7435712814331055,-0.0028319014236330986,-0.048509854823350906,0.2553463578224182,0.9656277894973755,0.290981650352478,0.040571801364421844,-0.4140167236328125,0.25899404287338257,-0.4431397616863251,0.049434974789619446,-0.5657129287719727,-0.18218034505844116,0.13267956674098969,0.2041449397802353,0.09982230514287949,0.2571573853492737,-0.24247124791145325,0.12204889208078384,0.29010745882987976,-0.22063153982162476,0.2030399739742279,-0.6210476756095886,1.121437668800354,0.329194039106369,-0.08881235122680664,0.18579374253749847,-0.11751524358987808,-0.3714461028575897,0.41025975346565247,1.029947280883789,-0.3003753125667572,-0.07145754247903824,-0.15739277005195618
4.292055606842041,0.7644866704940796,0.731107771396637,0.012355254963040352,-0.05346539616584778,0.2752397060394287,0.9598082304000854,0.3352351188659668,0.06836195290088654,-0.4225943386554718,0.2900502681732178,-0.46087542176246643,0.02796826884150505,-0.5447619557380676,-0.235181987285614,0.1390334665775299,0.18464061617851257,0.11208826303482056,0.25847378373146057,-0.2578269839286804,0.10361548513174057,0.28350216150283813,-0.20484507083892822,0.19926577806472778,-0.6213690042495728,1.1219232082366943,0.32579219341278076,-0.08745534718036652,0.1908499002456665,-0.09845438599586487,-0.36969640851020813,0.4056950509548187,1.0449769496917725,-0.31272321939468384,-0.06034469231963158,-0.16156429052352905
4.316565036773682,0.766625165939331,0.7150558829307556,0.024515926837921143,-0.05431651324033737,0.2897131145000458,0.9552565217018127,0.3675205707550049,0.10531777143478394,-0.4237940311431885,0.33126527070999146,-0.47664397954940796,0.004836404696106911,-0.530052125453949,-0.2742350101470947,0.1394042670726776,0.18981203436851501,0.11121176183223724,0.2554915249347687,-0.26833921670913696,0.09245571494102478,0.2791399657726288,-0.1945696771144867,0.19166959822177887,-0.6195634603500366,1.1341384649276733,0.3214187026023865,-0.08102943748235703,0.19335567951202393,-0.0991782397031784,-0.3650355935096741,0.40641021728515625,1.0670398473739624,-0.32345476746559143,-0.04659054055809975,-0.16190418601036072
4.342813491821289,0.768065333366394,0.6954139471054077,0.031052883714437485,-0.05115324631333351,0.30156153440475464,0.9515669345855713,0.389644056558609,0.1540481150150299,-0.4162038564682007,0.3787844777107239,-0.4892672896385193,-0.017827767878770828,-0.5328183770179749,-0.29760563373565674,0.13239946961402893,0.23023441433906555,0.09304841607809067,0.2474425733089447,-0.2790510952472687,0.0933481976389885,0.2715938985347748,-0.1882445067167282,0.18264204263687134,-0.6165977716445923,1.1505991220474243,0.31943708658218384,-0.07264751195907593,0.19502313435077667,-0.10925459861755371,-0.36044836044311523,0.4104583263397217,1.0916085243225098,-0.33257341384887695,-0.032626353204250336,-0.16136735677719116
4.370055198669434,0.7694648504257202,0.6720685958862305,0.033402178436517715,-0.045558229088783264,0.3105185031890869,0.9488872289657593,0.40324699878692627,0.20810174942016602,-0.3954401910305023,0.4346505403518677,-0.5027633905410767,-0.03280400484800339,-0.5600053071975708,-0.3100965619087219,0.11787037551403046,0.3181394338607788,0.05147196352481842,0.2325114607810974,-0.2918218970298767,0.10373827815055847,0.2640652060508728,-0.18385162949562073,0.173634871840477,-0.6185088157653809,1.1610870361328125,0.3201969265937805,-0.06346071511507034,0.19825398921966553,-0.12475162744522095,-0.3604252338409424,0.4158998131752014,1.1028510332107544,-0.33862558007240295,-0.02174985595047474,-0.1647239625453949
4.396698474884033,0.7715781331062317,0.6512340903282166,0.03140263259410858,-0.03769568353891373,0.3190995156764984,0.946450412273407,0.4111288785934448,0.2692437171936035,-0.36300259828567505,0.48342758417129517,-0.513519287109375,-0.03992816433310509,-0.6155233383178711,-0.3249002695083618,0.09423951804637909,0.4518144428730011,-0.00987379252910614,0.21463090181350708,-0.3067939877510071,0.12548264861106873,0.25449198484420776,-0.1897038370370865,0.16379104554653168,-0.6294829845428467,1.1611826419830322,0.3237333297729492,-0.05518001690506935,0.20171873271465302,-0.14604038000106812,-0.364413857460022,0.42026615142822266,1.1152498722076416,-0.34152930974960327,-0.011242708191275597,-0.1697831153869629
4.42115592956543,0.7746978402137756,0.6458104848861694,0.027624111622571945,-0.03009692393243313,0.3283667266368866,0.9436664581298828,0.4163207411766052,0.3308938145637512,-0.3248402774333954,0.5250329971313477,-0.5280097723007202,-0.03968892619013786,-0.6872752904891968,-0.34498512744903564,0.0702233538031578,0.6135113835334778,-0.08128200471401215,0.19762201607227325,-0.32346111536026,0.15035834908485413,0.24751445651054382,-0.20657473802566528,0.15396597981452942,-0.6502538919448853,1.153533935546875,0.33123722672462463,-0.04733004420995712,0.20581260323524475,-0.17001238465309143,-0.3696248531341553,0.42865973711013794,1.1197619438171387,-0.34501469135284424,-0.0034454872366040945,-0.17498478293418884
4.44224214553833,0.778285562992096,0.6350119709968567,0.023099910467863083,-0.022020068019628525,0.33830276131629944,0.940496027469635,0.4180299937725067,0.3885313868522644,-0.28999894857406616,0.561745285987854,-0.5441985130310059,-0.03730309382081032,-0.7663659453392029,-0.3685849905014038,0.0497228167951107,0.778473973274231,-0.1488751620054245,0.1832992434501648,-0.33943724632263184,0.17366120219230652,0.24401624500751495,-0.2376028597354889,0.14869163930416107,-0.6736292839050293,1.136063575744629,0.34102877974510193,-0.03940444439649582,0.2100410759449005,-0.20027253031730652,-0.37981289625167847,0.44183024764060974,1.110979676246643,-0.3498218059539795,0.0013583679683506489,-0.17746473848819733
4.459535121917725,0.7816701531410217,0.624659538269043,0.018593180924654007,-0.013289070688188076,0.3481481969356537,0.9371609091758728,0.4181658625602722,0.4367484450340271,-0.26174622774124146,0.5894956588745117,-0.5551187992095947,-0.03355386480689049,-0.8396115303039551,-0.3914145827293396,0.03271282836794853,0.9255988597869873,-0.2070152759552002,0.17145876586437225,-0.3540213108062744,0.19633612036705017,0.24094843864440918,-0.26526913046836853,0.1473461538553238,-0.693840503692627,1.1167235374450684,0.3514905869960785,-0.032294776290655136,0.21119442582130432,-0.23051968216896057,-0.39739230275154114,0.45603877305984497,1.0878351926803589,-0.3542121648788452,0.0027765657287091017,-0.17640440165996552
4.473758697509766,0.7844037413597107,0.6145190000534058,0.014205960556864738,-0.004334042314440012,0.3571893274784088,0.9339139461517334,0.41575634479522705,0.4749149680137634,-0.24068284034729004,0.6154020428657532,-0.564132809638977,-0.030690282583236694,-0.9062438011169434,-0.4091407358646393,0.020048078149557114,1.0579296350479126,-0.2602449059486389,0.1597374677658081,-0.3651115596294403,0.21779215335845947,0.24069274961948395,-0.29448625445365906,0.1482517272233963,-0.7140399217605591,1.0989757776260376,0.36238816380500793,-0.02558627910912037,0.21036827564239502,-0.26403558254241943,-0.4242628812789917,0.47104495763778687,1.067259430885315,-0.3581855893135071,0.005462071858346462,-0.17355148494243622
4.4857563972473145,0.7865030765533447,0.6041706800460815,0.00977451354265213,0.005149671342223883,0.36548948287963867,0.9307499527931213,0.4133860170841217,0.5038751363754272,-0.22602486610412598,0.6373592615127563,-0.5720710754394531,-0.029999934136867523,-0.966955840587616,-0.421871542930603,0.010509790852665901,1.1767337322235107,-0.30933427810668945,0.14906498789787292,-0.37220415472984314,0.2377440631389618,0.24298040568828583,-0.3239496946334839,0.15056748688220978,-0.7321431636810303,1.0809364318847656,0.37229713797569275,-0.019722996279597282,0.21016308665275574,-0.2982010543346405,-0.4562559723854065,0.4883282482624054,1.050079584121704,-0.3644951581954956,0.008399365469813347,-0.1698284149169922
4.496157646179199,0.788223147392273,0.5942841172218323,0.005340414587408304,0.015182574279606342,0.3731576204299927,0.9276283383369446,0.4114082455635071,0.5254513621330261,-0.21610316634178162,0.6526768207550049,-0.5765436291694641,-0.030098482966423035,-1.0212645530700684,-0.43147146701812744,0.0026764660142362118,1.278334140777588,-0.3518584072589874,0.13957491517066956,-0.37624505162239075,0.2544746696949005,0.24569439888000488,-0.35030436515808105,0.15324756503105164,-0.7490413784980774,1.0630762577056885,0.3822609782218933,-0.014604915864765644,0.20965629816055298,-0.33134883642196655,-0.48707953095436096,0.5072963237762451,1.0393548011779785,-0.37336432933807373,0.012248185463249683,-0.1659189760684967
4.505218982696533,0.789857029914856,0.5855521559715271,0.0008313806029036641,0.02516607940196991,0.3786422908306122,0.9252005219459534,0.41035860776901245,0.5408830642700195,-0.20877602696418762,0.6632786989212036,-0.5795873403549194,-0.029766421765089035,-1.0671296119689941,-0.4399451017379761,-0.005242525599896908,1.3625226020812988,-0.3876323997974396,0.1311168372631073,-0.38092243671417236,0.26675644516944885,0.24603605270385742,-0.37080585956573486,0.1560029834508896,-0.7668706774711609,1.0455350875854492,0.3933132588863373,-0.009878093376755714,0.20774245262145996,-0.35863542556762695,-0.5123907923698425,0.5304068922996521,1.022878885269165,-0.3843916654586792,0.013749850913882256,-0.16023261845111847
4.513106822967529,0.7916152477264404,0.5778277516365051,-0.003777551231905818,0.03479592502117157,0.3815261721611023,0.9236952066421509,0.40963804721832275,0.5525511503219604,-0.20305055379867554,0.6719250679016113,-0.5836302042007446,-0.030190972611308098,-1.1058346033096313,-0.4470388889312744,-0.012351185083389282,1.4320955276489258,-0.4178367853164673,0.12293259799480438,-0.387103796005249,0.2749883532524109,0.2466014325618744,-0.3866076171398163,0.15876372158527374,-0.784646213054657,1.0306034088134766,0.404119074344635,-0.004848726559430361,0.20571497082710266,-0.3811146020889282,-0.5322163105010986,0.5547544360160828,1.0024164915084839,-0.3961026966571808,0.014953261241316795,-0.154539555311203
4.519937038421631,0.7935366630554199,0.5708053708076477,-0.008505257777869701,0.04384797438979149,0.3825584053993225,0.9228510856628418,0.4090883135795593,0.562876284122467,-0.19806542992591858,0.6769403219223022,-0.5868545770645142,-0.03094872087240219,-1.1395058631896973,-0.4541545510292053,-0.017730437219142914,1.4890544414520264,-0.44178450107574463,0.1162668839097023,-0.39370307326316833,0.2821422219276428,0.24750936031341553,-0.3987710475921631,0.15983135998249054,-0.8042660355567932,1.022321343421936,0.414531946182251,0.0007344558835029602,0.2019164264202118,-0.40434014797210693,-0.5472930669784546,0.5783145427703857,0.9889800548553467,-0.40695059299468994,0.019107624888420105,-0.14989957213401794
4.525830268859863,0.7955688238143921,0.5639767050743103,-0.013234411366283894,0.05230138450860977,0.3815111815929413,0.9227885603904724,0.40688061714172363,0.5716649889945984,-0.19302508234977722,0.6806750297546387,-0.5915216207504272,-0.03198739141225815,-1.170007586479187,-0.4616958498954773,-0.022524796426296234,1.537659764289856,-0.4631103277206421,0.10935980081558228,-0.4011574387550354,0.28858810663223267,0.25079259276390076,-0.41414207220077515,0.15703344345092773,-0.8246060609817505,1.0256205797195435,0.42336511611938477,0.006877766456454992,0.19604656100273132,-0.43360602855682373,-0.5580475926399231,0.6007564067840576,0.9866585731506348,-0.4157631993293762,0.025792766362428665,-0.146541565656662
4.53134822845459,0.797411322593689,0.5583025813102722,-0.01705627329647541,0.06025053933262825,0.3794235289096832,0.9231016635894775,0.40284302830696106,0.5781269073486328,-0.1877550482749939,0.6816673278808594,-0.5958886742591858,-0.03292212262749672,-1.1954946517944336,-0.46847212314605713,-0.026896439492702484,1.5768157243728638,-0.48297733068466187,0.10159596800804138,-0.4095378518104553,0.29446083307266235,0.2544054090976715,-0.4374973177909851,0.15462583303451538,-0.8437627553939819,1.0217363834381104,0.428779661655426,0.011540957726538181,0.19463002681732178,-0.4623260796070099,-0.5675399899482727,0.6244969964027405,0.9730484485626221,-0.42390841245651245,0.029301945120096207,-0.14484849572181702
4.536470413208008,0.7989039421081543,0.5534176826477051,-0.019986236467957497,0.06749354302883148,0.37764015793800354,0.9232730269432068,0.3959041237831116,0.5842440724372864,-0.1827307641506195,0.6780232191085815,-0.5960636138916016,-0.03603244572877884,-1.2183876037597656,-0.4721819758415222,-0.029356222599744797,1.6079864501953125,-0.5004847645759583,0.09413911402225494,-0.4153221845626831,0.3019978702068329,0.26071327924728394,-0.4653722643852234,0.15652689337730408,-0.8567100763320923,1.0155646800994873,0.4297059178352356,0.015463558956980705,0.1965326964855194,-0.4907933175563812,-0.5787265300750732,0.6414809823036194,0.9707779884338379,-0.43144431710243225,0.035552460700273514,-0.1470424085855484
4.54144287109375,0.8002404570579529,0.5509744882583618,-0.02159963548183441,0.07477809488773346,0.37669673562049866,0.9230608344078064,0.387119323015213,0.5899562835693359,-0.17630085349082947,0.6635053157806396,-0.5891387462615967,-0.03912478685379028,-1.236170768737793,-0.4747726321220398,-0.030722061172127724,1.6269140243530273,-0.5131217837333679,0.08699317276477814,-0.422775000333786,0.3111112415790558,0.26917365193367004,-0.4915354251861572,0.1598244458436966,-0.8655638694763184,1.0090267658233643,0.42811334133148193,0.018243487924337387,0.19943971931934357,-0.5161342620849609,-0.5865802764892578,0.6555001139640808,0.9701335430145264,-0.43811458349227905,0.03976508975028992,-0.15063677728176117
4.54676628112793,0.8015133142471313,0.5525283217430115,-0.02164815180003643,0.08181051164865494,0.3773023784160614,0.922215461730957,0.37511223554611206,0.5933388471603394,-0.1664075255393982,0.6405813694000244,-0.5766900777816772,-0.04139725863933563,-1.2414430379867554,-0.47480952739715576,-0.031091131269931793,1.6287310123443604,-0.5243393778800964,0.08088997006416321,-0.43110892176628113,0.3217155933380127,0.2771982252597809,-0.5113751888275146,0.16186977922916412,-0.8717897534370422,1.0022130012512207,0.42575088143348694,0.018385712057352066,0.20077228546142578,-0.534473717212677,-0.591313362121582,0.6642797589302063,0.9753779768943787,-0.4426720142364502,0.04261554405093193,-0.15440335869789124
4.552187919616699,0.8027315139770508,0.5586874485015869,-0.020269813016057014,0.0890183374285698,0.37705013155937195,0.9216822385787964,0.3587532639503479,0.5921955108642578,-0.15153251588344574,0.6097368597984314,-0.5577645897865295,-0.04298052936792374,-1.2337149381637573,-0.47315406799316406,-0.033098217099905014,1.608985424041748,-0.5330055952072144,0.07503677159547806,-0.44292062520980835,0.3302018642425537,0.28881728649139404,-0.5243625044822693,0.16045324504375458,-0.8766725659370422,1.0044195652008057,0.4252338707447052,0.018509406596422195,0.20009085536003113,-0.5478711128234863,-0.590583860874176,0.6706950664520264,0.9805245399475098,-0.44519972801208496,0.043557628989219666,-0.15791533887386322
4.5580596923828125,0.8039335012435913,0.5694921016693115,-0.017755981534719467,0.09686759859323502,0.3760232925415039,0.9213619828224182,0.3383015990257263,0.5859506130218506,-0.13189858198165894,0.5713191032409668,-0.5290085673332214,-0.04581109806895256,-1.2134785652160645,-0.4673822522163391,-0.035295791923999786,1.5700266361236572,-0.5374345779418945,0.07010117918252945,-0.45742520689964294,0.3383888006210327,0.30369967222213745,-0.5371895432472229,0.15569190680980682,-0.8816310167312622,1.0180085897445679,0.42580121755599976,0.018618162721395493,0.19788312911987305,-0.5586310029029846,-0.586347222328186,0.6728883385658264,0.9972671270370483,-0.4437193274497986,0.04588727653026581,-0.16116446256637573
4.564996242523193,0.8053975105285645,0.5844688415527344,-0.01402354333549738,0.10434781759977341,0.37300920486450195,0.9218345880508423,0.31058117747306824,0.5692525506019592,-0.1054961308836937,0.5446566939353943,-0.4966491460800171,-0.04465346038341522,-1.1804887056350708,-0.4520115256309509,-0.040284015238285065,1.5166468620300293,-0.5362200736999512,0.06283758580684662,-0.4695243835449219,0.34339219331741333,0.3190862238407135,-0.5392626523971558,0.1520782858133316,-0.8815693855285645,1.0402965545654297,0.42594659328460693,0.017955735325813293,0.19412656128406525,-0.5605701208114624,-0.5770662426948547,0.6702529788017273,1.0125657320022583,-0.43582308292388916,0.04426497593522072,-0.16118711233139038
4.5723114013671875,0.8073387742042542,0.603675365447998,-0.009069254621863365,0.11101064085960388,0.3687661588191986,0.9228249788284302,0.2748447358608246,0.541070818901062,-0.07307298481464386,0.5351011753082275,-0.46137934923171997,-0.04004324972629547,-1.1334694623947144,-0.42468348145484924,-0.04551238939166069,1.448673963546753,-0.5272895097732544,0.05515827611088753,-0.4758107662200928,0.34814438223838806,0.33177006244659424,-0.5366072654724121,0.14083655178546906,-0.8856637477874756,1.0671687126159668,0.42558950185775757,0.016794849187135696,0.1871115267276764,-0.5541130304336548,-0.5618057250976562,0.6605552434921265,1.042664647102356,-0.42013317346572876,0.04457157477736473,-0.1599234938621521
4.5787248611450195,0.8102948665618896,0.6259878873825073,-0.00339484796859324,0.11540962010622025,0.36283278465270996,0.9246737360954285,0.23093315958976746,0.49608853459358215,-0.03237367421388626,0.5593907833099365,-0.4373416006565094,-0.02573559060692787,-1.0726383924484253,-0.38526731729507446,-0.05085234344005585,1.3648728132247925,-0.5099338889122009,0.04736451059579849,-0.47641393542289734,0.35169264674186707,0.3433634638786316,-0.5282862186431885,0.12676212191581726,-0.8929734230041504,1.0857174396514893,0.4268271028995514,0.013653736561536789,0.1760542243719101,-0.5355793237686157,-0.5484114289283752,0.6421297192573547,1.075337290763855,-0.40015751123428345,0.043230824172496796,-0.15612593293190002
4.58366584777832,0.8150888681411743,0.6497129201889038,0.002300309482961893,0.117025226354599,0.3535461127758026,0.9280651807785034,0.1678694188594818,0.4346502423286438,0.010857775807380676,0.6275579333305359,-0.42622530460357666,-0.0038421908393502235,-1.0016778707504272,-0.33629101514816284,-0.05365215986967087,1.2687263488769531,-0.4817538857460022,0.04185134544968605,-0.46605902910232544,0.3462183177471161,0.3547598719596863,-0.5216987133026123,0.11874525249004364,-0.9010647535324097,1.0958824157714844,0.42801815271377563,0.01082189567387104,0.16597002744674683,-0.5087611079216003,-0.5365304350852966,0.6210842132568359,1.1074116230010986,-0.37865856289863586,0.04145165532827377,-0.15062031149864197
4.58766508102417,0.8220564126968384,0.6714574694633484,0.00608501210808754,0.11665312200784683,0.34080052375793457,0.9328504800796509,0.08894791454076767,0.36813056468963623,0.04982452467083931,0.7269635200500488,-0.41840726137161255,0.022274324670433998,-0.9317549467086792,-0.2838316559791565,-0.05417899042367935,1.1725280284881592,-0.445272296667099,0.0384603850543499,-0.4458353519439697,0.3345264494419098,0.3629980683326721,-0.5178262591362,0.1122230738401413,-0.9135005474090576,1.1001026630401611,0.43075770139694214,0.009034905582666397,0.15801022946834564,-0.48502087593078613,-0.5216384530067444,0.6085294485092163,1.1291937828063965,-0.35910892486572266,0.038968272507190704,-0.14637377858161926
4.591967582702637,0.8304144740104675,0.689185619354248,0.00946190394461155,0.1138313040137291,0.323641300201416,0.9392598867416382,-0.0014396533370018005,0.30370885133743286,0.08024455606937408,0.8531614542007446,-0.41833746433258057,0.04990153759717941,-0.8680928945541382,-0.2334255576133728,-0.04937373846769333,1.090145230293274,-0.4076772928237915,0.035478658974170685,-0.4174579381942749,0.31941527128219604,0.36443421244621277,-0.5087011456489563,0.10984998941421509,-0.9217848777770996,1.093820571899414,0.43155109882354736,0.005944972392171621,0.1549096554517746,-0.46115708351135254,-0.5067206621170044,0.6004638075828552,1.1357675790786743,-0.3420834243297577,0.033789701759815216,-0.1454419195652008
4.598582744598389,0.839525580406189,0.7046793699264526,0.012837966904044151,0.10886763036251068,0.30018025636672974,0.947562575340271,-0.0918348953127861,0.24721626937389374,0.10114527493715286,0.96043860912323,-0.4192104935646057,0.076070137321949,-0.8052431344985962,-0.18694424629211426,-0.0377299040555954,1.0106251239776611,-0.3684711456298828,0.03902733325958252,-0.3878880739212036,0.29855775833129883,0.3634321987628937,-0.5044524073600769,0.11292880028486252,-0.9262709617614746,1.0868802070617676,0.43144428730010986,0.0026766941882669926,0.1568087935447693,-0.44060781598091125,-0.4951469898223877,0.5982406139373779,1.1351187229156494,-0.3299649953842163,0.02725311368703842,-0.14549541473388672
4.608709335327148,0.8491311073303223,0.7182161808013916,0.017068829387426376,0.10150261223316193,0.2717544436454773,0.9568465948104858,-0.1905139684677124,0.20307636260986328,0.10954539477825165,1.0500733852386475,-0.4175719618797302,0.09812524169683456,-0.7405193448066711,-0.14517995715141296,-0.016373563557863235,0.9374910593032837,-0.331950843334198,0.047281764447689056,-0.35237857699394226,0.2735932469367981,0.36251503229141235,-0.5007292628288269,0.11853384971618652,-0.9252579212188721,1.0834213495254517,0.4291231036186218,-0.0011002605315297842,0.16403527557849884,-0.42542392015457153,-0.48236167430877686,0.6012383699417114,1.13094961643219,-0.32292652130126953,0.020788375288248062,-0.14838188886642456
4.621645927429199,0.8597873449325562,0.7306196689605713,0.022109657526016235,0.09214059263467789,0.23985999822616577,0.9661720395088196,-0.2777426838874817,0.1703907698392868,0.10664394497871399,1.0860854387283325,-0.4170754551887512,0.11727944016456604,-0.6710560321807861,-0.11251182854175568,0.013355988077819347,0.8635801076889038,-0.2990119159221649,0.06369388103485107,-0.3142661452293396,0.24526086449623108,0.3620828688144684,-0.4957790672779083,0.12596315145492554,-0.9172838926315308,1.076345682144165,0.42503952980041504,-0.006014294922351837,0.1747342348098755,-0.4113767743110657,-0.4681592583656311,0.609345555305481,1.1183756589889526,-0.322309672832489,0.013126160018146038,-0.15145912766456604
4.636605262756348,0.8725923299789429,0.7426166534423828,0.028562596067786217,0.08133307844400406,0.20160073041915894,0.9756670594215393,-0.3526039719581604,0.14605669677257538,0.0883486196398735,1.0672836303710938,-0.41460320353507996,0.12750710546970367,-0.5965617895126343,-0.0910700112581253,0.05640387535095215,0.7813735008239746,-0.2658398449420929,0.08962474018335342,-0.2811080813407898,0.21371200680732727,0.3651329278945923,-0.48602890968322754,0.13200362026691437,-0.9077279567718506,1.0816943645477295,0.4217503070831299,-0.01058272272348404,0.1824835240840912,-0.4039638638496399,-0.4543130397796631,0.6182245016098022,1.1120045185089111,-0.3229624629020691,0.007275570649653673,-0.15036733448505402
4.6533660888671875,0.8890756964683533,0.7519469261169434,0.032848089933395386,0.06980887055397034,0.1550583839416504,0.9848881363868713,-0.397594153881073,0.13625100255012512,0.04553666710853577,0.97734534740448,-0.3910323977470398,0.12654253840446472,-0.5244232416152954,-0.07241123169660568,0.11161179095506668,0.705781877040863,-0.23971620202064514,0.11968950927257538,-0.24715514481067657,0.18405970931053162,0.36720380187034607,-0.47728854417800903,0.1377861499786377,-0.9039694666862488,1.087239384651184,0.42087018489837646,-0.01690281368792057,0.18666832149028778,-0.40560728311538696,-0.43310829997062683,0.6377484798431396,1.10350501537323,-0.32710593938827515,0.001375584863126278,-0.14527912437915802
4.673077583312988,0.9088913202285767,0.7589502930641174,0.03482161462306976,0.057352811098098755,0.09472914785146713,0.9932394027709961,-0.41674691438674927,0.1308271437883377,-0.01839645951986313,0.8717831373214722,-0.35746294260025024,0.11845234781503677,-0.45187607407569885,-0.05421654134988785,0.17380627989768982,0.6419678926467896,-0.22226211428642273,0.14203445613384247,-0.21362492442131042,0.15700148046016693,0.3548790216445923,-0.4501960277557373,0.14829042553901672,-0.8993679881095886,1.086395263671875,0.42203783988952637,-0.02644643932580948,0.18265169858932495,-0.3995755910873413,-0.4072556495666504,0.6586969494819641,1.0945305824279785,-0.33400875329971313,-0.0057715182192623615,-0.13318274915218353
4.695317268371582,0.9307491183280945,0.7627366781234741,0.034462425857782364,0.045505885034799576,0.020559415221214294,0.9981577396392822,-0.415146142244339,0.13840538263320923,-0.10271604359149933,0.7547029852867126,-0.3170686364173889,0.09857185930013657,-0.3898348808288574,-0.035751115530729294,0.2401648461818695,0.6018461585044861,-0.21626880764961243,0.1621989905834198,-0.17435838282108307,0.1345086395740509,0.3396080434322357,-0.4019315242767334,0.16447362303733826,-0.8848289847373962,1.0794355869293213,0.41886866092681885,-0.03651943802833557,0.1747514009475708,-0.3952578902244568,-0.3807041645050049,0.6814738512039185,1.0891642570495605,-0.3435021638870239,-0.011369057931005955,-0.11716680973768234
4.718995571136475,0.9535713791847229,0.7645250558853149,0.033561158925294876,0.03561464324593544,-0.06031235679984093,0.996979296207428,-0.39509695768356323,0.15752285718917847,-0.18457624316215515,0.6450561285018921,-0.28157320618629456,0.07432430982589722,-0.3402629494667053,-0.02435680665075779,0.29465359449386597,0.575336754322052,-0.21800488233566284,0.1763770878314972,-0.13107793033123016,0.1170809268951416,0.32330185174942017,-0.33684277534484863,0.18106582760810852,-0.8556657433509827,1.068845272064209,0.4113956093788147,-0.045181259512901306,0.16758447885513306,-0.3884766697883606,-0.3493107855319977,0.706732988357544,1.0835926532745361,-0.35825327038764954,-0.016213178634643555,-0.10168729722499847
4.742771148681641,0.9759413599967957,0.7649763822555542,0.03187202289700508,0.028486620634794235,-0.14260181784629822,0.9888566136360168,-0.3653204143047333,0.18584799766540527,-0.24427729845046997,0.5392675399780273,-0.24755004048347473,0.05183730274438858,-0.3035113215446472,-0.017773989588022232,0.32561904191970825,0.5595141053199768,-0.22516533732414246,0.17988845705986023,-0.0879349410533905,0.10614746809005737,0.3077118694782257,-0.2654499411582947,0.19672891497612,-0.8105213642120361,1.0612941980361938,0.3981948494911194,-0.051412470638751984,0.16355861723423004,-0.3867853283882141,-0.32207560539245605,0.7237477898597717,1.0818603038787842,-0.3713877201080322,-0.019155321642756462,-0.0908888429403305
4.765135765075684,0.9955741167068481,0.7651280164718628,0.030880145728588104,0.024108678102493286,-0.2227984219789505,0.974077045917511,-0.342212438583374,0.21560633182525635,-0.27128279209136963,0.45927202701568604,-0.21913939714431763,0.034587059170007706,-0.27462124824523926,-0.017884982749819756,0.32646024227142334,0.5526211261749268,-0.23637954890727997,0.1721431314945221,-0.04585542157292366,0.09871134907007217,0.2910783290863037,-0.1964319795370102,0.21110117435455322,-0.7592376470565796,1.0534521341323853,0.38448476791381836,-0.05564519762992859,0.1643109917640686,-0.3869788348674774,-0.29920288920402527,0.736190676689148,1.0782527923583984,-0.38393762707710266,-0.022373126819729805,-0.08537416160106659
4.7849321365356445,1.0113402605056763,0.7646294832229614,0.030724037438631058,0.02269163727760315,-0.29724860191345215,0.9540358781814575,-0.3238663971424103,0.24063792824745178,-0.27279043197631836,0.400486558675766,-0.19814032316207886,0.023764552548527718,-0.2536660432815552,-0.02239852584898472,0.30739858746528625,0.5546541213989258,-0.25187045335769653,0.16300803422927856,-0.011283954605460167,0.09686197340488434,0.2752092778682709,-0.13897618651390076,0.22515788674354553,-0.7231462001800537,1.0188015699386597,0.3752948045730591,-0.06296209245920181,0.165424644947052,-0.3782842755317688,-0.28123319149017334,0.7493774890899658,1.0629879236221313,-0.39988207817077637,-0.027768481522798538,-0.08164246380329132
4.802000999450684,1.0236036777496338,0.763878583908081,0.031461067497730255,0.023433828726410866,-0.36502695083618164,0.9301701188087463,-0.3054984211921692,0.26002588868141174,-0.26763564348220825,0.35715821385383606,-0.18343585729599,0.013955284841358662,-0.2349284291267395,-0.03216506913304329,0.28638362884521484,0.5541903376579285,-0.2659390866756439,0.157082200050354,0.01573772355914116,0.09555517137050629,0.2579994797706604,-0.07275418937206268,0.23151955008506775,-0.6817411184310913,1.0087569952011108,0.36680224537849426,-0.06491932272911072,0.1661234050989151,-0.36015909910202026,-0.2689080834388733,0.7546111345291138,1.047390341758728,-0.4150375723838806,-0.033500898629426956,-0.0797683522105217
4.8172807693481445,1.0337804555892944,0.7624117136001587,0.03287503868341446,0.02554195187985897,-0.4271487593650818,0.9032224416732788,-0.29243189096450806,0.2712317109107971,-0.26071515679359436,0.3271178901195526,-0.17310208082199097,0.0057153706438839436,-0.21982628107070923,-0.04667384922504425,0.2716352045536041,0.5527523756027222,-0.27862632274627686,0.15482941269874573,0.036032408475875854,0.09607094526290894,0.24371038377285004,-0.021676739677786827,0.2324226200580597,-0.6485335826873779,1.004727840423584,0.36118680238723755,-0.06652478128671646,0.16765722632408142,-0.3439714312553406,-0.26437559723854065,0.7538299560546875,1.0348042249679565,-0.4278517961502075,-0.036672987043857574,-0.08086776733398438
4.833735466003418,1.0431151390075684,0.7602133750915527,0.03481663018465042,0.028046997264027596,-0.48537319898605347,0.8731632232666016,-0.27620378136634827,0.2683708667755127,-0.2580183148384094,0.31324535608291626,-0.17341595888137817,0.0018542613834142685,-0.21172213554382324,-0.0671842098236084,0.2698751986026764,0.5489100217819214,-0.28638431429862976,0.1613054871559143,0.043624866753816605,0.09991011768579483,0.22724896669387817,0.010864965617656708,0.23211592435836792,-0.6316724419593811,0.9978185296058655,0.36120039224624634,-0.07032136619091034,0.1667414903640747,-0.3247615098953247,-0.2680097222328186,0.7433360815048218,1.0304986238479614,-0.4379781484603882,-0.03778032585978508,-0.08312906324863434
4.853116035461426,1.0513428449630737,0.7575932741165161,0.03614708036184311,0.02976948767900467,-0.5413654446601868,0.839482307434082,-0.25774380564689636,0.2548738718032837,-0.2576501965522766,0.3156086504459381,-0.18564149737358093,0.0036550089716911316,-0.20601312816143036,-0.09455730766057968,0.27910348773002625,0.5365307927131653,-0.28457701206207275,0.17285001277923584,0.0457976758480072,0.10655473172664642,0.20924079418182373,0.03781304508447647,0.23110048472881317,-0.6181957721710205,1.0055060386657715,0.3626517057418823,-0.073087178170681,0.16292297840118408,-0.3011777997016907,-0.27803799510002136,0.7252320051193237,1.0303282737731934,-0.4434335231781006,-0.04024139791727066,-0.08397957682609558
4.875438690185547,1.057739019393921,0.7537828683853149,0.03489332273602486,0.02989921160042286,-0.5920337438583374,0.8046020865440369,-0.2440113127231598,0.2365146279335022,-0.25636133551597595,0.33278658986091614,-0.20523810386657715,0.009095121175050735,-0.20755508542060852,-0.12381751835346222,0.29323917627334595,0.5264216661453247,-0.27480873465538025,0.1853460967540741,0.04515252262353897,0.11524360626935959,0.2006727159023285,0.053003884851932526,0.2303433120250702,-0.6075122356414795,1.0253736972808838,0.3644337058067322,-0.07484088838100433,0.1600746065378189,-0.28002649545669556,-0.294338196516037,0.7063722610473633,1.0240304470062256,-0.44345277547836304,-0.045015379786491394,-0.08384200930595398
4.899284362792969,1.0608117580413818,0.7490392327308655,0.029630254954099655,0.027696076780557632,-0.6368269324302673,0.7699392437934875,-0.2421310544013977,0.21530014276504517,-0.2525773346424103,0.36101090908050537,-0.22671166062355042,0.01806715503334999,-0.2082369327545166,-0.14904868602752686,0.30401721596717834,0.5211888551712036,-0.2611492872238159,0.19377678632736206,0.04844912141561508,0.12473464012145996,0.19976812601089478,0.06455186754465103,0.23358890414237976,-0.5950911641120911,1.047529935836792,0.36522412300109863,-0.07780738919973373,0.15811355412006378,-0.25528979301452637,-0.31366029381752014,0.6805375218391418,1.013614535331726,-0.4338762164115906,-0.05016398802399635,-0.08471538871526718
4.922666549682617,1.0606565475463867,0.7450693845748901,0.022275380790233612,0.02559809572994709,-0.6703597903251648,0.7412599921226501,-0.23542237281799316,0.20204198360443115,-0.23796522617340088,0.3724289536476135,-0.24169592559337616,0.027790434658527374,-0.21031883358955383,-0.16675792634487152,0.29914700984954834,0.5149201154708862,-0.24394075572490692,0.19549433887004852,0.046713318675756454,0.13431599736213684,0.20135356485843658,0.06485328823328018,0.2443218231201172,-0.5858264565467834,1.0531131029129028,0.3622392416000366,-0.0845090001821518,0.15814046561717987,-0.229741632938385,-0.33515846729278564,0.6473250985145569,0.993510365486145,-0.41637617349624634,-0.05632101371884346,-0.08821244537830353
4.944272994995117,1.0582984685897827,0.7456744909286499,0.013140225782990456,0.022822964936494827,-0.6936213970184326,0.7198582291603088,-0.2177247256040573,0.19530712068080902,-0.21385937929153442,0.36542633175849915,-0.24982787668704987,0.03675868362188339,-0.21981331706047058,-0.17321914434432983,0.2800256013870239,0.5076184272766113,-0.22019493579864502,0.1919170320034027,0.03650887683033943,0.14066290855407715,0.20382601022720337,0.05740801617503166,0.2598962187767029,-0.5757727026939392,1.0456888675689697,0.3562973737716675,-0.09137050062417984,0.16185131669044495,-0.19436626136302948,-0.3504992127418518,0.6111366748809814,0.9746897220611572,-0.39810144901275635,-0.0629231184720993,-0.09259157627820969
4.9635114669799805,1.0542279481887817,0.7488222122192383,0.003352670231834054,0.018483545631170273,-0.7105240821838379,0.7034221291542053,-0.195271834731102,0.19039523601531982,-0.1845015287399292,0.35076192021369934,-0.2547316551208496,0.04657427594065666,-0.2337888777256012,-0.17021521925926208,0.24803103506565094,0.4995579719543457,-0.19459515810012817,0.18280145525932312,0.029273148626089096,0.1417999267578125,0.20765411853790283,0.04589176923036575,0.2815150022506714,-0.563494086265564,1.0331268310546875,0.3493726849555969,-0.0965917780995369,0.16800783574581146,-0.16416598856449127,-0.3596075177192688,0.5774624347686768,0.9638907313346863,-0.3814547657966614,-0.06815607845783234,-0.09847163408994675
4.979959487915039,1.0490119457244873,0.7505370378494263,-0.006327007431536913,0.012751277536153793,-0.7237012982368469,0.68996661901474,-0.1731531322002411,0.18720513582229614,-0.1529146432876587,0.33419734239578247,-0.25752538442611694,0.05562079697847366,-0.2446788251399994,-0.16380929946899414,0.20706677436828613,0.4867345690727234,-0.16876345872879028,0.17215119302272797,0.023102598264813423,0.1378125250339508,0.21150438487529755,0.026194317266345024,0.3085920512676239,-0.5555047988891602,1.0142978429794312,0.34358081221580505,-0.10154937207698822,0.1743600070476532,-0.14257371425628662,-0.36418667435646057,0.5501189827919006,0.9624170660972595,-0.36764299869537354,-0.07179109752178192,-0.10397230088710785
4.993360996246338,1.0435917377471924,0.7511681914329529,-0.015368210151791573,0.006964772008359432,-0.7343190312385559,0.6785947680473328,-0.15492209792137146,0.1854274719953537,-0.1192750558257103,0.3244081735610962,-0.26239317655563354,0.06553153693675995,-0.2543310821056366,-0.15679357945919037,0.16040121018886566,0.4818475842475891,-0.1475534439086914,0.1609623283147812,0.014664696529507637,0.13081151247024536,0.21623019874095917,0.008924624882638454,0.33259153366088867,-0.5507917404174805,0.9992715120315552,0.33874839544296265,-0.10598491132259369,0.17818306386470795,-0.12405188381671906,-0.3636690378189087,0.5268064737319946,0.9683587551116943,-0.3570594787597656,-0.07475580275058746,-0.10913105309009552
5.003756523132324,1.0384259223937988,0.7512816190719604,-0.02365509793162346,0.001910330611281097,-0.7423806190490723,0.6695579290390015,-0.13953916728496552,0.18555495142936707,-0.08653061836957932,0.31560367345809937,-0.2664317488670349,0.07470332086086273,-0.26033592224121094,-0.15211543440818787,0.11610040813684464,0.4806499481201172,-0.1308458000421524,0.15309733152389526,0.006344999186694622,0.12461244314908981,0.21779128909111023,-0.008011702448129654,0.3514220118522644,-0.5519166588783264,0.9866622090339661,0.33607977628707886,-0.11084574460983276,0.17779996991157532,-0.11069486290216446,-0.3614078462123871,0.509263277053833,0.9748468399047852,-0.34904804825782776,-0.07783868908882141,-0.11240695416927338
5.011584758758545,1.0336633920669556,0.7512708902359009,-0.03134944289922714,-0.0022757749538868666,-0.7472376823425293,0.6638131737709045,-0.12563154101371765,0.18790403008460999,-0.05207351967692375,0.30367645621299744,-0.26755377650260925,0.08133698999881744,-0.2602708041667938,-0.15102040767669678,0.07529889047145844,0.476426899433136,-0.11569361388683319,0.14708474278450012,-0.0020533883944153786,0.12075556069612503,0.2174104005098343,-0.02604866400361061,0.36291348934173584,-0.558210015296936,0.9796944856643677,0.3358224034309387,-0.11586073040962219,0.1731225699186325,-0.10072395205497742,-0.3571010231971741,0.4958304464817047,0.9904261827468872,-0.34508001804351807,-0.078898586332798,-0.11346983909606934
5.017219543457031,1.0293631553649902,0.7512856721878052,-0.03867410495877266,-0.005610612686723471,-0.7482233643531799,0.6622949838638306,-0.11360831558704376,0.1912948489189148,-0.019636869430541992,0.29371413588523865,-0.26832282543182373,0.08820639550685883,-0.26548945903778076,-0.15109094977378845,0.0406523160636425,0.48375803232192993,-0.10519136488437653,0.1408635377883911,-0.011993372812867165,0.12061811983585358,0.21800380945205688,-0.045876290649175644,0.36511024832725525,-0.5678290128707886,0.9821051955223083,0.3367471694946289,-0.11917900294065475,0.1670624315738678,-0.09833917021751404,-0.3537399470806122,0.4854663610458374,1.0044515132904053,-0.34185129404067993,-0.08006926625967026,-0.11507938802242279
5.020938396453857,1.025538444519043,0.7511066198348999,-0.043802302330732346,-0.008663173764944077,-0.7457966208457947,0.6646756529808044,-0.10443542897701263,0.19229978322982788,0.0038923872634768486,0.2881084978580475,-0.2704480290412903,0.09216410666704178,-0.27134600281715393,-0.15234342217445374,0.01616445742547512,0.4894498586654663,-0.09754771739244461,0.13493970036506653,-0.02104759030044079,0.12195256352424622,0.2194524109363556,-0.07620961219072342,0.3638494610786438,-0.5832877159118652,0.981650173664093,0.3401874899864197,-0.12197744101285934,0.16199664771556854,-0.1067226380109787,-0.35551226139068604,0.47883713245391846,1.0187124013900757,-0.3396267890930176,-0.07948444038629532,-0.11757557094097137
5.023183822631836,1.0221437215805054,0.7511935830116272,-0.04643121361732483,-0.01105705089867115,-0.7413966655731201,0.6693675518035889,-0.09497613459825516,0.19148728251457214,0.017436685040593147,0.27865588665008545,-0.26934051513671875,0.0924663171172142,-0.2716558575630188,-0.15295562148094177,0.0022531887516379356,0.48257574439048767,-0.08857782185077667,0.13150890171527863,-0.0317658931016922,0.12156729400157928,0.2185661792755127,-0.11547064781188965,0.3649410903453827,-0.6035120487213135,0.9659274816513062,0.34319454431533813,-0.12654057145118713,0.15939971804618835,-0.12165845930576324,-0.36736124753952026,0.47367313504219055,1.0157628059387207,-0.33628249168395996,-0.08178403973579407,-0.11970813572406769
5.0242743492126465,1.0190261602401733,0.7520633935928345,-0.04711515083909035,-0.011827969923615456,-0.7362504601478577,0.6749633550643921,-0.08281434327363968,0.1910111904144287,0.024622106924653053,0.2619802951812744,-0.26392680406570435,0.09081482142210007,-0.26847970485687256,-0.15097320079803467,-0.0060783796943724155,0.4728807210922241,-0.08108019083738327,0.1290600746870041,-0.04327785223722458,0.11810851097106934,0.21407034993171692,-0.16883674263954163,0.37141790986061096,-0.62787926197052,0.9285434484481812,0.34199944138526917,-0.13237661123275757,0.16006499528884888,-0.14235201478004456,-0.39370590448379517,0.47067707777023315,0.989952564239502,-0.3303011357784271,-0.08742593228816986,-0.12078402936458588
5.024290084838867,1.0160640478134155,0.7527779936790466,-0.04552033916115761,-0.01185872033238411,-0.73148512840271,0.6802329421043396,-0.07531954348087311,0.18994763493537903,0.025752048939466476,0.24716545641422272,-0.25671178102493286,0.08452842384576797,-0.2601769268512726,-0.14887094497680664,-0.010510488413274288,0.45763230323791504,-0.07537029683589935,0.12756383419036865,-0.04897378012537956,0.10747268795967102,0.21320098638534546,-0.27291789650917053,0.3965222239494324,-0.6618063449859619,0.8591575622558594,0.3303610682487488,-0.13611355423927307,0.16790959239006042,-0.19583380222320557,-0.44665464758872986,0.47945839166641235,0.9309912919998169,-0.31892532110214233,-0.09321902692317963,-0.12176064401865005
5.023395538330078,1.013055443763733,0.7534596920013428,-0.042807452380657196,-0.011614960618317127,-0.7277745604515076,0.6843805909156799,-0.07199247181415558,0.18958477675914764,0.023577215149998665,0.23618772625923157,-0.2464400678873062,0.0730171948671341,-0.2443019449710846,-0.1473315805196762,-0.011714865453541279,0.4351358413696289,-0.06935365498065948,0.1263425052165985,-0.04992903023958206,0.09241841733455658,0.20932573080062866,-0.41714105010032654,0.4285699725151062,-0.7013157606124878,0.7967285513877869,0.31709805130958557,-0.13513965904712677,0.18337805569171906,-0.2738056778907776,-0.512734055519104,0.5035476684570312,0.8755966424942017,-0.3105834722518921,-0.09598304331302643,-0.12070688605308533
5.022055149078369,1.0097129344940186,0.7546496391296387,-0.03989969938993454,-0.010302224196493626,-0.7249878644943237,0.6875278353691101,-0.06978216767311096,0.19127032160758972,0.020536169409751892,0.2279333770275116,-0.23421704769134521,0.06113971024751663,-0.22748203575611115,-0.14582476019859314,-0.010834179818630219,0.41950780153274536,-0.0672658383846283,0.12447565048933029,-0.049548402428627014,0.08107613772153854,0.19657647609710693,-0.5694310665130615,0.45991063117980957,-0.7443455457687378,0.7727961540222168,0.3131709694862366,-0.128985196352005,0.19845962524414062,-0.36008644104003906,-0.5825310945510864,0.5401397943496704,0.8455133438110352,-0.31292009353637695,-0.09567344188690186,-0.11595962941646576
5.02062463760376,1.006039023399353,0.7556686997413635,-0.03624263405799866,-0.008969406597316265,-0.722861111164093,0.6899840235710144,-0.07189395278692245,0.1922169029712677,0.0160228218883276,0.22523605823516846,-0.22197771072387695,0.04818305745720863,-0.20960426330566406,-0.14657184481620789,-0.007867172360420227,0.40460023283958435,-0.06837371736764908,0.12157044559717178,-0.04392218962311745,0.07263205945491791,0.18174070119857788,-0.7498161792755127,0.4804140031337738,-0.8031888008117676,0.7868660688400269,0.3140575885772705,-0.12087142467498779,0.20960235595703125,-0.49602851271629333,-0.6486834287643433,0.5990465879440308,0.8503935933113098,-0.3212502598762512,-0.08817589282989502,-0.11114437878131866
5.019333362579346,1.0019891262054443,0.7562528848648071,-0.03265872970223427,-0.008149383589625359,-0.7208652496337891,0.6922573447227478,-0.08183220028877258,0.19269967079162598,0.011464628390967846,0.2389381229877472,-0.21467074751853943,0.0388655811548233,-0.19922427833080292,-0.1487101912498474,-0.0032144500873982906,0.4050845503807068,-0.07643386721611023,0.11435741186141968,-0.04076642543077469,0.06481963396072388,0.17280958592891693,-0.9197108745574951,0.47623634338378906,-0.8597124814987183,0.8301447629928589,0.3202654719352722,-0.11027704179286957,0.2208898365497589,-0.6537495851516724,-0.6920688152313232,0.6664385795593262,0.8763879537582397,-0.3322799801826477,-0.07684444636106491,-0.11377617716789246
5.01815938949585,0.9979400634765625,0.7571049332618713,-0.02898295409977436,-0.007672831881791353,-0.7186951637268066,0.6946786046028137,-0.09454064071178436,0.19233942031860352,0.006384070962667465,0.2581247091293335,-0.20933294296264648,0.030956506729125977,-0.19212383031845093,-0.15102127194404602,0.0038655372336506844,0.4069167375564575,-0.08478282392024994,0.1067398190498352,-0.03936551511287689,0.057913899421691895,0.16640815138816833,-1.068231225013733,0.46727997064590454,-0.9151581525802612,0.8845837116241455,0.334256112575531,-0.10171069204807281,0.22594048082828522,-0.809055745601654,-0.7229751348495483,0.7378755807876587,0.9125429391860962,-0.3466970920562744,-0.0664357841014862,-0.11315128952264786
5.017159938812256,0.9942002892494202,0.7579248547554016,-0.025429677218198776,-0.0069718980230391026,-0.7165095210075378,0.6970787644386292,-0.109673410654068,0.19235974550247192,0.003182103158906102,0.28052738308906555,-0.2057051807641983,0.026150789111852646,-0.19117218255996704,-0.15284419059753418,0.010715783573687077,0.4135841131210327,-0.09403496980667114,0.09780241549015045,-0.04366710036993027,0.04931308329105377,0.1667591780424118,-1.1967017650604248,0.4481954276561737,-0.9592605829238892,0.9572003483772278,0.3481121063232422,-0.09190097451210022,0.22960498929023743,-0.9619022607803345,-0.7404009103775024,0.8041005730628967,0.9627121686935425,-0.35915255546569824,-0.054802056401968,-0.1127498522400856
5.01633882522583,0.9912158250808716,0.7586522102355957,-0.022462425753474236,-0.006542414426803589,-0.7147519588470459,0.6989866495132446,-0.12312100827693939,0.19268494844436646,0.0022735081147402525,0.3012951612472534,-0.2033337652683258,0.023002898320555687,-0.18966442346572876,-0.1541462391614914,0.015748314559459686,0.4166222810745239,-0.10115449130535126,0.08932069689035416,-0.048614613711833954,0.04271920770406723,0.16614998877048492,-1.2900722026824951,0.4321433901786804,-0.9891359210014343,1.0152256488800049,0.3568935990333557,-0.08468829840421677,0.2337615191936493,-1.0841127634048462,-0.7414095401763916,0.8544706106185913,0.9974142909049988,-0.3663039207458496,-0.046348776668310165,-0.11510005593299866
5.015721797943115,0.9890439510345459,0.758897602558136,-0.01983916573226452,-0.0058791376650333405,-0.7132090926170349,0.700645923614502,-0.13748930394649506,0.19371333718299866,0.0028125126846134663,0.31977468729019165,-0.19843578338623047,0.021098800003528595,-0.19307738542556763,-0.15471386909484863,0.019951069727540016,0.4228769540786743,-0.10738292336463928,0.08322163671255112,-0.05189063400030136,0.03682729974389076,0.16999225318431854,-1.3725513219833374,0.40714162588119507,-1.0145576000213623,1.087440013885498,0.3640629053115845,-0.07748991250991821,0.2313944399356842,-1.2026216983795166,-0.7223184108734131,0.9035248756408691,1.0575473308563232,-0.37254801392555237,-0.03573719039559364,-0.10942672938108444
5.015240669250488,0.9875169992446899,0.7588058710098267,-0.017748091369867325,-0.0055603086948394775,-0.7121231555938721,0.7018082141876221,-0.1528511345386505,0.19448240101337433,0.004376755096018314,0.34038370847702026,-0.195611834526062,0.022334078326821327,-0.19837841391563416,-0.15509915351867676,0.023464780300855637,0.43090713024139404,-0.11382625252008438,0.07946009933948517,-0.054125916212797165,0.03190308064222336,0.17637118697166443,-1.441988468170166,0.38728588819503784,-1.036760926246643,1.1474746465682983,0.36870133876800537,-0.0726499855518341,0.22762340307235718,-1.3057808876037598,-0.6933755874633789,0.9484835863113403,1.1047099828720093,-0.3783946633338928,-0.028395604342222214,-0.10171813517808914
5.01504373550415,0.9866222143173218,0.7584319114685059,-0.016622699797153473,-0.004923631902784109,-0.7116259336471558,0.7023446559906006,-0.16367994248867035,0.19682255387306213,0.005028938874602318,0.3512713313102722,-0.19127607345581055,0.02248874492943287,-0.2052631378173828,-0.1538488268852234,0.02561521902680397,0.439227432012558,-0.11814224720001221,0.0781085267663002,-0.05560935661196709,0.028629306703805923,0.18386191129684448,-1.5023772716522217,0.3746066689491272,-1.057096004486084,1.193023443222046,0.3702573776245117,-0.07063232362270355,0.22310878336429596,-1.395646572113037,-0.6577507853507996,0.987876296043396,1.1394184827804565,-0.38272759318351746,-0.023866189643740654,-0.09397412091493607
5.015045166015625,0.9863046407699585,0.7566295266151428,-0.01614278368651867,-0.004623617045581341,-0.7115862369537354,0.7023981213569641,-0.18335524201393127,0.19940127432346344,0.0026868730783462524,0.3804450035095215,-0.19443191587924957,0.02240818925201893,-0.22457033395767212,-0.15244098007678986,0.028671642765402794,0.47088009119033813,-0.12797577679157257,0.07560175657272339,-0.056233324110507965,0.026114895939826965,0.19617505371570587,-1.5512522459030151,0.36105138063430786,-1.0701407194137573,1.2368371486663818,0.3676214814186096,-0.06807368993759155,0.21882754564285278,-1.4688167572021484,-0.6129171848297119,1.0171408653259277,1.1728850603103638,-0.38352063298225403,-0.019324200227856636,-0.08865238726139069
5.014981746673584,0.9868003129959106,0.753150224685669,-0.015798797830939293,-0.0054896529763937,-0.7115036249160767,0.7024833559989929,-0.21707481145858765,0.2010042667388916,-0.0027946820482611656,0.4392704963684082,-0.20882351696491241,0.021360769867897034,-0.256018728017807,-0.1526549905538559,0.03411317244172096,0.5250257253646851,-0.14384567737579346,0.07340233772993088,-0.054763950407505035,0.02507123351097107,0.2109874188899994,-1.582106590270996,0.35145777463912964,-1.0741348266601562,1.2680959701538086,0.36082005500793457,-0.06441189348697662,0.21887609362602234,-1.5192217826843262,-0.5676103830337524,1.031445860862732,1.197641134262085,-0.3781799077987671,-0.014624860137701035,-0.08896911144256592
5.014575958251953,0.9881793260574341,0.7472196221351624,-0.01560341939330101,-0.006910283118486404,-0.7110925316810608,0.7028913497924805,-0.2638663649559021,0.202805757522583,-0.011577002704143524,0.5187098979949951,-0.23059511184692383,0.01945796236395836,-0.30179446935653687,-0.15336154401302338,0.04241403937339783,0.599273681640625,-0.16429370641708374,0.07410183548927307,-0.05138476565480232,0.024291682988405228,0.23703362047672272,-1.6145617961883545,0.3450314700603485,-1.0780943632125854,1.293735146522522,0.35215383768081665,-0.05943223088979721,0.220223531126976,-1.5695350170135498,-0.5287509560585022,1.042460560798645,1.2252957820892334,-0.3690193295478821,-0.00864326860755682,-0.08816403895616531
5.013801097869873,0.9904744625091553,0.740816056728363,-0.015465266071259975,-0.009182922542095184,-0.7106528282165527,0.7033129930496216,-0.31409502029418945,0.20338621735572815,-0.020774226635694504,0.6023791432380676,-0.2542756199836731,0.01570676639676094,-0.34528982639312744,-0.1556081622838974,0.0523444227874279,0.6645128726959229,-0.18068727850914001,0.07767444849014282,-0.04776069149374962,0.02325351908802986,0.26084625720977783,-1.637613296508789,0.33913424611091614,-1.079833984375,1.3156553506851196,0.34501904249191284,-0.05406908690929413,0.2227528691291809,-1.6076273918151855,-0.49486663937568665,1.048776388168335,1.2514562606811523,-0.35896724462509155,-0.0025441839825361967,-0.08895078301429749
5.012807846069336,0.9933512210845947,0.7333155274391174,-0.01563211716711521,-0.0116861118003726,-0.7105696797370911,0.703356146812439,-0.36730945110321045,0.20268864929676056,-0.030218608677387238,0.690423846244812,-0.2815254330635071,0.013842097483575344,-0.3882846236228943,-0.158266082406044,0.06367708742618561,0.7286309003829956,-0.19856393337249756,0.08201868832111359,-0.04415694624185562,0.02351810783147812,0.2826370894908905,-1.6520226001739502,0.33550187945365906,-1.0787311792373657,1.330145239830017,0.33773285150527954,-0.04882756620645523,0.2271396517753601,-1.634446144104004,-0.4667956233024597,1.0510938167572021,1.272242784500122,-0.35020577907562256,0.003384479321539402,-0.091707743704319
5.011662483215332,0.9963173866271973,0.7234991788864136,-0.015438062138855457,-0.013388936407864094,-0.7110141515731812,0.7028807401657104,-0.43059930205345154,0.20125441253185272,-0.040590714663267136,0.7885512709617615,-0.3134412169456482,0.011457364074885845,-0.43976014852523804,-0.1604475975036621,0.07723969966173172,0.8014748096466064,-0.21984633803367615,0.08721965551376343,-0.04249868914484978,0.02407996729016304,0.312328964471817,-1.6755454540252686,0.33392030000686646,-1.0760316848754883,1.3433778285980225,0.32857948541641235,-0.042688898742198944,0.23294585943222046,-1.667841911315918,-0.44805580377578735,1.053219199180603,1.2906571626663208,-0.3414705991744995,0.009830906987190247,-0.09594309329986572
5.010643482208252,0.9993510842323303,0.7125243544578552,-0.015732374042272568,-0.014956419356167316,-0.7120028138160706,0.7018410563468933,-0.4911825656890869,0.1998101770877838,-0.05165617913007736,0.8805876970291138,-0.34509003162384033,0.007597409188747406,-0.49074047803878784,-0.16281691193580627,0.0909096747636795,0.8724395036697388,-0.24068096280097961,0.093752920627594,-0.04291205108165741,0.023607894778251648,0.34037941694259644,-1.6940281391143799,0.3357240855693817,-1.0755314826965332,1.3512953519821167,0.3235926628112793,-0.037125300616025925,0.23927128314971924,-1.6942576169967651,-0.4356878101825714,1.0561466217041016,1.300942301750183,-0.3367025554180145,0.014531712047755718,-0.10152637958526611
5.009857177734375,1.0023506879806519,0.700357973575592,-0.016107873991131783,-0.015852173790335655,-0.713570237159729,0.7002192139625549,-0.5483033657073975,0.19915840029716492,-0.062348105013370514,0.965981125831604,-0.3765881657600403,0.003720031352713704,-0.5420252084732056,-0.16568997502326965,0.10347422957420349,0.9433412551879883,-0.26278385519981384,0.09992337226867676,-0.04341347515583038,0.023802366107702255,0.36697840690612793,-1.70860755443573,0.3433510959148407,-1.075574278831482,1.3488119840621948,0.32075807452201843,-0.03296739608049393,0.24760304391384125,-1.7173962593078613,-0.433089017868042,1.0587102174758911,1.3041518926620483,-0.33335602283477783,0.017908956855535507,-0.10841159522533417
5.009570598602295,1.0051695108413696,0.6884452104568481,-0.016755204647779465,-0.016205091029405594,-0.7157573699951172,0.6979598999023438,-0.596603512763977,0.19959771633148193,-0.07223981618881226,1.0381057262420654,-0.4058680534362793,0.00011234497651457787,-0.5883557200431824,-0.16909201443195343,0.11350885033607483,1.0066306591033936,-0.28243690729141235,0.10513320565223694,-0.04706612229347229,0.022411009296774864,0.3890834152698517,-1.7166087627410889,0.35838747024536133,-1.0747950077056885,1.3339688777923584,0.3178335726261139,-0.029954636469483376,0.2584509253501892,-1.7302117347717285,-0.440254271030426,1.058369755744934,1.2933616638183594,-0.33040186762809753,0.01932082138955593,-0.12039436399936676
5.009673118591309,1.0076978206634521,0.6770972013473511,-0.017502078786492348,-0.01660221815109253,-0.7183511257171631,0.6952623128890991,-0.6386048793792725,0.20047616958618164,-0.08164864778518677,1.1023212671279907,-0.43094420433044434,-0.0053053954616189,-0.6295696496963501,-0.1732039451599121,0.12140904366970062,1.0647186040878296,-0.3002908527851105,0.10756474733352661,-0.052075669169425964,0.019786842167377472,0.406542032957077,-1.7232320308685303,0.37609875202178955,-1.0711568593978882,1.3159620761871338,0.3119997978210449,-0.027142677456140518,0.26981765031814575,-1.7391891479492188,-0.4511871039867401,1.055011510848999,1.2756268978118896,-0.3264131247997284,0.020406266674399376,-0.134793221950531
5.009987831115723,1.0101052522659302,0.6652172803878784,-0.01838519051671028,-0.01724216714501381,-0.7209538221359253,0.6925246119499207,-0.6803386211395264,0.2021045833826065,-0.08979693055152893,1.16389799118042,-0.4524073302745819,-0.012701157480478287,-0.6710699200630188,-0.17715558409690857,0.1284177601337433,1.1231038570404053,-0.3177237808704376,0.10917921364307404,-0.05521322786808014,0.017443405464291573,0.4275393486022949,-1.7355402708053589,0.39308491349220276,-1.0644172430038452,1.2940372228622437,0.3039630353450775,-0.024284198880195618,0.28218477964401245,-1.7518683671951294,-0.4625186026096344,1.0490761995315552,1.2585351467132568,-0.32327353954315186,0.023220721632242203,-0.1496683657169342
5.010529041290283,1.0127094984054565,0.6520834565162659,-0.01862528547644615,-0.017267443239688873,-0.7235715389251709,0.6897819638252258,-0.7272239923477173,0.20373401045799255,-0.09770156443119049,1.2253965139389038,-0.4720071256160736,-0.02045832760632038,-0.7187404632568359,-0.1804138720035553,0.13524360954761505,1.1846612691879272,-0.33385300636291504,0.10978826880455017,-0.05767244100570679,0.01612257957458496,0.44842931628227234,-1.7413713932037354,0.41528773307800293,-1.0557466745376587,1.2550647258758545,0.29674988985061646,-0.022531062364578247,0.29897645115852356,-1.7606165409088135,-0.479691743850708,1.0428929328918457,1.2285957336425781,-0.32106533646583557,0.024009335786104202,-0.16643358767032623
5.011317729949951,1.0155117511749268,0.6384745836257935,-0.017941905185580254,-0.016667243093252182,-0.726277232170105,0.6869655251502991,-0.7772860527038574,0.20544517040252686,-0.10587035119533539,1.282616138458252,-0.48707568645477295,-0.030377045273780823,-0.7707771062850952,-0.18337056040763855,0.14198482036590576,1.2447501420974731,-0.34623581171035767,0.11139557510614395,-0.059091657400131226,0.015295158140361309,0.46432143449783325,-1.740380048751831,0.4339732825756073,-1.0459089279174805,1.2194021940231323,0.2900296151638031,-0.020840391516685486,0.3140094578266144,-1.7613028287887573,-0.4978564977645874,1.0357099771499634,1.203505516052246,-0.3170640766620636,0.024671927094459534,-0.18031606078147888
5.012212753295898,1.0185092687606812,0.6234196424484253,-0.015958154574036598,-0.01503050234168768,-0.7292673587799072,0.6838775873184204,-0.833939790725708,0.20734253525733948,-0.11406685411930084,1.3398536443710327,-0.5006709694862366,-0.03999302536249161,-0.8310048580169678,-0.18532153964042664,0.14890384674072266,1.3073644638061523,-0.35768094658851624,0.11387676000595093,-0.060490719974040985,0.015201564878225327,0.47784435749053955,-1.739932656288147,0.44708240032196045,-1.0387053489685059,1.1989634037017822,0.28371918201446533,-0.019067328423261642,0.3235679566860199,-1.762508749961853,-0.5144195556640625,1.0311565399169922,1.1892032623291016,-0.3127174973487854,0.026065343990921974,-0.1881527304649353
5.013055801391602,1.0217077732086182,0.6070771217346191,-0.012881852686405182,-0.012697897851467133,-0.732185423374176,0.6808651089668274,-0.8971998691558838,0.20819106698036194,-0.122646763920784,1.3985035419464111,-0.5142354369163513,-0.04943457245826721,-0.897457480430603,-0.18543094396591187,0.15656740963459015,1.3713405132293701,-0.3687974214553833,0.1163712665438652,-0.06227729469537735,0.01396310143172741,0.48944222927093506,-1.7370121479034424,0.45872631669044495,-1.0318893194198608,1.1825793981552124,0.276865690946579,-0.018351836130023003,0.33330005407333374,-1.7610059976577759,-0.5322049856185913,1.0268498659133911,1.172289490699768,-0.30587655305862427,0.025805113837122917,-0.19590620696544647
5.013726234436035,1.0248905420303345,0.5900982618331909,-0.009617729112505913,-0.010455885902047157,-0.7346314787864685,0.678317666053772,-0.9623791575431824,0.2085607647895813,-0.13137677311897278,1.456322193145752,-0.5270825624465942,-0.058619722723960876,-0.9656662940979004,-0.18398842215538025,0.16366755962371826,1.434234380722046,-0.37819308042526245,0.11950497329235077,-0.0633024126291275,0.012278495356440544,0.4988851547241211,-1.7337546348571777,0.46788883209228516,-1.0270359516143799,1.1719226837158203,0.2689051330089569,-0.01783592626452446,0.33984193205833435,-1.7580358982086182,-0.5483723282814026,1.0234429836273193,1.1599277257919312,-0.2968308925628662,0.02591717056930065,-0.2014690339565277
5.014183521270752,1.0278456211090088,0.5726587176322937,-0.006358768325299025,-0.00847512949258089,-0.736521303653717,0.6763313412666321,-1.027143120765686,0.20919664204120636,-0.1390872299671173,1.5123329162597656,-0.5402862429618835,-0.06571868062019348,-1.0340510606765747,-0.181497722864151,0.16951236128807068,1.4943439960479736,-0.387397825717926,0.12124038487672806,-0.06351779401302338,0.011188875883817673,0.5062753558158875,-1.7300963401794434,0.47401806712150574,-1.0224330425262451,1.1634914875030518,0.2602670192718506,-0.017713041976094246,0.34498268365859985,-1.7534492015838623,-0.5603256821632385,1.0184030532836914,1.1487703323364258,-0.2856661081314087,0.02573351189494133,-0.20724740624427795
5.014373302459717,1.030468225479126,0.5551906228065491,-0.0035425543319433928,-0.007069781422615051,-0.7378544807434082,0.6749135255813599,-1.0884649753570557,0.21048006415367126,-0.14601251482963562,1.565179705619812,-0.5544427037239075,-0.07153233885765076,-1.1002476215362549,-0.1783781498670578,0.17383472621440887,1.5503933429718018,-0.39570915699005127,0.12183408439159393,-0.06441620737314224,0.00928635522723198,0.511078953742981,-1.7278180122375488,0.48000842332839966,-1.0179684162139893,1.1556509733200073,0.25101524591445923,-0.017930597066879272,0.35073041915893555,-1.7469381093978882,-0.5709131956100464,1.0122262239456177,1.1336004734039307,-0.2737424075603485,0.024642394855618477,-0.21575355529785156
5.014327526092529,1.0328216552734375,0.53822922706604,-0.001694951206445694,-0.0064767650328576565,-0.7388137578964233,0.6738764047622681,-1.143113613128662,0.21177524328231812,-0.1524256318807602,1.614090919494629,-0.5692495107650757,-0.07602781057357788,-1.160287618637085,-0.17411500215530396,0.17712143063545227,1.6031882762908936,-0.40474218130111694,0.12153130769729614,-0.06470085680484772,0.008301908150315285,0.514201283454895,-1.7236260175704956,0.4845331311225891,-1.0130337476730347,1.1480307579040527,0.24214276671409607,-0.01748615875840187,0.35597312450408936,-1.7375673055648804,-0.5785402059555054,1.0048097372055054,1.1201683282852173,-0.2622372508049011,0.024172112345695496,-0.22428759932518005
5.014140605926514,1.0349388122558594,0.5231021642684937,-0.0007259429548867047,-0.006603511981666088,-0.7395558953285217,0.6730624437332153,-1.188397765159607,0.21312104165554047,-0.15838736295700073,1.6550922393798828,-0.5817142724990845,-0.08013094961643219,-1.2108535766601562,-0.1699647754430771,0.1796334981918335,1.6477863788604736,-0.4130128026008606,0.12094628810882568,-0.06427551060914993,0.007164647802710533,0.5162308216094971,-1.718736171722412,0.4872620701789856,-1.0055172443389893,1.143744945526123,0.23178835213184357,-0.01646757870912552,0.3605266809463501,-1.7273051738739014,-0.5844182968139648,0.9948220252990723,1.1118028163909912,-0.24937337636947632,0.0242035910487175,-0.23236413300037384
5.013877868652344,1.0368577241897583,0.5107184648513794,-0.0007857409655116498,-0.00755991879850626,-0.7401008009910583,0.6724531054496765,-1.222361445426941,0.21470169723033905,-0.16335010528564453,1.6850988864898682,-0.5902742147445679,-0.0830249935388565,-1.249813437461853,-0.16615533828735352,0.18115940690040588,1.6821480989456177,-0.4185643792152405,0.12059876322746277,-0.06387768685817719,0.006034412421286106,0.517549991607666,-1.7114310264587402,0.4898853898048401,-0.9980368614196777,1.1418671607971191,0.2223910391330719,-0.015027760528028011,0.3633062243461609,-1.7147488594055176,-0.5895696878433228,0.9858807325363159,1.105613350868225,-0.23799511790275574,0.02373536303639412,-0.23728367686271667
5.013552665710449,1.0385420322418213,0.50114506483078,-0.0012211011489853263,-0.00878154020756483,-0.7404923439025879,0.6720063090324402,-1.247153639793396,0.21630415320396423,-0.16696809232234955,1.7050851583480835,-0.5947038531303406,-0.08470623195171356,-1.2786762714385986,-0.1619977504014969,0.18255868554115295,1.7070610523223877,-0.42219749093055725,0.12029245495796204,-0.06336039304733276,0.005298679694533348,0.5184074640274048,-1.7045714855194092,0.4940241575241089,-0.9916291236877441,1.1422407627105713,0.2143017053604126,-0.01347510889172554,0.36521831154823303,-1.7025537490844727,-0.5948436856269836,0.9793030023574829,1.10014808177948,-0.22829461097717285,0.02225932851433754,-0.2395581603050232
5.013199329376221,1.039921522140503,0.4945198893547058,-0.0020087568555027246,-0.010135832242667675,-0.7408954501152039,0.6715408563613892,-1.2627763748168945,0.21806347370147705,-0.1690148413181305,1.713958978652954,-0.5949493646621704,-0.0847884938120842,-1.2980204820632935,-0.15833306312561035,0.1829529106616974,1.7212419509887695,-0.4229130446910858,0.1200895607471466,-0.06204860657453537,0.0050129578448832035,0.5189648270606995,-1.6999752521514893,0.49626585841178894,-0.9866654872894287,1.1466741561889648,0.20670117437839508,-0.011726747266948223,0.3656531572341919,-1.693187952041626,-0.5975633859634399,0.9754494428634644,1.1007121801376343,-0.21996267139911652,0.020985201001167297,-0.23905721306800842
5.012878894805908,1.0409358739852905,0.4913693070411682,-0.003168497234582901,-0.011659721843898296,-0.7415890693664551,0.6707456111907959,-1.2676523923873901,0.22073467075824738,-0.16843268275260925,1.7096238136291504,-0.5904254913330078,-0.08316797018051147,-1.3065414428710938,-0.15505892038345337,0.1821707785129547,1.723152756690979,-0.4200998544692993,0.11897284537553787,-0.06225737929344177,0.00451080035418272,0.5193271040916443,-1.696459174156189,0.49891817569732666,-0.9824844598770142,1.151554822921753,0.20021645724773407,-0.010514818131923676,0.36739590764045715,-1.68278968334198,-0.6007542610168457,0.9732698202133179,1.0970631837844849,-0.2144785076379776,0.017998740077018738,-0.24002517759799957
5.012579441070557,1.0415384769439697,0.4919778108596802,-0.004902590531855822,-0.013459545560181141,-0.7423708438873291,0.6698360443115234,-1.2605507373809814,0.22431519627571106,-0.16460010409355164,1.6904003620147705,-0.5803176760673523,-0.07920712232589722,-1.303094744682312,-0.15234506130218506,0.1795622855424881,1.7110395431518555,-0.4136154055595398,0.11565861105918884,-0.06273351609706879,0.005086219869554043,0.5195626020431519,-1.6907366514205933,0.5024996399879456,-0.9776602983474731,1.1504762172698975,0.19543659687042236,-0.009516566060483456,0.37258535623550415,-1.6710293292999268,-0.6045188903808594,0.9702562093734741,1.0892298221588135,-0.21078373491764069,0.014005010947585106,-0.242462620139122
5.012314319610596,1.0416839122772217,0.49657732248306274,-0.0071556284092366695,-0.01564914919435978,-0.7430882453918457,0.6689721345901489,-1.2417640686035156,0.2285490334033966,-0.15643788874149323,1.6568902730941772,-0.5653055310249329,-0.07300586998462677,-1.2866358757019043,-0.15055876970291138,0.17423729598522186,1.6847037076950073,-0.405032753944397,0.11050739884376526,-0.06342467665672302,0.00610811822116375,0.5197156667709351,-1.686178207397461,0.5057572722434998,-0.9722650647163391,1.1484904289245605,0.19122400879859924,-0.00766395078971982,0.3789524435997009,-1.6609349250793457,-0.606151819229126,0.9671865701675415,1.0801599025726318,-0.2077665776014328,0.009845919907093048,-0.2452721893787384
5.0121026039123535,1.0413894653320312,0.5054734945297241,-0.010092094540596008,-0.01841292902827263,-0.743701696395874,0.6681817770004272,-1.2099261283874512,0.23357117176055908,-0.14257113635540009,1.6076555252075195,-0.5472320914268494,-0.06351747363805771,-1.2555006742477417,-0.1504497230052948,0.16455480456352234,1.6417582035064697,-0.3954541087150574,0.10391731560230255,-0.06475236266851425,0.007420189678668976,0.5198151469230652,-1.683053970336914,0.5093241930007935,-0.9673001766204834,1.147096037864685,0.18803225457668304,-0.0055764163844287395,0.38601791858673096,-1.6541030406951904,-0.6069390773773193,0.9651598930358887,1.0715315341949463,-0.20609162747859955,0.005877404473721981,-0.24873805046081543
5.011926651000977,1.0408259630203247,0.5208964943885803,-0.014911090023815632,-0.02284531109035015,-0.7442829012870789,0.6673071384429932,-1.156052827835083,0.2386476695537567,-0.1207403689622879,1.534603238105774,-0.5256875157356262,-0.04969777911901474,-1.1986842155456543,-0.15244394540786743,0.14899620413780212,1.571027159690857,-0.3852962255477905,0.09553942829370499,-0.06758911162614822,0.0091156717389822,0.5198798179626465,-1.675004005432129,0.5137364268302917,-0.9616825580596924,1.1437807083129883,0.18655678629875183,-0.004138338845223188,0.39403390884399414,-1.6449825763702393,-0.6066070795059204,0.9640703797340393,1.0601600408554077,-0.20607315003871918,0.0007793910335749388,-0.2517349421977997
5.011752128601074,1.0399034023284912,0.5419766306877136,-0.021686743944883347,-0.02851717360317707,-0.7448400259017944,0.6662805080413818,-1.077101707458496,0.2428794801235199,-0.09244624525308609,1.4363892078399658,-0.4997277855873108,-0.03295755013823509,-1.1175041198730469,-0.15478958189487457,0.12915103137493134,1.4762091636657715,-0.3734903633594513,0.08681659400463104,-0.0720314159989357,0.01264166459441185,0.5188462734222412,-1.6616625785827637,0.5162032246589661,-0.9545159339904785,1.1400107145309448,0.18532437086105347,-0.0033683867659419775,0.4012153148651123,-1.6316955089569092,-0.602577805519104,0.9619505405426025,1.0491739511489868,-0.20628046989440918,-0.0038839620538055897,-0.2539217174053192
5.01146125793457,1.0382106304168701,0.5660114288330078,-0.02784913219511509,-0.032502204179763794,-0.7452766299247742,0.6653802394866943,-0.9849289655685425,0.24470406770706177,-0.06329873949289322,1.3214809894561768,-0.4692956805229187,-0.017806973308324814,-1.026257038116455,-0.15464219450950623,0.10857073217630386,1.3721548318862915,-0.36066293716430664,0.07947573810815811,-0.0754963830113411,0.018663190305233,0.5131914019584656,-1.6497697830200195,0.5144137144088745,-0.9489471912384033,1.1399760246276855,0.18472379446029663,-0.0027782972902059555,0.4049171209335327,-1.6204018592834473,-0.5921037197113037,0.9617066383361816,1.0414657592773438,-0.2078402191400528,-0.007460713852196932,-0.25371119379997253
5.010974407196045,1.0354105234146118,0.5915323495864868,-0.03345002606511116,-0.034559592604637146,-0.7455200552940369,0.664745569229126,-0.8852550983428955,0.2430715411901474,-0.03744349256157875,1.1994131803512573,-0.43593764305114746,-0.004820622969418764,-0.9314988255500793,-0.14981158077716827,0.0922592505812645,1.2685166597366333,-0.34403738379478455,0.07535019516944885,-0.08031054586172104,0.02576589025557041,0.5066909790039062,-1.6388733386993408,0.5120604038238525,-0.945404052734375,1.1356450319290161,0.18683746457099915,-0.005185610614717007,0.4073505103588104,-1.6075108051300049,-0.5811451077461243,0.961066722869873,1.0302400588989258,-0.2105323076248169,-0.012103360146284103,-0.2537737488746643
5.010242462158203,1.0305958986282349,0.6196058988571167,-0.037272799760103226,-0.03457564488053322,-0.7453088164329529,0.6647782325744629,-0.784133791923523,0.23821525275707245,-0.01633244752883911,1.0800889730453491,-0.4025413990020752,0.004802785813808441,-0.8337805271148682,-0.14352521300315857,0.08114227652549744,1.1630566120147705,-0.3246927261352539,0.07548857480287552,-0.08442942798137665,0.0315774641931057,0.49520260095596313,-1.6318159103393555,0.5057065486907959,-0.9486950635910034,1.1400067806243896,0.19242410361766815,-0.007274187169969082,0.4025193452835083,-1.5994360446929932,-0.568798303604126,0.9656245708465576,1.0322160720825195,-0.2166253626346588,-0.012833216227591038,-0.24756576120853424
5.009274482727051,1.0236468315124512,0.6441795825958252,-0.03870358318090439,-0.03306519612669945,-0.7449314594268799,0.6651961207389832,-0.6916953325271606,0.23077192902565002,0.0003226418048143387,0.9762523174285889,-0.3721351623535156,0.01163924764841795,-0.7410188913345337,-0.1377023309469223,0.0750839114189148,1.0634946823120117,-0.3047727942466736,0.07656940072774887,-0.0889832079410553,0.034880176186561584,0.4775382876396179,-1.6270954608917236,0.4953244924545288,-0.9522418975830078,1.1535741090774536,0.19830885529518127,-0.009960461407899857,0.39297613501548767,-1.5943498611450195,-0.5561598539352417,0.9685936570167542,1.0435726642608643,-0.22278830409049988,-0.01209291908890009,-0.23939403891563416
5.008081436157227,1.0149178504943848,0.6673246622085571,-0.037847403436899185,-0.030610892921686172,-0.7443917393684387,0.6659665703773499,-0.6068578958511353,0.22146925330162048,0.0139844361692667,0.8838216066360474,-0.34607720375061035,0.017310963943600655,-0.6513633728027344,-0.13384461402893066,0.07192973047494888,0.9655821323394775,-0.28494566679000854,0.07885412126779556,-0.09303000569343567,0.037263575941324234,0.44845008850097656,-1.616849422454834,0.4858764708042145,-0.9586563110351562,1.1686538457870483,0.20730438828468323,-0.014856809750199318,0.37935781478881836,-1.584904432296753,-0.546791136264801,0.9733940362930298,1.0550963878631592,-0.2313036322593689,-0.013386547565460205,-0.22768500447273254
5.006763458251953,1.0048991441726685,0.6877275705337524,-0.0354478619992733,-0.027835970744490623,-0.7440235614776611,0.6666314601898193,-0.5302245616912842,0.21101564168930054,0.025396117940545082,0.8024260997772217,-0.32323575019836426,0.022195473313331604,-0.5655361413955688,-0.13218548893928528,0.07167816162109375,0.8691351413726807,-0.26437869668006897,0.0825844556093216,-0.09785185009241104,0.03733287751674652,0.4105481505393982,-1.6040979623794556,0.4772963523864746,-0.9659386277198792,1.1827960014343262,0.2169537991285324,-0.021219633519649506,0.3635604977607727,-1.5720036029815674,-0.5409486293792725,0.9786792993545532,1.0632853507995605,-0.24100416898727417,-0.016080137342214584,-0.2139998823404312
5.005397796630859,0.9943370819091797,0.7055667638778687,-0.03258974850177765,-0.025158852338790894,-0.743606448173523,0.6673488020896912,-0.46101319789886475,0.20058803260326385,0.03355436027050018,0.7308034896850586,-0.302304744720459,0.025374844670295715,-0.4885284900665283,-0.13158194720745087,0.07386371493339539,0.7834308743476868,-0.24638277292251587,0.08554905652999878,-0.10049166530370712,0.037957433611154556,0.36851537227630615,-1.583027958869934,0.4592509865760803,-0.9672216176986694,1.1970722675323486,0.22407490015029907,-0.02727247029542923,0.34736812114715576,-1.5546720027923584,-0.5289967060089111,0.9795025587081909,1.073401689529419,-0.2507992684841156,-0.017246948555111885,-0.20009487867355347
5.004015922546387,0.9839571714401245,0.7197245955467224,-0.029535625129938126,-0.022799793630838394,-0.7431489825248718,0.6680848598480225,-0.4018931984901428,0.19027559459209442,0.03942622244358063,0.6716827154159546,-0.28534770011901855,0.028278129175305367,-0.4214942455291748,-0.13231179118156433,0.07786834239959717,0.7090321183204651,-0.23000025749206543,0.08852262794971466,-0.10218679904937744,0.03804311901330948,0.32700681686401367,-1.558640718460083,0.44129812717437744,-0.9661948680877686,1.2067676782608032,0.231070414185524,-0.033302899450063705,0.3330647647380829,-1.5346722602844238,-0.5177802443504333,0.9807801246643066,1.0770087242126465,-0.26270201802253723,-0.019728146493434906,-0.18686780333518982
5.002702236175537,0.9742971658706665,0.7298778295516968,-0.026516271755099297,-0.020436184480786324,-0.7421096563339233,0.6694419384002686,-0.35561445355415344,0.18093281984329224,0.04157055541872978,0.627653181552887,-0.2735101282596588,0.03069569543004036,-0.3697201907634735,-0.13269872963428497,0.0830090120434761,0.6532381772994995,-0.21731917560100555,0.08954252302646637,-0.10391184687614441,0.03749249130487442,0.2905749976634979,-1.5398229360580444,0.4266519844532013,-0.9653503894805908,1.2065941095352173,0.23894067108631134,-0.03906024992465973,0.32124438881874084,-1.5161999464035034,-0.5134512186050415,0.9818412065505981,1.0700206756591797,-0.2761656939983368,-0.022007890045642853,-0.1753137707710266
5.001506805419922,0.9652953147888184,0.73764568567276,-0.02411927469074726,-0.018146395683288574,-0.7403725981712341,0.6715187430381775,-0.31448739767074585,0.17361173033714294,0.04253261536359787,0.584942638874054,-0.262443482875824,0.03173011541366577,-0.3265038728713989,-0.13212008774280548,0.08794175088405609,0.6039777994155884,-0.20436446368694305,0.09029602259397507,-0.10824286937713623,0.035890206694602966,0.2582922875881195,-1.5215673446655273,0.41220593452453613,-0.9626911878585815,1.208484411239624,0.24621085822582245,-0.04296816885471344,0.3102608323097229,-1.4944789409637451,-0.511718213558197,0.9796434640884399,1.0596892833709717,-0.28932520747184753,-0.02333805337548256,-0.16635684669017792
5.000383377075195,0.957207441329956,0.7433412671089172,-0.02235373482108116,-0.016220999881625175,-0.7378932237625122,0.6743521690368652,-0.28069525957107544,0.16797158122062683,0.04249192774295807,0.5480430722236633,-0.25402361154556274,0.03245566785335541,-0.2929654121398926,-0.13086584210395813,0.09267102181911469,0.5632549524307251,-0.1912984997034073,0.09024077653884888,-0.11647424101829529,0.03276627138257027,0.23485681414604187,-1.5106409788131714,0.4053463339805603,-0.96126389503479,1.2064405679702759,0.2522543966770172,-0.04662834107875824,0.30117034912109375,-1.4780217409133911,-0.5187525153160095,0.9791659712791443,1.0320425033569336,-0.3018302917480469,-0.02664189785718918,-0.15935054421424866
4.99931526184082,0.9502139091491699,0.7482840418815613,-0.021270347759127617,-0.014373415149748325,-0.7346839308738708,0.6779237389564514,-0.24576938152313232,0.16377100348472595,0.04237355291843414,0.4996316432952881,-0.2395181506872177,0.029942285269498825,-0.26128390431404114,-0.12918347120285034,0.09616339206695557,0.5183510184288025,-0.1747746467590332,0.09202651679515839,-0.1223178505897522,0.03151380270719528,0.21173232793807983,-1.4997631311416626,0.3935508131980896,-0.962898850440979,1.2125951051712036,0.2592788338661194,-0.049409378319978714,0.2879449427127838,-1.4684779644012451,-0.5231081247329712,0.9846729636192322,1.0212290287017822,-0.3167741596698761,-0.027572430670261383,-0.14683683216571808
4.998358249664307,0.944411039352417,0.7518770694732666,-0.02071249485015869,-0.012615830637514591,-0.7312271595001221,0.6817027926445007,-0.21674633026123047,0.16121801733970642,0.04253306984901428,0.45295023918151855,-0.22324515879154205,0.02637992426753044,-0.2372010052204132,-0.1264132857322693,0.09866425395011902,0.48080122470855713,-0.15938562154769897,0.09171897172927856,-0.12736092507839203,0.02921389229595661,0.19730497896671295,-1.4993536472320557,0.37800300121307373,-0.9656305313110352,1.2232818603515625,0.2637973129749298,-0.0515131801366806,0.27511268854141235,-1.4699313640594482,-0.5250753164291382,0.9909839034080505,1.0218839645385742,-0.33018237352371216,-0.02581263706088066,-0.13697800040245056
4.997464656829834,0.9396692514419556,0.7550064325332642,-0.02047857828438282,-0.011252173222601414,-0.7279608845710754,0.6852204203605652,-0.1942017823457718,0.15991592407226562,0.04258493334054947,0.41302651166915894,-0.20758847892284393,0.02208145335316658,-0.21901997923851013,-0.12352894991636276,0.09943799674510956,0.44896090030670166,-0.14337223768234253,0.08905677497386932,-0.1319599151611328,0.02625860646367073,0.1868152618408203,-1.5016379356384277,0.3619290888309479,-0.9688992500305176,1.2407680749893188,0.2677857279777527,-0.05281874164938927,0.2623484432697296,-1.474229097366333,-0.525898277759552,0.9975714683532715,1.0278210639953613,-0.34081029891967773,-0.02385620027780533,-0.12900912761688232
4.996561050415039,0.9358375072479248,0.757195234298706,-0.020398641005158424,-0.010223142802715302,-0.7247583270072937,0.6886252760887146,-0.17740249633789062,0.15981319546699524,0.042085547000169754,0.37980127334594727,-0.19429458677768707,0.01836247742176056,-0.2053622305393219,-0.12034480273723602,0.0994722843170166,0.42235416173934937,-0.12902408838272095,0.08488451689481735,-0.13487276434898376,0.022273041307926178,0.17874455451965332,-1.5051252841949463,0.3548317551612854,-0.9704351425170898,1.252278208732605,0.27084439992904663,-0.0549258291721344,0.25419875979423523,-1.4826135635375977,-0.5333213806152344,1.0000667572021484,1.0262095928192139,-0.34621667861938477,-0.02345331758260727,-0.12591451406478882
4.995577335357666,0.9326951503753662,0.7586426734924316,-0.02052905224263668,-0.009539186954498291,-0.7213554382324219,0.692194938659668,-0.16381506621837616,0.16085591912269592,0.04283997043967247,0.3497966229915619,-0.1825486719608307,0.014764676801860332,-0.1950387954711914,-0.11694338917732239,0.09831108152866364,0.3983851671218872,-0.11580628156661987,0.07910025119781494,-0.13663503527641296,0.01814674399793148,0.1729736477136612,-1.5105888843536377,0.34557244181632996,-0.9703404903411865,1.264941692352295,0.27235186100006104,-0.05529087036848068,0.24798697233200073,-1.495138168334961,-0.5399245023727417,0.9987053871154785,1.0348716974258423,-0.34767946600914,-0.019763171672821045,-0.12572549283504486
4.994472980499268,0.9301520586013794,0.7597229480743408,-0.020750675350427628,-0.008985867723822594,-0.7175562381744385,0.6961333751678467,-0.1531452238559723,0.16318833827972412,0.045595865696668625,0.32428616285324097,-0.17329947650432587,0.012657754123210907,-0.18820735812187195,-0.11394686996936798,0.09560133516788483,0.3798520267009735,-0.10504782199859619,0.07206311076879501,-0.1389436572790146,0.01492271013557911,0.16857022047042847,-1.5133455991744995,0.3363596796989441,-0.9677320122718811,1.2738417387008667,0.2728961110115051,-0.055062197148799896,0.2455107569694519,-1.5048460960388184,-0.5472214818000793,0.995103657245636,1.0430326461791992,-0.34777456521987915,-0.016302619129419327,-0.12902536988258362
4.99330997467041,0.9281414151191711,0.7606397867202759,-0.020905956625938416,-0.008476516231894493,-0.7138546109199524,0.6999304890632629,-0.14514249563217163,0.16622023284435272,0.04894060268998146,0.30250293016433716,-0.165788933634758,0.01049228198826313,-0.18382422626018524,-0.11161436140537262,0.09118038415908813,0.3639300465583801,-0.0943528339266777,0.06504274904727936,-0.14153426885604858,0.011641457676887512,0.16697180271148682,-1.518458604812622,0.33078503608703613,-0.9652098417282104,1.2776702642440796,0.27252987027168274,-0.05440974235534668,0.2460319995880127,-1.5154365301132202,-0.5587660074234009,0.9908652901649475,1.0467945337295532,-0.34539830684661865,-0.013283045962452888,-0.13421016931533813
4.99216890335083,0.9266027212142944,0.7612980604171753,-0.021246520802378654,-0.008172949776053429,-0.7102692723274231,0.7035619020462036,-0.13743221759796143,0.16934768855571747,0.052395813167095184,0.28257638216018677,-0.16044014692306519,0.009357303380966187,-0.18019619584083557,-0.10977938771247864,0.08633406460285187,0.3489760756492615,-0.0843377560377121,0.06013710796833038,-0.14602065086364746,0.00906970351934433,0.16518637537956238,-1.5187878608703613,0.32942208647727966,-0.9624349474906921,1.2800021171569824,0.27237552404403687,-0.05385548621416092,0.24674081802368164,-1.520132064819336,-0.5748555660247803,0.9872605800628662,1.0401297807693481,-0.341871976852417,-0.013066783547401428,-0.13822516798973083
4.991100311279297,0.925429105758667,0.7617745399475098,-0.021335089579224586,-0.00808993075042963,-0.7070266008377075,0.7068187594413757,-0.13394728302955627,0.17266122996807098,0.055848971009254456,0.2709415555000305,-0.1585340052843094,0.00912347249686718,-0.1789681315422058,-0.1090194433927536,0.08099237084388733,0.338529109954834,-0.0758671909570694,0.05568796023726463,-0.15125925838947296,0.0059151677414774895,0.16663841903209686,-1.5228750705718994,0.3313959836959839,-0.9605320692062378,1.2810797691345215,0.2709580361843109,-0.05288923904299736,0.24871452152729034,-1.5214674472808838,-0.5915746092796326,0.9838065505027771,1.030714988708496,-0.3380453288555145,-0.012342254631221294,-0.1430111825466156
4.990165710449219,0.9245254993438721,0.7619776129722595,-0.021316803991794586,-0.008116482757031918,-0.7044395804405212,0.7093973755836487,-0.13428977131843567,0.17630529403686523,0.05957382917404175,0.2660941779613495,-0.15801650285720825,0.00987144187092781,-0.17979192733764648,-0.10891543328762054,0.07632684707641602,0.33411455154418945,-0.0708426907658577,0.05122685059905052,-0.1565551459789276,0.0032291002571582794,0.16900721192359924,-1.5282437801361084,0.33061251044273376,-0.9611247777938843,1.2853808403015137,0.2710763216018677,-0.05133938789367676,0.25013959407806396,-1.5222678184509277,-0.6045093536376953,0.9835612177848816,1.0262603759765625,-0.336941659450531,-0.011016882956027985,-0.14626801013946533
4.989355564117432,0.9238424897193909,0.762042760848999,-0.02139710634946823,-0.008261400274932384,-0.7027363181114197,0.7110805511474609,-0.13537892699241638,0.17983651161193848,0.06477542966604233,0.2634485065937042,-0.15837766230106354,0.011743259616196156,-0.18007709085941315,-0.10963878780603409,0.07294521480798721,0.3305590748786926,-0.06712688505649567,0.04846573621034622,-0.16332700848579407,0.0031064869835972786,0.16891857981681824,-1.528059720993042,0.32764047384262085,-0.9613008499145508,1.2892931699752808,0.2731381058692932,-0.05001950263977051,0.251717209815979,-1.5171787738800049,-0.6186777353286743,0.9829778075218201,1.020559310913086,-0.33624905347824097,-0.01092279702425003,-0.14889855682849884
4.98866081237793,0.9233217835426331,0.7619975209236145,-0.02134893834590912,-0.008191541768610477,-0.7019894123077393,0.7118202447891235,-0.1377175897359848,0.1833290010690689,0.07118703424930573,0.2635553479194641,-0.16021689772605896,0.015835748985409737,-0.1809249222278595,-0.1109834611415863,0.07000605762004852,0.33043035864830017,-0.06582513451576233,0.04591658338904381,-0.16998563706874847,0.003982257563620806,0.16935734450817108,-1.5275014638900757,0.3243791460990906,-0.9612108469009399,1.2963104248046875,0.27439793944358826,-0.04811808839440346,0.2529814839363098,-1.5130105018615723,-0.6308083534240723,0.9858393669128418,1.0143916606903076,-0.3368813395500183,-0.01139133796095848,-0.15002703666687012
4.98823881149292,0.9230293035507202,0.7614874839782715,-0.021644417196512222,-0.007625032216310501,-0.7021937966346741,0.7116159796714783,-0.14086657762527466,0.1872352957725525,0.07764092087745667,0.26649513840675354,-0.16440021991729736,0.022093724459409714,-0.18549619615077972,-0.11161649227142334,0.06832334399223328,0.3401640057563782,-0.0685243159532547,0.04388001561164856,-0.17971061170101166,0.007305209990590811,0.17060419917106628,-1.5234301090240479,0.3290869891643524,-0.9603818655014038,1.3013393878936768,0.27773404121398926,-0.0472518727183342,0.2555277347564697,-1.5039045810699463,-0.6534942388534546,0.9881168007850647,0.99922776222229,-0.33633551001548767,-0.01483142375946045,-0.15205761790275574
4.988043785095215,0.9229148626327515,0.761082649230957,-0.021672943606972694,-0.006799208931624889,-0.7030474543571472,0.7107800841331482,-0.14410947263240814,0.19054514169692993,0.08391182124614716,0.2707683742046356,-0.169912189245224,0.028679145500063896,-0.19042015075683594,-0.11277361214160919,0.06690271943807602,0.35024887323379517,-0.07034747302532196,0.04348360747098923,-0.18789391219615936,0.010719257406890392,0.17346349358558655,-1.5221118927001953,0.336862713098526,-0.9615983963012695,1.2981228828430176,0.28018248081207275,-0.04778409004211426,0.2580089867115021,-1.4948763847351074,-0.6771819591522217,0.9925956726074219,0.9776743650436401,-0.33623263239860535,-0.019041316583752632,-0.1519426852464676
4.988154411315918,0.9229997396469116,0.7604808807373047,-0.021667489781975746,-0.005907313898205757,-0.70430588722229,0.7095413208007812,-0.1487884521484375,0.1927068829536438,0.09060031175613403,0.27905353903770447,-0.17766477167606354,0.03653425723314285,-0.1970420777797699,-0.11364838480949402,0.06741257011890411,0.3631446659564972,-0.07322503626346588,0.044195760041475296,-0.19515100121498108,0.014293147251009941,0.18069802224636078,-1.5222722291946411,0.34293487668037415,-0.9616035223007202,1.2930653095245361,0.28124260902404785,-0.047807224094867706,0.2601352334022522,-1.486158847808838,-0.6955358982086182,0.9947509765625,0.962157130241394,-0.33647140860557556,-0.020943593233823776,-0.15160539746284485
4.988706111907959,0.923343300819397,0.7590198516845703,-0.021758608520030975,-0.0044899433851242065,-0.7065672874450684,0.7072969675064087,-0.15679019689559937,0.19447708129882812,0.09440581500530243,0.29425451159477234,-0.1887202113866806,0.04534411057829857,-0.21226105093955994,-0.11330780386924744,0.0713018923997879,0.3905870020389557,-0.07989448308944702,0.04672810807824135,-0.20336085557937622,0.01863643154501915,0.19364777207374573,-1.5271296501159668,0.3558865487575531,-0.9635106325149536,1.2787692546844482,0.28131401538848877,-0.04834254831075668,0.26369333267211914,-1.4768903255462646,-0.717880129814148,0.9976999759674072,0.9355326890945435,-0.33631211519241333,-0.024883095175027847,-0.1515316367149353
4.989904880523682,0.9237314462661743,0.7569516897201538,-0.021752657368779182,-0.0026067455764859915,-0.7106841802597046,0.7031699419021606,-0.1671663522720337,0.19621729850769043,0.09625667333602905,0.31479611992836,-0.20403960347175598,0.055756136775016785,-0.23258823156356812,-0.113477922976017,0.07494252920150757,0.4249124526977539,-0.0872802585363388,0.05107298493385315,-0.2115849107503891,0.021550549194216728,0.20933157205581665,-1.538512110710144,0.3774963319301605,-0.9684305191040039,1.2589139938354492,0.28009533882141113,-0.0500219389796257,0.2697770297527313,-1.4711782932281494,-0.740767240524292,1.0018340349197388,0.9039607644081116,-0.33544692397117615,-0.029768597334623337,-0.1544012725353241
4.991776466369629,0.9241319894790649,0.7536653876304626,-0.021643683314323425,-0.00038586638402193785,-0.7170221209526062,0.6967141628265381,-0.1854420006275177,0.19878286123275757,0.09715550392866135,0.35464930534362793,-0.2287748157978058,0.07015340030193329,-0.2681289613246918,-0.11366736143827438,0.07657042145729065,0.48553627729415894,-0.102066271007061,0.0546029694378376,-0.2192140817642212,0.02197343111038208,0.22715650498867035,-1.5521385669708252,0.4018999934196472,-0.9743615388870239,1.239193320274353,0.27858108282089233,-0.051323506981134415,0.27914872765541077,-1.4649815559387207,-0.7577202320098877,1.0062592029571533,0.8740243315696716,-0.3356947898864746,-0.034978754818439484,-0.1610487997531891
4.993946075439453,0.9245699048042297,0.750873327255249,-0.020761076360940933,0.0014917439548298717,-0.7248844504356384,0.6885559558868408,-0.21215969324111938,0.20085275173187256,0.09682568162679672,0.41590601205825806,-0.2634529769420624,0.0857977420091629,-0.3180016577243805,-0.11465763300657272,0.07469099760055542,0.5657669305801392,-0.12209677696228027,0.05542812868952751,-0.22446796298027039,0.01929789036512375,0.24719521403312683,-1.569725513458252,0.42714840173721313,-0.9812802076339722,1.2170196771621704,0.2769678831100464,-0.052034102380275726,0.2930281162261963,-1.4576618671417236,-0.7656118869781494,1.008999228477478,0.8465520143508911,-0.33722662925720215,-0.0395791120827198,-0.1732274889945984
4.996068954467773,0.9254790544509888,0.746540904045105,-0.0188351571559906,0.002006972674280405,-0.733887255191803,0.6790071725845337,-0.24248819053173065,0.19994091987609863,0.09476824104785919,0.4861987829208374,-0.3016834557056427,0.09836526215076447,-0.3664788007736206,-0.11749857664108276,0.06925304234027863,0.6352894306182861,-0.1408979594707489,0.053242653608322144,-0.22363153100013733,0.01399421226233244,0.2647685408592224,-1.5802204608917236,0.4476886987686157,-0.9874109029769897,1.1948230266571045,0.2778964936733246,-0.051965102553367615,0.3079615831375122,-1.4479212760925293,-0.7630778551101685,1.0131434202194214,0.8293126821517944,-0.3410630524158478,-0.042695119976997375,-0.18403780460357666
4.998083114624023,0.9274044036865234,0.7411699295043945,-0.016727998852729797,0.0016866986406967044,-0.743646502494812,0.6683616042137146,-0.27538251876831055,0.19717775285243988,0.0894889235496521,0.556218683719635,-0.33626118302345276,0.1066862940788269,-0.4119376540184021,-0.11992140114307404,0.06599269062280655,0.6936074495315552,-0.15679731965065002,0.0540897399187088,-0.22078970074653625,0.0072260755114257336,0.28622305393218994,-1.5935639142990112,0.4739733338356018,-0.9991887807846069,1.1748567819595337,0.28213220834732056,-0.0527152344584465,0.32096704840660095,-1.441159963607788,-0.771354615688324,1.0211896896362305,0.816920280456543,-0.3442033529281616,-0.046338554471731186,-0.19046518206596375
5.000028610229492,0.9304758310317993,0.7339435815811157,-0.014586394652724266,0.0007981203962117434,-0.7534869909286499,0.6573004722595215,-0.3179987668991089,0.1939970850944519,0.07986707240343094,0.6348687410354614,-0.3685113191604614,0.11104734241962433,-0.4580934941768646,-0.12141165137290955,0.06776769459247589,0.7505046129226685,-0.1722407341003418,0.05762728676199913,-0.21437543630599976,-0.001762736588716507,0.31349945068359375,-1.6169034242630005,0.4963064193725586,-1.0171644687652588,1.1652734279632568,0.28923192620277405,-0.0518067330121994,0.33239248394966125,-1.447495698928833,-0.7801885008811951,1.0350348949432373,0.8140751123428345,-0.3476644456386566,-0.047773562371730804,-0.19620266556739807
5.002244472503662,0.9346836805343628,0.7243952751159668,-0.01233727764338255,-0.0006350367330014706,-0.7631434798240662,0.6461109519004822,-0.37252211570739746,0.19019165635108948,0.06692183017730713,0.7240802645683289,-0.3973075747489929,0.11148841679096222,-0.5035279393196106,-0.12247223407030106,0.07380259782075882,0.8035241365432739,-0.1865798830986023,0.06116242706775665,-0.20303970575332642,-0.010443830862641335,0.3461058735847473,-1.6424798965454102,0.5058569312095642,-1.028506875038147,1.1675416231155396,0.2936488091945648,-0.04784166440367699,0.34479308128356934,-1.4623957872390747,-0.7727984189987183,1.0402724742889404,0.8297275304794312,-0.34919241070747375,-0.04302603751420975,-0.20830681920051575
5.00474739074707,0.9400053024291992,0.7129254341125488,-0.01022802758961916,-0.0020402094814926386,-0.7724917531013489,0.6349391937255859,-0.43508827686309814,0.18694090843200684,0.05060166120529175,0.814625084400177,-0.42057889699935913,0.10600055754184723,-0.5489705801010132,-0.12214095890522003,0.08370499312877655,0.8561979532241821,-0.200795516371727,0.0660441666841507,-0.18939390778541565,-0.01766199618577957,0.3811534643173218,-1.669227123260498,0.5108853578567505,-1.0374729633331299,1.1697683334350586,0.2970515489578247,-0.0434151217341423,0.358306884765625,-1.4780398607254028,-0.7604573369026184,1.0385606288909912,0.8565548658370972,-0.3495427966117859,-0.03524408116936684,-0.22401916980743408
5.0072760581970215,0.9461367726325989,0.7024986743927002,-0.007830719463527203,-0.002969061490148306,-0.7812833189964294,0.6241204142570496,-0.5047632455825806,0.1849421262741089,0.031466759741306305,0.9016237258911133,-0.4384279251098633,0.09630617499351501,-0.599734902381897,-0.11939531564712524,0.09533506631851196,0.9142289161682129,-0.21589189767837524,0.07069627940654755,-0.17600604891777039,-0.02463763765990734,0.41708043217658997,-1.6974692344665527,0.5175191164016724,-1.0499117374420166,1.1721432209014893,0.30225488543510437,-0.03857952728867531,0.3703741431236267,-1.4961133003234863,-0.7521893382072449,1.0374350547790527,0.8820784091949463,-0.34827756881713867,-0.02755802869796753,-0.2399129867553711
5.009781360626221,0.9526193737983704,0.6907793879508972,-0.0031080760527402163,-0.0020640657749027014,-0.7892253994941711,0.6140922904014587,-0.587061882019043,0.18263384699821472,0.009897030889987946,0.9875190258026123,-0.45124515891075134,0.08406815677881241,-0.6630703210830688,-0.1147562563419342,0.1081097275018692,0.9807004928588867,-0.23186033964157104,0.07403885573148727,-0.16101773083209991,-0.029080025851726532,0.4444625675678253,-1.7193500995635986,0.5166242122650146,-1.0574288368225098,1.1766573190689087,0.3057032823562622,-0.032457247376441956,0.3813287019729614,-1.5150643587112427,-0.7375155687332153,1.0331169366836548,0.9160218238830566,-0.3446582853794098,-0.01815827004611492,-0.2561382055282593
5.01230001449585,0.9590164422988892,0.6769801378250122,0.0023837846238166094,-0.00046166862011887133,-0.7963030338287354,0.6048930287361145,-0.6727766990661621,0.17958885431289673,-0.012861732393503189,1.0705416202545166,-0.4638129472732544,0.07189230620861053,-0.7336163520812988,-0.10826282948255539,0.12069091200828552,1.0538839101791382,-0.2486777901649475,0.07683882117271423,-0.14991874992847443,-0.033308904618024826,0.4655924439430237,-1.7368940114974976,0.518791139125824,-1.067363977432251,1.1740150451660156,0.311085045337677,-0.026693474501371384,0.39154380559921265,-1.5261204242706299,-0.7305728197097778,1.029349684715271,0.9360432028770447,-0.33931994438171387,-0.011544899083673954,-0.27138209342956543
5.014947414398193,0.9650201201438904,0.6608107686042786,0.008003664202988148,0.0018158645834773779,-0.8025370240211487,0.5965458750724792,-0.757697343826294,0.17650951445102692,-0.034596432000398636,1.1492624282836914,-0.47635868191719055,0.06142231822013855,-0.8100817799568176,-0.09962128102779388,0.13230673968791962,1.133745551109314,-0.26632317900657654,0.07770239561796188,-0.14092880487442017,-0.03552701324224472,0.482266366481781,-1.746716856956482,0.5178214311599731,-1.0744879245758057,1.1655890941619873,0.3158279359340668,-0.020924920216202736,0.4015841484069824,-1.5337152481079102,-0.7241801023483276,1.0235588550567627,0.9515247344970703,-0.33271530270576477,-0.005841793958097696,-0.2868790924549103
5.017556190490723,0.9704025983810425,0.6438131928443909,0.01311750989407301,0.004197185393422842,-0.8078715205192566,0.5891976952552795,-0.836235523223877,0.17287589609622955,-0.0543539822101593,1.2196587324142456,-0.4884936213493347,0.05283546820282936,-0.8854988813400269,-0.08887258172035217,0.1427335888147354,1.2111812829971313,-0.28119033575057983,0.0783371552824974,-0.1351311206817627,-0.03729400783777237,0.49547314643859863,-1.7517807483673096,0.5209612846374512,-1.0834240913391113,1.1525037288665771,0.32254093885421753,-0.01583159528672695,0.40969318151474,-1.537023901939392,-0.7257115840911865,1.019881248474121,0.9575859308242798,-0.3257104754447937,-0.002793412422761321,-0.30017298460006714
5.020024299621582,0.9750645160675049,0.626427173614502,0.017974048852920532,0.0065152631141245365,-0.8125386238098145,0.5825937390327454,-0.9089964628219604,0.16847221553325653,-0.0718923881649971,1.282126545906067,-0.5003040432929993,0.044919248670339584,-0.9589687585830688,-0.07578675448894501,0.15260997414588928,1.2848503589630127,-0.2936190962791443,0.07926049828529358,-0.13157935440540314,-0.037653613835573196,0.5040575265884399,-1.7550148963928223,0.5256454348564148,-1.0922201871871948,1.1376066207885742,0.328730970621109,-0.01099085807800293,0.41649675369262695,-1.5356109142303467,-0.7314872741699219,1.0153703689575195,0.9587838053703308,-0.31710174679756165,-0.0009046225459314883,-0.31275540590286255
5.022268295288086,0.9791861772537231,0.6089882850646973,0.022039197385311127,0.008208376355469227,-0.8166056275367737,0.5767167210578918,-0.9761894345283508,0.16411420702934265,-0.087236687541008,1.3385294675827026,-0.511689305305481,0.036920756101608276,-1.0288748741149902,-0.06229376792907715,0.1607336699962616,1.3525094985961914,-0.3027849793434143,0.08216316998004913,-0.1299295574426651,-0.03850313276052475,0.5096373558044434,-1.7589023113250732,0.5342981815338135,-1.104224443435669,1.1234376430511475,0.3348054885864258,-0.007255395874381065,0.4214075207710266,-1.529327630996704,-0.7419571876525879,1.012105941772461,0.9552831649780273,-0.3086126744747162,-0.00046757186646573246,-0.32438230514526367
5.0242018699646,0.9828310608863831,0.5922729969024658,0.024645520374178886,0.008794703520834446,-0.8201639652252197,0.5715298056602478,-1.0352318286895752,0.16048415005207062,-0.09981820732355118,1.387291669845581,-0.5202952027320862,0.02862188220024109,-1.0915688276290894,-0.050145022571086884,0.16635611653327942,1.4107420444488525,-0.3087305426597595,0.08484159409999847,-0.12757360935211182,-0.03905267268419266,0.5132642388343811,-1.7611384391784668,0.5353097915649414,-1.111278772354126,1.1106023788452148,0.3386323153972626,-0.0032581319101154804,0.42608100175857544,-1.5238187313079834,-0.7443996667861938,1.0068104267120361,0.9568812251091003,-0.3007272779941559,0.001436044229194522,-0.33634456992149353
5.0258002281188965,0.986046314239502,0.5761631727218628,0.026304125785827637,0.00874610710889101,-0.8231688737869263,0.5671196579933167,-1.0897576808929443,0.15776483714580536,-0.1099880188703537,1.4311602115631104,-0.5271544456481934,0.020639175549149513,-1.1487137079238892,-0.0392119437456131,0.1704455018043518,1.460538625717163,-0.31299465894699097,0.08820576220750809,-0.12657929956912994,-0.04015965014696121,0.5156217217445374,-1.764201283454895,0.537086546421051,-1.118644118309021,1.1056729555130005,0.3418354392051697,5.3421128541231155e-05,0.4297960698604584,-1.5182991027832031,-0.7464268207550049,1.0020519495010376,0.9644623398780823,-0.2930173873901367,0.0033585072960704565,-0.34807366132736206
5.027088165283203,0.9889549612998962,0.5603407621383667,0.026818227022886276,0.007987836375832558,-0.8258624076843262,0.5631769299507141,-1.1381539106369019,0.15562351047992706,-0.11891204118728638,1.4726982116699219,-0.535436749458313,0.01302593294531107,-1.2008161544799805,-0.02925296127796173,0.17306438088417053,1.5055320262908936,-0.3170391321182251,0.09152504056692123,-0.12650103867053986,-0.041386596858501434,0.5171540975570679,-1.7636008262634277,0.5407242774963379,-1.125438928604126,1.0973358154296875,0.34497255086898804,0.0022850472014397383,0.4333913326263428,-1.5093953609466553,-0.7519623041152954,0.997079610824585,0.965599536895752,-0.2845500111579895,0.003082266543060541,-0.35803306102752686
5.028074741363525,0.9915980696678162,0.5450342297554016,0.027182256802916527,0.007203282788395882,-0.8284978270530701,0.5592858791351318,-1.1822010278701782,0.15410298109054565,-0.12745626270771027,1.512028694152832,-0.5440804958343506,0.0046614063903689384,-1.2502074241638184,-0.019742093980312347,0.17470017075538635,1.5475478172302246,-0.31935733556747437,0.0958627313375473,-0.12702050805091858,-0.042524442076683044,0.5181501507759094,-1.7689108848571777,0.5462943911552429,-1.1351557970046997,1.0988543033599854,0.3464055359363556,0.0047045196406543255,0.43312186002731323,-1.5016889572143555,-0.7596191763877869,0.9931477308273315,0.970208466053009,-0.2735084593296051,0.002854742109775543,-0.3656386137008667
5.028914928436279,0.9940157532691956,0.5315570831298828,0.027331974357366562,0.006382955703884363,-0.8311129212379456,0.5553950071334839,-1.2199771404266357,0.15374425053596497,-0.13424161076545715,1.5452828407287598,-0.5515017509460449,-0.0021885568276047707,-1.2930644750595093,-0.0126161715015769,0.1747780591249466,1.5818963050842285,-0.31977689266204834,0.10001177340745926,-0.1281634122133255,-0.04329054802656174,0.5187975764274597,-1.771437644958496,0.5531057715415955,-1.1435776948928833,1.0991182327270508,0.34787866473197937,0.006005584262311459,0.43346965312957764,-1.4899312257766724,-0.7691656351089478,0.9864037036895752,0.9753674268722534,-0.26205188035964966,0.0019904840737581253,-0.3734937310218811
5.029679298400879,0.9962077140808105,0.5200715065002441,0.026871196925640106,0.005413939710706472,-0.8337893486022949,0.5514018535614014,-1.2497549057006836,0.15489740669727325,-0.1387905478477478,1.5723741054534912,-0.5575331449508667,-0.0071587152779102325,-1.3276445865631104,-0.007892759516835213,0.17324672639369965,1.6092376708984375,-0.32082995772361755,0.10287174582481384,-0.12930461764335632,-0.044059090316295624,0.519218385219574,-1.7716100215911865,0.5621945261955261,-1.149843454360962,1.101728081703186,0.3490942716598511,0.00697267334908247,0.4345187544822693,-1.476879358291626,-0.7803467512130737,0.9798451066017151,0.9791491031646729,-0.25232887268066406,-0.0003677927888929844,-0.3802582621574402
5.030325889587402,0.9981644749641418,0.5107797384262085,0.026228269562125206,0.004532611928880215,-0.8363022804260254,0.5476221442222595,-1.2719383239746094,0.1558617353439331,-0.14177633821964264,1.594287633895874,-0.5628756284713745,-0.01057913526892662,-1.3542860746383667,-0.0042339349165558815,0.17167747020721436,1.6297330856323242,-0.32292187213897705,0.10351977497339249,-0.13051599264144897,-0.0441058948636055,0.5194919109344482,-1.7713208198547363,0.5692632794380188,-1.153003454208374,1.105006217956543,0.3500422537326813,0.00833296962082386,0.43580079078674316,-1.465705394744873,-0.7897909879684448,0.9729712605476379,0.9800474047660828,-0.24349293112754822,-0.0032276385463774204,-0.38564568758010864
5.0308732986450195,0.9998863935470581,0.5044143199920654,0.025407465174794197,0.003834360046312213,-0.8387283682823181,0.543943464756012,-1.2857767343521118,0.15693062543869019,-0.14331546425819397,1.6078903675079346,-0.5654544830322266,-0.013057732954621315,-1.3714395761489868,-0.0017223124159500003,0.17076335847377777,1.6418123245239258,-0.3243160843849182,0.10326813906431198,-0.13178499042987823,-0.0430544912815094,0.5196697115898132,-1.7675431966781616,0.5750699043273926,-1.15386962890625,1.1072124242782593,0.35201704502105713,0.009808555245399475,0.43736857175827026,-1.4526803493499756,-0.7976757287979126,0.9660449624061584,0.9808021187782288,-0.2373911738395691,-0.006015249527990818,-0.38922277092933655
5.031299114227295,1.0013654232025146,0.5016516447067261,0.02414226531982422,0.0030995230190455914,-0.840849757194519,0.5407211184501648,-1.2891440391540527,0.1586974859237671,-0.1430249959230423,1.6111013889312744,-0.5648071765899658,-0.014582308940589428,-1.3769603967666626,-0.0008189220097847283,0.17022815346717834,1.6436419486999512,-0.32394933700561523,0.10203686356544495,-0.1342042237520218,-0.04198138043284416,0.5197852849960327,-1.7644416093826294,0.5824820399284363,-1.1537666320800781,1.107278823852539,0.35455626249313354,0.01156909391283989,0.44018685817718506,-1.4381420612335205,-0.8071011304855347,0.9594401121139526,0.9754685163497925,-0.23407050967216492,-0.009546897374093533,-0.3927108347415924
5.031581878662109,1.0025842189788818,0.5027714967727661,0.022028887644410133,0.0020077277440577745,-0.8424569964408875,0.5383093357086182,-1.2805191278457642,0.1604146659374237,-0.14040207862854004,1.6051113605499268,-0.5625008344650269,-0.01415657065808773,-1.368438720703125,-0.0017610464710742235,0.1697739064693451,1.6354970932006836,-0.32444486021995544,0.1006530225276947,-0.13728952407836914,-0.039895519614219666,0.5198604464530945,-1.7543288469314575,0.5889521241188049,-1.151591420173645,1.0991041660308838,0.3597979247570038,0.01304612960666418,0.44509434700012207,-1.417751669883728,-0.8163989782333374,0.9509797096252441,0.9621917009353638,-0.23397621512413025,-0.014414628967642784,-0.39445197582244873
5.031581878662109,1.0034431219100952,0.507459282875061,0.01944812573492527,0.0010012876009568572,-0.8434476256370544,0.5368583798408508,-1.2613592147827148,0.162855327129364,-0.13547369837760925,1.5889708995819092,-0.5569568872451782,-0.012693215161561966,-1.348474383354187,-0.0033616519067436457,0.17017154395580292,1.616886019706726,-0.32270878553390503,0.09888999909162521,-0.14119814336299896,-0.036890678107738495,0.5199092626571655,-1.7479419708251953,0.593314528465271,-1.149423360824585,1.0917613506317139,0.36520081758499146,0.014132240787148476,0.45004963874816895,-1.3995178937911987,-0.826208770275116,0.9433857798576355,0.9546747207641602,-0.23673519492149353,-0.017917200922966003,-0.39453351497650146
5.031355381011963,1.0041303634643555,0.5152111649513245,0.01643381454050541,-2.4158471205737442e-05,-0.8440788388252258,0.535967230796814,-1.2331904172897339,0.16533036530017853,-0.12876009941101074,1.5636621713638306,-0.5499541759490967,-0.010603973641991615,-1.3184784650802612,-0.005893978290259838,0.16996610164642334,1.5885752439498901,-0.31974369287490845,0.09782008826732635,-0.14632780849933624,-0.03423572704195976,0.5199410319328308,-1.7458184957504272,0.6017094850540161,-1.149897575378418,1.0821425914764404,0.3709927797317505,0.013922123238444328,0.45461225509643555,-1.3822708129882812,-0.841877281665802,0.9377424120903015,0.9440599679946899,-0.24098753929138184,-0.022660505026578903,-0.3923671245574951
5.030915260314941,1.0045192241668701,0.5256116390228271,0.013051201589405537,-0.0008139581768773496,-0.8445444703102112,0.5353257060050964,-1.1971654891967773,0.16794726252555847,-0.12074647843837738,1.529966115951538,-0.5408095121383667,-0.00785836298018694,-1.2797268629074097,-0.009570338763296604,0.1696145087480545,1.5515596866607666,-0.31520071625709534,0.09724391996860504,-0.15073218941688538,-0.030893146991729736,0.5199616551399231,-1.7498154640197754,0.6059529185295105,-1.1519051790237427,1.0767163038253784,0.37634551525115967,0.013379590585827827,0.4573749005794525,-1.3744702339172363,-0.8549732565879822,0.9351725578308105,0.9419807195663452,-0.24648994207382202,-0.025279425084590912,-0.3879709541797638
5.030309200286865,1.004740834236145,0.5392271280288696,0.009340928867459297,-0.0015730932354927063,-0.8449311852455139,0.5347912311553955,-1.1517143249511719,0.1704326570034027,-0.11044301092624664,1.4865742921829224,-0.5305781960487366,-0.002411491936072707,-1.229996681213379,-0.014926363714039326,0.16729335486888885,1.5041629076004028,-0.3107255697250366,0.09555128216743469,-0.15400296449661255,-0.02813035622239113,0.5199750661849976,-1.7548460960388184,0.6075440645217896,-1.1541097164154053,1.0715351104736328,0.3810213506221771,0.01144758053123951,0.45881354808807373,-1.377397060394287,-0.8651618957519531,0.9362645149230957,0.9399479031562805,-0.2519019842147827,-0.028700195252895355,-0.3817875385284424
5.029511451721191,1.0046839714050293,0.5563395619392395,0.005153010133653879,-0.002365514636039734,-0.8451060056686401,0.534568727016449,-1.0951827764511108,0.173028826713562,-0.09811708331108093,1.4302890300750732,-0.5175573825836182,0.0034699600655585527,-1.1675615310668945,-0.021945342421531677,0.16280314326286316,1.4450340270996094,-0.30591315031051636,0.0938679426908493,-0.15622803568840027,-0.02596149407327175,0.5199837684631348,-1.7605373859405518,0.608147382736206,-1.1566039323806763,1.0710444450378418,0.38529956340789795,0.008393717929720879,0.45777657628059387,-1.3887097835540771,-0.8716554641723633,0.9414762258529663,0.9418554306030273,-0.25820392370224,-0.031381841748952866,-0.37326109409332275
5.028580188751221,1.0040514469146729,0.5766674280166626,0.0005464433925226331,-0.0031055789440870285,-0.8451098799705505,0.5345833897590637,-1.0272464752197266,0.17507202923297882,-0.08444839715957642,1.3601977825164795,-0.5014352798461914,0.01049666479229927,-1.0923855304718018,-0.029728319495916367,0.15653277933597565,1.3729288578033447,-0.3005385100841522,0.09336579591035843,-0.1574767827987671,-0.025029532611370087,0.5189446806907654,-1.7662333250045776,0.6121586561203003,-1.1596295833587646,1.0723885297775269,0.38734716176986694,0.0037267731968313456,0.4549115300178528,-1.4060194492340088,-0.8753020167350769,0.9500996470451355,0.9418274164199829,-0.2633713483810425,-0.034862011671066284,-0.36232757568359375
5.027488708496094,1.002246618270874,0.5991520881652832,-0.0033999865408986807,-0.002796436892822385,-0.8452423214912415,0.5343651175498962,-0.9506992101669312,0.1775273084640503,-0.07036397606134415,1.2756341695785522,-0.48129379749298096,0.01717931404709816,-1.0096148252487183,-0.0369839146733284,0.1498272716999054,1.2897593975067139,-0.29246383905410767,0.0943569764494896,-0.1592576503753662,-0.02367839217185974,0.5131585001945496,-1.7671384811401367,0.6128959655761719,-1.1596434116363525,1.077872395515442,0.3875121772289276,-0.000773340230807662,0.44986358284950256,-1.420212745666504,-0.8732290267944336,0.956119179725647,0.9429205060005188,-0.2681678533554077,-0.03775165230035782,-0.3512391448020935
5.026105880737305,0.9992203712463379,0.6227108240127563,-0.00781985092908144,-0.002558052306994796,-0.8454960584640503,0.5339183211326599,-0.8636311292648315,0.17991477251052856,-0.055772263556718826,1.1781182289123535,-0.45803147554397583,0.02381981536746025,-0.9188168048858643,-0.04335377737879753,0.14337927103042603,1.1974642276763916,-0.28092992305755615,0.09669045358896255,-0.1631661057472229,-0.021328214555978775,0.5034272074699402,-1.7600033283233643,0.6157052516937256,-1.1588808298110962,1.0883585214614868,0.38818293809890747,-0.006456329487264156,0.4405667185783386,-1.4260287284851074,-0.8722533583641052,0.9618715047836304,0.9395965337753296,-0.27384355664253235,-0.04288675636053085,-0.3369859457015991
5.024351119995117,0.9947675466537476,0.6468961834907532,-0.011642005294561386,-0.0018648226978257298,-0.8456658124923706,0.5335825085639954,-0.7687233686447144,0.18147313594818115,-0.039653435349464417,1.0666495561599731,-0.43099385499954224,0.031204715371131897,-0.8229341506958008,-0.04914132505655289,0.13731101155281067,1.0939574241638184,-0.2636481821537018,0.10062608867883682,-0.16959936916828156,-0.018278487026691437,0.48538094758987427,-1.7411977052688599,0.6201331615447998,-1.1552743911743164,1.0960357189178467,0.38909822702407837,-0.015011471696197987,0.42808961868286133,-1.4162896871566772,-0.874642550945282,0.9634926319122314,0.9295220971107483,-0.27906477451324463,-0.049983084201812744,-0.3197142779827118
5.022349834442139,0.988995373249054,0.669644832611084,-0.01492470595985651,-0.0008960635168477893,-0.8459587097167969,0.5330387949943542,-0.6718688011169434,0.18103525042533875,-0.02313351072371006,0.9501334428787231,-0.40176069736480713,0.03812151029706001,-0.7274227142333984,-0.054229483008384705,0.13339704275131226,0.9868795871734619,-0.24212919175624847,0.1058083325624466,-0.17681381106376648,-0.014240737073123455,0.4595208466053009,-1.7138304710388184,0.622433066368103,-1.148971438407898,1.0947126150131226,0.39004606008529663,-0.025910861790180206,0.4141620099544525,-1.3950929641723633,-0.8790463209152222,0.9612053632736206,0.9159282445907593,-0.2855690121650696,-0.05673521012067795,-0.29982730746269226
5.020011901855469,0.9821858406066895,0.6909085512161255,-0.017255619168281555,1.5700808944529854e-05,-0.8464743494987488,0.5321498513221741,-0.5802858471870422,0.17798089981079102,-0.007066638208925724,0.8388431072235107,-0.3716076910495758,0.0433981828391552,-0.6364408135414124,-0.05958627164363861,0.13205033540725708,0.8808764815330505,-0.21729934215545654,0.11127328872680664,-0.1816776692867279,-0.01084337942302227,0.4302572011947632,-1.682490348815918,0.6190189123153687,-1.1377325057983398,1.0876117944717407,0.3890472948551178,-0.036041948944330215,0.40083998441696167,-1.3736424446105957,-0.8793169260025024,0.9578943252563477,0.8896051645278931,-0.29301556944847107,-0.06449845433235168,-0.2811712622642517
5.017402172088623,0.9746219515800476,0.7080761194229126,-0.018833409994840622,0.0008890688186511397,-0.8467847108840942,0.5316014885902405,-0.49932247400283813,0.17328910529613495,0.007822016254067421,0.7436172366142273,-0.3459140658378601,0.048627905547618866,-0.5537848472595215,-0.06554742157459259,0.13421855866909027,0.7848386764526367,-0.19316378235816956,0.11578280478715897,-0.18665364384651184,-0.00786604918539524,0.3987599015235901,-1.654067039489746,0.6184293627738953,-1.1264252662658691,1.0776147842407227,0.38851499557495117,-0.04527036100625992,0.3880031108856201,-1.351357102394104,-0.8887909650802612,0.9540207982063293,0.8552799224853516,-0.3001943528652191,-0.07215483486652374,-0.2635986804962158
5.014560222625732,0.9666509032249451,0.7221375703811646,-0.01964886300265789,0.0019938203040510416,-0.8468213677406311,0.531510591506958,-0.42687666416168213,0.16802789270877838,0.02156429924070835,0.6566409468650818,-0.3222411572933197,0.05153781175613403,-0.47915321588516235,-0.07255402952432632,0.13603347539901733,0.6959541440010071,-0.16923782229423523,0.11953102052211761,-0.19119438529014587,-0.00509047694504261,0.3679145574569702,-1.6270281076431274,0.6086902022361755,-1.1135289669036865,1.054231882095337,0.38802570104599,-0.05374383553862572,0.37472665309906006,-1.3283183574676514,-0.9001457691192627,0.9456624984741211,0.8099491000175476,-0.30681270360946655,-0.07618037611246109,-0.2453949749469757
5.011248588562012,0.9582103490829468,0.7328479290008545,-0.01954655721783638,0.0033797472715377808,-0.8460044860839844,0.5328067541122437,-0.36752641201019287,0.16295060515403748,0.03461768850684166,0.5870180726051331,-0.3035911023616791,0.05511581152677536,-0.41640204191207886,-0.07978329062461853,0.13882720470428467,0.6205082535743713,-0.14750653505325317,0.1230907291173935,-0.193903386592865,-0.002849206794053316,0.33801910281181335,-1.6076877117156982,0.5952237844467163,-1.1080247163772583,1.0291388034820557,0.3892167806625366,-0.06138822063803673,0.3600287437438965,-1.3073527812957764,-0.9120175242424011,0.9442396759986877,0.7683040499687195,-0.31651732325553894,-0.07855984568595886,-0.22539553046226501
5.007640838623047,0.9494050741195679,0.7419629096984863,-0.01965360902249813,0.005716707091778517,-0.8438412547111511,0.5362023711204529,-0.3134154677391052,0.15965166687965393,0.04806148260831833,0.5201360583305359,-0.285684734582901,0.05669291689991951,-0.364470899105072,-0.08481984585523605,0.1392691284418106,0.5583589673042297,-0.1293136030435562,0.12321586906909943,-0.19915884733200073,0.0027121277526021004,0.3092501759529114,-1.5875554084777832,0.5717585682868958,-1.0953015089035034,1.011287808418274,0.388150155544281,-0.0655997097492218,0.34760600328445435,-1.2728602886199951,-0.915702223777771,0.9273892641067505,0.7357290983200073,-0.32224005460739136,-0.07861917465925217,-0.21242234110832214
5.003756999969482,0.9403587579727173,0.7492533326148987,-0.019850321114063263,0.008403435349464417,-0.8406385779380798,0.5411673188209534,-0.2663806080818176,0.15817658603191376,0.061202071607112885,0.45905932784080505,-0.26869329810142517,0.05509866774082184,-0.3216250538825989,-0.08872954547405243,0.1362377405166626,0.5087038278579712,-0.11386711150407791,0.12015260756015778,-0.20451131463050842,0.008548237383365631,0.2823461592197418,-1.569589614868164,0.5369743704795837,-1.083397626876831,0.9941078424453735,0.3853306770324707,-0.06855640560388565,0.33580687642097473,-1.2337473630905151,-0.9131566286087036,0.9016568660736084,0.7161293625831604,-0.32545220851898193,-0.07510390877723694,-0.2047663778066635
4.999521732330322,0.9313428401947021,0.7548165321350098,-0.019838372245430946,0.010815417394042015,-0.8365366458892822,0.5474448800086975,-0.22633647918701172,0.15741640329360962,0.07430070638656616,0.4044702351093292,-0.25304022431373596,0.053937382996082306,-0.2845543622970581,-0.09217966347932816,0.12955014407634735,0.4646006226539612,-0.09996894747018814,0.11395379900932312,-0.21231290698051453,0.011211046949028969,0.2580453157424927,-1.5606262683868408,0.5015377998352051,-1.0752625465393066,0.9834733009338379,0.380514532327652,-0.06956920772790909,0.3245169222354889,-1.1993935108184814,-0.9088585376739502,0.8782830238342285,0.6811649203300476,-0.32577183842658997,-0.07474464923143387,-0.1993331015110016
4.9950714111328125,0.9225612878799438,0.7591828107833862,-0.020167304202914238,0.012824873439967632,-0.8311255574226379,0.5555710196495056,-0.19080226123332977,0.15735138952732086,0.08625071495771408,0.35474860668182373,-0.23776227235794067,0.05141119658946991,-0.2539728283882141,-0.09369134902954102,0.12000676989555359,0.4299692213535309,-0.08914434909820557,0.10563535988330841,-0.2204456478357315,0.013677524402737617,0.23400399088859558,-1.5540809631347656,0.46884751319885254,-1.0666484832763672,0.985100269317627,0.37514543533325195,-0.06853723526000977,0.31384798884391785,-1.1690434217453003,-0.9069496393203735,0.8542872667312622,0.647850751876831,-0.3239021599292755,-0.07371052354574203,-0.19492746889591217
4.990464210510254,0.9141210317611694,0.762596070766449,-0.020698489621281624,0.014532187953591347,-0.8242098689079285,0.565719485282898,-0.15883037447929382,0.15787208080291748,0.09723519533872604,0.30868133902549744,-0.22330746054649353,0.04875161498785019,-0.2297605276107788,-0.09348829090595245,0.11018522083759308,0.4029686748981476,-0.07994086295366287,0.09921924769878387,-0.2299160361289978,0.01591491885483265,0.21099643409252167,-1.5501682758331299,0.4385296702384949,-1.060677170753479,0.9915671348571777,0.3694303035736084,-0.06768307089805603,0.30280303955078125,-1.1441493034362793,-0.9125436544418335,0.8365103006362915,0.6284694075584412,-0.3228422999382019,-0.0712902694940567,-0.1874450147151947
4.98593282699585,0.9063090085983276,0.7650795578956604,-0.021298108622431755,0.015774909406900406,-0.8162261843681335,0.5771241784095764,-0.13188019394874573,0.15854346752166748,0.10860329866409302,0.2697789967060089,-0.21114033460617065,0.047591306269168854,-0.2107422947883606,-0.09247538447380066,0.09989762306213379,0.3818974196910858,-0.07315205037593842,0.0912284255027771,-0.2427818775177002,0.015765830874443054,0.19138483703136444,-1.548915982246399,0.4058227837085724,-1.046966791152954,1.0098686218261719,0.358498215675354,-0.06317978352308273,0.2973301410675049,-1.128381371498108,-0.910651683807373,0.8202091455459595,0.6041805744171143,-0.3192741870880127,-0.06977108865976334,-0.18548031151294708
4.981816291809082,0.8993773460388184,0.766678512096405,-0.022250548005104065,0.01636585406959057,-0.8079652190208435,0.5885823965072632,-0.11129643023014069,0.1593199372291565,0.11961841583251953,0.24019205570220947,-0.20180727541446686,0.04599299281835556,-0.1982487589120865,-0.08969705551862717,0.08873092383146286,0.36921262741088867,-0.0687786415219307,0.0811396911740303,-0.2537384033203125,0.013914983719587326,0.17729690670967102,-1.5431745052337646,0.3777403235435486,-1.0290149450302124,1.0260155200958252,0.346635639667511,-0.058363452553749084,0.2962908148765564,-1.114792823791504,-0.9039877653121948,0.801705002784729,0.590862512588501,-0.31524986028671265,-0.06533695012331009,-0.1878192126750946
4.978100299835205,0.8933960199356079,0.7677639722824097,-0.023080773651599884,0.016539879143238068,-0.8004989624023438,0.5986611843109131,-0.09506809711456299,0.16010713577270508,0.12867558002471924,0.21610626578330994,-0.19341090321540833,0.04339737817645073,-0.18944934010505676,-0.08644097298383713,0.07804681360721588,0.3600383400917053,-0.0656023621559143,0.07174200564622879,-0.26122698187828064,0.010947979055345058,0.16521988809108734,-1.5387887954711914,0.35265448689460754,-1.0137920379638672,1.0436781644821167,0.33378589153289795,-0.05320712551474571,0.29589730501174927,-1.109680414199829,-0.8909796476364136,0.7927086353302002,0.5909854769706726,-0.31276196241378784,-0.05964089184999466,-0.18783923983573914
4.974910736083984,0.8883530497550964,0.7684615850448608,-0.023889098316431046,0.01658012717962265,-0.7939475774765015,0.6072904467582703,-0.08116982132196426,0.16107212007045746,0.13774734735488892,0.1949741542339325,-0.18678008019924164,0.042973119765520096,-0.18164987862110138,-0.08454345911741257,0.06856665760278702,0.35023579001426697,-0.062155045568943024,0.06646807491779327,-0.2703092694282532,0.009304949082434177,0.15479698777198792,-1.5356266498565674,0.33454522490501404,-0.9984895586967468,1.0592424869537354,0.3189527094364166,-0.049490366131067276,0.29687708616256714,-1.1079020500183105,-0.8740248680114746,0.785718560218811,0.5760341882705688,-0.30842453241348267,-0.058025382459163666,-0.18982800841331482
4.972509860992432,0.8842107057571411,0.7688516974449158,-0.02500287815928459,0.016824597492814064,-0.7886515259742737,0.6141014695167542,-0.07015326619148254,0.1635282188653946,0.14930540323257446,0.1788766086101532,-0.18337327241897583,0.04514262080192566,-0.17723439633846283,-0.08435340970754623,0.05884717032313347,0.3458659052848816,-0.06001748889684677,0.06335888803005219,-0.28213080763816833,0.00870006438344717,0.14717385172843933,-1.5322973728179932,0.3196025490760803,-0.9845502376556396,1.0684010982513428,0.3050806224346161,-0.047188181430101395,0.2989235520362854,-1.1041674613952637,-0.8574621677398682,0.7797379493713379,0.5557888746261597,-0.30445393919944763,-0.05736545845866203,-0.19209428131580353
4.970978736877441,0.880861759185791,0.7689987421035767,-0.026140140369534492,0.01725146360695362,-0.7861173152923584,0.617283284664154,-0.06242293119430542,0.16644605994224548,0.16079683601856232,0.1671469509601593,-0.18204540014266968,0.047936368733644485,-0.17454475164413452,-0.08551847189664841,0.05050896108150482,0.3431755006313324,-0.058162860572338104,0.06112360954284668,-0.2934831976890564,0.008352953940629959,0.1427885890007019,-1.5299468040466309,0.30981504917144775,-0.9707697629928589,1.0762529373168945,0.2913282513618469,-0.0450730063021183,0.30217987298965454,-1.1019678115844727,-0.839331328868866,0.7735636830329895,0.531230092048645,-0.3001694679260254,-0.057437460869550705,-0.1963382065296173
4.970154762268066,0.8782871961593628,0.7688952684402466,-0.027236435562372208,0.01805880106985569,-0.7861849665641785,0.6171267032623291,-0.059783995151519775,0.1707591712474823,0.17083939909934998,0.16176962852478027,-0.1830979734659195,0.05065532773733139,-0.17405810952186584,-0.08848316967487335,0.043572112917900085,0.3451172411441803,-0.058334123343229294,0.05970913544297218,-0.30034494400024414,0.008160625584423542,0.14316830039024353,-1.525514841079712,0.30744683742523193,-0.9634687900543213,1.0756595134735107,0.2827211022377014,-0.04497174173593521,0.3043802082538605,-1.0985612869262695,-0.8291885852813721,0.7696389555931091,0.506635308265686,-0.2955057919025421,-0.05833344906568527,-0.19859933853149414
4.969860076904297,0.8765146732330322,0.7687162160873413,-0.028235821053385735,0.019296105951070786,-0.7884847521781921,0.614102840423584,-0.058974336832761765,0.17633387446403503,0.183097243309021,0.15742143988609314,-0.18442194163799286,0.0542992539703846,-0.17537815868854523,-0.09294602274894714,0.03538354113698006,0.34847381711006165,-0.057799942791461945,0.0595552921295166,-0.30516162514686584,0.008475149050354958,0.1466098576784134,-1.5174591541290283,0.30619049072265625,-0.958057701587677,1.0601086616516113,0.2757744789123535,-0.046774908900260925,0.30661341547966003,-1.0912413597106934,-0.8230760097503662,0.7653461694717407,0.47535112500190735,-0.2896197438240051,-0.061436764895915985,-0.19942431151866913
4.9701247215271,0.875685453414917,0.7682396173477173,-0.028491726145148277,0.020528186112642288,-0.793983519077301,0.6069241762161255,-0.06471417844295502,0.18210628628730774,0.19436323642730713,0.16205060482025146,-0.18816421926021576,0.06011435389518738,-0.17719200253486633,-0.10012412071228027,0.027411628514528275,0.354204386472702,-0.059373579919338226,0.058815691620111465,-0.3034631609916687,0.007203570567071438,0.15398739278316498,-1.5126724243164062,0.31038981676101685,-0.9564961194992065,1.0395878553390503,0.2702849507331848,-0.04843033850193024,0.309242308139801,-1.0874263048171997,-0.8210857510566711,0.7656149864196777,0.4473201036453247,-0.2842349410057068,-0.06412403285503387,-0.19863232970237732
4.971271514892578,0.8759024143218994,0.7674747705459595,-0.027810314670205116,0.021967099979519844,-0.8028960227966309,0.595064640045166,-0.08117496967315674,0.18887315690517426,0.2064923346042633,0.18145841360092163,-0.19471575319766998,0.07074131071567535,-0.1862553358078003,-0.10922707617282867,0.01945735700428486,0.3721882104873657,-0.06470447778701782,0.0566367506980896,-0.29726502299308777,0.00417005829513073,0.1671852469444275,-1.5189478397369385,0.32118654251098633,-0.958808183670044,1.0250475406646729,0.26628515124320984,-0.04833577573299408,0.31315168738365173,-1.0965639352798462,-0.8198590278625488,0.7716525793075562,0.43689703941345215,-0.280995637178421,-0.06398816406726837,-0.20000334084033966
4.973299980163574,0.877260148525238,0.7662050724029541,-0.02646389976143837,0.02324935421347618,-0.8152318596839905,0.5780623555183411,-0.10467161238193512,0.19614729285240173,0.21631354093551636,0.2096633017063141,-0.20300184190273285,0.08075021207332611,-0.1998666375875473,-0.11839628219604492,0.011051678098738194,0.3967854380607605,-0.0726076290011406,0.05359625071287155,-0.28636252880096436,0.0008126684697344899,0.185406893491745,-1.5326306819915771,0.3361445665359497,-0.9660995602607727,1.0167224407196045,0.26565927267074585,-0.04825146496295929,0.31760838627815247,-1.1160327196121216,-0.8169469237327576,0.7813121676445007,0.4393072724342346,-0.27761077880859375,-0.06303631514310837,-0.2054467350244522
4.976326942443848,0.8797512054443359,0.7642363905906677,-0.025122715160250664,0.02440209686756134,-0.8289434909820557,0.5582348108291626,-0.13665015995502472,0.20430919528007507,0.22137650847434998,0.25078821182250977,-0.21503017842769623,0.09251019358634949,-0.22649118304252625,-0.12609757483005524,0.005740674212574959,0.44054359197616577,-0.08461564779281616,0.05260390788316727,-0.26978933811187744,-0.003659206908196211,0.21003350615501404,-1.5474172830581665,0.3475550711154938,-0.9753194451332092,1.0098663568496704,0.2659584581851959,-0.04744987562298775,0.3241480588912964,-1.1419477462768555,-0.8036208152770996,0.794447660446167,0.4646129906177521,-0.27553844451904297,-0.05912525951862335,-0.21506014466285706
4.980391979217529,0.8834763765335083,0.7606707215309143,-0.02339070290327072,0.025265781208872795,-0.8426019549369812,0.537434995174408,-0.18497341871261597,0.212557852268219,0.2175542116165161,0.31940484046936035,-0.23685510456562042,0.10857754945755005,-0.27198326587677,-0.1320740282535553,0.007435121573507786,0.513177752494812,-0.10384000837802887,0.05193518474698067,-0.25077518820762634,-0.012925323098897934,0.24341553449630737,-1.5691680908203125,0.35154634714126587,-0.9903746843338013,1.0116692781448364,0.26931050419807434,-0.044586021453142166,0.3328525125980377,-1.1815698146820068,-0.7897046208381653,0.817670464515686,0.5142198801040649,-0.2749444842338562,-0.05282845348119736,-0.22627151012420654
4.985340118408203,0.8879414200782776,0.7547657489776611,-0.02160075306892395,0.026787977665662766,-0.8545326590538025,0.5182564854621887,-0.2497592568397522,0.2200191169977188,0.20265892148017883,0.41630738973617554,-0.27110639214515686,0.12934057414531708,-0.3494410514831543,-0.13174840807914734,0.016683021560311317,0.6261502504348755,-0.1274552345275879,0.054921865463256836,-0.23304487764835358,-0.023611152544617653,0.28087079524993896,-1.5951085090637207,0.3613548278808594,-1.0047378540039062,1.0116524696350098,0.27396443486213684,-0.0400603711605072,0.349056601524353,-1.2248393297195435,-0.7795000672340393,0.8406602144241333,0.5723724365234375,-0.2734876275062561,-0.047727108001708984,-0.24426060914993286
4.990567207336426,0.8922147154808044,0.7463108897209167,-0.020461255684494972,0.026849741116166115,-0.8654851317405701,0.4997958838939667,-0.31523966789245605,0.22309622168540955,0.18459481000900269,0.5187970399856567,-0.3115306794643402,0.1469423770904541,-0.4267049729824066,-0.1297135055065155,0.0233813114464283,0.7237799763679504,-0.14566904306411743,0.05618172138929367,-0.21347343921661377,-0.03623570501804352,0.31687217950820923,-1.619678258895874,0.3742218613624573,-1.016796588897705,1.0201728343963623,0.2810412347316742,-0.03469071909785271,0.3682125508785248,-1.2693052291870117,-0.7713963389396667,0.8606817126274109,0.6516838073730469,-0.27404701709747314,-0.03912590444087982,-0.2632552683353424
4.995095252990723,0.8964258432388306,0.7373114228248596,-0.02021203562617302,0.026100652292370796,-0.8742310404777527,0.4843865931034088,-0.37132614850997925,0.22204887866973877,0.1659429520368576,0.6034904718399048,-0.34551525115966797,0.15716756880283356,-0.4914936423301697,-0.12542226910591125,0.02655664086341858,0.7950291633605957,-0.15896517038345337,0.05308777466416359,-0.1889774650335312,-0.0426296666264534,0.3465724289417267,-1.6315011978149414,0.38505256175994873,-1.0191789865493774,1.0327844619750977,0.2869856059551239,-0.028850561007857323,0.38654598593711853,-1.308882713317871,-0.7547597289085388,0.8698086738586426,0.7410088777542114,-0.2730270326137543,-0.029073821380734444,-0.28279775381088257
4.998979568481445,0.9005535840988159,0.7258733510971069,-0.019612522795796394,0.024475961923599243,-0.8822574019432068,0.46972140669822693,-0.433612197637558,0.21738025546073914,0.142023503780365,0.6977851390838623,-0.38141900300979614,0.16172611713409424,-0.5508093237876892,-0.11822967976331711,0.034402910619974136,0.8623406887054443,-0.17518877983093262,0.05327790230512619,-0.16729991137981415,-0.04940895736217499,0.37686437368392944,-1.6553199291229248,0.4030105471611023,-1.0300729274749756,1.0489170551300049,0.2943556308746338,-0.025539550930261612,0.4011010527610779,-1.349402666091919,-0.7478996515274048,0.8829150795936584,0.8200797438621521,-0.2735019326210022,-0.01991112157702446,-0.2981763184070587
5.002988815307617,0.9045121669769287,0.7107211351394653,-0.018506577238440514,0.022751230746507645,-0.890046238899231,0.4549260139465332,-0.5083380937576294,0.20967167615890503,0.11196427047252655,0.8091776967048645,-0.42095059156417847,0.16516241431236267,-0.6168707609176636,-0.1057598888874054,0.04835791513323784,0.9418128728866577,-0.19704467058181763,0.05428075045347214,-0.1489311158657074,-0.05545467883348465,0.4080374836921692,-1.6822919845581055,0.4201463460922241,-1.0450177192687988,1.0614365339279175,0.30561190843582153,-0.021455684676766396,0.41533252596855164,-1.386986255645752,-0.7447582483291626,0.8940984010696411,0.8869998455047607,-0.2728649973869324,-0.011302899569272995,-0.31383636593818665
5.007262229919434,0.9083136320114136,0.694412112236023,-0.016956593841314316,0.02055145986378193,-0.897099494934082,0.441024512052536,-0.5805479288101196,0.19742321968078613,0.08233892917633057,0.9124083518981934,-0.45564597845077515,0.16519472002983093,-0.6776658296585083,-0.09122757613658905,0.06268629431724548,1.0103528499603271,-0.2178000509738922,0.05553266406059265,-0.1338423490524292,-0.05873909220099449,0.43541067838668823,-1.6971204280853271,0.4402845501899719,-1.0585386753082275,1.0623054504394531,0.3199751377105713,-0.01733533665537834,0.42988598346710205,-1.409217357635498,-0.7442216873168945,0.8999055624008179,0.932679295539856,-0.27265283465385437,-0.005476565100252628,-0.32965755462646484
5.011631488800049,0.9119721055030823,0.6783694624900818,-0.01407632976770401,0.01896757073700428,-0.9034152626991272,0.4281156063079834,-0.6497973799705505,0.1836739331483841,0.05492614954710007,1.0027343034744263,-0.48239096999168396,0.1620096117258072,-0.7401759028434753,-0.07590704411268234,0.07521787285804749,1.0728759765625,-0.23329491913318634,0.05767219886183739,-0.1230698972940445,-0.059737078845500946,0.4569782316684723,-1.7113068103790283,0.46267223358154297,-1.0738540887832642,1.0577752590179443,0.33456146717071533,-0.013738798908889294,0.44220858812332153,-1.426032304763794,-0.7467386722564697,0.9066736102104187,0.9639007449150085,-0.27332350611686707,-0.0015923362225294113,-0.34320998191833496
5.016088485717773,0.9154317378997803,0.6626624464988708,-0.010253791697323322,0.01786338910460472,-0.9093227982521057,0.41558128595352173,-0.7167692184448242,0.16799010336399078,0.02818295918405056,1.0831356048583984,-0.5025990009307861,0.15473157167434692,-0.8007041215896606,-0.05943584442138672,0.08723676204681396,1.131789207458496,-0.24792128801345825,0.05966456979513168,-0.11470675468444824,-0.059524375945329666,0.4732036590576172,-1.719571590423584,0.4801102876663208,-1.0861926078796387,1.063236951828003,0.34766334295272827,-0.009893636219203472,0.45133382081985474,-1.4389472007751465,-0.7451719045639038,0.9133008122444153,0.9866752624511719,-0.27433422207832336,0.0007885821396484971,-0.3550618886947632
5.020491123199463,0.9185692071914673,0.6464903354644775,-0.005647366866469383,0.017035137861967087,-0.9149478673934937,0.4031727612018585,-0.7844549417495728,0.15221066772937775,0.0038390662521123886,1.160266399383545,-0.5188786387443542,0.14440031349658966,-0.8641820549964905,-0.042464710772037506,0.09777424484491348,1.1931285858154297,-0.2619566321372986,0.060212142765522,-0.10920178890228271,-0.05943504348397255,0.48688894510269165,-1.7274174690246582,0.4889017641544342,-1.0953311920166016,1.0728952884674072,0.35827791690826416,-0.004962577484548092,0.4586297273635864,-1.4511743783950806,-0.7388424873352051,0.9190510511398315,1.0032806396484375,-0.2739565372467041,0.003960690461099148,-0.3673621714115143
5.024709701538086,0.9214231967926025,0.6290255188941956,-0.00035419239429757,0.016427932307124138,-0.9192825555801392,0.39325520396232605,-0.8550212383270264,0.13679303228855133,-0.01779702678322792,1.2391605377197266,-0.5346106886863708,0.13291987776756287,-0.9329023957252502,-0.024663930758833885,0.10582765191793442,1.2594258785247803,-0.27668577432632446,0.05967092514038086,-0.10658840090036392,-0.06048687547445297,0.4984778165817261,-1.7373130321502686,0.49456149339675903,-1.1067544221878052,1.0850880146026611,0.3681981563568115,-0.00012505031190812588,0.46125635504722595,-1.4662044048309326,-0.73291015625,0.926385760307312,1.0145093202590942,-0.2714828848838806,0.0071378182619810104,-0.37747693061828613
5.028616428375244,0.9238696694374084,0.6121037006378174,0.004929161164909601,0.016195155680179596,-0.9228978753089905,0.38467249274253845,-0.9232815504074097,0.12123513221740723,-0.03730592131614685,1.309248924255371,-0.544394314289093,0.11983227729797363,-1.0004438161849976,-0.007896930910646915,0.11307688057422638,1.319096565246582,-0.28477317094802856,0.0606020912528038,-0.10601773858070374,-0.06102123484015465,0.5060105919837952,-1.7435702085494995,0.4945727586746216,-1.1133968830108643,1.1001332998275757,0.37286919355392456,0.004138390067964792,0.462473064661026,-1.4772462844848633,-0.7246088981628418,0.9290576577186584,1.0278724431991577,-0.2662379741668701,0.009939465671777725,-0.3875943720340729
5.03231143951416,0.925918459892273,0.5952537059783936,0.009421749971807003,0.016162486746907234,-0.9268781542778015,0.37489578127861023,-0.9879305362701416,0.108744315803051,-0.05374535173177719,1.375490427017212,-0.553396463394165,0.10694003850221634,-1.0691978931427002,0.007566574960947037,0.11813926696777344,1.3755762577056885,-0.2889472544193268,0.06446605920791626,-0.10639137774705887,-0.059611350297927856,0.5109068751335144,-1.7476825714111328,0.49610695242881775,-1.1213794946670532,1.1129324436187744,0.37750113010406494,0.007321704179048538,0.46300244331359863,-1.488649845123291,-0.7172410488128662,0.934699535369873,1.042115569114685,-0.2616352140903473,0.012257819063961506,-0.39386194944381714
5.035802841186523,0.9276823997497559,0.5802364349365234,0.01249726116657257,0.01670141890645027,-0.9323304891586304,0.36100515723228455,-1.0432828664779663,0.10272238403558731,-0.06813466548919678,1.4315288066864014,-0.5607817769050598,0.09411851316690445,-1.1315499544143677,0.020063074305653572,0.12452733516693115,1.426246166229248,-0.2891346216201782,0.06896364688873291,-0.10711082071065903,-0.05600959062576294,0.5140894651412964,-1.75067937374115,0.4984447956085205,-1.1260871887207031,1.1238327026367188,0.37706321477890015,0.010158284567296505,0.46024227142333984,-1.5048059225082397,-0.716968297958374,0.9377018213272095,1.060894250869751,-0.25064441561698914,0.015154968947172165,-0.3959420323371887
5.038998603820801,0.9292317628860474,0.5650484561920166,0.017233701422810555,0.016769545152783394,-0.9351165890693665,0.3535233438014984,-1.0992377996444702,0.09248844534158707,-0.079440638422966,1.4873204231262207,-0.5688068866729736,0.08192354440689087,-1.1930841207504272,0.032667551189661026,0.12484831362962723,1.475059151649475,-0.29168668389320374,0.0708429291844368,-0.10548451542854309,-0.05343082547187805,0.5161581635475159,-1.753197193145752,0.5011096000671387,-1.1334691047668457,1.1335729360580444,0.3791128098964691,0.012002794072031975,0.45748257637023926,-1.5148653984069824,-0.7079298496246338,0.9472792148590088,1.0697453022003174,-0.24738693237304688,0.01550995372235775,-0.3972318470478058
5.041767120361328,0.930738627910614,0.5512641072273254,0.02063741907477379,0.016674483194947243,-0.9376564025878906,0.34654954075813293,-1.147396206855774,0.08403054624795914,-0.08779315650463104,1.5361037254333496,-0.576305627822876,0.0714457631111145,-1.2456947565078735,0.040006525814533234,0.12347671389579773,1.5158288478851318,-0.2950320839881897,0.07170780003070831,-0.10404891520738602,-0.05162852257490158,0.5175027847290039,-1.755663514137268,0.5051668286323547,-1.1409859657287598,1.1419422626495361,0.38156577944755554,0.013337843120098114,0.4528687000274658,-1.5235964059829712,-0.7003309726715088,0.9569398164749146,1.0761184692382812,-0.2456601858139038,0.015166088007390499,-0.3953319191932678
5.044103622436523,0.9321483373641968,0.5394880771636963,0.022032389417290688,0.01639447547495365,-0.9402862787246704,0.3392750322818756,-1.1857209205627441,0.07829602062702179,-0.0925825983285904,1.5750060081481934,-0.5825427770614624,0.06428756564855576,-1.2874326705932617,0.04379554092884064,0.12093748152256012,1.5466275215148926,-0.29854974150657654,0.07145091891288757,-0.10271353274583817,-0.0494537353515625,0.5183767676353455,-1.7540878057479858,0.5088726282119751,-1.1465940475463867,1.1480603218078613,0.3855746388435364,0.014589756727218628,0.4476543366909027,-1.531935453414917,-0.6920874118804932,0.9646854996681213,1.0801266431808472,-0.24390019476413727,0.014662206172943115,-0.3915378451347351
5.046045303344727,0.9334093332290649,0.5302342772483826,0.022249402478337288,0.01599184237420559,-0.942790687084198,0.33225739002227783,-1.2140566110610962,0.07291266322135925,-0.09668466448783875,1.6055219173431396,-0.5866749286651611,0.05706240236759186,-1.3184173107147217,0.046403296291828156,0.11899414658546448,1.5676789283752441,-0.2994912564754486,0.07215188443660736,-0.10201555490493774,-0.04779047518968582,0.5189448595046997,-1.7497416734695435,0.510676383972168,-1.1517590284347534,1.1518871784210205,0.3902677595615387,0.01577342487871647,0.4429107904434204,-1.5406978130340576,-0.6839597225189209,0.9745356440544128,1.0841755867004395,-0.2456251084804535,0.014492033049464226,-0.38536933064460754
5.047750949859619,0.93454909324646,0.5239598155021667,0.022926436737179756,0.015780963003635406,-0.9450933933258057,0.3256129026412964,-1.2339266538619995,0.06813563406467438,-0.09938141703605652,1.6287932395935059,-0.5890888571739197,0.04870643466711044,-1.3389651775360107,0.047232694923877716,0.11719909310340881,1.5816588401794434,-0.3014604449272156,0.0738401859998703,-0.10167966037988663,-0.046547479927539825,0.519314169883728,-1.7440974712371826,0.5120892524719238,-1.156512975692749,1.1557785272598267,0.39679089188575745,0.016868742182850838,0.4394521713256836,-1.5467503070831299,-0.6765936613082886,0.983797550201416,1.0884344577789307,-0.24952593445777893,0.014232313260436058,-0.3802758455276489
5.049191474914551,0.9356613159179688,0.5204840898513794,0.022134339436888695,0.01568509452044964,-0.9471165537834167,0.3197411000728607,-1.2436213493347168,0.06577073037624359,-0.10029186308383942,1.642993688583374,-0.5892390012741089,0.040930382907390594,-1.348442554473877,0.04621138796210289,0.11592879891395569,1.586686611175537,-0.3025332987308502,0.07680375874042511,-0.10169538855552673,-0.04542699456214905,0.5195541977882385,-1.7373031377792358,0.5141137838363647,-1.1593502759933472,1.1604554653167725,0.4010730981826782,0.017490500584244728,0.43546754121780396,-1.5499132871627808,-0.6712123155593872,0.9899715781211853,1.0943372249603271,-0.25281059741973877,0.013788508251309395,-0.373765230178833
5.050488471984863,0.9367913007736206,0.5198004245758057,0.020253349095582962,0.015658540651202202,-0.949192464351654,0.3136531114578247,-1.2438817024230957,0.06526820361614227,-0.09889353811740875,1.6467669010162354,-0.5873127579689026,0.035182930529117584,-1.3472728729248047,0.04252507537603378,0.11358241736888885,1.5824155807495117,-0.30373266339302063,0.07911422848701477,-0.1009734719991684,-0.04400835186243057,0.5197101831436157,-1.7279739379882812,0.5160130262374878,-1.1600677967071533,1.162139654159546,0.4044613838195801,0.017355572432279587,0.43220192193984985,-1.551814317703247,-0.666462779045105,0.993399977684021,1.100278615951538,-0.25609540939331055,0.012551182880997658,-0.36646854877471924
5.051578521728516,0.9379480481147766,0.5213819742202759,0.01727304607629776,0.015456701628863811,-0.9513205885887146,0.30733025074005127,-1.2362303733825684,0.06646817922592163,-0.09629012644290924,1.6416473388671875,-0.5822598934173584,0.029095860198140144,-1.3371611833572388,0.037727538496255875,0.11180944740772247,1.5691039562225342,-0.30211135745048523,0.08126469701528549,-0.10126623511314392,-0.0431484580039978,0.5198116302490234,-1.719887137413025,0.5194116830825806,-1.1590790748596191,1.1623260974884033,0.4070062041282654,0.017420437186956406,0.4307669401168823,-1.5518133640289307,-0.6644265055656433,0.994081974029541,1.1037273406982422,-0.25838345289230347,0.011060410179197788,-0.36097294092178345
5.052398681640625,0.9391074180603027,0.5250104665756226,0.013603021390736103,0.015277218073606491,-0.9533116817474365,0.30129462480545044,-1.221712350845337,0.06966222077608109,-0.09171458333730698,1.6280574798583984,-0.5757471323013306,0.02490994893014431,-1.3180615901947021,0.03172976151108742,0.1107717752456665,1.5474740266799927,-0.2992140054702759,0.08357743918895721,-0.10160432755947113,-0.041800402104854584,0.519877552986145,-1.7133705615997314,0.5232741832733154,-1.156722068786621,1.160377025604248,0.407912015914917,0.016621802002191544,0.43083634972572327,-1.552842378616333,-0.6658048629760742,0.9927244782447815,1.1073694229125977,-0.2595672309398651,0.009633238427340984,-0.3563985824584961
5.052950859069824,0.9402034282684326,0.5305734872817993,0.009742691181600094,0.015338456258177757,-0.9549133777618408,0.296328067779541,-1.200912594795227,0.07415220141410828,-0.08477291464805603,1.6081674098968506,-0.5695844888687134,0.02429349161684513,-1.2918795347213745,0.02632194384932518,0.11042901128530502,1.5193262100219727,-0.296429306268692,0.08521068841218948,-0.10330601036548615,-0.039595890790224075,0.5199204087257385,-1.7082688808441162,0.5273465514183044,-1.1530702114105225,1.1563371419906616,0.4082987308502197,0.01570284552872181,0.4333040118217468,-1.5536565780639648,-0.6700651049613953,0.9907883405685425,1.1084036827087402,-0.26039764285087585,0.00726497545838356,-0.353116512298584
5.05324125289917,0.941082239151001,0.5383539199829102,0.0057320259511470795,0.015439830720424652,-0.9560670256614685,0.2926851212978363,-1.1725884675979614,0.07879987359046936,-0.07540711760520935,1.5797178745269775,-0.5637508034706116,0.0273597314953804,-1.255777359008789,0.020298507064580917,0.10991623252630234,1.4819056987762451,-0.2946443557739258,0.08724658191204071,-0.10479378700256348,-0.036470506340265274,0.5199482440948486,-1.7056925296783447,0.5323984622955322,-1.1502113342285156,1.1508326530456543,0.4091815948486328,0.01424315758049488,0.43665480613708496,-1.5553131103515625,-0.6752788424491882,0.9901387095451355,1.1110693216323853,-0.2630561590194702,0.004712503403425217,-0.3493880033493042
5.053321361541748,0.9418383836746216,0.5486154556274414,0.0015962535981088877,0.015383836813271046,-0.9568895101547241,0.2900400757789612,-1.1360629796981812,0.08370676636695862,-0.06356643885374069,1.5400584936141968,-0.5563818216323853,0.03243812173604965,-1.2090541124343872,0.013094660826027393,0.1083749309182167,1.4351913928985596,-0.29309362173080444,0.08877275884151459,-0.10551626235246658,-0.03386009857058525,0.5199663639068604,-1.703782320022583,0.5388924479484558,-1.1481821537017822,1.143939733505249,0.4109193682670593,0.011703022755682468,0.44027429819107056,-1.556959629058838,-0.6818849444389343,0.9906943440437317,1.1138371229171753,-0.2670517563819885,0.0015011500800028443,-0.34549644589424133
5.0531792640686035,0.9423527121543884,0.5618252158164978,-0.0026177021209150553,0.015240698121488094,-0.9574348330497742,0.28823503851890564,-1.0900484323501587,0.08825618028640747,-0.049711924046278,1.4862186908721924,-0.5458509922027588,0.03954899311065674,-1.1502931118011475,0.004841498099267483,0.10640734434127808,1.3751285076141357,-0.2896886467933655,0.09111469238996506,-0.10508064925670624,-0.03146830201148987,0.5199781060218811,-1.6978862285614014,0.5473179817199707,-1.145786166191101,1.1349934339523315,0.41284728050231934,0.007673484273254871,0.4431597590446472,-1.555551290512085,-0.6887842416763306,0.9902184009552002,1.1170625686645508,-0.2710203528404236,-0.002247423632070422,-0.34106630086898804
5.052763938903809,0.942386269569397,0.5776408910751343,-0.00718136178329587,0.015028588473796844,-0.9581037163734436,0.2859368324279785,-1.0340358018875122,0.09311781078577042,-0.03450996056199074,1.4202146530151367,-0.532879650592804,0.04735327512025833,-1.0807912349700928,-0.004287454299628735,0.10435226559638977,1.305830717086792,-0.2851185202598572,0.0929143875837326,-0.10497082769870758,-0.029862264171242714,0.5198827981948853,-1.6892952919006348,0.5534600615501404,-1.1388930082321167,1.1256064176559448,0.41338270902633667,0.003710532793775201,0.4466629922389984,-1.5522595643997192,-0.6935617923736572,0.9863643646240234,1.1169196367263794,-0.27427947521209717,-0.006159007549285889,-0.3387489914894104
5.051836013793945,0.9417442083358765,0.5957708954811096,-0.011682397685945034,0.014982284046709538,-0.958976149559021,0.2828492820262909,-0.9691100120544434,0.09780795872211456,-0.019879508763551712,1.3433901071548462,-0.5173335671424866,0.05497954040765762,-1.002761721611023,-0.013651710934937,0.1039467602968216,1.2276759147644043,-0.2776843011379242,0.0967106819152832,-0.10457242280244827,-0.02876805141568184,0.5168067812919617,-1.6796185970306396,0.5599018335342407,-1.133509635925293,1.1201927661895752,0.414303719997406,-0.000631591072306037,0.44691118597984314,-1.5449731349945068,-0.696536123752594,0.9831936955451965,1.1174829006195068,-0.27882179617881775,-0.009523404762148857,-0.3338315486907959
5.05023717880249,0.9402154684066772,0.6170685291290283,-0.015271543525159359,0.015586208552122116,-0.9599210023880005,0.2794199585914612,-0.8986153602600098,0.10283300280570984,-0.005849047563970089,1.2577805519104004,-0.4993451237678528,0.06178927794098854,-0.9193780422210693,-0.024373386055231094,0.10474997758865356,1.1410683393478394,-0.26592040061950684,0.10313758254051208,-0.1034545823931694,-0.02714475244283676,0.5099978446960449,-1.669517993927002,0.5689019560813904,-1.1280033588409424,1.1189497709274292,0.4138128161430359,-0.005195453763008118,0.4449385106563568,-1.5340754985809326,-0.7006182670593262,0.9786038398742676,1.1184927225112915,-0.2826133072376251,-0.012599505484104156,-0.3282355070114136
5.047973155975342,0.9382587671279907,0.639462947845459,-0.01819750852882862,0.01624545268714428,-0.9608678221702576,0.2759310007095337,-0.8234317302703857,0.10751499235630035,0.008515976369380951,1.1645978689193726,-0.4783417880535126,0.06765183806419373,-0.8291175365447998,-0.03737102448940277,0.1067228764295578,1.0450068712234497,-0.24941213428974152,0.1099335104227066,-0.10050985217094421,-0.025193480774760246,0.4985014498233795,-1.6540534496307373,0.5770881175994873,-1.1205782890319824,1.1174306869506836,0.41191136837005615,-0.011393585242331028,0.4399147033691406,-1.515964150428772,-0.7039227485656738,0.9712398648262024,1.119131326675415,-0.28637605905532837,-0.015596255660057068,-0.320448100566864
5.0449538230896,0.9361658096313477,0.6621590256690979,-0.019867777824401855,0.016905097290873528,-0.9619854092597961,0.2718521058559418,-0.7456629276275635,0.11193748563528061,0.02319125086069107,1.0640754699707031,-0.45336443185806274,0.07223149389028549,-0.7342426180839539,-0.052387721836566925,0.10953864455223083,0.9396389722824097,-0.22739417850971222,0.11748957633972168,-0.09769704192876816,-0.023277856409549713,0.47861891984939575,-1.6330008506774902,0.586593747138977,-1.1145429611206055,1.1102385520935059,0.4113125205039978,-0.02000298909842968,0.4318252205848694,-1.486192226409912,-0.709007978439331,0.9624356627464294,1.1137795448303223,-0.29120349884033203,-0.020205499604344368,-0.31062769889831543
5.041266441345215,0.9338315725326538,0.6827877163887024,-0.020403504371643066,0.017734214663505554,-0.9633699059486389,0.26681020855903625,-0.6699793338775635,0.11635449528694153,0.037682630121707916,0.9655910730361938,-0.42675477266311646,0.07541127502918243,-0.6417413949966431,-0.06875251233577728,0.11222672462463379,0.8360630869865417,-0.2035086750984192,0.12280486524105072,-0.09506045281887054,-0.02270745113492012,0.45271939039230347,-1.6121954917907715,0.591529130935669,-1.109764575958252,1.104151964187622,0.411970317363739,-0.028074054047465324,0.42050257325172424,-1.4524000883102417,-0.7140566110610962,0.9522541165351868,1.108936071395874,-0.2971576750278473,-0.02335646003484726,-0.29933974146842957
5.037187576293945,0.9313998222351074,0.7003868818283081,-0.019930409267544746,0.018938466906547546,-0.9649279713630676,0.26107117533683777,-0.597782552242279,0.12066066265106201,0.051343731582164764,0.8703206777572632,-0.39958006143569946,0.07658940553665161,-0.5552980303764343,-0.08531549572944641,0.11354649066925049,0.7372918128967285,-0.17840676009655,0.12620992958545685,-0.09194547683000565,-0.023731917142868042,0.42341017723083496,-1.589677095413208,0.5882272720336914,-1.1032764911651611,1.0947974920272827,0.4115162491798401,-0.03586883842945099,0.40850257873535156,-1.4194540977478027,-0.7138124704360962,0.9408771991729736,1.094454288482666,-0.30350634455680847,-0.02735457941889763,-0.2893866002559662
5.032805442810059,0.9291379451751709,0.7150802612304688,-0.018274420872330666,0.02046327292919159,-0.966517984867096,0.25512805581092834,-0.5309882760047913,0.1254892796278,0.06461518257856369,0.7800030708312988,-0.37192240357398987,0.07502396404743195,-0.4753949046134949,-0.10199762880802155,0.11245022714138031,0.6451480388641357,-0.15380948781967163,0.12751568853855133,-0.08722200989723206,-0.02537795901298523,0.3914543092250824,-1.5688961744308472,0.5825837850570679,-1.0967663526535034,1.0876234769821167,0.4102134704589844,-0.042043350636959076,0.3960093557834625,-1.390750765800476,-0.7120150923728943,0.9321717023849487,1.0712116956710815,-0.31087279319763184,-0.03166569024324417,-0.27963727712631226
5.0285515785217285,0.9270684719085693,0.7266680002212524,-0.01614590734243393,0.022839071229100227,-0.9682081341743469,0.24857744574546814,-0.4683334529399872,0.1317995935678482,0.07770080119371414,0.6918894648551941,-0.3421533405780792,0.07013320922851562,-0.40207934379577637,-0.11715345084667206,0.1092395931482315,0.5588074922561646,-0.12898963689804077,0.12918278574943542,-0.08151374757289886,-0.025005178526043892,0.3585647940635681,-1.5450619459152222,0.5693646669387817,-1.0825831890106201,1.0828906297683716,0.4047091603279114,-0.04601846635341644,0.383056104183197,-1.3620049953460693,-0.7057989835739136,0.9166845679283142,1.050508737564087,-0.3164975345134735,-0.03104376420378685,-0.2684592604637146
5.024231910705566,0.9244986176490784,0.7354273796081543,-0.013415749184787273,0.025761207565665245,-0.9699426293373108,0.24159404635429382,-0.40749937295913696,0.138427734375,0.09271882474422455,0.605979859828949,-0.31301969289779663,0.06449686735868454,-0.3344222903251648,-0.13275747001171112,0.10324345529079437,0.4802435338497162,-0.10658767819404602,0.13020741939544678,-0.07579846680164337,-0.022355055436491966,0.31910714507102966,-1.521999478340149,0.5548651814460754,-1.0677753686904907,1.0831469297409058,0.3964439630508423,-0.04877743124961853,0.3700220286846161,-1.334366798400879,-0.6964197754859924,0.9026555418968201,1.0358966588974,-0.320048987865448,-0.03007439896464348,-0.2571820914745331
5.020157337188721,0.921536922454834,0.74616938829422,-0.010451576672494411,0.02959296852350235,-0.9717347621917725,0.23398002982139587,-0.34888529777526855,0.14611580967903137,0.10971352458000183,0.5197606086730957,-0.28298842906951904,0.05645080655813217,-0.27403268218040466,-0.14592626690864563,0.09219913184642792,0.4075985848903656,-0.08470765501260757,0.1287555992603302,-0.07228723168373108,-0.016292927786707878,0.2788839340209961,-1.4976098537445068,0.5367918014526367,-1.0447007417678833,1.081695318222046,0.3816232681274414,-0.05058074742555618,0.3588293790817261,-1.303681492805481,-0.6847852468490601,0.8805936574935913,1.0149552822113037,-0.31837940216064453,-0.028408389538526535,-0.2482718527317047
5.016116619110107,0.9178400635719299,0.7551776170730591,-0.00797427911311388,0.03376736864447594,-0.9731469750404358,0.2275547981262207,-0.294438898563385,0.1531488299369812,0.1278075873851776,0.43997424840927124,-0.2551770806312561,0.04904721677303314,-0.22218407690525055,-0.15574339032173157,0.08050099015235901,0.34721875190734863,-0.06506029516458511,0.12494871020317078,-0.07526718825101852,-0.009529143571853638,0.23942846059799194,-1.4774996042251587,0.5191535949707031,-1.0239306688308716,1.0821774005889893,0.36672383546829224,-0.05153169110417366,0.34735625982284546,-1.2623472213745117,-0.6843339204788208,0.851309597492218,0.9908233880996704,-0.31219184398651123,-0.026907306164503098,-0.24094177782535553
5.012073516845703,0.9135926365852356,0.7622240781784058,-0.006028716452419758,0.03766237199306488,-0.9739891886711121,0.22336147725582123,-0.24482358992099762,0.15868452191352844,0.14577960968017578,0.3682076930999756,-0.23047775030136108,0.04216286540031433,-0.17606788873672485,-0.1634371429681778,0.06748820841312408,0.2933458387851715,-0.04697226732969284,0.12118279933929443,-0.07964231073856354,-0.004355653189122677,0.2001669555902481,-1.4560920000076294,0.5001317262649536,-1.0016255378723145,1.0776433944702148,0.3469962477684021,-0.05163746327161789,0.3381539285182953,-1.2241127490997314,-0.6835970282554626,0.8178802728652954,0.9637883901596069,-0.3003775477409363,-0.02475334331393242,-0.23623815178871155
5.008107662200928,0.909223735332489,0.767621636390686,-0.004021442495286465,0.04100287705659866,-0.974714457988739,0.21962307393550873,-0.20134811103343964,0.16279736161231995,0.16296949982643127,0.3068605959415436,-0.20918698608875275,0.0360608771443367,-0.13426460325717926,-0.17064833641052246,0.05311218649148941,0.24539268016815186,-0.03179953619837761,0.11816701292991638,-0.08064025640487671,7.036630995571613e-05,0.16098695993423462,-1.4376976490020752,0.4883253574371338,-0.9763151407241821,1.0704681873321533,0.3215278089046478,-0.05082044005393982,0.3326723575592041,-1.1983766555786133,-0.6787886023521423,0.7888146638870239,0.9312415719032288,-0.28602251410484314,-0.022684510797262192,-0.23368656635284424
5.004438400268555,0.9052650928497314,0.7717117071151733,-0.0016872938722372055,0.043710723519325256,-0.9759631156921387,0.21350078284740448,-0.16378700733184814,0.1666262149810791,0.18066060543060303,0.2555861473083496,-0.19113200902938843,0.029388971626758575,-0.09624874591827393,-0.17859038710594177,0.03575282171368599,0.20397470891475677,-0.020913537591695786,0.11557991802692413,-0.07703926414251328,0.0034368468914180994,0.12086530029773712,-1.414393663406372,0.4734739065170288,-0.9499545097351074,1.0610406398773193,0.29516100883483887,-0.04895060136914253,0.32884204387664795,-1.1841216087341309,-0.6637120246887207,0.7699085474014282,0.9100896716117859,-0.2731534242630005,-0.018476923927664757,-0.22925665974617004
5.001351356506348,0.9017083644866943,0.7747818231582642,0.0009686610428616405,0.04603153467178345,-0.9780744910240173,0.20310194790363312,-0.13196755945682526,0.170455664396286,0.19941213726997375,0.2135477513074875,-0.17637453973293304,0.025323661044239998,-0.06385324150323868,-0.18659532070159912,0.01837637834250927,0.16944622993469238,-0.012920479290187359,0.1144077330827713,-0.07223069667816162,0.002640465972945094,0.08303013443946838,-1.3947253227233887,0.4629203677177429,-0.9241035580635071,1.0526142120361328,0.2679882347583771,-0.04618675261735916,0.3268340229988098,-1.1813676357269287,-0.6449995040893555,0.7609434127807617,0.8899369835853577,-0.2615402340888977,-0.014935040846467018,-0.22325079143047333
4.998956203460693,0.8983571529388428,0.7769919037818909,0.0031634399201720953,0.04778776690363884,-0.9805381894111633,0.19039765000343323,-0.10412018746137619,0.17360655963420868,0.21972797811031342,0.17873844504356384,-0.16468550264835358,0.023054886609315872,-0.038250040262937546,-0.1938210427761078,0.0012882277369499207,0.14275918900966644,-0.007972355000674725,0.11378473043441772,-0.06794363260269165,-0.0005961990682408214,0.048946812748909,-1.3642078638076782,0.4455181360244751,-0.8908120393753052,1.041296124458313,0.23951593041419983,-0.04206535592675209,0.3293755352497101,-1.173896312713623,-0.6106737852096558,0.751641035079956,0.8675826191902161,-0.2502312958240509,-0.011668270453810692,-0.2212473750114441
4.997152328491211,0.894957423210144,0.7784111499786377,0.004542103037238121,0.049126069992780685,-0.9828242659568787,0.17782685160636902,-0.08077939599752426,0.175904780626297,0.23989421129226685,0.15142741799354553,-0.15701289474964142,0.023619752377271652,-0.019315313547849655,-0.20000742375850677,-0.01622805744409561,0.1253020465373993,-0.006345528643578291,0.11205808818340302,-0.06052757054567337,-0.005159534048289061,0.01967376098036766,-1.3190333843231201,0.42557239532470703,-0.8533111810684204,1.023133397102356,0.21374252438545227,-0.03846730291843414,0.33466506004333496,-1.1564464569091797,-0.5695099830627441,0.7442865371704102,0.8425781726837158,-0.2417432963848114,-0.009798431769013405,-0.21953952312469482
4.996219635009766,0.8916717767715454,0.779161810874939,0.005431263241916895,0.05015874281525612,-0.9852898716926575,0.1632743924856186,-0.06496430188417435,0.17805823683738708,0.25963813066482544,0.13508613407611847,-0.15423859655857086,0.02693592756986618,-0.0030146362259984016,-0.20501874387264252,-0.03607545047998428,0.11010178923606873,-0.006031084805727005,0.10902536660432816,-0.05146016553044319,-0.011112314648926258,-0.003247758373618126,-1.259050965309143,0.4040784537792206,-0.8121680021286011,0.9887233972549438,0.1923394650220871,-0.03539183735847473,0.3431953191757202,-1.1295589208602905,-0.5264835953712463,0.7368651628494263,0.8062304258346558,-0.235992893576622,-0.00930385198444128,-0.21964256465435028
4.996475696563721,0.8883048295974731,0.7794541120529175,0.006016944069415331,0.05064668506383896,-0.9882389307022095,0.14416131377220154,-0.05589793622493744,0.17949554324150085,0.28157660365104675,0.12827050685882568,-0.1549069732427597,0.035418808460235596,0.006504776421934366,-0.20892298221588135,-0.05590292811393738,0.10224565118551254,-0.008398674428462982,0.10640107840299606,-0.04625743627548218,-0.018479514867067337,-0.015896372497081757,-1.1930842399597168,0.37868058681488037,-0.7756286263465881,0.9501012563705444,0.17756891250610352,-0.03305801749229431,0.35095879435539246,-1.0963027477264404,-0.48490244150161743,0.7314529418945312,0.7652748823165894,-0.23412692546844482,-0.010445679537951946,-0.2192782461643219
4.997579574584961,0.884593665599823,0.7794801592826843,0.005985869560390711,0.05103439465165138,-0.990985631942749,0.12372177094221115,-0.04920526593923569,0.18086135387420654,0.30346977710723877,0.12495101988315582,-0.15756171941757202,0.04531673341989517,0.014103537425398827,-0.2111688256263733,-0.07326400279998779,0.09310680627822876,-0.007528523914515972,0.10923947393894196,-0.03964465111494064,-0.026651838794350624,-0.023410353809595108,-1.1019673347473145,0.36174213886260986,-0.7391106486320496,0.910725474357605,0.17132525146007538,-0.03397374972701073,0.35360854864120483,-1.0394878387451172,-0.4493635594844818,0.7294459342956543,0.7262385487556458,-0.23563745617866516,-0.01599501632153988,-0.21116569638252258
4.998924732208252,0.8806986808776855,0.7792075872421265,0.005889151245355606,0.05076505243778229,-0.993178129196167,0.10481129586696625,-0.04431997984647751,0.18016454577445984,0.3240690231323242,0.12273427844047546,-0.161068856716156,0.05579834431409836,0.020009616389870644,-0.2124151885509491,-0.09237999469041824,0.08510232716798782,-0.00986760575324297,0.1107221394777298,-0.030428992584347725,-0.036609500646591187,-0.02450541779398918,-1.0057399272918701,0.3264841139316559,-0.7163017392158508,0.8840214610099792,0.1675541251897812,-0.03579862415790558,0.3502506613731384,-0.972150444984436,-0.40460699796676636,0.7373182773590088,0.6974054574966431,-0.2404295653104782,-0.022697962820529938,-0.19992807507514954
5.000894546508789,0.8774796724319458,0.77906733751297,0.004983603488653898,0.05011371150612831,-0.9948667287826538,0.08777180314064026,-0.040849365293979645,0.177573099732399,0.34171605110168457,0.12316174805164337,-0.1624717116355896,0.06750337034463882,0.02309485152363777,-0.2120944857597351,-0.10112916678190231,0.0766550749540329,-0.005972789600491524,0.11828698217868805,-0.026719840243458748,-0.04214853420853615,-0.021231643855571747,-0.885338544845581,0.29819998145103455,-0.6939182877540588,0.8842473030090332,0.1749182492494583,-0.0420309379696846,0.3351874351501465,-0.8550026416778564,-0.38489359617233276,0.7131716012954712,0.7138065099716187,-0.24225318431854248,-0.030102569609880447,-0.18559199571609497
5.003082275390625,0.8744908571243286,0.7789510488510132,0.004143533296883106,0.04941193386912346,-0.9965122938156128,0.06711609661579132,-0.03690995275974274,0.17425039410591125,0.35779041051864624,0.12211795896291733,-0.16264751553535461,0.07733495533466339,0.024509280920028687,-0.21165451407432556,-0.10810728371143341,0.0659937933087349,0.0013027070090174675,0.12604086101055145,-0.024028321728110313,-0.04896342754364014,-0.015574481338262558,-0.7534347772598267,0.27181699872016907,-0.6660240292549133,0.9208575487136841,0.18616735935211182,-0.048229921609163284,0.3152371346950531,-0.719169020652771,-0.3616032302379608,0.6728768944740295,0.7793824672698975,-0.2445249855518341,-0.03496468812227249,-0.1741587221622467
5.004926681518555,0.8709585070610046,0.7788558006286621,0.004046933725476265,0.04911872372031212,-0.9978501796722412,0.0431971400976181,-0.03467933088541031,0.1690385788679123,0.36898186802864075,0.11955979466438293,-0.16223829984664917,0.08547697961330414,0.02025163546204567,-0.21189948916435242,-0.11341005563735962,0.06594061851501465,0.0033212918788194656,0.13101762533187866,-0.017438489943742752,-0.053540751338005066,-0.00424282718449831,-0.6320372223854065,0.2389175146818161,-0.6512531042098999,0.9786296486854553,0.2050304263830185,-0.05199740082025528,0.28713127970695496,-0.5917738676071167,-0.32232144474983215,0.6372624635696411,0.8875488638877869,-0.2502806484699249,-0.03366716206073761,-0.1617281585931778
5.006069183349609,0.8673251867294312,0.7786976099014282,0.004944897256791592,0.048842523247003555,-0.9986246824264526,0.01840464025735855,-0.034995730966329575,0.16478216648101807,0.37664544582366943,0.11898790299892426,-0.16299040615558624,0.0892641693353653,0.015583205968141556,-0.213126078248024,-0.11990664899349213,0.0669044628739357,0.003567672800272703,0.1331644356250763,-0.004330538213253021,-0.05539759248495102,0.011799085885286331,-0.5108020901679993,0.2124376893043518,-0.6266372203826904,1.0627199411392212,0.22420252859592438,-0.05080769956111908,0.25338315963745117,-0.47855323553085327,-0.2788252830505371,0.6048450469970703,1.0108898878097534,-0.25668472051620483,-0.027992282062768936,-0.14478006958961487
5.006730079650879,0.864414632320404,0.7782280445098877,0.0069205667823553085,0.048514287918806076,-0.998798131942749,-0.0008967237081378698,-0.03879871219396591,0.1631585955619812,0.37872031331062317,0.12161824107170105,-0.16783972084522247,0.0892748013138771,0.012870599515736103,-0.21605020761489868,-0.12745434045791626,0.0650462806224823,0.0009943669429048896,0.1350315809249878,0.016944073140621185,-0.05603194609284401,0.029884517192840576,-0.398624062538147,0.191310316324234,-0.6077605485916138,1.1389988660812378,0.24439023435115814,-0.05148594081401825,0.21764487028121948,-0.3865997791290283,-0.23070348799228668,0.5976983308792114,1.1110954284667969,-0.26789602637290955,-0.024783343076705933,-0.12366245687007904
5.00809383392334,0.8629326820373535,0.7777326107025146,0.009250042960047722,0.048097070306539536,-0.9986777901649475,-0.01561239268630743,-0.04683764651417732,0.16504643857479095,0.37703704833984375,0.1286972016096115,-0.1729286015033722,0.08668091893196106,0.006041384302079678,-0.2207041084766388,-0.1322813630104065,0.06561519205570221,6.517104338854551e-05,0.1349320113658905,0.030005227774381638,-0.05683829262852669,0.05088047683238983,-0.30961060523986816,0.17969931662082672,-0.5769243240356445,1.2058523893356323,0.25456422567367554,-0.05075625702738762,0.19179628789424896,-0.30869078636169434,-0.19322961568832397,0.5828819870948792,1.1872400045394897,-0.27328717708587646,-0.02191045507788658,-0.10779278725385666
5.010010719299316,0.8627718687057495,0.7772314548492432,0.01173347607254982,0.04845457524061203,-0.9983711242675781,-0.027741780504584312,-0.05567116290330887,0.17014509439468384,0.368489146232605,0.13426148891448975,-0.17800864577293396,0.08140764385461807,-0.003663875162601471,-0.22681622207164764,-0.13197465240955353,0.06697554886341095,0.003036567708477378,0.13795392215251923,0.03995335474610329,-0.05505702644586563,0.07033220678567886,-0.24993081390857697,0.1779906451702118,-0.5541161298751831,1.239147663116455,0.262850284576416,-0.05300270766019821,0.17579565942287445,-0.25567421317100525,-0.1694120466709137,0.5713769197463989,1.230835199356079,-0.2755257189273834,-0.021204940974712372,-0.09911806881427765
5.0117387771606445,0.8634895086288452,0.7768999934196472,0.01445645559579134,0.04951757937669754,-0.9977622628211975,-0.04253704473376274,-0.062017109245061874,0.1768190562725067,0.35698437690734863,0.13576114177703857,-0.18207398056983948,0.07693910598754883,-0.014438766054809093,-0.23399442434310913,-0.12972228229045868,0.07193532586097717,0.006941108964383602,0.14159724116325378,0.04651898145675659,-0.05325666069984436,0.08399036526679993,-0.22000989317893982,0.1821681708097458,-0.5494134426116943,1.2470394372940063,0.27365607023239136,-0.05548572167754173,0.16606417298316956,-0.22361527383327484,-0.1564832627773285,0.5675196647644043,1.2479437589645386,-0.2773183584213257,-0.021964292973279953,-0.09475767612457275
5.013376712799072,0.8647971749305725,0.7766907215118408,0.017044495791196823,0.05095652490854263,-0.9968268871307373,-0.05872926115989685,-0.0660075768828392,0.18526889383792877,0.34678566455841064,0.13477005064487457,-0.18515706062316895,0.07331781089305878,-0.026021219789981842,-0.241205632686615,-0.12556292116641998,0.0802820473909378,0.010613730177283287,0.14470449090003967,0.047042541205883026,-0.05089336633682251,0.09189459681510925,-0.20953166484832764,0.18820910155773163,-0.5535883903503418,1.2440252304077148,0.28642013669013977,-0.05714000016450882,0.1597413420677185,-0.19991238415241241,-0.15177124738693237,0.5579600930213928,1.256434440612793,-0.2780473828315735,-0.02159656584262848,-0.0934952050447464
5.014986515045166,0.8664228916168213,0.7766231298446655,0.01946965977549553,0.052617356181144714,-0.9958871006965637,-0.07114256918430328,-0.06785524636507034,0.19365757703781128,0.3398597538471222,0.13150477409362793,-0.18723291158676147,0.07203733175992966,-0.03766344487667084,-0.247605562210083,-0.12041826546192169,0.09121932089328766,0.012573275715112686,0.14788897335529327,0.046666402369737625,-0.048265643417835236,0.09475389122962952,-0.20873594284057617,0.19586309790611267,-0.5636779069900513,1.2301292419433594,0.29948246479034424,-0.05922841280698776,0.15473191440105438,-0.18762047588825226,-0.15259380638599396,0.5466334819793701,1.259405493736267,-0.2780974507331848,-0.020958498120307922,-0.09487060457468033
5.016506195068359,0.8678664565086365,0.7767161130905151,0.02183154970407486,0.05409548804163933,-0.9949990510940552,-0.08108017593622208,-0.06960022449493408,0.20138609409332275,0.33412832021713257,0.1300506889820099,-0.18882369995117188,0.07017294317483902,-0.047852445393800735,-0.2555848956108093,-0.1144241914153099,0.10149696469306946,0.013079135678708553,0.15158361196517944,0.04675167053937912,-0.0448918491601944,0.09495460242033005,-0.2142045497894287,0.20481015741825104,-0.5728858709335327,1.2140510082244873,0.30962881445884705,-0.061050113290548325,0.1519061028957367,-0.18367049098014832,-0.15799511969089508,0.5357241034507751,1.2571065425872803,-0.277574360370636,-0.020308878272771835,-0.09842903912067413
5.017822265625,0.8691628575325012,0.7769922018051147,0.024450257420539856,0.05507859215140343,-0.9938514232635498,-0.09288644790649414,-0.07192830741405487,0.20673984289169312,0.3267107307910919,0.13182781636714935,-0.19044780731201172,0.0683913305401802,-0.05474278703331947,-0.2642940580844879,-0.10712013393640518,0.11049061268568039,0.01145986095070839,0.15361745655536652,0.05079197883605957,-0.04267595708370209,0.09274932742118835,-0.22164297103881836,0.21022525429725647,-0.5788570642471313,1.205035924911499,0.3157340884208679,-0.061980560421943665,0.151492178440094,-0.1811535358428955,-0.16210918128490448,0.5254207253456116,1.2619667053222656,-0.27847597002983093,-0.018077362328767776,-0.10325166583061218
5.019095420837402,0.8707438707351685,0.7773905992507935,0.026726245880126953,0.055989764630794525,-0.9932088255882263,-0.09842299669981003,-0.07530269026756287,0.21085307002067566,0.32234102487564087,0.1368708312511444,-0.19234400987625122,0.0685940757393837,-0.06173606589436531,-0.2716641128063202,-0.10042060911655426,0.12055222690105438,0.008294930681586266,0.15359149873256683,0.053973253816366196,-0.0425216406583786,0.09092798829078674,-0.22826942801475525,0.21612146496772766,-0.5788581371307373,1.201528549194336,0.3178197145462036,-0.062110211700201035,0.15452493727207184,-0.1795872449874878,-0.16729895770549774,0.5153641700744629,1.2676461935043335,-0.2799571752548218,-0.016731277108192444,-0.10988019406795502
5.0202107429504395,0.8723078966140747,0.7778235673904419,0.027968265116214752,0.057130325585603714,-0.9933397173881531,-0.09607359021902084,-0.07881728559732437,0.2133903205394745,0.3191539943218231,0.1445697396993637,-0.19523534178733826,0.06866542249917984,-0.06561881303787231,-0.2782096862792969,-0.09705528616905212,0.1276565045118332,0.005366906989365816,0.15341201424598694,0.05853186920285225,-0.04473640024662018,0.0896771028637886,-0.2316773235797882,0.2242160439491272,-0.5730680227279663,1.2007005214691162,0.31560900807380676,-0.06238614395260811,0.15967920422554016,-0.17757762968540192,-0.17181971669197083,0.5081126689910889,1.2691373825073242,-0.2820136249065399,-0.017140386626124382,-0.1155836433172226
5.021055221557617,0.8741213083267212,0.7780715227127075,0.02777593955397606,0.05849362909793854,-0.9942602515220642,-0.08516750484704971,-0.0813884288072586,0.21419677138328552,0.313124418258667,0.15287905931472778,-0.19981372356414795,0.06866736710071564,-0.068397156894207,-0.2841225564479828,-0.09279788285493851,0.13673971593379974,-0.00048293545842170715,0.15436524152755737,0.06444483995437622,-0.045880027115345,0.08869445323944092,-0.22931531071662903,0.23224470019340515,-0.5618793964385986,1.2019262313842773,0.31217074394226074,-0.06186257302761078,0.16494858264923096,-0.17384153604507446,-0.17853842675685883,0.5000993013381958,1.26506769657135,-0.28552210330963135,-0.01785779371857643,-0.12051086127758026
5.021622657775879,0.8769910335540771,0.7782831788063049,0.027223976328969002,0.06008484587073326,-0.9953690767288208,-0.06992127746343613,-0.08197204768657684,0.21473188698291779,0.3029872477054596,0.15621282160282135,-0.2028413712978363,0.06605782359838486,-0.06762559711933136,-0.2884010076522827,-0.09125743061304092,0.14239338040351868,-0.005660700611770153,0.15541242063045502,0.07163644582033157,-0.04546817019581795,0.08829141408205032,-0.2231743186712265,0.23801696300506592,-0.5555261373519897,1.200520396232605,0.3097614645957947,-0.06379380077123642,0.1677541881799698,-0.17085494101047516,-0.184920072555542,0.4995415508747101,1.254760980606079,-0.2935117781162262,-0.02021963894367218,-0.12313380837440491
5.02204704284668,0.8815380334854126,0.7784404754638672,0.027380960062146187,0.06105971336364746,-0.9960413575172424,-0.05851156264543533,-0.08253417909145355,0.21572265028953552,0.29146385192871094,0.15900425612926483,-0.2053106725215912,0.062134645879268646,-0.06385768204927444,-0.2923869490623474,-0.09302081167697906,0.14724299311637878,-0.011979738250374794,0.15615154802799225,0.07965788245201111,-0.04552319645881653,0.08854202181100845,-0.21635481715202332,0.24422889947891235,-0.5514867305755615,1.1986720561981201,0.3065372109413147,-0.06740690767765045,0.16921710968017578,-0.16726437211036682,-0.19309163093566895,0.501746654510498,1.2390986680984497,-0.3022381663322449,-0.02437145635485649,-0.12345565855503082
5.022874355316162,0.8884584307670593,0.7785046100616455,0.02807948738336563,0.06118670850992203,-0.9963761568069458,-0.05198425427079201,-0.08590506762266159,0.2156820297241211,0.2812345027923584,0.16364967823028564,-0.20668098330497742,0.05816849321126938,-0.05592794343829155,-0.2941606640815735,-0.09642242640256882,0.14274577796459198,-0.01556310337036848,0.15606094896793365,0.08841273188591003,-0.04613001272082329,0.09182711690664291,-0.21110013127326965,0.24908410012722015,-0.5519898533821106,1.1993229389190674,0.30551260709762573,-0.07087145000696182,0.16891184449195862,-0.16551825404167175,-0.19904956221580505,0.5068775415420532,1.228395938873291,-0.3111364543437958,-0.027171798050403595,-0.12197025120258331
5.024026393890381,0.8967118263244629,0.7785487174987793,0.029279278591275215,0.06089543178677559,-0.9963372349739075,-0.05240867659449577,-0.08933381736278534,0.21660307049751282,0.27827560901641846,0.16467082500457764,-0.20510068535804749,0.05608657747507095,-0.0478975772857666,-0.29349562525749207,-0.10451153665781021,0.13699139654636383,-0.017088059335947037,0.1557224988937378,0.09828995168209076,-0.04631640389561653,0.09444713592529297,-0.2051900327205658,0.2491997480392456,-0.5595945119857788,1.198873519897461,0.3080936670303345,-0.07430433481931686,0.16684852540493011,-0.17158688604831696,-0.19899064302444458,0.5214576721191406,1.2195360660552979,-0.3222934603691101,-0.029925387352705002,-0.11957892775535583
5.025063991546631,0.9052696824073792,0.7784424424171448,0.030184777453541756,0.060004886239767075,-0.9961141347885132,-0.05696486681699753,-0.09423269331455231,0.21790844202041626,0.2805262804031372,0.17049956321716309,-0.2049725204706192,0.05697651579976082,-0.04061846062541008,-0.29281479120254517,-0.11142972111701965,0.13331297039985657,-0.01895871013402939,0.15706603229045868,0.10633066296577454,-0.047910407185554504,0.09392500668764114,-0.19609451293945312,0.24893903732299805,-0.5661652684211731,1.2016485929489136,0.3129775822162628,-0.07585625350475311,0.1642208993434906,-0.17798951268196106,-0.1964280903339386,0.5389605164527893,1.2139182090759277,-0.33294716477394104,-0.032770685851573944,-0.11541645973920822
5.0259270668029785,0.9132606983184814,0.7786539793014526,0.030856110155582428,0.059877678751945496,-0.995893657207489,-0.060484692454338074,-0.09795421361923218,0.22080634534358978,0.28665751218795776,0.17602545022964478,-0.203593909740448,0.0578344389796257,-0.035636141896247864,-0.29369550943374634,-0.11578378081321716,0.1320888251066208,-0.018628820776939392,0.16117000579833984,0.11185665428638458,-0.04885265231132507,0.09011553972959518,-0.18158036470413208,0.2461799532175064,-0.5661116242408752,1.209151268005371,0.31673067808151245,-0.07579508423805237,0.1624097377061844,-0.18028700351715088,-0.19032222032546997,0.552655816078186,1.2146642208099365,-0.34167391061782837,-0.03454381972551346,-0.11216957867145538
5.026396751403809,0.9196405410766602,0.7790534496307373,0.03132178634405136,0.0605924166738987,-0.9958348274230957,-0.06050221621990204,-0.10068312287330627,0.2245059311389923,0.2947709560394287,0.18178331851959229,-0.20291931927204132,0.060325708240270615,-0.0327238067984581,-0.2964255213737488,-0.11797089874744415,0.13714276254177094,-0.01924561709165573,0.1657431423664093,0.11636678874492645,-0.04954531043767929,0.0840742439031601,-0.1629229485988617,0.24140414595603943,-0.5598761439323425,1.2202179431915283,0.3192576467990875,-0.07535943388938904,0.1606929749250412,-0.17598730325698853,-0.18461093306541443,0.5603235960006714,1.2201117277145386,-0.3480864465236664,-0.0359124019742012,-0.10959583520889282
5.026398658752441,0.9242952466011047,0.7793551683425903,0.03138090670108795,0.06132731959223747,-0.9957435131072998,-0.061229657381772995,-0.10309335589408875,0.22648298740386963,0.29804137349128723,0.1894819140434265,-0.20450425148010254,0.06302826851606369,-0.03113524056971073,-0.2999054491519928,-0.11605089902877808,0.14618274569511414,-0.021510202437639236,0.17008790373802185,0.11893141269683838,-0.049830466508865356,0.07760132104158401,-0.14554068446159363,0.2350367158651352,-0.5556795597076416,1.2265503406524658,0.32111304998397827,-0.07624699920415878,0.15920493006706238,-0.1656772792339325,-0.18079674243927002,0.5656574368476868,1.2232937812805176,-0.35337769985198975,-0.038057878613471985,-0.10758320987224579
5.02578067779541,0.9277533292770386,0.7795232534408569,0.031500283628702164,0.0615539476275444,-0.9955224394798279,-0.06445076316595078,-0.10563835501670837,0.22538062930107117,0.29468029737472534,0.1990780234336853,-0.2079310417175293,0.06723363697528839,-0.02889527939260006,-0.3022380471229553,-0.10988353192806244,0.16101208329200745,-0.027526233345270157,0.1732109785079956,0.12421981990337372,-0.048131171613931656,0.06913723796606064,-0.13045847415924072,0.22785545885562897,-0.5543758869171143,1.2296297550201416,0.323129266500473,-0.07837911695241928,0.15730653703212738,-0.15177597105503082,-0.17907579243183136,0.5694364309310913,1.227586269378662,-0.3583231568336487,-0.04005870223045349,-0.10548918694257736
5.024847030639648,0.9302695989608765,0.7797043323516846,0.03183992952108383,0.06189713999629021,-0.9954951405525208,-0.06437664479017258,-0.10992185771465302,0.22486606240272522,0.2849414050579071,0.21216997504234314,-0.21210485696792603,0.07088015973567963,-0.0297075267881155,-0.3054863512516022,-0.09984654188156128,0.18672561645507812,-0.03696076571941376,0.1758832186460495,0.1292080134153366,-0.04564642161130905,0.06109825521707535,-0.12087424099445343,0.2236577570438385,-0.5525484085083008,1.2303694486618042,0.3242899179458618,-0.08028197288513184,0.15634775161743164,-0.1366528570652008,-0.18141324818134308,0.5682195425033569,1.232032299041748,-0.36117643117904663,-0.04127727448940277,-0.10468370467424393
5.023470878601074,0.9317309856414795,0.7799249887466431,0.032791052013635635,0.06236940994858742,-0.9958435893058777,-0.05770955607295036,-0.11469267308712006,0.22593413293361664,0.270510733127594,0.22591298818588257,-0.21614311635494232,0.07223070412874222,-0.0327596515417099,-0.3143148124217987,-0.08657991886138916,0.21982640027999878,-0.04758138582110405,0.18218383193016052,0.13540023565292358,-0.041828349232673645,0.053594693541526794,-0.11708627641201019,0.2192419320344925,-0.5597403049468994,1.2251522541046143,0.3280293941497803,-0.08375884592533112,0.1536303460597992,-0.12114900350570679,-0.1869487762451172,0.5653713941574097,1.2367706298828125,-0.36370402574539185,-0.04195865988731384,-0.10344894230365753
5.020595073699951,0.9311923980712891,0.7802122235298157,0.03401615470647812,0.06287573277950287,-0.9965605735778809,-0.04191271588206291,-0.1189606562256813,0.22499263286590576,0.2557119131088257,0.23745401203632355,-0.21918614208698273,0.07513613253831863,-0.03504210337996483,-0.33122456073760986,-0.07056233286857605,0.2594550549983978,-0.05960603058338165,0.18990834057331085,0.1440710723400116,-0.03466098755598068,0.04221441224217415,-0.11969025433063507,0.2138059139251709,-0.5692001581192017,1.2148315906524658,0.3305983543395996,-0.08873969316482544,0.1486227810382843,-0.10237763822078705,-0.19721844792366028,0.549229085445404,1.2478938102722168,-0.3610488474369049,-0.040463365614414215,-0.10307912528514862
5.015550136566162,0.9262185096740723,0.7803572416305542,0.034396518021821976,0.0646219551563263,-0.9972564578056335,-0.010978495702147484,-0.12673602998256683,0.21851396560668945,0.23300141096115112,0.2506777048110962,-0.22490626573562622,0.08443410694599152,-0.04179629683494568,-0.3491860330104828,-0.04576415568590164,0.329288125038147,-0.07707759737968445,0.192786306142807,0.1503582000732422,-0.024646848440170288,0.02988910861313343,-0.13089723885059357,0.20681825280189514,-0.5788853764533997,1.194456934928894,0.3284752666950226,-0.0937182754278183,0.1413591206073761,-0.07804938405752182,-0.21438266336917877,0.513941764831543,1.2562118768692017,-0.34993866086006165,-0.037466131150722504,-0.10595010221004486
5.0092620849609375,0.9177610874176025,0.7805420160293579,0.032966259866952896,0.06664156913757324,-0.9966951608657837,0.032724566757678986,-0.13351738452911377,0.2061663120985031,0.1950010061264038,0.2587939500808716,-0.2275088131427765,0.08790720999240875,-0.04109587520360947,-0.3550286889076233,-0.013528862968087196,0.384355366230011,-0.09092842787504196,0.19078126549720764,0.14977073669433594,-0.016725514084100723,0.021036729216575623,-0.14847244322299957,0.20094186067581177,-0.5950470566749573,1.1720547676086426,0.3262275457382202,-0.09737277030944824,0.13586990535259247,-0.05540601164102554,-0.2295728325843811,0.48493191599845886,1.2539445161819458,-0.33781880140304565,-0.03556009382009506,-0.10935349762439728
5.002562522888184,0.9090547561645508,0.7810890674591064,0.030077112838625908,0.06734172999858856,-0.9944287538528442,0.07531213015317917,-0.13104403018951416,0.19164367020130157,0.15274125337600708,0.2519456744194031,-0.22104346752166748,0.0855272114276886,-0.04298260807991028,-0.33850836753845215,0.008419816382229328,0.4177596867084503,-0.10352261364459991,0.1789102852344513,0.13876421749591827,-0.01397329568862915,0.020542941987514496,-0.17095357179641724,0.19849106669425964,-0.6076061725616455,1.1546324491500854,0.32233548164367676,-0.09744369238615036,0.13872240483760834,-0.04032350704073906,-0.23685428500175476,0.46293652057647705,1.2453031539916992,-0.3247547745704651,-0.035633426159620285,-0.11487390100955963
4.995649814605713,0.8984260559082031,0.7816162109375,0.02613072469830513,0.06752502173185349,-0.989899218082428,0.12188951671123505,-0.1244819238781929,0.17957225441932678,0.110777847468853,0.2413860261440277,-0.21302947402000427,0.07692629843950272,-0.04721055552363396,-0.3153754770755768,0.030497360974550247,0.418569415807724,-0.11251285672187805,0.17093923687934875,0.12385843694210052,-0.013352569192647934,0.028683902695775032,-0.199866384267807,0.19649596512317657,-0.6247071027755737,1.1372402906417847,0.32164812088012695,-0.09721678495407104,0.1438598334789276,-0.030523251742124557,-0.23982059955596924,0.44775551557540894,1.2330167293548584,-0.31315580010414124,-0.036353208124637604,-0.11851769685745239
4.9891486167907715,0.8881603479385376,0.7815126776695251,0.02308688685297966,0.06691092997789383,-0.9821969866752625,0.1740088313817978,-0.12583233416080475,0.17302024364471436,0.06721451878547668,0.23995907604694366,-0.20821358263492584,0.05924869701266289,-0.035570643842220306,-0.30491766333580017,0.05940543860197067,0.3798638880252838,-0.11594103276729584,0.17128267884254456,0.11432938277721405,-0.01280894037336111,0.03930307552218437,-0.23397493362426758,0.1947328746318817,-0.6466237306594849,1.1209583282470703,0.3234025835990906,-0.09919379651546478,0.14854195713996887,-0.02453474886715412,-0.24197793006896973,0.4357091784477234,1.2238752841949463,-0.3050975501537323,-0.03528766706585884,-0.11856362223625183
4.982280254364014,0.8816812038421631,0.780806303024292,0.021337805315852165,0.0658545196056366,-0.9711713194847107,0.22810986638069153,-0.1398756504058838,0.17369909584522247,0.025953292846679688,0.2503063380718231,-0.2040427327156067,0.03589002043008804,-0.011716609820723534,-0.3069385290145874,0.08874881267547607,0.3302021026611328,-0.12004607915878296,0.17741046845912933,0.11566232144832611,-0.010083278641104698,0.0480072908103466,-0.269976943731308,0.18873342871665955,-0.67909836769104,1.108567714691162,0.3288611173629761,-0.10296624898910522,0.15115641057491302,-0.0301491878926754,-0.24179142713546753,0.447806179523468,1.2094013690948486,-0.30754145979881287,-0.034814897924661636,-0.11210350692272186
4.973997116088867,0.8805454969406128,0.7790744304656982,0.019999351352453232,0.06445609033107758,-0.9576122164726257,0.2800433337688446,-0.16499820351600647,0.18397870659828186,-0.007384035736322403,0.26774731278419495,-0.19927799701690674,0.014770512469112873,0.015714894980192184,-0.31370049715042114,0.1128048300743103,0.2933545708656311,-0.13042283058166504,0.18539655208587646,0.12323349714279175,-0.005928531289100647,0.0565665066242218,-0.29984402656555176,0.18181975185871124,-0.7182831764221191,1.0875937938690186,0.3362330496311188,-0.10866816341876984,0.15291696786880493,-0.0401940792798996,-0.24182938039302826,0.47560304403305054,1.1760309934616089,-0.3126935362815857,-0.0384209118783474,-0.10430414974689484
4.964149475097656,0.885873556137085,0.7760757207870483,0.017260516062378883,0.06206391006708145,-0.9410541653633118,0.3320651352405548,-0.19902843236923218,0.1957547515630722,-0.032407015562057495,0.2923564016819,-0.1935480237007141,0.006431757938116789,0.040014803409576416,-0.3103529214859009,0.1267082691192627,0.27675849199295044,-0.14921945333480835,0.18614941835403442,0.1325034648180008,0.002111634472385049,0.06873555481433868,-0.32881349325180054,0.17599548399448395,-0.7590864300727844,1.0632108449935913,0.34557437896728516,-0.11184734106063843,0.15237411856651306,-0.055808719247579575,-0.24867451190948486,0.5209478139877319,1.1133997440338135,-0.3186955153942108,-0.046522729098796844,-0.08942586183547974
4.95392370223999,0.8968555927276611,0.7722150683403015,0.01210717111825943,0.05771772935986519,-0.9201405048370361,0.387122243642807,-0.2342521846294403,0.19644254446029663,-0.04783009737730026,0.320771723985672,-0.18907862901687622,0.016973869875073433,0.0547037273645401,-0.2885938584804535,0.13173657655715942,0.287883460521698,-0.1779453158378601,0.18210023641586304,0.13526710867881775,0.013409746810793877,0.08512437343597412,-0.3451606035232544,0.1726035326719284,-0.8049601316452026,1.0264177322387695,0.3589751124382019,-0.11602774262428284,0.14552022516727448,-0.0686223953962326,-0.26877421140670776,0.5756404399871826,1.0134327411651611,-0.32169193029403687,-0.06370137631893158,-0.06583854556083679
4.944004058837891,0.9105228185653687,0.7679097652435303,0.005760427098721266,0.04967816174030304,-0.8912566304206848,0.45073333382606506,-0.26460641622543335,0.17731663584709167,-0.05288691818714142,0.34912604093551636,-0.1864924430847168,0.04090549424290657,0.0537215918302536,-0.2471870630979538,0.1335136890411377,0.32051509618759155,-0.20917204022407532,0.17164579033851624,0.12651240825653076,0.026292508468031883,0.10736234486103058,-0.3548864722251892,0.17946471273899078,-0.8474903106689453,0.9821134805679321,0.376295804977417,-0.12160079181194305,0.13331001996994019,-0.0733269527554512,-0.3018993139266968,0.6155613660812378,0.920453667640686,-0.320266455411911,-0.0803377777338028,-0.043239057064056396
4.936453819274902,0.9228211045265198,0.7637224197387695,-0.0010148609289899468,0.038628581911325455,-0.8564590811729431,0.5147666335105896,-0.2811822295188904,0.14766064286231995,-0.05021727830171585,0.36885327100753784,-0.18465963006019592,0.06884843111038208,0.039229948073625565,-0.1941971778869629,0.13457997143268585,0.3642160892486572,-0.2355397492647171,0.1583665907382965,0.10888773947954178,0.04088694602251053,0.12681329250335693,-0.35736948251724243,0.19837632775306702,-0.8754412531852722,0.932227611541748,0.38967329263687134,-0.12893764674663544,0.11984743922948837,-0.07243131846189499,-0.34386324882507324,0.6291154623031616,0.8501588702201843,-0.31519606709480286,-0.09341305494308472,-0.029716478660702705
4.932721138000488,0.9313735961914062,0.759947657585144,-0.007356719579547644,0.02797061763703823,-0.8239685893058777,0.5658968687057495,-0.28929081559181213,0.12191294133663177,-0.03724074363708496,0.3769407272338867,-0.1805536448955536,0.09726287424564362,0.025597773492336273,-0.14573867619037628,0.13378550112247467,0.40675875544548035,-0.2556641697883606,0.1502978354692459,0.09125743806362152,0.057114459574222565,0.14117909967899323,-0.34871840476989746,0.22760899364948273,-0.8894411325454712,0.8848893642425537,0.3977547883987427,-0.1378995180130005,0.10476329177618027,-0.07177483290433884,-0.3912389278411865,0.6245507001876831,0.8030775189399719,-0.31047070026397705,-0.10385037958621979,-0.022104410454630852
4.932029724121094,0.9349578619003296,0.7561248540878296,-0.012585127726197243,0.018518811091780663,-0.7984726428985596,0.6016145348548889,-0.29676657915115356,0.10249744355678558,-0.02091451920568943,0.39180701971054077,-0.1823689192533493,0.12309505045413971,0.01501800399273634,-0.10789220780134201,0.1325458586215973,0.4490610957145691,-0.2707695960998535,0.14573189616203308,0.07716573029756546,0.0715131014585495,0.15114176273345947,-0.33193355798721313,0.267171710729599,-0.8884615898132324,0.8496251106262207,0.40449556708335876,-0.1472228318452835,0.09408723562955856,-0.06771652400493622,-0.43964123725891113,0.6139898896217346,0.772834062576294,-0.3093217611312866,-0.11364848166704178,-0.017858223989605904
4.932842254638672,0.9343589544296265,0.7524590492248535,-0.017336130142211914,0.010774685069918633,-0.7781781554222107,0.627711832523346,-0.3035021722316742,0.09139634668827057,-0.003430456854403019,0.4094822406768799,-0.18821749091148376,0.1454716920852661,0.0022564358077943325,-0.07779240608215332,0.1291286051273346,0.49688950181007385,-0.28209900856018066,0.1425786316394806,0.06668703258037567,0.08497095853090286,0.15914633870124817,-0.3078486919403076,0.30891987681388855,-0.8761178255081177,0.8360030651092529,0.41351667046546936,-0.15462863445281982,0.08623532950878143,-0.062961146235466,-0.47788554430007935,0.5975473523139954,0.7685850858688354,-0.31216803193092346,-0.1194324940443039,-0.01758476346731186
4.933926582336426,0.9317159652709961,0.7497137784957886,-0.021465659141540527,0.00443186005577445,-0.7605913281440735,0.6488608717918396,-0.31065189838409424,0.086127869784832,0.0114267123863101,0.43321937322616577,-0.20026227831840515,0.16438323259353638,-0.020063508301973343,-0.05348043143749237,0.12443073093891144,0.5588772892951965,-0.29320281744003296,0.13835851848125458,0.05445081740617752,0.096077561378479,0.16542376577854156,-0.27342915534973145,0.343525230884552,-0.8496838808059692,0.8554321527481079,0.4266292452812195,-0.15835663676261902,0.08241885900497437,-0.05527273193001747,-0.5066490769386292,0.5763216614723206,0.7820934057235718,-0.3160474896430969,-0.12487848103046417,-0.017909225076436996
4.934813976287842,0.9285018444061279,0.7482420206069946,-0.02472219243645668,-0.0006652672891505063,-0.7457555532455444,0.6657604575157166,-0.3167065680027008,0.08418621867895126,0.020750688388943672,0.4549234211444855,-0.2122175544500351,0.17540839314460754,-0.0405043363571167,-0.034899480640888214,0.11979049444198608,0.6154279708862305,-0.3040645718574524,0.1313999891281128,0.04494933411478996,0.10326272249221802,0.16942422091960907,-0.23187735676765442,0.3634692430496216,-0.8096978664398193,0.9081385135650635,0.4395383596420288,-0.1565089225769043,0.08581820130348206,-0.04506780207157135,-0.5238965749740601,0.5503270626068115,0.8113415837287903,-0.3191451132297516,-0.12726379930973053,-0.020882580429315567
4.935239315032959,0.9255755543708801,0.7464163303375244,-0.027695145457983017,-0.0046516419388353825,-0.7345820069313049,0.6779385209083557,-0.3190290033817291,0.08548032492399216,0.025586042553186417,0.4695356786251068,-0.2207781821489334,0.17974251508712769,-0.057704709470272064,-0.021201660856604576,0.11477955430746078,0.6609974503517151,-0.3118829131126404,0.12321378290653229,0.03803516551852226,0.1073695719242096,0.171899676322937,-0.19556234776973724,0.3789733946323395,-0.7589329481124878,0.9683979153633118,0.44523540139198303,-0.1502770185470581,0.09537167847156525,-0.032146211713552475,-0.5366867184638977,0.5234012007713318,0.835338830947876,-0.3196585774421692,-0.128745436668396,-0.025298140943050385
4.935264587402344,0.9234600067138672,0.7442628145217896,-0.030883129686117172,-0.007061518728733063,-0.727222204208374,0.6856706142425537,-0.31533825397491455,0.09011712670326233,0.027314618229866028,0.4686439633369446,-0.2237759381532669,0.1795417219400406,-0.07346684485673904,-0.009543812833726406,0.10886336117982864,0.699714183807373,-0.31724363565444946,0.11575450003147125,0.03436025604605675,0.11119326949119568,0.1750355064868927,-0.16398541629314423,0.39063960313796997,-0.7020080089569092,1.0260884761810303,0.4420784115791321,-0.14372652769088745,0.10716897249221802,-0.02066432125866413,-0.5445250272750854,0.496343195438385,0.8542748689651489,-0.3184850811958313,-0.12890814244747162,-0.0306396484375
4.935257434844971,0.9222484827041626,0.7432163953781128,-0.03473524749279022,-0.008170802146196365,-0.7232590317726135,0.6896542906761169,-0.3030940592288971,0.0962550938129425,0.028630241751670837,0.4466787576675415,-0.21868303418159485,0.17708361148834229,-0.08491247892379761,0.0017358139157295227,0.10026682913303375,0.7207145094871521,-0.3160673975944519,0.10877524316310883,0.03693293035030365,0.11718786507844925,0.17630277574062347,-0.13421979546546936,0.39868444204330444,-0.6434611082077026,1.0623751878738403,0.42619189620018005,-0.14044499397277832,0.12094473838806152,-0.017562508583068848,-0.546347439289093,0.47088149189949036,0.8541508913040161,-0.3131478726863861,-0.12997868657112122,-0.04015645384788513
4.9355010986328125,0.9214227199554443,0.7435619831085205,-0.03993534669280052,-0.008328866213560104,-0.7208756804466248,0.6918627023696899,-0.28561824560165405,0.1034136414527893,0.0288394745439291,0.4151620864868164,-0.21175546944141388,0.17353729903697968,-0.09974782913923264,0.014527705498039722,0.08936473727226257,0.7463704347610474,-0.3140139877796173,0.10089001804590225,0.040465377271175385,0.1251249760389328,0.17944997549057007,-0.12159079313278198,0.4132913053035736,-0.5868028402328491,1.0667904615402222,0.4011387228965759,-0.13867464661598206,0.13955196738243103,-0.01099473424255848,-0.5438225269317627,0.44665855169296265,0.855826735496521,-0.30924510955810547,-0.12835533916950226,-0.05162879079580307
4.936275959014893,0.9204632043838501,0.7446362376213074,-0.04559076949954033,-0.007790390867739916,-0.7191137075424194,0.6933515071868896,-0.2678785026073456,0.11077839136123657,0.02932564541697502,0.3794630467891693,-0.20097693800926208,0.16844916343688965,-0.1074783205986023,0.027204833924770355,0.07843713462352753,0.7649693489074707,-0.3108242154121399,0.0935463160276413,0.0472140908241272,0.13628725707530975,0.1800808608531952,-0.1181347593665123,0.42713069915771484,-0.5423741340637207,1.0489314794540405,0.3726678490638733,-0.13841955363750458,0.15709209442138672,-0.015995489433407784,-0.5349856615066528,0.4305870532989502,0.8516223430633545,-0.3062703311443329,-0.12567003071308136,-0.06602474302053452
4.937273979187012,0.9194885492324829,0.745166540145874,-0.05117812007665634,-0.007799520622938871,-0.7170477509498596,0.6950989365577698,-0.2534744143486023,0.11612918972969055,0.031710874289274216,0.34837526082992554,-0.18913409113883972,0.16234499216079712,-0.10757959634065628,0.038373157382011414,0.0693170428276062,0.7731735706329346,-0.30848124623298645,0.08556100726127625,0.05293256789445877,0.14543218910694122,0.18047741055488586,-0.12355314940214157,0.4358272850513458,-0.5069370269775391,1.0240983963012695,0.34518423676490784,-0.13741189241409302,0.17449995875358582,-0.025356333702802658,-0.5211259722709656,0.4190358519554138,0.8559057712554932,-0.304975688457489,-0.12096339464187622,-0.0815293937921524
