frame_id,left_foot_x,left_foot_y,left_foot_z,right_foot_x,right_foot_y,right_foot_z,left_ankle_x,left_ankle_y,left_ankle_z,right_ankle_x,right_ankle_y,right_ankle_z
0,0.3286769986152649,-0.7813130617141724,-0.653104305267334,-0.1511949896812439,-0.8350649476051331,-0.6751090884208679,0.24775737524032593,-0.6768395900726318,-0.5861043334007263,-0.10545594990253448,-0.7170730829238892,-0.6081091165542603
6,0.33135009873906895,-0.778080879577659,-0.645346935357132,-0.16816334854562953,-0.8199689973678812,-0.667339737977066,0.24672588277856633,-0.6749492276993021,-0.578346935357132,-0.11957730035980418,-0.703033386596702,-0.6003397379770661
14,0.3261941863415754,-0.7725355588503493,-0.6470359025428987,-0.16758642660398126,-0.8184436523028029,-0.6634795127342439,0.2409122778294599,-0.671156521946968,-0.5800359025428987,-0.11836280988473535,-0.7026514970369948,-0.5964795127342439
15,0.32584481800736165,-0.7722157159625522,-0.647316022156895,-0.16735147570430065,-0.8186876097499363,-0.6631510093204387,0.24045194054783559,-0.6710138240634433,-0.580316022156895,-0.11812639122067714,-0.702933184224271,-0.5961510093204387
16,0.3262167409151573,-0.7727243919217983,-0.6471901882569031,-0.16717510073485187,-0.8196141738737026,-0.6629928697029785,0.24078342170415112,-0.6714370865667263,-0.580190188256903,-0.11797844766678622,-0.7037569899404446,-0.5959928697029785
17,0.3266486884061619,-0.7734114405004182,-0.6470866760402569,-0.16691241553384817,-0.820128607401053,-0.6629042586475262,0.24123125383298838,-0.6721000548688569,-0.5800866760402569,-0.11773149809200323,-0.7042145010320344,-0.5959042586475262
18,0.3270276680249693,-0.7737670412675854,-0.6465580709459313,-0.1667077496986864,-0.820760237278175,-0.6623977668764123,0.24155144837088605,-0.6724702587739941,-0.5795580709459314,-0.11751903894953708,-0.7047998777048108,-0.5953977668764123
19,0.3270706238337582,-0.774425371005246,-0.6459807263133299,-0.16651551405705756,-0.8210588529846161,-0.6618702517268431,0.24159863610945398,-0.6730901435157746,-0.57898072631333,-0.11730625460662192,-0.7050502732536286,-0.5948702517268432
20,0.3274648430059133,-0.7745181616162973,-0.6454516696162924,-0.16635403612158917,-0.8214696343755441,-0.6612327741809592,0.24189654907681324,-0.6732400949811654,-0.5784516696162924,-0.11711136081717632,-0.7054494317388253,-0.5942327741809591
21,0.327557928768879,-0.7747842128937457,-0.6451436753274649,-0.16636171201061623,-0.8214856441681597,-0.660898136615917,0.24201364061046227,-0.6734736021225665,-0.5781436753274648,-0.11711701014828102,-0.7054597790901873,-0.593898136615917
22,0.32772610119569534,-0.7751377850768486,-0.6449515792965941,-0.16637063988458878,-0.8216376334426323,-0.6606876227498106,0.2422038220523619,-0.6737626224753777,-0.5779515792965941,-0.11710418232691056,-0.7055928736922661,-0.5936876227498107
23,0.327995436433864,-0.7754921820305558,-0.6448078597752331,-0.16645538603870835,-0.821844091668007,-0.6606234754292248,0.2424885203877214,-0.6740724947594376,-0.5778078597752332,-0.11719616299478974,-0.7057703640602799,-0.5936234754292249
24,0.3280955881373304,-0.7757433498353716,-0.6446523806138587,-0.16655389661627829,-0.8218328798265215,-0.6605003615899634,0.24261114304226816,-0.6742843831033465,-0.5776523806138586,-0.11728834802943289,-0.7057782853097674,-0.5935003615899633
25,0.3283717052658386,-0.7758893952788752,-0.644629672993013,-0.16673977508942417,-0.8221398578109187,-0.6604191818125931,0.24287119671900936,-0.6743766055526179,-0.5776296729930129,-0.11743000730673603,-0.7060655937613887,-0.593419181812593
26,0.32859336417043683,-0.776082007009302,-0.6446713002384348,-0.1668577732530785,-0.8224993625467165,-0.6604802401722116,0.24308314006650922,-0.6745380440538271,-0.5776713002384347,-0.11753757465755466,-0.706380395013605,-0.5934802401722116
27,0.32903396411345587,-0.7765678521773052,-0.6446350687460649,-0.1669043369729699,-0.823130821861906,-0.6606355780081499,0.24346860571311102,-0.674989199318571,-0.577635068746065,-0.11759726630045786,-0.706909811176939,-0.5936355780081499
28,0.3293401828922773,-0.777059755470736,-0.6443524395020894,-0.16690003062109704,-0.8237157084011865,-0.6604336534532003,0.24373322044987922,-0.6754541613125634,-0.5773524395020894,-0.11759407753567452,-0.7074146486782861,-0.5934336534532002
29,0.32956898048730876,-0.7772990634249688,-0.6441814849994647,-0.16706802114633534,-0.8237145116137505,-0.660453910651015,0.24398121074052836,-0.6756816079424859,-0.5771814849994648,-0.1177672313132665,-0.7074109484957696,-0.593453910651015
30,0.3296340114120073,-0.7770571835110616,-0.6443321009078462,-0.1669109308477812,-0.8236119873593282,-0.6607245107093294,0.244067848348958,-0.675457430608077,-0.5773321009078463,-0.11769055513109494,-0.7073294646809529,-0.5937245107093294
31,0.3300848647721213,-0.7770680284048801,-0.6445493354715601,-0.16688869448824706,-0.8237292265440708,-0.6610018863596216,0.2445227250225943,-0.6754928326155429,-0.5775493354715602,-0.11769366564675154,-0.7074592804457431,-0.5940018863596217
32,0.3302621650852404,-0.7767105668680914,-0.6443993797534544,-0.16687046407087225,-0.8235048025744207,-0.6607173433536131,0.2447362202562533,-0.6752477854388006,-0.5773993797534545,-0.11766182301862615,-0.7073333829539068,-0.5937173433536131
33,0.3305145922972792,-0.7768282566439451,-0.6446248267777408,-0.16680936776856248,-0.8235619936358274,-0.6608831857331241,0.24498919881125625,-0.6753768597018064,-0.5776248267777407,-0.11759258323172395,-0.7074030313860715,-0.593883185733124
34,0.33082813537563505,-0.77703211815611,-0.6450633791570197,-0.1666785427287656,-0.8237399867321598,-0.6612247613553535,0.24528791523422422,-0.675576548888837,-0.5780633791570197,-0.11745988064561663,-0.7075713089253055,-0.5942247613553534
35,0.33100214515881854,-0.7770227833976834,-0.6455396848233994,-0.1667064883832423,-0.823622171520242,-0.6617013054403122,0.24546502445893603,-0.6755778237571805,-0.5785396848233995,-0.11748451824230832,-0.7074728652229397,-0.5947013054403123
36,0.3312524554178895,-0.7771400049349343,-0.6459350147148555,-0.16656053095601187,-0.823682053389219,-0.6620242156883662,0.24565294355608835,-0.6756926015039956,-0.5789350147148555,-0.11730032443545446,-0.7075124219080483,-0.5950242156883663
37,0.3312902783863876,-0.7771118681712242,-0.6460865301861609,-0.16649134104320074,-0.8234267037196251,-0.6620525283589209,0.24570361132553553,-0.6756659548564049,-0.579086530186161,-0.11716795359918142,-0.7072942655367943,-0.595052528358921
38,0.33129718349358206,-0.7774373967858257,-0.6462094558151286,-0.1661953981123292,-0.823494442245573,-0.6620927227409403,0.2457105313338912,-0.6759984572144451,-0.5792094558151285,-0.11692256285766,-0.7073255260201396,-0.5950927227409403
39,0.3314110387328577,-0.7777120281530854,-0.6462249265562374,-0.16593265047040462,-0.8234597255064484,-0.662070284927972,0.24582267293962956,-0.6762811352087494,-0.5792249265562374,-0.1166739415165472,-0.7073111940695282,-0.595070284927972
40,0.33152456099482897,-0.7782193646845605,-0.6462340924673526,-0.16571046894100783,-0.8233906851229456,-0.6621607515745609,0.24592054898234728,-0.6768092737612512,-0.5792340924673527,-0.11644950991181013,-0.7072954998430994,-0.5951607515745609
41,0.33173066054618316,-0.7785612578976682,-0.6461334869663229,-0.16550013745987457,-0.8232330914128354,-0.6622041508953085,0.24614387427604156,-0.6771329279530576,-0.5791334869663228,-0.11625434781277222,-0.7071548934567502,-0.5952041508953084
42,0.33190114389604175,-0.778597508600067,-0.6461010330167922,-0.16530195285135663,-0.8227634774950255,-0.6622119300810012,0.24631984125321948,-0.6771796690729369,-0.5791010330167922,-0.11605992574745572,-0.706731532743286,-0.5952119300810012
43,0.3320316970502655,-0.7784233587303016,-0.6461032528651189,-0.16525064407236179,-0.8222924964942786,-0.6622444886935186,0.2464787215148727,-0.6769934790649268,-0.5791032528651189,-0.11597527562028964,-0.7063062685050818,-0.5952444886935185
44,0.332163907556563,-0.7784598645534526,-0.6462084693367138,-0.16510849449154796,-0.8220305618610393,-0.6623244327957287,0.2466364726114565,-0.6769696649875652,-0.5792084693367139,-0.11581132564064922,-0.7060676988925945,-0.5953244327957288
45,0.3326410142900833,-0.7786735788754737,-0.6469648272409612,-0.1649156274078003,-0.8222107187680519,-0.662784376801508,0.24707207961105193,-0.6770175591878211,-0.5799648272409611,-0.1156312065003029,-0.7061507598332679,-0.595784376801508
46,0.33281045265477394,-0.7782182529854713,-0.6469683265499735,-0.16475639633852746,-0.8218098119187294,-0.6623629545979166,0.24723837383073066,-0.6765649155068336,-0.5799683265499735,-0.11545573316532876,-0.7057936027932106,-0.5953629545979167
47,0.3329068405464142,-0.7775301532313725,-0.6469178407277076,-0.16467829217167207,-0.8212420539424321,-0.6618489830578773,0.2473519278600662,-0.6759123997256657,-0.5799178407277076,-0.115358652369693,-0.7053052382037541,-0.5948489830578773
48,0.3330336394846496,-0.7770729397767522,-0.6467808462733657,-0.16440544695257575,-0.8204954599374272,-0.661027190839711,0.24751033216119378,-0.6755016182893254,-0.5797808462733657,-0.11504586458801658,-0.7046603893273808,-0.5940271908397109
49,0.33312482518338316,-0.7764359188661619,-0.6468456912870002,-0.16414428370810397,-0.8194680882082029,-0.6603306461209846,0.2475817887225067,-0.6748989892587706,-0.5798456912870001,-0.11469438540554888,-0.703731365262036,-0.5933306461209845
50,0.33330854060760595,-0.7762249046841985,-0.6471348743754828,-0.1636873107899084,-0.8186826044598943,-0.659733269723078,0.24772246959320166,-0.6746704513112431,-0.5801348743754827,-0.11419090596326731,-0.7029846841374761,-0.5927332697230779
51,0.3334196324892864,-0.7755156004526562,-0.6472885215298048,-0.16312018377105142,-0.8172079169847912,-0.6589167916790357,0.24782672184189414,-0.6740203940966076,-0.5802885215298047,-0.11359587652007486,-0.7016613328554577,-0.5919167916790357
52,0.33368817707736076,-0.7747068288715284,-0.6474519834794301,-0.1626083777264875,-0.8152515175731581,-0.6577751503266591,0.24803633233744682,-0.6732959034831922,-0.5804519834794302,-0.11298637101214348,-0.6999361994655531,-0.5907751503266592
53,0.334074226745797,-0.7741148705229389,-0.6475733036082318,-0.16173282491283336,-0.8130883807882893,-0.6563578957598737,0.24831883383674702,-0.6727575297102558,-0.5805733036082318,-0.1120682753832809,-0.6979457969412434,-0.5893578957598736
54,0.33442067383574203,-0.7736285509118808,-0.6478085706054673,-0.1609933447952394,-0.8106702746400607,-0.6550158450424179,0.2486079859619017,-0.6722845019349826,-0.5808085706054672,-0.11130215198947235,-0.6957535327920688,-0.5880158450424179
55,0.3349178040071732,-0.7729655227636135,-0.6480096139318008,-0.16003235637700497,-0.8075645289396084,-0.6535837211019058,0.24909307599508823,-0.6716428122495449,-0.5810096139318007,-0.11033931582724987,-0.6929504594777859,-0.5865837211019057
56,0.3353245629929842,-0.7726423217646774,-0.6480378636975763,-0.15919343391425,-0.8042492343775924,-0.6520279774327753,0.24954438945286883,-0.6713067366473373,-0.5810378636975764,-0.10952175417906629,-0.6899622156016525,-0.5850279774327753
57,0.335584560502983,-0.7724386855429715,-0.6482197941344856,-0.1585140879259339,-0.8010426565474575,-0.6510481537383674,0.24983037458798973,-0.6710910602873867,-0.5812197941344855,-0.10886140717127235,-0.6870327397650784,-0.5840481537383674
58,0.3357710262582587,-0.7723833480869453,-0.6484466573923509,-0.158149881119938,-0.7977247992550056,-0.6505791923731248,0.2501118501470374,-0.670949892142884,-0.5814466573923508,-0.10847056453964243,-0.6839741626773994,-0.5835791923731247
59,0.33593720611211064,-0.7723790767977504,-0.6484744307939916,-0.15781981829527614,-0.7948524716685085,-0.6505766270105748,0.2503848862278104,-0.6708690288851528,-0.5814744307939915,-0.10814413014773128,-0.681243336517599,-0.5835766270105748
60,0.33616556107393314,-0.7725559011383323,-0.6483723695713379,-0.15730850518354367,-0.7921491399688987,-0.650585549636493,0.25068847715250064,-0.6710217729492454,-0.5813723695713379,-0.10765109331020306,-0.6787099972648887,-0.5835855496364929
61,0.33617485386104895,-0.7726551962050894,-0.6481460985832246,-0.15700545090465234,-0.7896980714950064,-0.6509156880073579,0.25081328374119116,-0.6710966301116446,-0.5811460985832245,-0.1073977791073768,-0.6763629985007742,-0.5839156880073578
62,0.33639716203170855,-0.7732380577837208,-0.6483074195689014,-0.15658525531333845,-0.7878740975176075,-0.6517356403178027,0.2511488258357628,-0.6715930053507069,-0.5813074195689013,-0.10706132059139173,-0.6745919534479359,-0.5847356403178027
63,0.33651560146438775,-0.773783872805253,-0.6480826693849302,-0.1563557724274427,-0.7865637642961892,-0.6523756939248777,0.25129724640476403,-0.6721779806238565,-0.5810826693849301,-0.10690776657235923,-0.6733270389658365,-0.5853756939248776
64,0.33659755872550545,-0.7739040576589273,-0.6479130551805239,-0.15641752196487846,-0.7855885945928263,-0.6532751486291628,0.25129539953532753,-0.6723126494062113,-0.5809130551805239,-0.10694853527483406,-0.6723345243108438,-0.5862751486291629
65,0.33671919387353744,-0.7743517370344001,-0.6476275503065043,-0.1565857740067116,-0.7848345847249824,-0.654135841074174,0.2513783810712227,-0.6727960915685492,-0.5806275503065044,-0.10718963164316331,-0.6715256185651618,-0.587135841074174
66,0.3367399611119801,-0.7744429081109576,-0.6473848328854233,-0.15681674698547776,-0.7838184207109027,-0.6551406488682419,0.2513174601440007,-0.6729495494988971,-0.5803848328854232,-0.10749311367229875,-0.670482692065578,-0.5881406488682418
67,0.3366590828530598,-0.7746809541188326,-0.6469718075583468,-0.15736613265349386,-0.7833331047497836,-0.6558191037962924,0.2511393071048069,-0.6732350408040133,-0.5799718075583469,-0.1080367921955776,-0.6699849187337008,-0.5888191037962924
68,0.33638411362801346,-0.7750998584386684,-0.6466216585860631,-0.15808295111026016,-0.7827700225469447,-0.6564195893035314,0.2508003820959166,-0.6736226526853419,-0.5796216585860631,-0.10874837289418426,-0.6694009153005458,-0.5894195893035313
69,0.3357576059152034,-0.7759600281927814,-0.645812838952565,-0.1588816715429875,-0.7820265293333759,-0.6564823683905838,0.2501609103728679,-0.6744413972113361,-0.578812838952565,-0.10955549758182492,-0.6687071323607197,-0.5894823683905838
70,0.334759925566944,-0.7766951970390514,-0.6446189466022223,-0.16003188017722714,-0.7811178020767406,-0.6563578429721564,0.2492097216475333,-0.6751438431076244,-0.5776189466022222,-0.11059772495147335,-0.6678617052368359,-0.5893578429721563
71,0.333344089527289,-0.7785851077456645,-0.643161420557131,-0.16127010927661267,-0.7805201129336528,-0.6560508653851644,0.24781750394837054,-0.6768818811793498,-0.5761614205571309,-0.11166235552295056,-0.6673328594584635,-0.5890508653851644
72,0.33171669753829347,-0.7801596704362673,-0.6411444773239692,-0.1626492181177963,-0.7800881448625369,-0.6552129616303046,0.2461167684439789,-0.6782988491891665,-0.5741444773239692,-0.1128411629553665,-0.6669014278291506,-0.5882129616303047
73,0.3292735381349554,-0.7819705319904795,-0.6379385655230467,-0.1643680916801462,-0.7792222810291758,-0.6533851092165892,0.24366589023914242,-0.6799879384541025,-0.5709385655230468,-0.11425497249517536,-0.6661653233074656,-0.5863851092165893
74,0.327071608829931,-0.7839761203191924,-0.6348529824273588,-0.1663210374827826,-0.7785622900388884,-0.6516000994699003,0.24129264228387237,-0.6817927187345671,-0.5678529824273587,-0.11589865959839463,-0.6655698245428252,-0.5846000994699002
75,0.3246271666738916,-0.7863988399710151,-0.6303012561313279,-0.1681283357884955,-0.7777226686682197,-0.648126144360698,0.23854844836925748,-0.6840882420744392,-0.563301256131328,-0.1173442024138045,-0.6647101760115119,-0.5811261443606981
76,0.32229732858938975,-0.7912394764323178,-0.624292201474882,-0.16979423773484426,-0.7777766349215451,-0.6434987253701456,0.2358236997107963,-0.6886866452593747,-0.5572922014748819,-0.11851354551511006,-0.6645657184023801,-0.5764987253701456
77,0.31948936955449225,-0.7984844604392167,-0.6160909319555152,-0.17116308732512353,-0.7787260571379777,-0.637402095857798,0.23245232777115943,-0.6957098999877092,-0.5490909319555153,-0.11942372246268151,-0.6652193227667924,-0.570402095857798
78,0.317768522421765,-0.8085575041332669,-0.607536441428957,-0.1721507228213075,-0.7828734454670376,-0.6320415798261738,0.23006332747166125,-0.7051184114971585,-0.540536441428957,-0.11976506479556592,-0.6685057816067166,-0.5650415798261738
79,0.3171109124051088,-0.8213267387691541,-0.5996311862723429,-0.17363972822561324,-0.7886401476207776,-0.627902384545048,0.2287182076798433,-0.7170154513660474,-0.532631186272343,-0.12057378748788894,-0.6730666221920056,-0.560902384545048
80,0.3158158073984203,-0.8319891388551808,-0.5932342953931,-0.1759873320497456,-0.792463510765276,-0.6253367014180329,0.2270201007686672,-0.7269912059442616,-0.5262342953931,-0.12235160071029094,-0.6759339268343068,-0.5583367014180328
81,0.3159951974571391,-0.838570946090426,-0.5908833136862095,-0.17813459439867296,-0.7940512236287256,-0.6256921282118137,0.22708947555429182,-0.7331615027119776,-0.5238833136862096,-0.12409885628813067,-0.6769801911046167,-0.5586921282118138
82,0.3159613057785271,-0.841887953282201,-0.5906814077273654,-0.17993402035901562,-0.792673172951543,-0.6272529104129123,0.22707939593126758,-0.7364166402824757,-0.5236814077273655,-0.12560490818688885,-0.6755473637588856,-0.5602529104129124
83,0.31641748026887173,-0.8437795168702102,-0.5917038402973178,-0.1813474200578571,-0.790696514302919,-0.6298900924144748,0.2275866814045071,-0.7383690602128006,-0.5247038402973179,-0.12678506000956302,-0.67358703678293,-0.5628900924144749
84,0.31710601996596166,-0.8449155099900985,-0.5927164653030315,-0.18173446107690028,-0.7879779346498275,-0.6317972043243327,0.22834252964670965,-0.739600539973619,-0.5257164653030315,-0.12707968402688197,-0.6709952362092757,-0.5647972043243328
85,0.3180173016559369,-0.8455914875971333,-0.595394071630043,-0.18166972925550873,-0.7863871476160542,-0.6352578964744033,0.22953644166104858,-0.7402272245394246,-0.5283940716300429,-0.12710646023638184,-0.669393422316219,-0.5682578964744033
86,0.3191375505261611,-0.8458302414375166,-0.6013787880194739,-0.18078764564464578,-0.7861832177596907,-0.6415283575308874,0.2307998161845397,-0.7406024730163435,-0.5343787880194738,-0.126649402446251,-0.6691318547683577,-0.5745283575308874
87,0.32013821434986944,-0.8479589583304248,-0.6085111834558967,-0.17936429548251276,-0.7858711244490466,-0.6498529054674629,0.23193925452244635,-0.7429820062544665,-0.5415111834558967,-0.12552038002001886,-0.6687266590025744,-0.5828529054674628
88,0.3198588268649889,-0.8485319133116304,-0.6179542001256393,-0.17749503983136883,-0.7856459732367097,-0.658834820605223,0.231623061169417,-0.7438536401106416,-0.5509542001256393,-0.12420471740838757,-0.6685422177626191,-0.5918348206052231
89,0.31940614443064597,-0.8491907380516873,-0.6274790188955321,-0.1747387124991331,-0.7847713492806302,-0.6683902165578857,0.23127578954935935,-0.745007779448782,-0.5604790188955322,-0.12210781116246316,-0.6676708124573575,-0.6013902165578857
90,0.3188225699328502,-0.8476664206952812,-0.6345299025202178,-0.17027752867707413,-0.7825053117246391,-0.6723417182588958,0.2304748518132289,-0.7443478486509086,-0.5675299025202178,-0.1180344151593129,-0.6659331700773002,-0.6053417182588958
91,0.31792604267707425,-0.8449227521281946,-0.6386980348414018,-0.1642336314905588,-0.7764162132602441,-0.6713267498797013,0.2296860301505621,-0.7423129389148462,-0.5716980348414018,-0.11227627754101199,-0.6607714602809656,-0.6043267498797014
92,0.3165698393903842,-0.8422596418353292,-0.6350814657658763,-0.15638923200739718,-0.7712420784922811,-0.658976014182014,0.22899002281056546,-0.7400670611354085,-0.5680814657658764,-0.1039011433996091,-0.657487686822054,-0.5919760141820141
93,0.3158252628886675,-0.841069670933259,-0.6323041555192592,-0.14720537342190987,-0.7636545026478891,-0.648662173440707,0.22932893954157585,-0.738902660625947,-0.5653041555192592,-0.09458132661938912,-0.6517582261738901,-0.5816621734407069
94,0.3122542323220632,-0.8315728520152044,-0.6361475370182941,-0.13999967559686688,-0.7595181678530645,-0.6339024684681842,0.22671085313447925,-0.7295945500132512,-0.5691475370182941,-0.087004411066685,-0.651492974638648,-0.5669024684681843
95,0.31049566267551576,-0.8232451404813241,-0.6413899938239813,-0.13256548048435057,-0.758290502000184,-0.6254605332984686,0.2263411760193268,-0.7212145056012582,-0.5743899938239814,-0.08055431099115218,-0.6530174340489816,-0.5584605332984687
96,0.3099140563739837,-0.822026199485518,-0.6424892339373514,-0.12169904618129124,-0.7686102453725114,-0.6147535237933084,0.22788280637398373,-0.7193840805547014,-0.5754892339373513,-0.07074595599040379,-0.6665681664006486,-0.5477535237933083
97,0.31134286343324336,-0.8267834412313728,-0.6402202389903986,-0.11005056083929388,-0.7857152449346809,-0.6027820847698175,0.23160192190873774,-0.7231970059133797,-0.5732202389903986,-0.06045382649433462,-0.6872887837148933,-0.5357820847698176
98,0.3134033386822357,-0.8345984308365961,-0.6408392151397857,-0.09480240892213443,-0.8070361106042048,-0.5952511986297759,0.23571239460665128,-0.7298814146165034,-0.5738392151397858,-0.04726502995532611,-0.7113487212304255,-0.528251198629776
99,0.3150549325870604,-0.8458527611877995,-0.642780295277064,-0.07244353557356886,-0.8342846917297917,-0.5903211745266368,0.23903560077420183,-0.7399931239273625,-0.5757802952770641,-0.027485860533800643,-0.7403146909859257,-0.5233211745266368
100,0.31474835848451166,-0.8550708563693822,-0.6442327170410609,-0.04335646653532477,-0.881535735882169,-0.5882503657379603,0.2403488573992303,-0.7478869827159703,-0.5772327170410608,-0.0015415283477255848,-0.786508527553922,-0.5212503657379602
101,0.3142104553149392,-0.8627740085261795,-0.6450215370405878,-0.008203175468618706,-0.9408230722087356,-0.5922325641859736,0.24222583641273276,-0.7539757430690261,-0.5780215370405878,0.02921295483571784,-0.8411087930339309,-0.5252325641859735
102,0.3145812320195245,-0.8695931143767484,-0.646005220921033,0.029783138879399207,-1.0099957890517361,-0.6001093464207583,0.24559806460962763,-0.759156734467233,-0.579005220921033,0.06102737213001719,-0.9033611125952847,-0.5331093464207584
103,0.3167876400194243,-0.8789319062001276,-0.6427080207410225,0.0646307565412596,-1.0794613623387384,-0.6085290484967598,0.25152395145512374,-0.7676890158421564,-0.5757080207410226,0.08743071781016143,-0.9656598829991389,-0.5415290484967599
104,0.3202038504721796,-0.8902242403732769,-0.6437848542562816,0.09766832222959154,-1.1517763357864848,-0.6160602305761669,0.25829906245490664,-0.777716777871751,-0.5767848542562816,0.1116246529462015,-1.0320626717316141,-0.5490602305761668
105,0.32447298159058535,-0.8933562558875439,-0.6412717867676154,0.13261401196177447,-1.2105202597365734,-0.6226337719742194,0.26512764682229006,-0.7817248624549267,-0.5742717867676155,0.13895951499398196,-1.086842946408784,-0.5556337719742195
106,0.3269029878194627,-0.8887639225599989,-0.6383465786900513,0.16363676862075893,-1.2519250692007766,-0.6242623587574951,0.26937480495527355,-0.778386610853456,-0.5713465786900513,0.16449480728462307,-1.1267386258719192,-0.5572623587574952
107,0.3275396674742237,-0.8758289049251601,-0.6382937078670199,0.18918754159112128,-1.2718089054210706,-0.6266888623431857,0.27007885275979193,-0.7672148774250075,-0.5712937078670199,0.18664017318387183,-1.1463471482379957,-0.5596888623431857
108,0.325478683548607,-0.8614758254677445,-0.6372972291600574,0.21187060638014232,-1.27740240112845,-0.6306520265233386,0.26604362888876354,-0.7569304110199601,-0.5702972291600573,0.20788140161577617,-1.1519120933205276,-0.5636520265233386
109,0.32002969435470563,-0.8347469782846199,-0.633640527835392,0.2306077142717169,-1.2792003667371499,-0.6342252494006386,0.2583532666327284,-0.7367075002210365,-0.5666405278353921,0.2264032696844862,-1.1539325034635293,-0.5672252494006387
110,0.31625434993589296,-0.8056851846439546,-0.6245005595338899,0.2425492057093419,-1.2740037066204255,-0.6395798194063265,0.2528436431177892,-0.7182349187595551,-0.55750055953389,0.23837258159006014,-1.1482962590915864,-0.5725798194063265
111,0.316272148350349,-0.7764704516892452,-0.6147325048320285,0.25017216191636615,-1.2716436079506894,-0.6428794274203768,0.24980640546428257,-0.7008574298386593,-0.5477325048320285,0.2460114745889812,-1.1456784895424863,-0.5758794274203769
112,0.3193858044739444,-0.7560185083908361,-0.6031046448945554,0.25403083139617033,-1.2718239316505713,-0.6462256251573117,0.24966500723321028,-0.6932983139318746,-0.5361046448945554,0.2518186348076541,-1.1449723133606238,-0.5792256251573118
113,0.32349929850655323,-0.7415029689214547,-0.5888731188198854,0.25649116825419194,-1.2663533374212106,-0.6489110435793677,0.25154993575173146,-0.6918569191835244,-0.521749691421775,0.25834085684376484,-1.13853260721186,-0.5819110435793677
114,0.3266035568588479,-0.7406916952896548,-0.5918558744595829,0.25857850431139306,-1.250361952858014,-0.6551795029380341,0.25736529647047357,-0.7077839709091617,-0.49735585257792664,0.2646790620558961,-1.120969328956647,-0.5881795029380341
115,0.333132470598811,-0.7582500927212311,-0.59671661100793,0.2601986402779759,-1.2311918191673827,-0.6599112415550799,0.26512254272996794,-0.7350044600727631,-0.48013961126790955,0.2683676282077969,-1.1013305239441467,-0.5929112415550799
116,0.3410146467604336,-0.7818665173141273,-0.5922284890874142,0.2584892966069874,-1.2146699991313727,-0.6643416139348264,0.27312158869883385,-0.7632492151347907,-0.4680633713467831,0.267514244488686,-1.0849010315028937,-0.5973416139348263
117,0.3569124792473901,-0.8224199225830693,-0.5744391354569542,0.2552344132917512,-1.1978857030796666,-0.6685669974335777,0.2881855075018991,-0.8070151021408696,-0.4502274664887535,0.263476603175937,-1.0682221760677952,-0.6015669974335778
118,0.38464683337925587,-0.8894997890132791,-0.5712727773175419,0.249796122748839,-1.177000289692295,-0.6722902209744632,0.3098437790465227,-0.8692779894012338,-0.45140008807041054,0.2576306131374708,-1.0481371934551125,-0.6052902209744633
119,0.43086951805192664,-0.9572417099599293,-0.5756000457186625,0.24619558287698462,-1.1641604859952381,-0.6735204916376993,0.34677637947637274,-0.9300919134740284,-0.46361078599881383,0.2516895404263182,-1.0365295369748524,-0.6065204916376994
120,0.4782177552941307,-1.0176909630112927,-0.5835271559590909,0.24639775682120169,-1.1571653549485486,-0.6751847034329983,0.38389310691385115,-0.9854276244454663,-0.48149842842765783,0.248363704270409,-1.0305550758652966,-0.6081847034329984
121,0.5252908374686371,-1.078348570136107,-0.5882084764235389,0.24788391027046552,-1.1536149313726793,-0.6779031061252743,0.4205909575839173,-1.0431407025137316,-0.502202473076263,0.24561771559907308,-1.0278266599455248,-0.6109031061252742
122,0.580018634871712,-1.146992647892039,-0.5957664670768856,0.25097313054012327,-1.1523631455955912,-0.6800537896824743,0.46477010376857786,-1.1102320792732645,-0.5243931918812659,0.2451458898942378,-1.027518952137034,-0.6130537896824744
123,0.6361250814131467,-1.2074833814602688,-0.6090130772613386,0.2564249496988027,-1.1549615566235378,-0.680777121250099,0.5121252771548002,-1.1722873751622036,-0.5429141127509535,0.2488357510498731,-1.031497747133334,-0.613777121250099
124,0.6923022209468486,-1.266572722820665,-0.622201114500543,0.26220369476705807,-1.1537814230007186,-0.6803722675690855,0.5617023049655558,-1.2340437859577194,-0.555201114500543,0.25494030255705136,-1.0319522708934799,-0.6133722675690855
125,0.7513587758017679,-1.3115058474861814,-0.6258329388258093,0.267032517500033,-1.1536694698654844,-0.6785900828001135,0.6163476690722605,-1.2834303908669187,-0.5588329388258093,0.2605668142510553,-1.0335097842537595,-0.6115900828001135
126,0.8058539788108505,-1.3358562583852382,-0.6258421960941094,0.2710608105044998,-1.1604735250402065,-0.676387650119378,0.6681872765403427,-1.3138121361661526,-0.5588421960941095,0.26355756920391693,-1.0416277642179104,-0.609387650119378
127,0.8428989294628395,-1.345038197680132,-0.6285765249602699,0.2750072870115532,-1.1682325226503774,-0.6719795544021034,0.704078966722895,-1.3304662329393788,-0.56157652496027,0.26599303816359177,-1.0513708812433644,-0.6049795544021035
128,0.8613298382731132,-1.3430802799051846,-0.6359798494811646,0.27813896500784674,-1.177610454637393,-0.6644442264075867,0.7230393733950309,-1.3360781646555508,-0.5689798494811646,0.26803763174731055,-1.0636885143107022,-0.5974442264075868
129,0.8651978645484122,-1.3355000239872017,-0.6439160667539361,0.2797174278657111,-1.1847318631671944,-0.6503026448369744,0.7286853764216574,-1.336062274601368,-0.5769160667539361,0.2718304667632254,-1.076731823112873,-0.5833026448369745
130,0.8702885074874733,-1.3290241199750312,-0.6495485446860463,0.2794929607173775,-1.1900067168492683,-0.6297617099692494,0.7347225113174294,-1.334632261397303,-0.5825485446860463,0.27825518086164935,-1.0945193606633552,-0.5627617099692495
131,0.8815920606424261,-1.3248337522038822,-0.6527666978274289,0.28544032128352415,-1.2001802936086063,-0.6079828671847287,0.7459224715997625,-1.331887604285181,-0.585766697827429,0.29163413794535886,-1.1187006249913578,-0.5409828671847288
132,0.8923541055227209,-1.318506048853874,-0.6547827301078877,0.30759299259433037,-1.2219475972013472,-0.5940270873778328,0.7562815592790533,-1.327076719935417,-0.5877827301078877,0.32393321852931267,-1.1564180123167036,-0.5160728588157735
133,0.9021202821989012,-1.3088060045141992,-0.65645834323052,0.35450466468524455,-1.2716248655218896,-0.5959120450586098,0.7657600839395475,-1.3171599531073388,-0.58945834323052,0.3742191691656065,-1.2131715440649804,-0.49605166598442635
134,0.9130345691808093,-1.2978437700632819,-0.6585723570013176,0.43653656140645625,-1.3361150780085334,-0.5974531525335116,0.7761897255547869,-1.3050926485422858,-0.5915723570013176,0.4473393668301928,-1.2740824380282172,-0.48749704438687674
135,0.9222988420253277,-1.2836469471723242,-0.6596945497853266,0.5228042238479138,-1.3828451097280188,-0.5967126106721375,0.7856098049407483,-1.2901901066571875,-0.5926945497853267,0.5154202365403653,-1.3154658139020605,-0.4900464703900325
136,0.9238863296027415,-1.2661466942625987,-0.659970183239772,0.6374210572953456,-1.4207594738799083,-0.594502869480903,0.7877150482650035,-1.274583254893397,-0.592970183239772,0.6052919483895534,-1.351160918315028,-0.499196043358638
137,0.9182883876165531,-1.2494241740150458,-0.6594664227041329,0.7488833742937229,-1.4381027366561896,-0.5928684340856186,0.7829428392252109,-1.2613038565559394,-0.592466422704133,0.6907001512846134,-1.3725578929824835,-0.5102090922864999
138,0.9099768145596028,-1.234663003585589,-0.6583809050722347,0.8596482320343495,-1.4438614486672998,-0.5952713155537512,0.7759027822529316,-1.2512838481881738,-0.5913809050722346,0.7752771868025303,-1.3898478983857752,-0.5250004638834224
139,0.8918582695658341,-1.2223151917822053,-0.6578477701525505,0.9839257496531144,-1.424051969803064,-0.6081473907809074,0.7595784115727082,-1.2452599401838471,-0.5908477701525504,0.8760678964789048,-1.3889040644533326,-0.5411473907809073
140,0.874145080998805,-1.2085843573872577,-0.6564601871982376,1.0906757914575604,-1.389602590686513,-0.61866684889944,0.7441308402570752,-1.23633017051859,-0.5894601871982377,0.9681869053396253,-1.377518702632619,-0.5516668488994401
141,0.8606605831269047,-1.1939154410841362,-0.6558197590850967,1.1905686560753606,-1.347174241590728,-0.6197740885757583,0.7327390391114972,-1.2258536363127128,-0.5888197590850967,1.0609231892708562,-1.3543377662184135,-0.5527740885757583
142,0.8460350069340206,-1.1791846577140654,-0.6558415334798291,1.2680894765194393,-1.301206124207672,-0.614714745817323,0.7205100315745807,-1.2154681209537352,-0.5888415334798291,1.1360098752315975,-1.3219170097324218,-0.547714745817323
143,0.8273113583995877,-1.1686568015103527,-0.6546253412450695,1.321442789383131,-1.2578219526295848,-0.6105867474759961,0.7049034898950635,-1.2092615120892711,-0.5876253412450696,1.1890229647829114,-1.2874586337094494,-0.5435867474759961
144,0.8113448857416228,-1.162332316445005,-0.6518155868898827,1.3475683569063261,-1.2227469287382484,-0.6137635048281151,0.6928816824306563,-1.2070962391363502,-0.5848155868898827,1.2162114023317412,-1.2586804829107643,-0.5467635048281151
145,0.7968804507966962,-1.1536081144931314,-0.6442091409422317,1.349037212085339,-1.2042817483069894,-0.6253362838484207,0.6842689036842313,-1.2014328549029825,-0.5772091409422317,1.2198375880237546,-1.2436880478980539,-0.5583362838484207
146,0.783013597812872,-1.137422667895758,-0.6270056978847465,1.3340884304907132,-1.199717419301474,-0.6415846363689384,0.6849379695322324,-1.1871425081839202,-0.5600056978847465,1.2067398286726285,-1.239162819539511,-0.5745846363689384
147,0.7735350462753314,-1.1151700614454956,-0.5930310680446663,1.3178871753770847,-1.203268736458084,-0.6537535188818693,0.7115607145387668,-1.1654266415598602,-0.5215094998503447,1.1897436264116306,-1.2387069760325164,-0.5867535188818693
148,0.7930564941309908,-1.0985119180339602,-0.601476941978041,1.3082982213639238,-1.204645587648752,-0.659669605365309,0.7640615464591005,-1.1527259783405093,-0.48173177157929825,1.1788636357926348,-1.233669175352457,-0.592669605365309
149,0.8489844779143252,-1.074656468628752,-0.5837103197123382,1.2970325330862917,-1.1990180432785629,-0.6605823986079071,0.8335879276165881,-1.1390337765205978,-0.45713449211376644,1.1677454690108218,-1.2239330828179,-0.5935823986079071
150,0.9252901826146496,-1.0386362246133982,-0.5683150724940862,1.2877801809552563,-1.1995988062479197,-0.6599909781985844,0.9102578166964901,-1.1164969376184641,-0.44955335422092335,1.1592170748952282,-1.2214669159509837,-0.5929909781985845
151,1.0072305279267977,-0.9966849504066386,-0.5583047125577059,1.2827404292715738,-1.204822864945022,-0.6565507786511506,0.9880667629135798,-1.0859964458299556,-0.4489163015126314,1.1554609390391062,-1.2234166828943172,-0.5895507786511507
152,1.0851955215994207,-0.9569226812167144,-0.5522706434375977,1.279828327483305,-1.2152299295706726,-0.6536101905948852,1.061012896484503,-1.054516018514154,-0.4515077993519043,1.1540491159621564,-1.2297354351325012,-0.5866101905948853
153,1.1858830728014635,-0.8980384646827928,-0.5615468990471608,1.2746739216526675,-1.229113261299824,-0.6500503389799763,1.1477590628346133,-1.0053184731776468,-0.4823227212393453,1.1511170395096468,-1.2412495120341531,-0.5830503389799764
154,1.3098802555494484,-0.8485009841733777,-0.5867923764084105,1.2681754071407494,-1.2432765685134732,-0.648083298997213,1.2566784311227974,-0.963522987824043,-0.5198417914670005,1.1463062379651245,-1.2530056856685483,-0.5810832989972129
155,1.4037995341704925,-0.8017708139422406,-0.5960523134258533,1.262611568300589,-1.2565360778871049,-0.6455753093746448,1.3437836173461517,-0.9211949819627274,-0.5290523134258532,1.1425097289966186,-1.2630553657117356,-0.5785753093746447
156,1.4814762726244806,-0.7616346755301322,-0.5939864608691765,1.2610141888079522,-1.2688203172063197,-0.6428296062396599,1.4170492544588922,-0.8829039798354472,-0.5269864608691766,1.1429767414746164,-1.2727771119450892,-0.57582960623966
157,1.5538341547970629,-0.7139472814558563,-0.5832870095355851,1.2614901806835985,-1.2818965168951568,-0.6392920106037003,1.4858779456143236,-0.8361043596921978,-0.5162870095355852,1.1453924473051882,-1.2839462610243377,-0.5722920106037004
158,1.6209493148979743,-0.674613914070783,-0.567172286878755,1.260053412979563,-1.290951615749059,-0.6337088139355469,1.5505623388943275,-0.7971033366305211,-0.5030041444599915,1.1470265556034644,-1.2913028063160756,-0.566708813935547
159,1.6808524155382867,-0.6445653607493078,-0.5446136080746945,1.2593725049261804,-1.2922491302138006,-0.6279341832224241,1.6089888834719415,-0.7670825963264143,-0.48838084660209324,1.1497930311922784,-1.291943298781458,-0.560934183222424
160,1.725165227774458,-0.6201631795622926,-0.5298099796649267,1.2638030223286916,-1.289776526019774,-0.6229287143021887,1.653114298704939,-0.7426768016078096,-0.47851199629605473,1.157568181279974,-1.288769982383452,-0.5559287143021887
161,1.755728447499767,-0.6001694876887769,-0.533982739220222,1.272076682808891,-1.2851875204780072,-0.6177167646524426,1.68379237658073,-0.7224314365723103,-0.47804278823108637,1.1693646103768498,-1.2826295275428266,-0.5507167646524426
162,1.7680852823831157,-0.5829256602868271,-0.5556543191593508,1.2852738761283473,-1.2815236875161362,-0.6107064803760867,1.6975486093141154,-0.7050034010156823,-0.48865431915935076,1.1866698079682902,-1.276589734230919,-0.5437064803760866
163,1.786030495613066,-0.5744501951656225,-0.5666802311211867,1.295735323875395,-1.2728018763980748,-0.6004594946175856,1.7150574271373427,-0.694853380652416,-0.49968023112118676,1.2038371954850828,-1.2615130547008397,-0.5334594946175857
164,1.8069798162227682,-0.5614008495340561,-0.5701153207840288,1.3125148227459005,-1.2540554294119095,-0.5890526701034868,1.7345317414051107,-0.6796354988346314,-0.5031153207840288,1.2298856785541585,-1.2360554227361893,-0.5220526701034868
165,1.8212664836337678,-0.5574601191469007,-0.5645798346414626,1.332219999401819,-1.2275594967790417,-0.5786309143915236,1.7463438623836152,-0.6722301292606169,-0.4975798346414626,1.2562496775081269,-1.204479624647694,-0.5116309143915236
166,1.840616280473942,-0.5520313331605428,-0.5493251892677447,1.3538223302738612,-1.1978493878365986,-0.5729012700668474,1.7631473487989848,-0.6632174277426236,-0.48232518926774465,1.2803061253206676,-1.1726853200913898,-0.5059012700668475
167,1.8564557055598567,-0.5393571936815604,-0.5362352175036076,1.3726559648877452,-1.1772555941074714,-0.5785163683214787,1.777351013816006,-0.6481499904125556,-0.4692352175036075,1.2967432210809062,-1.1534763210743293,-0.5115163683214786
168,1.8725992359244725,-0.5212662623407804,-0.5316795662435339,1.3837186910235784,-1.1710060046198332,-0.5850086167844579,1.7920445121848485,-0.6291329817059004,-0.4646795662435338,1.3057209320390126,-1.1495028243544065,-0.5180086167844579
169,1.8831652806859762,-0.5089714135301877,-0.5211397237670378,1.3879115389447958,-1.1715104188097287,-0.5859169796631118,1.8016136692624838,-0.6159836258066465,-0.45527394139025423,1.3082820581060202,-1.151677092470007,-0.5189169796631119
170,1.8847613837117376,-0.5061576023471068,-0.5062662160594787,1.383769324004096,-1.1776139244210433,-0.5832564634108612,1.8029201533192816,-0.6124096095335196,-0.4430863975310395,1.305022364437026,-1.1584334477555465,-0.5162564634108613
171,1.884724000337624,-0.5036710813355048,-0.49042975665138866,1.380689600351357,-1.184358486504515,-0.5803321186215511,1.8029740544586415,-0.6095554396223624,-0.4298366209179989,1.3037026616363758,-1.1657755464028914,-0.5133321186215511
172,1.8877880714051227,-0.5021355512552188,-0.4733478328169545,1.3769512987844448,-1.1911101813428329,-0.5724557084652044,1.8062812230698566,-0.6080212841741965,-0.4146824836345771,1.3036221406571369,-1.1724362249486373,-0.5054557084652045
173,1.8925119023301389,-0.502754831844841,-0.45718433942304454,1.374557731626251,-1.1943809857311591,-0.5632204784228767,1.81062894868634,-0.6083504354300843,-0.39996654690050737,1.3058398793914106,-1.1745410432758674,-0.49622047842287675
174,1.9011421890151579,-0.5015360767384378,-0.4483876628467086,1.3701403827560026,-1.1989399174590913,-0.5512933362748125,1.8179653079402525,-0.6062226573367921,-0.39077835738916183,1.307211020697363,-1.1771299222846834,-0.48429333627481247
175,1.910131315278019,-0.4964520274047498,-0.4507369231192554,1.3661591806878701,-1.2052209763173702,-0.5392473254677171,1.8254900970925942,-0.5999781204704885,-0.3901815643783922,1.3088298240174905,-1.1812969236020687,-0.47224732546771714
176,1.922513049572896,-0.49346724005885145,-0.4557860410482278,1.3624677029551973,-1.211338954442215,-0.5283843705341333,1.8358830032052507,-0.5952698908979418,-0.391733243672561,1.309537437290143,-1.1852386169368745,-0.4613843705341333
177,1.9343232649474058,-0.49166786399122553,-0.45991272556161805,1.3583210694699202,-1.2164290631973393,-0.5164781294999115,1.8458709853796873,-0.5917787338459142,-0.39291272556161805,1.309680728903285,-1.1873877729141362,-0.4494781294999115
178,1.9419878280261966,-0.4894045786334722,-0.4642032304370689,1.3562068349222156,-1.218581565596029,-0.5101055422389793,1.851956382999799,-0.5878465705885141,-0.3972032304370689,1.3103553509811374,-1.1874041044487207,-0.4431055422389793
179,1.9475110973671446,-0.483746995914937,-0.47086786699866684,1.3563569094494352,-1.2219810427615652,-0.5085185117778721,1.856635322745181,-0.581143865127326,-0.40386786699866684,1.311713209326602,-1.1890731991717824,-0.44151851177787216
180,1.9514001621512347,-0.48309517830168536,-0.4766192320673537,1.35527235405721,-1.2241410444632703,-0.506300795444734,1.8600858761576586,-0.5792428980723553,-0.4096192320673537,1.3112579895762377,-1.1897015403166944,-0.43930079544473405
181,1.9530187138433264,-0.4838797812180302,-0.4857035380929463,1.3541283794755743,-1.2246555154042027,-0.5062225562661641,1.8611675092096136,-0.578497863264539,-0.4187035380929463,1.3104505726213262,-1.1878978674130223,-0.4392225562661641
182,1.9589586085996786,-0.48674093882148584,-0.4908621629739364,1.3536818153581778,-1.2213530498236926,-0.5109167417550644,1.8660889990053335,-0.5798765527695926,-0.4238621629739364,1.3084680266103903,-1.1832923846930774,-0.44391674175506435
183,1.9647958845972,-0.4889424358340517,-0.49854483260325544,1.3566255093692718,-1.2167787615987078,-0.5209067071836387,1.8712184102415024,-0.5808536772462145,-0.43154483260325543,1.3089135260461746,-1.17791075155461,-0.45390670718363874
184,1.9687769420393892,-0.49284441904938003,-0.508622417789399,1.3598391272076555,-1.211006821560023,-0.5344581106719368,1.8745140738734194,-0.5833455933800914,-0.4416224177893989,1.3086555607565828,-1.1718618883362986,-0.46745811067193677
185,1.9702520993763728,-0.4978085373293003,-0.521319104821018,1.3641493645722194,-1.2060689915667613,-0.5494601861541784,1.8754833367878718,-0.5870429266940197,-0.454319104821018,1.3090708581024928,-1.1663658608447154,-0.4824601861541784
186,1.9697517598385077,-0.5009553927025256,-0.5352313343582451,1.3700173044914465,-1.200964470489925,-0.5629460636673271,1.874480828117774,-0.5890216874918399,-0.46823133435824515,1.3106590653175574,-1.1605313616833148,-0.4959460636673272
187,1.9622005732382406,-0.5052382164779874,-0.5472269296478967,1.3757141293610204,-1.1920872368994924,-0.5712154149842004,1.8665501089418997,-0.5921815374079915,-0.4802269296478967,1.3124810369337667,-1.1508719363394948,-0.5042154149842004
188,1.9477004236121673,-0.5110563808406432,-0.5625171607887134,1.3858392065902252,-1.1802317598188956,-0.5797532743369922,1.851517987861206,-0.597059319290026,-0.49551716078871344,1.3185101276774902,-1.1382908323134024,-0.5127532743369922
189,1.9346628586834513,-0.5148317375279912,-0.5737124173618295,1.3986302713936412,-1.1700677805639752,-0.5798907964206674,1.8392226497715556,-0.6008806162573346,-0.5067124173618296,1.3282830516880595,-1.1290386253096112,-0.5128907964206675
190,1.9167673728144892,-0.5199007607945334,-0.5847430795983253,1.4146997174895533,-1.162056102598561,-0.5734844178513465,1.8225017628348597,-0.6070251308330428,-0.5177430795983253,1.345187797275854,-1.121705725038899,-0.5064844178513466
191,1.89356084923554,-0.5229552297292941,-0.5965513930219075,1.4404144660692269,-1.1622133760153048,-0.5619060740369222,1.8010317162733132,-0.6123526303468936,-0.5295513930219076,1.3744119332294518,-1.122421076744675,-0.4949060740369222
192,1.8698531782583943,-0.5243575809514882,-0.6095183155922788,1.477845559115862,-1.153428809157646,-0.5481786845496595,1.7804700827555409,-0.6175983114159467,-0.5425183155922788,1.4196032381014576,-1.111672536841667,-0.4732178428559202
193,1.8458730740645337,-0.527451776669199,-0.61939713044211,1.5400462089279103,-1.1244410506941622,-0.5555999828859897,1.7609613103964734,-0.6252334497429676,-0.55239713044211,1.4866715310314107,-1.082785152599985,-0.4544162735466633
194,1.8336099515370408,-0.5275811633617123,-0.6228486165824736,1.6045025194696465,-1.0797861448079784,-0.5561919393363799,1.7531749586276093,-0.6291326663047513,-0.5558486165824736,1.5531261915973702,-1.0415187707692821,-0.43312444112928755
195,1.821204315044794,-0.5330670208237503,-0.6238453735093854,1.713765527226839,-1.001026395013127,-0.5547059839944624,1.7451505466484165,-0.6388153762123917,-0.5568453735093855,1.6518542274021244,-0.9724655777714585,-0.4338886207322859
196,1.809559299476748,-0.5351623812637125,-0.6237437819794391,1.8141680796223931,-0.9182223299464976,-0.5465811304405903,1.7370442737418466,-0.6436678091010843,-0.5567437819794392,1.7415039081651025,-0.9003685632667338,-0.42972676080024
197,1.7994378707658165,-0.5409498151863006,-0.6218659746204491,1.9255662760983818,-0.8119945761287597,-0.5430093191104045,1.7294157347928398,-0.6499940988147643,-0.5548659746204492,1.8387939981471413,-0.8089218374812988,-0.43518521232949453
198,1.7938467268858767,-0.5504268238054567,-0.6201996813364432,2.039630562535367,-0.6925425359712892,-0.5382422478639768,1.725977510682187,-0.6586429306970888,-0.5531996813364433,1.9389883880530214,-0.7076056131826692,-0.45322373777107466
199,1.7899558504254878,-0.5581071570591608,-0.6203721248930449,2.174276020112759,-0.5490119054989496,-0.5494073716525462,1.7246021737487376,-0.6653551057057062,-0.5533721248930449,2.0594918389947474,-0.5840908482746759,-0.481921414596414
200,1.7859057129594498,-0.5645431153542896,-0.6196168121100554,2.2952616901370697,-0.42342996076415973,-0.5443295681924678,1.72248282444207,-0.670265721536388,-0.5526168121100554,2.1732495517703705,-0.4726107887990375,-0.48146245610724786
201,1.7805400010521475,-0.5675216465741912,-0.618962485810856,2.3910142224605146,-0.3326369672567169,-0.5059824818911778,1.7188686322743956,-0.6719564348012725,-0.551962485810856,2.266803924399144,-0.3902744054347793,-0.46074139167938627
202,1.7719413223911737,-0.5676125740176325,-0.6191750626771746,2.448704156582496,-0.2753487234479075,-0.46553631147286373,1.712886530463836,-0.6710168873435145,-0.5521750626771746,2.324806782906196,-0.338390544570077,-0.4423047480790911
203,1.7619350201962356,-0.5654842327209856,-0.6198334138862529,2.4829883522866134,-0.23815879922832506,-0.4458212030066059,1.7057303733704452,-0.6672485838505174,-0.552833413886253,2.3597686238167648,-0.3045782814594652,-0.43460479955596126
204,1.7471044935368831,-0.5644778661118655,-0.6181306072624935,2.5048888750457103,-0.21685402613746207,-0.4624854452221283,1.695317608871394,-0.6630659751282839,-0.5511306072624935,2.3823864288710888,-0.28621598106490653,-0.44200821174705157
205,1.7285974951835237,-0.5639873735155855,-0.6086332136429564,2.507164198383864,-0.2064956567730699,-0.515920721756379,1.6830568047614656,-0.6571239225115572,-0.5416332136429565,2.3866394939275346,-0.27898622970245224,-0.4639548908509032
206,1.709016392900255,-0.561128788932929,-0.5929952095004154,2.502409244848993,-0.2035776687113141,-0.5569122264834476,1.6744708818929461,-0.6474461493340825,-0.5259952095004155,2.384771968199518,-0.2789326024500226,-0.4899122264834477
207,1.6922834857243765,-0.5526266178141162,-0.5723163641745552,2.4878362460870016,-0.19932916816573593,-0.5791577853018746,1.673150394751476,-0.632179625893645,-0.5053163641745553,2.3732720359105337,-0.2767058318505809,-0.5121577853018746
208,1.6837999051203973,-0.5340849921555085,-0.5529280600401405,2.4756230091443308,-0.1953733876795335,-0.5918748078199867,1.6765890097012766,-0.6110490724892182,-0.48592806004014055,2.3635689591756113,-0.273611964330153,-0.5248748078199867
209,1.67843286516626,-0.5128694950817735,-0.537003908136973,2.4679862094159852,-0.19770881824480602,-0.5973908165046415,1.6821996700998079,-0.5882221638439805,-0.4658908422538481,2.356972320103241,-0.2741958081005723,-0.5303908165046416
210,1.6723092858903663,-0.48405085930073677,-0.5357041734754205,2.4621608917825477,-0.2119505075498861,-0.5987105746396397,1.685179836046006,-0.5617926908417982,-0.4490014410146093,2.351213998090531,-0.2850328279420179,-0.5317105746396398
211,1.6677091950564766,-0.458583801837236,-0.5285879551321544,2.454245232978382,-0.23787888869789275,-0.5958234610180884,1.6865263218074227,-0.5441201029732529,-0.43954005428362186,2.3425208861022377,-0.30625984057930145,-0.5288234610180884
212,1.6653048677151667,-0.4444680501782345,-0.5204807046253548,2.445060519666003,-0.26336476105088463,-0.5902233808684518,1.688504545182513,-0.5366132547223019,-0.43591682178260593,2.3328545970623957,-0.3275451948010372,-0.5232233808684519
213,1.6633879958853748,-0.4355697955271458,-0.5107591935079725,2.4387138902411487,-0.27539748207537884,-0.5798383035513706,1.6877195357546833,-0.5304158653399205,-0.4305708999487704,2.3256459503636386,-0.33510950461833233,-0.5128383035513705
214,1.6592140776653133,-0.4351536085101655,-0.5009184748358748,2.43212169237326,-0.27916935581889657,-0.5675932344449091,1.6838314516086421,-0.5308752705546906,-0.4249600662243891,2.3191178423900447,-0.33609459299769906,-0.5005932344449091
215,1.6552474513713258,-0.4440563497682453,-0.4925144305389391,2.4313577726546662,-0.2757882652421833,-0.5572054608913877,1.6808229997817414,-0.5392196355005145,-0.4191658438297726,2.3184405133191484,-0.3303648409982563,-0.4902054608913876
216,1.6488260963692363,-0.45766879314169623,-0.48150366654944987,2.4345102945103343,-0.2688183307050202,-0.5448298021010494,1.676017705513447,-0.5506290315984224,-0.4094943881682491,2.321248997165173,-0.32116920942053534,-0.4778298021010494
217,1.6409877016834167,-0.4640148516998096,-0.4695988771652147,2.4415175094894317,-0.2621911999091907,-0.5318532997464069,1.6690887882999328,-0.5546692844733997,-0.3986929189061055,2.3275874629310516,-0.3116401370868488,-0.464853299746407
218,1.6362928484932575,-0.4718845064003975,-0.4586442721086318,2.451230678464571,-0.251551168616584,-0.5191490305536837,1.6668987010971699,-0.5597809130509407,-0.39064722953973713,2.336921903993288,-0.29896204417543715,-0.45214903055368366
219,1.6308739648956014,-0.4861119097639695,-0.4475119681818656,2.4599155055183126,-0.24075600566164407,-0.5075693792737647,1.665765510668154,-0.5690297192503586,-0.380374290887229,2.345599310268755,-0.28681552471414956,-0.44056937927376466
220,1.6249574786580063,-0.5021460453004202,-0.43987631895082735,2.4659329122460343,-0.23526484760945643,-0.501201659191342,1.6656437879956223,-0.5782739916772207,-0.3688468947298246,2.3516590511954285,-0.28034217152303065,-0.43420165919134196
221,1.620713562496166,-0.5152000132347221,-0.4323706206903982,2.471097261436443,-0.23554762633095921,-0.494531773261449,1.6674321003036305,-0.5840859356666679,-0.35715686719836914,2.3566218025760457,-0.2792434635902518,-0.427531773261449
222,1.6178705616899856,-0.5283567016854607,-0.4241897513445484,2.473750971169127,-0.2346174126401268,-0.4867712077602227,1.6700917406984694,-0.5906765168443047,-0.3458150162204583,2.35965783140148,-0.27855292017606126,-0.4197712077602227
223,1.6170858679262232,-0.5380872885857881,-0.41676930139566026,2.4751435456720423,-0.2326790790234865,-0.47963676393398874,1.673914724394424,-0.5942966143761934,-0.33591724145779245,2.3614252893177103,-0.27742768332112444,-0.41263676393398874
224,1.6153553710502444,-0.5441838094130969,-0.4115233321391552,2.4762419448417483,-0.2331103571788286,-0.4748641179077222,1.6760972128433047,-0.5949988552466845,-0.3276291134826734,2.3626323775571643,-0.27800523127474536,-0.4078641179077222
225,1.6160866487822454,-0.5465738402910411,-0.4081127142932837,2.477066682656757,-0.23675110212041728,-0.47206859978098625,1.6799771655402105,-0.5924699532098948,-0.32051750381846184,2.3635534662804525,-0.2814341115064799,-0.40506859978098625
226,1.6182579857896564,-0.5496602858685827,-0.40932479166696223,2.4788129491399524,-0.2403845395230627,-0.4739379482828026,1.6844968063424823,-0.592138549246726,-0.3183408294282799,2.3656555426906345,-0.28503431931966305,-0.4069379482828026
227,1.6202180361860337,-0.547308556678002,-0.4143932656137184,2.4799509918802323,-0.24489342415541898,-0.4797579516511144,1.6873028850668015,-0.5887609645149161,-0.31993623438884633,2.3672154075019898,-0.2889992817661215,-0.4127579516511144
228,1.6194334509924624,-0.5404507526127629,-0.4200120547493771,2.4802853646830294,-0.24668455207031292,-0.4862142699847828,1.6868498805121157,-0.5826864846913151,-0.32321425424915656,2.368431183989403,-0.29037961446922345,-0.4192142699847828
229,1.6169011141055898,-0.5312249324310476,-0.4306475962608782,2.4788338686221913,-0.2477939388740713,-0.4974890250039349,1.6830177451366262,-0.5768068096626455,-0.33235808361294367,2.3681912268394307,-0.291522916315859,-0.4304890250039349
230,1.6214067564761145,-0.5118488384543551,-0.4509332783546763,2.475781820849131,-0.24848243725882896,-0.519095124577938,1.684749744967173,-0.5635556293784274,-0.35046199307387915,2.366290032998274,-0.29261234534369834,-0.452095124577938
231,1.6371645100788847,-0.48644826981708156,-0.47470223192114674,2.466033003516652,-0.24780885550662624,-0.5449697961957045,1.697160399742581,-0.5456019458501016,-0.3732052154690809,2.358533493466832,-0.29270909402057277,-0.47796979619570445
232,1.6610651642939112,-0.46406039596991344,-0.49432381773676387,2.4533902437349817,-0.24449056388335033,-0.5677749892749662,1.7184755832811853,-0.5285445153851966,-0.3880774475612516,2.347472246076729,-0.28938767315344616,-0.5007749892749662
233,1.7097973023875803,-0.44307297092833753,-0.5097681778081329,2.4313995336516947,-0.243583288015511,-0.5873376310475737,1.7699104939921946,-0.505169209064629,-0.3980786102422149,2.3273289000018687,-0.28909310323157544,-0.5203376310475738
234,1.7676863512008958,-0.4143875127976867,-0.5174707997130241,2.416138409635382,-0.23794110476431574,-0.6071192534254874,1.8279962679355912,-0.4726804083531829,-0.4035654890822258,2.3124840771764092,-0.28310446798262323,-0.5401192534254875
235,1.8456045332547455,-0.36928239372875254,-0.5256943990299937,2.4098866599794655,-0.2348918309560017,-0.6199395033428905,1.9025742951031952,-0.42463228014614146,-0.4084344793865916,2.305283831357601,-0.27820819524433177,-0.5529395033428904
236,1.9393782300379052,-0.3018917740278356,-0.5343327196871202,2.4088521284487023,-0.24022072562504937,-0.630681093100206,1.9871479553606286,-0.3590687216215246,-0.4139176281725327,2.3020386939372792,-0.2795124650888555,-0.5636810931002061
237,2.038194965584412,-0.22024151766832917,-0.5489924702188226,2.4169003330303576,-0.24145782077845185,-0.6382665471574518,2.0695771388842013,-0.2879207142644748,-0.42856045098511897,2.30811081641747,-0.2765668937021121,-0.5712665471574517
238,2.135602608937264,-0.12475499767026188,-0.5601693937640714,2.433402792233468,-0.2425678398009229,-0.642532312140994,2.1481333530130393,-0.20525679248532536,-0.4442720959048795,2.322989371288062,-0.27409360068997624,-0.575532312140994
239,2.250170926832396,-0.014684457806045825,-0.565055243974221,2.4506695599190773,-0.2446255129846881,-0.6459460345131502,2.241647462629515,-0.11037500622599822,-0.46363202770773027,2.3389053431235136,-0.2739393753084491,-0.5789460345131502
240,2.3528834686264597,0.09362242060003495,-0.5631688654742615,2.4615232006296717,-0.24920498145522857,-0.6460646087289219,2.3253018066868387,-0.014472055563352348,-0.4839677821755771,2.3485441424533926,-0.2754761756748178,-0.5790646087289218
241,2.4932622272460003,0.18621444680471225,-0.5881033623678542,2.4565996114103337,-0.260653466203024,-0.6437557423574782,2.443720835813715,0.06911785878915591,-0.5211033623678542,2.3425215069143315,-0.28065076492052277,-0.5767557423574782
242,2.649575611703349,0.2466154503243692,-0.5792262545129307,2.4489233550953395,-0.2712068003994696,-0.6396704727497171,2.5820500907825954,0.13007194870884492,-0.5123388897266459,2.3339257297443874,-0.2833375377041571,-0.5726704727497172
243,2.7773206389117897,0.2853236388081356,-0.5511657995614766,2.437867865579194,-0.2764868174081997,-0.6359617363352577,2.6963355994392098,0.17263660986364326,-0.49312805808971333,2.324207798259324,-0.28210097889959374,-0.5689617363352577
244,2.8833148280673706,0.32157200490755805,-0.5120070385223745,2.4277457843118393,-0.2770933517284893,-0.631080167728894,2.793549040942737,0.21244230037255057,-0.47119050117158207,2.3167819629007065,-0.2775821098156475,-0.564080167728894
245,2.9723846360662103,0.3516668668290312,-0.45683784978516195,2.42188771512295,-0.27237075657642534,-0.6279711241530015,2.8774852200963617,0.24533060847722837,-0.4454679918097092,2.3134248897054315,-0.26906520218647173,-0.5609711241530014
246,3.0454119315607224,0.36142080026686974,-0.42183751604405567,2.413551064418045,-0.2640979687589329,-0.6219222900613897,2.9474895468218003,0.25772181647837944,-0.42343801996556446,2.3088672777874146,-0.25640205544411354,-0.5549222900613897
247,3.101614726819464,0.37460972171424456,-0.398950009200756,2.4104869497198544,-0.2612686922013896,-0.6167675822712821,3.0021304619688474,0.2725273947059972,-0.40631994471329874,2.308554215468832,-0.2507625986993449,-0.5497675822712822
248,3.1354062130511986,0.38162977828614314,-0.3992267168989817,2.407173516398786,-0.2708120213545124,-0.6030039390555064,3.035923855549215,0.27977368815772136,-0.40578591003328957,2.3099545260728584,-0.2575567232168476,-0.5360039390555064
249,3.1544994402453606,0.3915565072383467,-0.43685803533839374,2.4105909604355995,-0.2793548346672472,-0.5894502984779655,3.0554407525584404,0.2893746926273886,-0.41888299625094516,2.319072632841796,-0.263301575294536,-0.5224502984779654
250,3.1750987852598493,0.4016850756625335,-0.48760388523356757,2.421211027600891,-0.284188075162967,-0.577270871918653,3.075807937481529,0.30010833760301275,-0.4355068586282477,2.3350714827562635,-0.263430280782779,-0.510270871918653
251,3.1999088734252448,0.41345970240095115,-0.5193704763488245,2.438896885500669,-0.2822480061962321,-0.5665946999625635,3.1002828091247077,0.3129697209284589,-0.45237047634882444,2.3573349028689856,-0.2563540795757487,-0.49959469996256345
252,3.229988691337014,0.42214865403999136,-0.5332121321612571,2.454612073428536,-0.2733518688119526,-0.5555110642367576,3.128923711306954,0.3237646909319286,-0.4662121321612571,2.379148152596856,-0.2410771159566517,-0.4885110642367576
253,3.259214130268135,0.4315636016902349,-0.535996412737189,2.4720270010090255,-0.26041266242891337,-0.5431859845946414,3.156853404865303,0.33579374183982824,-0.46899641273718895,2.4004189046478652,-0.22496771733194376,-0.47618598459464134
254,3.2791483357463287,0.4474910599831777,-0.5342257626690109,2.4899086907420562,-0.24992664626796673,-0.5313898928798874,3.1772291615519928,0.3521691141370969,-0.4672257626690109,2.4226385906253265,-0.21269418767650555,-0.46438989287988736
255,3.2950864481083793,0.4617491857604904,-0.5273408647538366,2.5093542384259147,-0.23113990859223177,-0.5274933930398168,3.193857793723766,0.36637435569333265,-0.46034086475383657,2.443696890985195,-0.19273866252136995,-0.4604933930398168
256,3.3066183052101517,0.47824329980919134,-0.5262327888414735,2.5256332478561783,-0.21747740260055293,-0.5270468690798158,3.2061839423218155,0.3826864967615343,-0.45923278884147345,2.461620720390358,-0.1784641360371374,-0.46004686907981573
257,3.312947066751776,0.48280059158506056,-0.524394729960281,2.5361499807513335,-0.2021050417452846,-0.5283029469135586,3.2127640566504576,0.3881942442029919,-0.457394729960281,2.473181637255011,-0.1631181204348598,-0.4613029469135586
258,3.319409400594993,0.4844596059248975,-0.5212195445355237,2.5419720415003733,-0.19149936277408092,-0.5304631520565808,3.2191778723128275,0.3910341383145383,-0.4542195445355237,2.480271846426292,-0.15319503385562389,-0.46346315205658084
259,3.3257760005557495,0.48445913068579766,-0.5185849185477702,2.5432847040259796,-0.18410698265207676,-0.5319917316924541,3.225169797476526,0.39247224539147946,-0.4515849185477703,2.4835916953647095,-0.14638213009012607,-0.4649917316924541
260,3.3327859874493706,0.48260489935050643,-0.5140329255781748,2.5384700681693184,-0.1773902206682142,-0.5312094344816782,3.231340729785644,0.39184923181305564,-0.44703292557817487,2.48257037360736,-0.13929856112231576,-0.4642094344816783
261,3.340561859875799,0.4762490842666586,-0.5084541673045846,2.5297681024371395,-0.172642878798012,-0.5314667457919808,3.2369694640933284,0.38750837037229136,-0.4414541673045846,2.477843218117834,-0.1335931937966387,-0.46446674579198083
262,3.3488390662381784,0.46737906311281074,-0.5013743551408187,2.5194004394719736,-0.16789792503587853,-0.5250139148866073,3.2431792833516733,0.38091263149507393,-0.4343743551408187,2.4732969023893014,-0.12694691147081505,-0.45801391488660725
263,3.357432719547554,0.4602247019362723,-0.49725633977935707,2.508417453844353,-0.16451558572528013,-0.5182214987187186,3.2493424678633653,0.37597180801155916,-0.43025633977935707,2.468314226944252,-0.1220267127203668,-0.45122149871871864
264,3.367523043768494,0.45637002381337777,-0.4950157596328577,2.4977073961664127,-0.16452634540544853,-0.5103522135475,3.2575970584321903,0.3735687414075245,-0.4280157596328577,2.46290084661731,-0.12081426588045463,-0.44335221354750004
265,3.3774779397336436,0.45154095776883896,-0.49138948167253227,2.4853305775014354,-0.16729231588037674,-0.497505812296159,3.266178067335267,0.3700480271181279,-0.42438948167253226,2.45632171214499,-0.12196286431940262,-0.430505812296159
266,3.3898597259189787,0.4438088819134882,-0.4873443052119589,2.472893168416232,-0.16802051814907282,-0.48484698980515956,3.2768331963684263,0.3648867889989069,-0.42034430521195887,2.449164022889346,-0.12162116321438043,-0.41784698980515955
267,3.401611044950184,0.4364375304941498,-0.48551875407347467,2.4603496044346658,-0.16537840845543517,-0.47407621199736383,3.2868032007881967,0.3604838382963501,-0.41851875407347466,2.4414462893673745,-0.11774404528099669,-0.4070762119973638
268,3.4131722738476284,0.42957731183155246,-0.4881536090693642,2.4521266212196835,-0.16103736464397245,-0.46873036268569723,3.2963297059269436,0.3571766227064914,-0.4211536090693642,2.43694841763692,-0.11155156199352079,-0.40173036268569723
269,3.4235595197169744,0.4232754349958736,-0.48905930116605695,2.444218131968256,-0.15559539792420085,-0.46339735582303937,3.304906520315882,0.35421063902495686,-0.42205930116605694,2.4317785829989873,-0.10499814746262248,-0.39639735582303937
270,3.431637074118828,0.41870362871146083,-0.49401466907104824,2.440354044800972,-0.15034705585980535,-0.46420361460289333,3.3115093962013473,0.352192847065686,-0.42701466907104824,2.4299371198475113,-0.0981286782696259,-0.39720361460289333
271,3.4396429164288262,0.4122373210940017,-0.501432206661919,2.442761133420251,-0.1453617167916642,-0.47285055759690126,3.3186096651432733,0.3486841964277877,-0.43443220666191895,2.4316344959614495,-0.09118997578290566,-0.40585055759690125
272,3.4480870771774645,0.40878200807998843,-0.5143820310594158,2.4490560996899005,-0.14225309810210995,-0.48975416669860644,3.3263739753136035,0.3474676636738605,-0.44738203105941576,2.435443084276616,-0.08607655486633115,-0.42275416669860644
273,3.456224436106015,0.4041095733752116,-0.532518834861883,2.4603855555670746,-0.1387107610592977,-0.512546808513769,3.3336107676642426,0.345502710353361,-0.46551883486188295,2.445183450521756,-0.07933070658542074,-0.44554680851376893
274,3.46656715281141,0.4034457332752478,-0.5534574453951409,2.477953040672662,-0.1359655731059778,-0.5342039530397942,3.343604916406991,0.34688220688326477,-0.4864574453951408,2.4600780249370358,-0.07324253252522828,-0.4672039530397941
275,3.467310979786464,0.4110743642651341,-0.5766621896401802,2.5023476628690444,-0.13027005485660814,-0.5503054329530159,3.344924136820384,0.3552667588793538,-0.5096621896401803,2.4838084129720412,-0.06537204078800463,-0.483305432953016
276,3.4604221566405498,0.42261980739935123,-0.5968227076677493,2.532288072892686,-0.11946585508481777,-0.5555268216280154,3.339334039279481,0.36657521394594395,-0.5298227076677493,2.5151140077796184,-0.05298462244169033,-0.48852682162801536
277,3.4478291562963816,0.42840454867069444,-0.6127365532735181,2.5723136357237193,-0.10279596457298079,-0.5569250288823437,3.3275338403154704,0.37305342545692644,-0.545736553273518,2.555414407627711,-0.03537738928611556,-0.4899250288823437
278,3.435358863807795,0.42908643967184135,-0.6180646267708845,2.629213523603556,-0.08205161207643441,-0.5587087717827863,3.3156789359818672,0.3745449114468963,-0.5510646267708845,2.6120218751202797,-0.014112569031390465,-0.4917087717827863
279,3.4295810845178663,0.4317294122180759,-0.6256267007663205,2.7018365052026807,-0.06129440055276758,-0.5651087352302698,3.3101410653871595,0.3779791058502018,-0.5586267007663205,2.6828411903661786,0.005933916707974607,-0.4944555057361081
280,3.4211447943616973,0.43471644086497163,-0.6364104242553086,2.7911257256437407,-0.03577753143651152,-0.5748642331678597,3.3021300841737853,0.38067290944712495,-0.5694104242553085,2.7686066438127623,0.02946785850184297,-0.4958185959090561
281,3.410917026283715,0.4351125622171179,-0.6440548034852693,2.903026861431573,-0.014891329966185918,-0.5823268104172399,3.2926204030537347,0.38061123732507385,-0.5770548034852694,2.8702283625626306,0.04856472853601135,-0.5046928573793124
282,3.4100590901560635,0.43385592924430105,-0.6532198737615731,2.9969188081211895,0.005876757968208524,-0.5906638706154391,3.292210455436215,0.3799387596733782,-0.5862198737615731,2.953240673441395,0.0668746613152239,-0.5119875339025644
283,3.399096543585858,0.42647692004704296,-0.6637875741579169,3.123730214929185,0.036874616542099115,-0.6001085272026119,3.282512689625821,0.370620453753708,-0.5967875741579168,3.0646004776116227,0.08966198007130444,-0.5206184409715765
284,3.374845971660849,0.4094205990430909,-0.6668497164362384,3.2806678314974276,0.08971135765286264,-0.6042920954161161,3.2606621285250155,0.34925683289738474,-0.5998497164362384,3.198441361384627,0.12748043686123667,-0.5329477942102863
285,3.3534657063591764,0.3948064945071077,-0.6660325530787659,3.405945301305084,0.12674870112827774,-0.6057016594955994,3.2426361742127225,0.33044530967167374,-0.5990325530787658,3.3077979686367796,0.1479505501120424,-0.5383988937159728
286,3.3333860968197184,0.38655258956400473,-0.6625490823205453,3.53010192857631,0.17615933957544883,-0.6040338316377145,3.2258336876476603,0.31894381585566123,-0.5955490823205453,3.420046601160844,0.1803192073389681,-0.5370338316377145
287,3.3080585460115897,0.3766483497177109,-0.6606376164348811,3.6741176704813467,0.2644002866302475,-0.6081913106830805,3.203169719402932,0.3074734341655716,-0.5936376164348811,3.5516587654997336,0.2509030532394394,-0.5411913106830806
288,3.28433481218526,0.3713063949980153,-0.6594431339604772,3.810779336711856,0.3489612693228139,-0.5945186757508638,3.1821323222131452,0.30051813072341815,-0.5924431339604771,3.6811898386687956,0.3216895217337026,-0.5289743796689427
289,3.2644991502203977,0.36730608608221915,-0.657170993016351,3.9139918163456953,0.4312289383599749,-0.5466189822755947,3.1659051552453077,0.29454782869315055,-0.590170993016351,3.782000429932121,0.39434105421996024,-0.5006015435916074
290,3.2462159996752105,0.36942999741462257,-0.6565711735577568,3.983170360875543,0.47839572212127235,-0.49772898394409193,3.151866600466188,0.2956447221937516,-0.5895711735577568,3.8504909580473266,0.43737622281936195,-0.47741096771669234
291,3.2324085178304456,0.3758847755299184,-0.6567795947493709,4.028319874637201,0.5189139586792562,-0.4710801037253536,3.14315932416208,0.3004689854488942,-0.5897795947493709,3.8953438790965818,0.47621772111516925,-0.46432755312339435
292,3.215944516798582,0.3866335812531334,-0.6533828001619262,4.0602698506322765,0.5410035017453056,-0.4686365066171569,3.133184838434782,0.3107434276066643,-0.5863828001619262,3.9267963351217174,0.49891517195328294,-0.4637463627458495
293,3.1924901190980206,0.4012948761352053,-0.6433319260072505,4.078052404878927,0.5463933835395327,-0.5053848780221126,3.11907030975659,0.32507469157061486,-0.5763319260072506,3.944212678430868,0.505128953851079,-0.4769356972169674
294,3.163003657014097,0.42338897525544206,-0.6255858500757379,4.086745742709364,0.5384144061731819,-0.5634610798152473,3.1019740439960612,0.3480862253832344,-0.5585858500757378,3.9531751908371104,0.49751450359101335,-0.4974513328828972
295,3.136261005633183,0.44977825296706175,-0.6034406617574744,4.087064434521504,0.5252380908805749,-0.5911449984006933,3.0895699157646375,0.3745300115425012,-0.5364406617574743,3.9540131583145337,0.48571687353438353,-0.5241449984006933
296,3.1151675938009573,0.4704125533561938,-0.5783883981145594,4.082347786271508,0.512807787464165,-0.6190925292409633,3.0862866996168448,0.3940420458774798,-0.5113883981145594,3.950056409680779,0.47418066959192684,-0.5520925292409632
297,3.0994162916065404,0.48298073736864156,-0.5713247360679737,4.080542838466282,0.49551791874605244,-0.6345649579357802,3.085474645984287,0.40376869765955037,-0.48479532559630256,3.948219334972019,0.46103180376726216,-0.5675649579357801
298,3.0918909248812367,0.49528263803350825,-0.5665527839226647,4.085638427446621,0.4775731741987457,-0.635192928667798,3.0888556775553395,0.41089551444876093,-0.46439191662861345,3.952971392582195,0.45095150466787715,-0.568192928667798
299,3.0852852881416863,0.5034645315758788,-0.5566333921193782,4.088277620123345,0.468655597840985,-0.6309524539182174,3.092827719496209,0.41426653829737536,-0.4509605248639571,3.9557615340218133,0.4470464107148253,-0.5639524539182174
300,3.0775060378030146,0.5032304427853024,-0.5442483137363562,4.0879901669934595,0.4638239047756588,-0.6217728197647732,3.0905625544503534,0.4095619819393551,-0.4443404929711026,3.9559654913857782,0.4459530017605221,-0.5547728197647732
301,3.0782151580867305,0.4992705504301693,-0.5307744455620349,4.081039285760833,0.4584645549658444,-0.6085234470095457,3.097224509817077,0.40563046139513514,-0.4337571167673887,3.9499441743907466,0.44355042976175807,-0.5415234470095457
302,3.0795128945134236,0.4892860907266514,-0.5213319786245255,4.07268852031451,0.460196580285825,-0.5979848121473696,3.102016985776241,0.39738303005198405,-0.4248323372671511,3.942827701928432,0.4463510769555943,-0.5309848121473696
303,3.0767229838416297,0.4726404505832562,-0.5144150876940627,4.063039843563767,0.4645109730823407,-0.5904571131336749,3.1035829825446326,0.38375454722479674,-0.41638803802610036,3.9347891850516516,0.4513120609386334,-0.5234571131336748
304,3.0717359065898036,0.4580513733497753,-0.5091976305717058,4.055205661047277,0.4703892367950573,-0.5850630259851859,3.1030570149310206,0.3725171285740032,-0.4078504615168022,3.9283769458420847,0.4579264718166485,-0.5180630259851859
305,3.0665254808522873,0.44529266296121606,-0.5050079580990523,4.048474422798317,0.4740646296570016,-0.5811332587905684,3.101951143846672,0.3632505947181893,-0.3989714822479048,3.9227615512468033,0.462154965979786,-0.5141332587905684
306,3.060586050145882,0.43403299306952403,-0.50127198426968,4.043870940797585,0.4750497207554524,-0.578490842988552,3.099692359559792,0.3550293013962452,-0.39075901239162825,3.9190297275712664,0.4636828467758839,-0.5114908429885521
307,3.0544685650742265,0.426275267625301,-0.49547434548904623,4.040836505976936,0.47119288089319955,-0.5778277867274495,3.096563809005043,0.3498599076513935,-0.38401342134048666,3.916578255978844,0.4614261532072712,-0.5108277867274496
308,3.051492369432405,0.41987988862817127,-0.4904133479002359,4.0387111368369615,0.4666608921033605,-0.5761700951460245,3.0960601332377946,0.3461278429967626,-0.37802640599044585,3.914824342985109,0.4588934532148107,-0.5091700951460245
309,3.0487033734877995,0.41443126734570457,-0.486106404728355,4.036144704635947,0.4615539246447463,-0.5741297974056621,3.095660985525458,0.3434218400366683,-0.3728926271862407,3.912711323316901,0.45595746573285056,-0.5071297974056621
310,3.046293209212908,0.40801556814918705,-0.48500020786553344,4.036840687411913,0.46124814857254215,-0.5719835590961548,3.0949298840938892,0.33921169151077457,-0.37111313625603637,3.9135352623640385,0.4563589583755512,-0.5049835590961548
311,3.0460323252997368,0.40462437658285033,-0.4867222184514016,4.039318383606431,0.46204659728979003,-0.5678187169407816,3.09587462333059,0.33747479705785643,-0.37230496352662745,3.915955887111184,0.457472417640437,-0.5008187169407815
312,3.0463707609693627,0.4037230712829707,-0.48920076658768546,4.039532126359187,0.46097202128754833,-0.5645132303480614,3.0970533056776146,0.3371031386314509,-0.3748977737669457,3.916335062555514,0.45696620172845104,-0.49751323034806144
313,3.0462263856475813,0.40324200468251037,-0.4904190426864692,4.039334717804716,0.46195159630963134,-0.5624546356582378,3.0963795219009382,0.3369606264133148,-0.3774106765174602,3.9164529402201635,0.4576387830276184,-0.4954546356582378
314,3.047195174708169,0.4056406235387974,-0.49102962834835007,4.040921130194467,0.46460550185949134,-0.5619304769449671,3.0967641258380825,0.3393577849558048,-0.382376791041418,3.9185588815949375,0.4594095861604862,-0.49493047694496717
315,3.0473592284021924,0.4055434020731127,-0.49318605457742204,4.042876065045411,0.4689813407632982,-0.5633528487784325,3.097087025910432,0.33892922126981373,-0.38771798945493097,3.9207760694323133,0.46202062093946095,-0.49635284877843255
316,3.0512736870715296,0.41140765574422244,-0.4998922072673203,4.045431358999935,0.4722760978027857,-0.5699038793713611,3.1001095606753504,0.34319282200780277,-0.3974398381382985,3.9235354645917093,0.46419218805280094,-0.5029038793713612
317,3.057062547063695,0.42181756969330675,-0.5110778137513775,4.049087296581136,0.47524177904961473,-0.5820063538716314,3.104065220212804,0.35063648100731737,-0.40870230437974897,3.9270936654566393,0.46574884529946214,-0.5150063538716313
318,3.069038889054597,0.4357739597453053,-0.5246663348554066,4.052963099126161,0.48266991077794386,-0.5972337187434578,3.1129458161633616,0.36003892718686414,-0.42229525028718945,3.9308067994754916,0.4707848936213429,-0.5302337187434578
319,3.0908941640355048,0.44963284768747647,-0.5447056032479158,4.05320033569116,0.49299814738916714,-0.6214453945230529,3.1338897361256537,0.3695362750499185,-0.43988097573032825,3.931003199408239,0.4777082745044168,-0.5544453945230529
320,3.1197995211960157,0.4597876816224966,-0.5629856840313248,4.043946307528146,0.5029717235994253,-0.6461435495556167,3.1634391214729627,0.3779369144868765,-0.4557622924984268,3.922590803730615,0.4842685907316122,-0.5791435495556168
321,3.1622259861239437,0.46434498532909096,-0.5783179903798803,4.027882481218243,0.5165217588772172,-0.6670556851201757,3.2079180127390865,0.38357270463603677,-0.47088490970666247,3.907853478790188,0.4949024985660905,-0.6000556851201757
322,3.2347310780966874,0.46962792072440784,-0.5946118534690974,3.9983382522547837,0.5254252294078032,-0.6820050462371943,3.2852702736342545,0.39558625612403553,-0.4842619002945063,3.8794306814158555,0.5024324396624724,-0.6150050462371943
323,3.3058944505471155,0.48776858726315175,-0.6110445473518398,3.976091237069981,0.537301328571364,-0.697223057064059,3.3519324821251795,0.4156948892193285,-0.4973650191154506,3.858359576465504,0.5148650971966234,-0.630223057064059
324,3.3742564757681786,0.5152211227770392,-0.6244275426543917,3.9643392999983726,0.5411068835611884,-0.7076459068931307,3.41206733783254,0.4414318540449683,-0.5088608121551241,3.8467369740224777,0.5203750768061225,-0.6406459068931307
325,3.445663921964596,0.5426875174302871,-0.6301517691771625,3.964257501495312,0.5439368009824569,-0.7161428818862079,3.4752809931163293,0.4680785954255874,-0.5127707925002216,3.8464882005576593,0.525602352644902,-0.649142881886208
326,3.536539308458928,0.5835698787212489,-0.6392773470514896,3.9666942876879014,0.544225657367718,-0.7228085760706546,3.555502406984929,0.5063516143798945,-0.5211831411951664,3.8480987471643724,0.5269303564071772,-0.6558085760706547
327,3.64657868538636,0.6536678714460561,-0.6494917206006783,3.9729871833755377,0.5339767975515554,-0.7271127318578499,3.6481471816136244,0.5687758071130941,-0.5350788764196175,3.8536367276741865,0.5190295023626516,-0.6601127318578499
328,3.7638208892398652,0.732394101114293,-0.6501210241975783,3.980344737713891,0.5238453317594728,-0.7288979837424483,3.7437880065494356,0.638701366276761,-0.5491354729659286,3.860439325516778,0.512226300330182,-0.6618979837424483
329,3.88401098836523,0.8281537348768743,-0.6470596257866731,3.9827573886917205,0.5133066827795537,-0.7282790352986881,3.84314776126605,0.7245426232359441,-0.5677192337201663,3.8627108997510047,0.503714656307462,-0.661279035298688
330,3.9855362877027827,0.9047315651342039,-0.6707453468595859,3.9803359538094836,0.5068867495074635,-0.7291786411558505,3.9227730884926157,0.7966447165027027,-0.6037453468595858,3.8602245330588656,0.5020282557025318,-0.6621786411558505
331,4.162108250160085,0.9278830985576338,-0.6718032856981482,3.9696503283570874,0.5022457714230246,-0.7275979419748511,4.07811608185278,0.8255437339693732,-0.6048032856981482,3.8492315711568463,0.5053003902584738,-0.6605979419748511
332,4.311759315901835,0.9494198924004922,-0.6534477455576723,3.9572677542506054,0.49411682319640016,-0.7251781989611861,4.211479507857401,0.8556398851871381,-0.5901011115588424,3.8387352381883457,0.5052815480232129,-0.6581781989611861
333,4.431379598947043,0.972777270566093,-0.6192801780356222,3.947868218095774,0.4917300686644187,-0.7224861330547672,4.321042281957144,0.8852868274258247,-0.5702101254024845,3.831763548226828,0.5081441447542777,-0.6554861330547672
334,4.52694796673995,0.9903283366668872,-0.5675303980052011,3.9446488758180713,0.4961536774147205,-0.719171623319034,4.411634555980978,0.9071897068727665,-0.5446629043515963,3.8314546858523464,0.5161348828781299,-0.652171623319034
335,4.6058442414202965,0.9962213017415769,-0.518978872283089,3.9434249967732704,0.5005206145715482,-0.7146759695845721,4.488104742805032,0.9162542425465352,-0.5181844615775226,3.8335222274461067,0.5243628301095731,-0.6476759695845722
336,4.66594628570925,0.9922263376844311,-0.49516502128738943,3.941658239349234,0.5045405641627694,-0.710174321519323,4.547528605445731,0.9135346837771321,-0.500305623876043,3.83565522311579,0.5316057220530892,-0.6431743215193231
337,4.711622192730541,0.9922996150641208,-0.4816846311986879,3.940924584140415,0.5036443161158328,-0.7039556845128969,4.593371941914196,0.9141005711941486,-0.4894747794568971,3.8389896892210196,0.5334552215723758,-0.6369556845128969
338,4.738717032572193,0.9983858164496966,-0.48972663239518166,3.941732330223484,0.49824275412636476,-0.6952713706878757,4.620879722734852,0.9196526143796988,-0.49505075768509865,3.8442720453943444,0.5301925722606726,-0.6282713706878758
339,4.759000662134834,0.998460886821874,-0.5283172942651848,3.9491242499815904,0.4947095269419034,-0.6877385867091732,4.640789154337593,0.920381670639642,-0.5131973236056881,3.8560438187586747,0.5304202193476041,-0.6207385867091733
340,4.784703088889099,0.9973435893899172,-0.5831145769480636,3.9588824640607605,0.49359487446605854,-0.679539707603847,4.665626479277588,0.9210526690131395,-0.5340251316455951,3.8714483808374176,0.534089197242853,-0.612539707603847
341,4.812460901912285,0.9995097633518848,-0.6206837751867849,3.9715124096236956,0.49751918428322406,-0.6701815583708364,4.69185948627813,0.9270072843947086,-0.5536837751867849,3.8908652688823473,0.5451716076650295,-0.6031815583708364
342,4.844167097750979,0.999107486985006,-0.6302683351820024,3.9792817973531065,0.5034730280259033,-0.6555814741437944,4.722679480258304,0.9301376412132164,-0.5632683351820025,3.9071863436139402,0.5574163044312378,-0.5885814741437945
343,4.8695060722941115,1.0142484411275952,-0.6310118231986879,3.9876574390047743,0.5157304510152905,-0.6419756207679628,4.748167704831953,0.9467362269437878,-0.5640118231986878,3.924746554386015,0.5730824574506848,-0.5749756207679627
344,4.890728460777634,1.0239450789947304,-0.6255089241014784,3.9994366338142093,0.5269942589063439,-0.6309598880754774,4.769790040481919,0.957266137744883,-0.5585089241014785,3.9440173377879795,0.5860681839246544,-0.5639598880754775
345,4.910996905927075,1.0315060690572135,-0.6197523345229654,4.011520228747738,0.5375111699631088,-0.6232561935660867,4.790619842175854,0.9647488222052925,-0.5527523345229655,3.9622116009038812,0.5965695381691329,-0.5562561935660868
346,4.931882125730024,1.0332098420826825,-0.6169844762715961,4.023952228421674,0.552825298544589,-0.6217026011380817,4.811288160676465,0.9679578658310803,-0.5499844762715962,3.9783938950247624,0.6112153794733914,-0.5547026011380818
347,4.95166527686413,1.0287832888839834,-0.6139756068001958,4.035770559886057,0.5664442527173155,-0.6189853771935674,4.83076935468014,0.9657371687768095,-0.5469756068001959,3.994748408177454,0.6245727586625212,-0.5519853771935674
348,4.968202890764044,1.0184263587453541,-0.6148263312699553,4.047603012929724,0.5768364370324788,-0.6192160345437285,4.846498431573675,0.9587215036609349,-0.5478263312699553,4.011398823867605,0.6348807514169392,-0.5522160345437285
349,4.981633684725946,1.0092132855556781,-0.6182290821360839,4.057820788712686,0.5843903590343769,-0.621610394029547,4.859294912905877,0.9528678227566059,-0.5512290821360839,4.024565688462442,0.6427408028744037,-0.554610394029547
350,4.993108316798551,1.0001181001014872,-0.6204855222896821,4.0612607742742135,0.5906515801496668,-0.6217305441097505,4.869928523440702,0.9469431424684687,-0.5534855222896821,4.031136139769895,0.6486951196737452,-0.5547305441097504
351,5.007285841938138,0.9898065783606511,-0.6208772459431682,4.058286139007688,0.5984868564234715,-0.6186748543187175,4.882550188537717,0.9401959933863622,-0.5538772459431681,4.032735713955045,0.6562045969592076,-0.5516748543187174
352,5.022060396245973,0.9811048398995239,-0.618973248581707,4.054258378318803,0.6058463047528106,-0.6132750445411796,4.895723613075273,0.9349032233738739,-0.5519732485817069,4.034058900646226,0.6629398058438141,-0.5462750445411796
353,5.031867441587121,0.9755009437142177,-0.61884359336557,4.04906487172094,0.611596914583282,-0.607750334507843,4.904404100827843,0.9324489856301112,-0.55184359336557,4.034186181478173,0.6681500399647518,-0.5407503345078429
354,5.040451384735984,0.9696106162332212,-0.617384309779301,4.045860655260963,0.6123182621263181,-0.6028233122931865,4.912230796767158,0.9297748353742277,-0.550384309779301,4.035387999964637,0.6683291044496213,-0.5358233122931865
355,5.045415320170616,0.9642843096679057,-0.6156768355689113,4.04200077868769,0.6088929264968241,-0.599319234879977,4.916755714190696,0.9269151478236521,-0.5486768355689112,4.034568258298133,0.6648039310401286,-0.5323192348799769
356,5.051461500306214,0.9594103615218263,-0.6163249584990329,4.039170575518693,0.607060990803824,-0.5993277403670139,4.922018123049821,0.9248868446284395,-0.5493249584990328,4.034299505133713,0.663770876401053,-0.5323277403670138
357,5.056442763616371,0.958714210890335,-0.6183436708989807,4.037742968608665,0.6020214795098724,-0.6028943853917785,4.926561918069648,0.925161325834793,-0.5513436708989806,4.034315403510856,0.6593360542283477,-0.5358943853917785
358,5.060296060634197,0.9591200282875161,-0.6206166698744839,4.035831632209362,0.595506154567347,-0.6082057311347073,4.930160166812481,0.9254266252819161,-0.5536166698744839,4.03237307269627,0.6537276139560799,-0.5412057311347073
359,5.066701916872734,0.9547991417407389,-0.6244516979845658,4.034316806017632,0.591615911579072,-0.6169108163508072,4.93594595593142,0.9220578037261362,-0.5574516979845657,4.029985932528252,0.6515104137420054,-0.5499108163508072
360,5.073105162895704,0.9475173719353052,-0.6278202509783071,4.034158295906568,0.5916287072128625,-0.6269400095842641,4.941781944550062,0.9165007837242456,-0.5608202509783071,4.029689854897047,0.6530651815361352,-0.5599400095842642
361,5.080905676939533,0.9389729293179458,-0.6353003396893189,4.036373914339588,0.5936696918797439,-0.6428785934353516,4.948845000126408,0.9102659316849655,-0.5683003396893188,4.030688048460529,0.6569651754689163,-0.5758785934353515
362,5.089413093167568,0.9336063533376953,-0.6496498144504779,4.039911197263027,0.5974850922178527,-0.6593804515239947,4.9567794071018945,0.9064928262781402,-0.5826498144504778,4.033294187623287,0.6628535061430236,-0.5923804515239947
363,5.096318015442595,0.9315382237427181,-0.6687702890705025,4.045683214054808,0.60634505700993,-0.6708836313556588,4.963681051121458,0.905803441523785,-0.6017702890705025,4.038897463665709,0.6739944214813656,-0.6038836313556587
364,5.097942597454683,0.9311981171536199,-0.6895008880274442,4.057959444111482,0.6175592512058965,-0.6823706227915434,4.965608424729005,0.9068540305065862,-0.6225008880274443,4.051009542530672,0.6881560653614751,-0.6153706227915434
365,5.092459779376561,0.9385680524067488,-0.7159942780531348,4.081496995086248,0.634000715370616,-0.6923945938147009,4.960666220778997,0.9156094459251967,-0.6489942780531348,4.07764057456928,0.7072114316181746,-0.625394593814701
366,5.088426552467077,0.9457815283044435,-0.7393774440523555,4.11118658607456,0.6546874337895967,-0.698325341009753,4.957333080224721,0.9256373041375734,-0.6723774440523556,4.107078037910192,0.7315492921575166,-0.631325341009753
367,5.078762900031229,0.9525213380831974,-0.7563150176565157,4.151725780165812,0.674813344098975,-0.7007814893285738,4.94802684704127,0.9366234680194157,-0.6893150176565157,4.149198424018046,0.7539664050120609,-0.6337814893285738
368,5.067983026665338,0.9529703132144254,-0.7659961299270679,4.200897212189325,0.695207523488168,-0.7041901712878229,4.937689657372125,0.9411410562030118,-0.6989961299270678,4.19931160942901,0.7752600780955594,-0.6315829190582324
369,5.05428871379258,0.9528820293653895,-0.7771040072149535,4.265684901336449,0.7201623695600916,-0.712466754323434,4.924537359336632,0.945709981273501,-0.7101040072149536,4.263943700650948,0.7991207617033411,-0.6301201767629883
370,5.0417266891597095,0.9504801077218166,-0.7882510491248182,4.356038923680622,0.7460170430512538,-0.722647912443201,4.912785630047161,0.947542075571548,-0.7212510491248182,4.350721295296985,0.8227982563347926,-0.6346461559172681
371,5.031861334027504,0.9482560785985858,-0.7951062711279975,4.463456778706764,0.7467943462110431,-0.729205021625872,4.903720318259452,0.947612378237334,-0.7281062711279975,4.450478910388206,0.8220253618932636,-0.6385502327483283
372,5.031132149451729,0.9455301621885253,-0.7988337529474534,4.556196349614616,0.7278913715810729,-0.7315346537579853,4.903425115102287,0.946024344298358,-0.7318337529474533,4.533488455170151,0.8029984096021605,-0.6391742795282639
373,5.026731739243351,0.9374541615905954,-0.8030950937661085,4.631106237372242,0.7148199951114846,-0.7355400792539076,4.899303505619846,0.9383596753540231,-0.7360950937661085,4.596904764374576,0.7902106916370584,-0.648710392990962
374,5.015274266274693,0.9346099597916573,-0.8078863095376387,4.762234608205082,0.6894982559189766,-0.739766646105545,4.887568930657627,0.932176600168702,-0.7408863095376388,4.706544379266026,0.7603194815621346,-0.6589342145059005
375,4.997244273295104,0.9339511515719265,-0.8094763436639045,4.906077836622893,0.6798513950926632,-0.7408061424116322,4.869211886992156,0.9243036629778714,-0.7424763436639045,4.823966135253608,0.7372230710608334,-0.6659201379143928
376,4.973565054208615,0.9294623834819358,-0.8086944052857317,5.029487771064618,0.6893253130645316,-0.7404046949668592,4.846463543445447,0.9104520780772727,-0.7416944052857316,4.928743821651318,0.7301890058249991,-0.6695885803383744
377,4.949665968823988,0.9259431382409429,-0.808529056381281,5.145793443132002,0.7136120220414495,-0.7395440152323648,4.82437842111643,0.8988763114205693,-0.7415290563812811,5.031816606927473,0.737227441906104,-0.6710424512138922
378,4.925092392208493,0.9250495214523817,-0.8076498825841085,5.278762423040783,0.7618351359428908,-0.7390671950433465,4.802058019282734,0.8921113987030531,-0.7406498825841085,5.153069876673138,0.7679068226875807,-0.6730850971036092
379,4.9040142209378335,0.9258794969209525,-0.8074555387076854,5.410941115125761,0.8196627086290214,-0.7231846571715674,4.783214441045866,0.8881613200792167,-0.7404555387076854,5.277722528680906,0.8131128138192985,-0.6637481755790233
380,4.887324964967556,0.9295903379385622,-0.8060304164760577,5.513595735994167,0.8714269334738405,-0.6879658483211096,4.769494897094555,0.8876753384535463,-0.7390304164760577,5.377235150304623,0.8565695518915803,-0.6448471503131854
381,4.869822586939572,0.9392869256069956,-0.8038653365327149,5.588234002754925,0.9083803079655466,-0.6518289834270057,4.755730222032307,0.8942687295010385,-0.7368653365327149,5.45079212920451,0.8887046061089334,-0.62747704469693
382,4.853723844385636,0.9555970825024276,-0.7992055700523895,5.643047576642525,0.9341856635876327,-0.624140781408588,4.744826054072869,0.9068099058933883,-0.7322055700523894,5.505377715325844,0.9122682012386947,-0.6135123971207183
383,4.831542422635389,0.9796696902332769,-0.7950829800577894,5.687214901311231,0.9462461174545751,-0.6199582636754145,4.729591687781644,0.9256444872436986,-0.7280829800577895,5.548985650403333,0.9233582914886937,-0.6103944434138076
384,4.8027088708614745,1.0086137930454693,-0.783683279137884,5.717722675893251,0.9404166320862255,-0.6435941188402622,4.710368043873254,0.9486919919552288,-0.716683279137884,5.579175434205476,0.9178830067219219,-0.6159313427021845
385,4.775356353506718,1.0388848671983102,-0.7667004822568215,5.735341818318043,0.9284462819169381,-0.68436248050437,4.694137216791782,0.9743459711144784,-0.6997004822568215,5.597097606644306,0.9065487573216775,-0.6279286817387856
386,4.748992728105472,1.0581443503126216,-0.744412196122864,5.743759470096515,0.9197349741682124,-0.7125208501450808,4.680926220527576,0.9891634776815486,-0.677412196122864,5.605964558235096,0.8993649676069331,-0.6455208501450808
387,4.724075313068292,1.0671266950918992,-0.721019863235431,5.750007833696268,0.9155425019814332,-0.733151792633014,4.671503718353174,0.9936150498940308,-0.654019863235431,5.612342681146524,0.8966830559326966,-0.666151792633014
388,4.708135346414005,1.0703209684375576,-0.697691316382673,5.751104722262776,0.9116933987621121,-0.7453652570412423,4.670960853339588,0.9912589834216885,-0.630691316382673,5.613695214034474,0.8974243448261074,-0.6783652570412423
389,4.694763860909811,1.070271064382136,-0.6840035698510956,5.755004010407797,0.9038375065141322,-0.7464743947551993,4.671173176972738,0.9842602059655787,-0.6102465800808219,5.617812774388662,0.8970214769654872,-0.6794743947551993
390,4.688441242567373,1.068550354109967,-0.6757860325093297,5.755972709051443,0.902698075638974,-0.7415096583714906,4.674786950937582,0.9760040401088836,-0.5979386706700747,5.619833912245108,0.9015097974407318,-0.6745096583714907
391,4.678729802653047,1.0640143900529173,-0.668235229534627,5.754471063896867,0.906756594719055,-0.7369418855799901,4.674722045942994,0.9674218445435789,-0.5880017114772069,5.619266987129899,0.9089780896321562,-0.6699418855799901
392,4.668648033977215,1.0552657832707142,-0.6639874568871308,5.747433334232037,0.9114724983776783,-0.736886369665575,4.673238247276013,0.9575852145756458,-0.5789615702232837,5.613250225425427,0.9145573367680286,-0.6698863696655749
393,4.661680186951239,1.0433679900924124,-0.6569772866267195,5.735872770512183,0.9165035270015158,-0.7332304127948017,4.67410328503855,0.9461313269893088,-0.5681007231013507,5.6029940795541595,0.9194425128261008,-0.6662304127948017
394,4.655277037095411,1.0276235373030917,-0.6492933956336171,5.723017388057096,0.9211010963927524,-0.7288796389390546,4.673942350816114,0.9319419295798557,-0.5555553238679486,5.591685914468153,0.9233914942752139,-0.6618796389390545
395,4.649639974551279,1.0126152254386902,-0.6442516672362144,5.713785301165659,0.9256167627616882,-0.7267857350429745,4.6736899122763464,0.918850830916977,-0.5452256673893185,5.583715985732157,0.9271688081069946,-0.6597857350429746
396,4.646814726596363,1.0030751054831246,-0.6403921870748873,5.706217609649189,0.9243722384520272,-0.7265437554876681,4.674746536021717,0.9113617961950997,-0.5374558596174593,5.577400945430286,0.9266116445608834,-0.6595437554876681
397,4.645332632470586,0.9992423034851448,-0.6362154265215343,5.7003155926947375,0.9202620364372627,-0.7267746392061656,4.675906656194188,0.9091215707008735,-0.5326246996691173,5.5725211183314105,0.9238475538437263,-0.6597746392061656
398,4.643606816541579,0.9993166847727653,-0.6345729719732582,5.698067193042663,0.9147573931715842,-0.7274603420828163,4.675924454938796,0.9098070784113761,-0.530639995250541,5.571014170658019,0.9203268213770743,-0.6604603420828163
399,4.64486405965687,1.0035311290561528,-0.6354486178502088,5.695883579224359,0.9084523031055303,-0.726954948340321,4.677407122820627,0.9140991577445836,-0.531569106493855,5.569641492933046,0.9168365904628606,-0.6599549483403211
400,4.648110220490013,1.0084763988336565,-0.637662421867119,5.69394371872953,0.9045115932306291,-0.7283886467664109,4.681179294643913,0.9189066215833666,-0.5342183820454942,5.568343797979866,0.9147922619661333,-0.661388646766411
401,4.651379616722382,1.0146999365325176,-0.6420775325745818,5.694295437797821,0.9054686135287486,-0.7281357601136442,4.685319931968964,0.9248263246054851,-0.5393974454850432,5.569198073610581,0.9160725778575145,-0.6611357601136443
402,4.653878741216077,1.0235375217200107,-0.6476979435987887,5.695332594465627,0.9074755362273044,-0.7316410233916399,4.688185267400159,0.9323114207983798,-0.548142910713112,5.570325412105931,0.9177818349600619,-0.6646410233916399
403,4.661983842170685,1.0302771364095529,-0.6549199326319642,5.696010152018517,0.9094764326455911,-0.7392126157075203,4.696687514102906,0.9373432432058175,-0.5588792116433419,5.570888960874528,0.9181939397695382,-0.6722126157075203
404,4.675345801738559,1.0444385792549913,-0.6663390757378862,5.69750007334119,0.9084758545693223,-0.7504522036650707,4.708897733119785,0.9492012943562333,-0.5737343577483227,5.571752169159709,0.9172253097828691,-0.6834522036650708
405,4.691861030957399,1.0596645673571738,-0.6797622778285832,5.695912895104585,0.9065226515589866,-0.7649081297159301,4.724821326634584,0.9625431498347434,-0.5883544349908935,5.569742416343389,0.9145483573733482,-0.6979081297159301
406,4.720523363069334,1.068081694524,-0.6938839158869944,5.688379844740667,0.9118174490138986,-0.7792998456703601,4.755127495244779,0.9708010133907297,-0.6033001761185107,5.562305426315107,0.9181180473968484,-0.7122998456703601
407,4.755230509300419,1.069869363933623,-0.7112974610894028,5.672494881410786,0.9227138108311297,-0.7973342130749275,4.792722784538456,0.9739851600227953,-0.6192809250919868,5.547198698480316,0.9254021889267565,-0.7303342130749275
408,4.80418900215409,1.0514433078973937,-0.7307039675557621,5.651527425286987,0.9412743740289855,-0.8152746134790878,4.84481058084748,0.959915190240686,-0.635243285754631,5.5272694435097955,0.9404285841196227,-0.7482746134790877
409,4.878345980431278,1.0364600874929848,-0.7529778081088235,5.628595559980114,0.9619175948648873,-0.8312043494502583,4.919682516838749,0.9520204820185127,-0.6543202661792317,5.50567795255347,0.9592456676512184,-0.7642043494502583
410,4.954455191667649,1.0292970453232837,-0.7689429313452019,5.612544322784516,0.9802651916474414,-0.8434881081725545,4.994697267587754,0.9533993814915729,-0.6575870342399068,5.490741352017495,0.9779015992611957,-0.7764881081725545
411,5.030044329321357,1.0374040158361924,-0.7694722986816404,5.603933093106719,0.9929892869562638,-0.8522395749687193,5.0661642672180855,0.9680768700212967,-0.6516044116615293,5.482886967217895,0.9926859589190018,-0.7852395749687192
412,5.110656032770607,1.0746448300920906,-0.7804706211437046,5.606994549244377,0.9975937269770088,-0.8636980452884495,5.133669505327675,1.0034534894071998,-0.6603298898090183,5.4867327012715075,1.0010678433023872,-0.7966980452884495
413,5.210393887800877,1.1352806740160304,-0.7892331725902559,5.613624003572171,0.9983836465235072,-0.8720686365909578,5.216472876114552,1.0588830166216212,-0.6702149755306246,5.493927595061963,1.0049006991739589,-0.8050686365909578
414,5.316590650240358,1.2072926940618398,-0.8040312457148545,5.624307615915712,0.9957970859704854,-0.8785128561932967,5.295332921902117,1.1213662507234456,-0.6985311791379377,5.505249051610407,1.005516249149883,-0.8115128561932966
415,5.443206385342919,1.2906341636916543,-0.8105017331004434,5.638631955354058,0.9891264820834542,-0.8834721327261095,5.387858570186936,1.2009080434581185,-0.7323686080412034,5.520058781473481,1.0031541372081185,-0.8164721327261094
416,5.573767264954513,1.3743444316066924,-0.8222719048699815,5.646380884222453,0.9825174145378295,-0.8836571492312626,5.485915002994006,1.2926677100338164,-0.7550412053225712,5.527942089013522,1.0013626448787871,-0.8166571492312626
417,5.697942790400277,1.4103377641700745,-0.825981413416444,5.638254073273431,0.9784608440064431,-0.8849207511468518,5.586305522184859,1.3532622711323739,-0.7589814134164441,5.520543114107142,1.007070179428959,-0.8179207511468518
418,5.8265489410442095,1.4298704237595834,-0.8247573389547733,5.622517302243112,0.9792723328725137,-0.8815906061666874,5.699358693866132,1.406247165884141,-0.7577573389547734,5.5093230228704195,1.0215027899400033,-0.8145906061666874
419,5.919557931081848,1.4350972083146851,-0.8215389951244394,5.607217876420813,0.992902217500953,-0.8785820110813181,5.789367022173004,1.44198126166418,-0.7545389951244393,5.5019895194037725,1.051290182464866,-0.811582011081318
420,5.997040020421037,1.4181515435394239,-0.8218657106446359,5.592166977122315,1.0194639424499463,-0.8758333057450387,5.869763212397584,1.4492249945815991,-0.7548657106446359,5.499291578426846,1.0954925278839063,-0.8088333057450388
421,6.05556742386099,1.3853887734379868,-0.820100899191498,5.571932735900842,1.0584857431616883,-0.8740616993623964,5.932793627541028,1.4313882408108811,-0.7531008991914979,5.496776851873361,1.1515916553702454,-0.8070616993623964
422,6.085167137920931,1.3466721365908676,-0.8231835694121747,5.553636467099264,1.0980681816796356,-0.8707444400596052,5.9679078143239765,1.4044099489907318,-0.7561835694121748,5.498420497417524,1.2025973985652023,-0.8037444400596052
423,6.099616943268125,1.3171597576115062,-0.8276895276814928,5.532590872017686,1.1324022269222667,-0.8688350908071032,5.99058100428993,1.3869599556896617,-0.7606895276814929,5.494743487207239,1.2428179836246898,-0.8018350908071032
424,6.108182663533811,1.2799997712117994,-0.8326634461012747,5.511544982407217,1.1650923276883924,-0.8653525406447318,6.008849407050733,1.361843341086563,-0.7656634461012748,5.490358049485807,1.2788189137918318,-0.7983525406447318
425,6.100666334380215,1.2583371411781472,-0.8419368561867058,5.4964447370663345,1.190661967895524,-0.8611728843811333,6.016057481516904,1.3528731476288003,-0.7749368561867058,5.491323729504651,1.3046619903068704,-0.7941728843811333
426,6.095971232171942,1.238226430168809,-0.8513256526071835,5.483686914559294,1.2141854331404582,-0.8587004757005978,6.028324669118811,1.343725533834161,-0.7843256526071836,5.495270287509848,1.3269021824509517,-0.7917004757005979
427,6.097766157407407,1.209990223931057,-0.8595689073979258,5.4778283351846975,1.222276737974865,-0.855693115371406,6.044285234231595,1.323579734252674,-0.7925689073979257,5.505336802620534,1.3319157716500587,-0.788693115371406
428,6.094428101069005,1.1542960755313065,-0.8625830014268872,5.48133175957826,1.2283143453086045,-0.8503856857339855,6.053256252295049,1.273915564247432,-0.7955830014268871,5.522491150981458,1.3338953010523942,-0.7833856857339855
429,6.097496818031018,1.1246885648226703,-0.8665331321903003,5.497566024984066,1.214583723828789,-0.8485168534465564,6.059807728255932,1.24660834579229,-0.7995331321903002,5.547891269649212,1.3175659468626941,-0.7815168534465563
430,6.101205444878487,1.1068630635285155,-0.8699498186351853,5.52392286712542,1.1718832075142638,-0.8495020280124741,6.063505775278954,1.2299881398224608,-0.8029498186351852,5.580354697054772,1.2745466053032652,-0.782502028012474
431,6.103262974722113,1.0846645650583,-0.8712507400963612,5.557919545871939,1.1239787158685417,-0.8517522726509876,6.065144016248907,1.2084456798749657,-0.8042507400963612,5.619295759899344,1.2268842277246208,-0.7847522726509877
432,6.106068992500874,1.0578988583450426,-0.8732230461903243,5.586186104899022,1.0846059711341967,-0.8561245597668319,6.067140483742329,1.182260552204143,-0.8062230461903244,5.65235418963966,1.1868951113586534,-0.7891245597668319
433,6.105002267259466,1.0387690369606042,-0.8756077687275345,5.606813592809545,1.0613491241455102,-0.8590779106151993,6.06425617446314,1.1632744972229028,-0.8086077687275346,5.678021488684522,1.1608868543624902,-0.7920779106151994
434,6.102792425238584,1.0222797225997151,-0.879961178134633,5.615381030523275,1.0468590687796773,-0.8623354886281023,6.059746904456113,1.1468466352507771,-0.812961178134633,5.690164951765035,1.1436675023123921,-0.7953354886281022
435,6.1006731536241015,1.007894479897125,-0.8861348710521433,5.617262765392824,1.0344395872617795,-0.8673168502315256,6.053261264786287,1.131920063164337,-0.8191348710521433,5.694521672651335,1.1295201417471006,-0.8003168502315257
436,6.099176759356248,1.000804277891252,-0.8899265188224448,5.619084204071748,1.014336558813188,-0.8654859918601645,6.046463544005143,1.123667510980699,-0.8229265188224447,5.696961956554639,1.108252438539598,-0.7984859918601644
437,6.101898471367165,1.0022227420013665,-0.8919197775765269,5.623130361091897,0.9953065766494988,-0.8661518551750986,6.045332501184746,1.1234303964775323,-0.8249197775765269,5.699547509205147,1.0907417191665887,-0.7991518551750987
438,6.10734109934309,1.0070549329019938,-0.8952017581192806,5.627967256865292,0.9833009322382364,-0.8709381973473385,6.048611748776226,1.1270229895807657,-0.8282017581192807,5.70163779314497,1.081388004610673,-0.8039381973473385
439,6.1116921339643255,1.017001784132896,-0.8974918919543595,5.635098758758332,0.9828984501828533,-0.8738581138591142,6.0513066087377325,1.1356501939763408,-0.8304918919543596,5.706616509379174,1.081778383540092,-0.8068581138591142
440,6.11662003778525,1.021017882883937,-0.8942603108547356,5.641050625673014,0.9891791678074904,-0.8761622545383598,6.054881844750124,1.1375197506550856,-0.8272603108547356,5.71154456221171,1.088587496340663,-0.8091622545383599
441,6.120976603026186,1.0214605070988128,-0.8885520683583326,5.642724102730547,1.0004940368572661,-0.8772091852482862,6.058836764092241,1.1357910372654387,-0.8215520683583326,5.712485840911661,1.1001474000851104,-0.8102091852482862
442,6.1235440409870385,1.0254668863145298,-0.8849601188632157,5.641303468415284,1.0166553528634494,-0.8755884209605362,6.060660738417649,1.138084915432114,-0.8179601188632156,5.710772488185906,1.1149845393029636,-0.8085884209605362
443,6.127046727263129,1.0250123966216613,-0.8817400009659064,5.639626749478972,1.0294102657317687,-0.8759627611664069,6.063710235678351,1.1357699859618713,-0.8147400009659064,5.70880239518801,1.127507232475238,-0.8089627611664069
444,6.13062932786812,1.0232202781153354,-0.8763314265737496,5.639397111509935,1.0351731551600132,-0.8722971457967721,6.0657652884470386,1.1320736182642612,-0.8093314265737497,5.70813074407448,1.132952071518961,-0.8052971457967721
445,6.134510694541222,1.022780720728094,-0.8742110024353684,5.6399708823340005,1.035896603601629,-0.8726453672310532,6.068398161329514,1.1296649618322199,-0.8072110024353685,5.7072866694109505,1.1345373435193842,-0.8056453672310533
446,6.137414092382905,1.0222423196051542,-0.8733902260612101,5.640800723990914,1.0340153694365446,-0.872553257639274,6.069609875044343,1.1278039336417143,-0.80639022606121,5.707318613490578,1.1331550002310697,-0.805553257639274
447,6.139454791555679,1.022266937591996,-0.8731033716178827,5.6422365850308305,1.0341627729916236,-0.8742514166809014,6.070526728639877,1.1265431774639747,-0.8061033716178826,5.7079263275959855,1.13436485657927,-0.8072514166809014
448,6.141790408968063,1.0197324176329399,-0.8744272044681294,5.643475372671219,1.0313759465712333,-0.8750981143497212,6.071377653955551,1.1231972594755912,-0.8074272044681294,5.708970267652603,1.1314072628515983,-0.8080981143497212
449,6.142615175964953,1.0166948101680657,-0.8742128687567616,5.644700682880999,1.029126550928869,-0.875595875329485,6.070760986926676,1.1192835233371636,-0.8072128687567617,5.710115975859286,1.1296456716220757,-0.8085958753294851
450,6.144796186830398,1.0131089924602008,-0.8778457813823883,5.645658487226363,1.0262321471003986,-0.8773924284542267,6.072600403572913,1.115893447282741,-0.8108457813823883,5.7112433107155525,1.1265787719516254,-0.8103924284542267
451,6.14640598090865,1.0087103738043286,-0.8743906916029143,5.646421895348805,1.0223671688292004,-0.8724243343717741,6.073316023671406,1.1111976994726636,-0.8073906916029143,5.712344870888966,1.1221535696241833,-0.8054243343717742
452,6.148984231990919,1.005249325314217,-0.8670863207448545,5.646847599190817,1.0164564886481098,-0.8671092089284482,6.0742774391594985,1.1067618766218952,-0.8000863207448545,5.7126449877444365,1.1166026034743122,-0.8001092089284483
453,6.152458655313078,0.9977942638781425,-0.8591736179007543,5.645940827802244,1.0043151312258598,-0.8598500710143102,6.075591492131773,1.0984308057215568,-0.7921736179007542,5.711537020877424,1.1045668058779594,-0.7928500710143102
454,6.153918905842639,0.9907120931474678,-0.8559342001234178,5.642585276353694,0.9940017927019111,-0.8629419182096605,6.076008288848735,1.0902859437791816,-0.7889342001234179,5.707368268359042,1.0953984129755012,-0.7959419182096605
455,6.151793077431085,0.9833487886963874,-0.8532691979305924,5.637850686750772,0.9875997323571235,-0.8652947926418961,6.073477282963159,1.082808079200843,-0.7862691979305925,5.702309220872285,1.0896486658631355,-0.7982947926418962
456,6.147827094458398,0.9714479043248021,-0.8482096581051644,5.631572863124665,0.9785552217724645,-0.8649256019184883,6.069106897376832,1.0711665346386754,-0.7812096581051644,5.69650970961934,1.0806086256268346,-0.7979256019184884
457,6.145565771074578,0.9618610083810317,-0.8497830601717429,5.624419145794198,0.9714178979150283,-0.8689316483522849,6.0672630896285025,1.062279397224568,-0.7827830601717429,5.690142192454621,1.073278242324971,-0.8019316483522849
458,6.143028377059727,0.9554144949684,-0.8514663276885259,5.61706837869051,0.967784485317216,-0.8704769907210577,6.065423934224873,1.0563000054130411,-0.7844663276885259,5.684369324210911,1.0687118978271342,-0.8034769907210576
459,6.14164918005118,0.9513296500302808,-0.8572573284747389,5.610622280236575,0.9665243640996473,-0.8750709514262465,6.065059267875048,1.0527929082967298,-0.790257328474739,5.679743670817706,1.066630841837074,-0.8080709514262465
460,6.141443837766024,0.9479779894726104,-0.8613182420447985,5.605998445634219,0.9675584729091948,-0.8792569751456896,6.06582609224734,1.049388259209854,-0.7943182420447985,5.676871467713687,1.0666072662250823,-0.8122569751456896
461,6.140877487421028,0.9406558962993028,-0.8618057884532855,5.602909447908393,0.964819142454088,-0.8796176828700946,6.065794186949722,1.0418419929675462,-0.7948057884532855,5.675526412487022,1.062668332689226,-0.8126176828700946
462,6.139784006835049,0.9316668649461728,-0.859041393878208,5.600418804646557,0.9606912871149045,-0.8763793121597632,6.065271346331661,1.0328525443819028,-0.792041393878208,5.674736408949917,1.0572089095857602,-0.8093793121597632
463,6.140552553283532,0.9221434028125601,-0.8590577149764016,5.598178419219812,0.9562437565303641,-0.8757848048582986,6.066721606003602,1.0238935978389578,-0.7920577149764017,5.673903766023477,1.0514087707973319,-0.8087848048582986
464,6.139870408801732,0.912247316926095,-0.8567323948032306,5.596602383880315,0.9515032936030359,-0.8720589543468402,6.066661212472615,1.0149111319476098,-0.7897323948032305,5.673761281995473,1.0452550221377344,-0.8050589543468402
465,6.13817286160077,0.9024407962458101,-0.8511729834123376,5.596106794143571,0.9463738301889864,-0.8668342826410058,6.065871578122033,1.0060889819757906,-0.7841729834123377,5.674133476282014,1.039344797481772,-0.7998342826410059
466,6.137409900581721,0.8934778070517628,-0.8449940791188877,5.597291265880946,0.9396069145270436,-0.8614430537282627,6.06556115046728,0.9979770278998463,-0.7779940791188877,5.675554772174243,1.0323419666358082,-0.7944430537282627
467,6.136563135524922,0.8857458507510074,-0.8379074184567894,5.599539948841267,0.9308223401995548,-0.8547494856984581,6.064611135264569,0.9912555491419681,-0.7709074184567893,5.678018866320782,1.0240364348383793,-0.787749485698458
468,6.136353395173655,0.8793448059122713,-0.8302101647310667,5.602180621812449,0.9209939686815889,-0.8472089325838499,6.064009345362292,0.9856455175440462,-0.7632101647310666,5.680547110030757,1.0152214614908845,-0.7802089325838498
469,6.135457266572656,0.8750857109009489,-0.8231334102491048,5.605212230685892,0.9148332470833525,-0.8395054948667195,6.062999699715318,0.9821451300560697,-0.7561334102491049,5.683131654266061,1.0100754493653044,-0.7725054948667196
470,6.135436480768176,0.8716031237186836,-0.8187855559312203,5.606605922706576,0.9097769780697273,-0.8343827801667549,6.062980210311862,0.9792930408062386,-0.7517855559312203,5.68431857777402,1.005826763683741,-0.767382780166755
471,6.136031207213547,0.8675019454939954,-0.8173132651444257,5.607805487284805,0.9051297616942517,-0.8319608085747541,6.063355293641235,0.9756719183905713,-0.7503132651444258,5.685170259843018,1.001984269617378,-0.7649608085747541
472,6.136382238278019,0.8638720064980745,-0.8170368514370059,5.6086876255365485,0.9018340855462312,-0.8307637415241336,6.063515813359844,0.972309067807889,-0.7500368514370058,5.685729996571171,0.9993665366990327,-0.7637637415241335
473,6.1363277693351534,0.858835948388883,-0.8190395186457424,5.6088206728061465,0.8973816761186804,-0.8314060519251614,6.063418145950678,0.967484904210874,-0.7520395186457425,5.68577706414068,0.9952437409570898,-0.7644060519251614
474,6.135613949961898,0.8522839527928787,-0.8252912835237554,5.608177693553206,0.892936466296907,-0.8359018043634465,6.062835099168059,0.9611770492398697,-0.7582912835237553,5.685376303262946,0.9908560496175247,-0.7689018043634465
475,6.134700027818265,0.8442639725213259,-0.8361324486917927,5.607676116342129,0.886513532877466,-0.8444332299417927,6.062009645218434,0.9533209817414492,-0.7691324486917928,5.685332534427228,0.9845953004365176,-0.7774332299417928
476,6.132748744317868,0.835327109958033,-0.8500979625645027,5.609027451702931,0.8795964333070321,-0.8572532021465644,6.060021779367307,0.9445011230958504,-0.7830979625645027,5.687038323709348,0.977970800067286,-0.7902532021465645
477,6.129494534732269,0.8252131957270044,-0.8679438939844546,5.612144308091568,0.8711708802439111,-0.8749233594690737,6.056612374187874,0.9346873182512658,-0.8009438939844545,5.690496014357971,0.9699938911653894,-0.8079233594690737
478,6.123966676934123,0.813974362297639,-0.8939198358942242,5.615281281812549,0.8624132689672557,-0.9032799704958172,6.05126340482986,0.9243451174932567,-0.8269198358942242,5.694160951121211,0.9621993121343699,-0.8362799704958173
479,6.117579805215278,0.8079950312823378,-0.9247374819762917,5.618322389682212,0.8586921791285598,-0.9324710058219643,6.045329871138015,0.9192109803408706,-0.8577374819762917,5.697834032138267,0.959060202047261,-0.8654710058219643
480,6.11145020024049,0.810703526185411,-0.9508561907348732,5.622310166518566,0.8652828437551436,-0.953067284637461,6.040434901873943,0.9224127632841048,-0.8838561907348731,5.701695536534664,0.9658723575338302,-0.886067284637461
481,6.104166646883299,0.821356972975519,-0.96575141096504,5.624889602348616,0.8786369173953799,-0.961179615501478,6.034947743103316,0.9332104533145693,-0.8987514109650401,5.703155388519575,0.9792692869136599,-0.8941796155014781
482,6.098853220230516,0.8404567231781817,-0.9754456177221609,5.625712846404489,0.8967027654297686,-0.9685049548612905,6.031296183353837,0.9516603340752459,-0.9084456177221608,5.702237327581819,0.9972636689789629,-0.9015049548612905
483,6.093496545703018,0.8603385001508426,-0.9787040157093421,5.626211955697143,0.9148539811460208,-0.9724531574024573,6.027261122614944,0.9704377561895083,-0.911704015709342,5.70118081525048,1.0153955131856631,-0.9054531574024572
484,6.089710611170829,0.880501269370626,-0.9835698004550253,5.627113658255637,0.934032558471273,-0.9804280396289144,6.024764436549247,0.9893068065944419,-0.9165698004550252,5.700220468706191,1.0346063366237388,-0.9134280396289144
485,6.085827189585067,0.8977492895321755,-0.9879712085345485,5.62647901763568,0.9517407264904885,-0.9886377672770716,6.022173541685439,1.0052541938023476,-0.9209712085345484,5.698030906816817,1.0521210875706581,-0.9216377672770716
486,6.083583390078693,0.9130345680526486,-0.9923714382256803,5.626013343892246,0.9656424619964352,-0.9930974227990446,6.021170964203029,1.0199213721565,-0.9253714382256804,5.6959272527314715,1.0658934809974423,-0.9260974227990446
487,6.080611289844767,0.9248492746128603,-0.9945558787562934,5.6245740069010415,0.9766279487385316,-0.9965627671458808,6.019104303226725,1.0309981732143922,-0.9275558787562934,5.692945183620707,1.076904120899634,-0.9295627671458808
488,6.079064139601335,0.934217541759369,-0.9943710583229965,5.624376082297906,0.9818848066977235,-0.996407391407103,6.0179433314767925,1.0395425849608155,-0.9273710583229965,5.691102588054284,1.082258074825165,-0.9294073914071029
489,6.078648847417759,0.9401095575743159,-0.9974087931969602,5.6247711450623745,0.9816249079161128,-0.9985840179779966,6.017678570823597,1.0450593299322566,-0.9304087931969601,5.689339202718663,1.082491046851202,-0.9315840179779965
490,6.078565366049166,0.9428377441244304,-0.9982677190364919,5.625291294832583,0.9763351968603313,-0.9993857829631887,6.016993201752062,1.0471120766477764,-0.9312677190364919,5.687677151937838,1.0780538610296428,-0.9323857829631886
491,6.078629776728612,0.9441322127766323,-1.0044143971865505,5.625630631936056,0.9711117783970546,-1.0036302384798854,6.017059579384786,1.0483571926541042,-0.9374143971865505,5.6855010538225,1.0735559503025722,-0.9366302384798855
492,6.078424714268554,0.9415692694650137,-1.0069836067429123,5.62699642008673,0.9642493136392081,-1.0045293258896408,6.0162491721523885,1.0456772454247916,-0.9399836067429124,5.6852021736515646,1.0671888001428091,-0.9375293258896409
493,6.079037937715565,0.9384306152391106,-1.0089984687780449,5.6284637482910505,0.957072504334417,-1.006703511140258,6.01617902834705,1.042470522694555,-0.9419984687780449,5.68535062988094,1.0608385284471185,-0.9397035111402581
494,6.080856070875397,0.9350607878218595,-1.0103367356414583,5.630672589897385,0.9503791815291349,-1.0086595205421236,6.017286987065544,1.0392698532591764,-0.9433367356414583,5.686043755172959,1.0553030258665983,-0.9416595205421235
495,6.082863108597108,0.9313697215198584,-1.0120000005585919,5.633415923796006,0.9409464594005652,-1.0107766748292217,6.018226520500489,1.0357990857242652,-0.9450000005585919,5.687331811867066,1.047005712616355,-0.9437766748292218
496,6.085369904676256,0.9298528770384196,-1.0137077098937601,5.635243882575807,0.933237824815214,-1.0125348692985148,6.018715848365602,1.0341869930204752,-0.9467077098937602,5.687995304504213,1.0402365068373087,-0.9455348692985148
497,6.087869952758397,0.9280502088750056,-1.0160134913140701,5.636612858017529,0.9260793216908625,-1.0154572607690262,6.019571165879811,1.0324264653409174,-0.9490134913140702,5.688722174008931,1.0340502150738886,-0.9484572607690263
498,6.089764064715636,0.9276379510217676,-1.0176540985189724,5.637755578921569,0.9190042182260523,-1.017290629395132,6.019973135159743,1.032088653689004,-0.9506540985189724,5.688925242589248,1.0278766318613062,-0.9502906293951321
499,6.092820428671607,0.9267709483890276,-1.0178956084119857,5.638780646385917,0.9136969675807696,-1.0189392857420028,6.021216847362289,1.0307585229663592,-0.9508956084119856,5.68968238717533,1.0234427084712725,-0.9519392857420027
500,6.095551295844448,0.9243666958725483,-1.017642366298914,5.638775287834537,0.9113693666374714,-1.0194908255426884,6.02253442880286,1.02799330472112,-0.9506423662989141,5.689629225698841,1.0214413833534748,-0.9524908255426885
501,6.0964517082927125,0.9216721121359108,-1.018465931667121,5.636758291339626,0.9100620810079811,-1.0209351136815863,6.022358828401317,1.0254446927595375,-0.9514659316671209,5.687632971620311,1.0204072062063454,-0.9539351136815862
502,6.096503374173503,0.9197268697424836,-1.019361634136947,5.633950558497768,0.9123133632346101,-1.0221245478408654,6.021308121278148,1.0237370940848298,-0.9523616341369469,5.685646531178813,1.0223061057730622,-0.9551245478408653
503,6.095016453787926,0.9184172492931653,-1.0200204808603377,5.630344797298553,0.9162373882244397,-1.0209046561609358,6.019022513553741,1.0231919032047558,-0.9530204808603377,5.68314215950692,1.025316153139906,-0.9539046561609359
504,6.093907460743322,0.9190736694187138,-1.021502234171835,5.627213090831175,0.9200483841747258,-1.0221085326184902,6.017339855605497,1.0239886922687504,-0.954502234171835,5.681345924908056,1.0283195061534856,-0.9551085326184903
505,6.090769760374848,0.9193107504343787,-1.0219249765036968,5.624862156872575,0.9227360505556861,-1.021718982851353,6.013743899826829,1.0242453236079017,-0.9549249765036969,5.679762773279969,1.0301693100428382,-0.9547189828513531
506,6.086760798705969,0.9196387879788537,-1.0214233924791087,5.620884606851492,0.926047121757235,-1.0174220134660472,6.010262320054922,1.0254086010396142,-0.9544233924791088,5.677190998805914,1.0313702576100487,-0.9504220134660473
507,6.083030982690311,0.9186710080627412,-1.0230767852054001,5.61554311104343,0.9308216533187836,-1.0159465199694993,6.0077110815815695,1.0257453879837006,-0.9560767852054002,5.674952461200214,1.0336009225372285,-0.9489465199694993
508,6.077872708039771,0.9190500204174055,-1.0224229894276182,5.611748590665351,0.935743791302873,-1.0089109740849058,6.003695591884147,1.0273030225841535,-0.9554229894276183,5.675932213263999,1.0339508478252424,-0.9419109740849059
509,6.073293630789558,0.9221355868881667,-1.0216564910703538,5.612324152897636,0.9349933220451796,-1.0031580703550218,6.000561301420967,1.0309448195999587,-0.9546564910703539,5.681361351918022,1.028634960800978,-0.9361580703550219
510,6.069509666833292,0.9234461381587686,-1.021845375174857,5.615624290379892,0.9315885498676004,-1.0063968049233922,5.999650668773065,1.0327202870998087,-0.954845375174857,5.688933592709909,1.0226857259425821,-0.9393968049233922
511,6.065464828266209,0.9194910607814548,-1.0229973906798961,5.615099493516987,0.9299345098018406,-1.0097142571731212,5.9990067371264155,1.029712267923331,-0.9559973906798962,5.691535670413082,1.0186187706470249,-0.9427142571731213
512,6.062264435608619,0.9103887014138337,-1.0195776595896666,5.61225798042559,0.9307951860177155,-1.0102501287287657,5.998949655015701,1.0214656524407502,-0.9525776595896667,5.691312514860862,1.0172725252854462,-0.9432501287287658
513,6.0589280768644125,0.8974844576248717,-1.0140985844903634,5.609125454665354,0.9326968552002501,-1.013297259646003,5.99911921167486,1.009394741190393,-0.9470985844903634,5.690701936126879,1.0176990987190795,-0.9462972596460031
514,6.056361369080741,0.8816998179891924,-1.0100626059441828,5.605129263587195,0.9383174355963091,-1.0167168088822627,6.000356278605659,0.9947692330816607,-0.9430626059441829,5.688664785809714,1.0218186553457598,-0.9497168088822627
515,6.054402796923399,0.8624841783459376,-1.0062079597734377,5.602563051878691,0.9416443918163966,-1.017910974147217,6.001779346167326,0.9771599982197474,-0.9392079597734377,5.687863944470167,1.0237840030605982,-0.950910974147217
516,6.051437327987878,0.8431878034739944,-1.0021699236199542,5.600289592869012,0.9439900462298842,-1.0180843637749835,6.0022173024484795,0.9595434014468642,-0.9351699236199542,5.687111387378899,1.0250043217807265,-0.9510843637749835
517,6.048686877654924,0.8275163046133478,-1.0008802894196842,5.599290386604204,0.9445702902090509,-1.0193802598557804,6.002553910778894,0.9457786551725824,-0.9338802894196843,5.687326923774614,1.0246884099256952,-0.9523802598557805
518,6.0451564478621345,0.8153235471231981,-1.0013222751847288,5.598833827947126,0.9441836035234972,-1.0178633389702818,6.001765413855062,0.9353131806833788,-0.9343222751847288,5.688076971744047,1.0232463633997484,-0.9508633389702817
519,6.0411563956629175,0.8055054667033894,-1.003083031720549,5.598949744690551,0.9415047886409504,-1.0173346214956345,6.0001813614260096,0.9269675138034565,-0.9360830317205491,5.6888439500223535,1.0203304412402852,-0.9503346214956345
520,6.036301848636193,0.7957984629490249,-1.003576359773289,5.599641245947404,0.9380776110508315,-1.015391430879246,5.997885179863496,0.9186376753666274,-0.936576359773289,5.689785790787263,1.0170271817066543,-0.948391430879246
521,6.03170354856048,0.7857225093918561,-1.002258105043899,5.599501358399729,0.9322415742951153,-1.0128553340478053,5.995225356946329,0.9096731696205853,-0.935258105043899,5.689883278737406,1.011406675346446,-0.9458553340478052
522,6.026802462975078,0.775392329917012,-1.0033601607631675,5.5979891842999985,0.9245975973463638,-1.0129495944332114,5.992026401201778,0.9002578618383987,-0.9363601607631675,5.688785088697963,1.0042081239081009,-0.9459495944332115
523,6.02164318643877,0.7650167883400611,-1.001958055348408,5.595459947813244,0.9161445439819984,-1.0117714832735178,5.988127077449055,0.8908246696953468,-0.934958055348408,5.686620632637234,0.9965665281777076,-0.9447714832735179
524,6.017403856852174,0.7583666961558342,-0.9986996714166645,5.592993692495942,0.9091120283968925,-1.0076214734605793,5.985168055632234,0.8848578255541801,-0.9316996714166645,5.684423283674836,0.990181974685955,-0.9406214734605793
525,6.013960645379361,0.7540572275698305,-0.9948554174860407,5.590538100184735,0.905273019272101,-1.002209796186297,5.983054832400616,0.8813304295122744,-0.9278554174860406,5.6823684729950985,0.9864606251299501,-0.935209796186297
526,6.010063519808559,0.749945734614824,-0.9931978692765417,5.587590983244685,0.9026084886736618,-1.0000019778962317,5.980172013971118,0.8777333246416794,-0.9261978692765417,5.680142423245219,0.9837840543932663,-0.9330019778962316
527,6.005892561971156,0.7475342185923952,-0.9926362748172841,5.584893601237742,0.901809397501697,-0.9979590292003713,5.976894932090251,0.8755978377292055,-0.9256362748172842,5.678224431573359,0.9826906354854006,-0.9309590292003713
528,6.002078542168637,0.7480347371104326,-0.9927716820586017,5.582561993654271,0.9019600963595475,-0.9965975849974444,5.974260667021771,0.8761331057551469,-0.9257716820586016,5.676686638649007,0.9825926041606035,-0.9295975849974444
529,5.99806117272836,0.7480226164981139,-0.995502877191436,5.579281561140836,0.904115737073065,-0.9981389522112725,5.971351839666188,0.8761805301829588,-0.9285028771914361,5.67433369911176,0.9842069750949156,-0.9311389522112725
530,5.995473260281821,0.7483716508358971,-1.0016819584652668,5.5763943439705566,0.9062484404057518,-1.003591512469936,5.969293529389639,0.8764354487866417,-0.9346819584652668,5.67227512061431,0.9859541555851952,-0.936591512469936
531,5.993622650834554,0.7511998747718664,-1.0105552216752236,5.57532109830045,0.9095517729652258,-1.0126893063767617,5.967786808940404,0.87877700079802,-0.9435552216752235,5.671555360290044,0.9889542793166968,-0.9456893063767616
532,5.992507354835163,0.7544173873533693,-1.0225088025553875,5.573462487677227,0.9117180384268251,-1.0240182901843242,5.966371895292888,0.8813931025137391,-0.9555088025553875,5.669975028852115,0.9908396876921144,-0.9570182901843243
533,5.990812610324007,0.7582243287234649,-1.0345604794005394,5.57230481081782,0.9145478808551177,-1.0362403171042442,5.9647294687586845,0.8845207297473296,-0.9675604794005394,5.668924059208018,0.9935102665095672,-0.9692403171042442
534,5.988463243387877,0.7627187421232113,-1.0474653478828813,5.569928338669478,0.919125144711102,-1.048790657159462,5.962452089332282,0.8884223749547848,-0.9804653478828813,5.666920071386039,0.9976236274152646,-0.9817906571594621
535,5.985933178153425,0.7697831464652558,-1.0610942941253618,5.569850632038503,0.9266370011214753,-1.0632857184951738,5.960144558039098,0.8949406219367524,-0.9940942941253619,5.667185434189229,1.0045504046325227,-0.9962857184951739
536,5.984593448711302,0.7776559149996345,-1.0742248180069391,5.57142360277262,0.9369229233042304,-1.0774017455734675,5.958894026947882,0.9021471893564765,-1.0072248180069392,5.668805999232199,1.0142912423388069,-1.0104017455734675
537,5.983920596170088,0.7870080012448875,-1.0845692966717821,5.574496022987028,0.9491576093801108,-1.0883416746396166,5.958752534913679,0.9109887022145835,-1.0175692966717822,5.671781651305815,1.0260642904409019,-1.0213416746396167
538,5.984468978852129,0.7969150994042822,-1.0936880993596725,5.577313003152704,0.9637014720658728,-1.0955656456700973,5.960256812185144,0.9205401990632482,-1.0266880993596725,5.674255845159387,1.0400318954209753,-1.0285656456700973
539,5.985805433749925,0.807711808666093,-1.0999956554325345,5.580263119697343,0.9784161138380596,-1.0994542664440397,5.9627065179345715,0.9310615944708416,-1.0329956554325346,5.676682990550767,1.054414300903184,-1.0324542664440397
540,5.987183877629257,0.8199587682032048,-1.1070934817700435,5.583565437597252,0.9920152643465459,-1.1040801093487789,5.965335288447357,0.9431565025591313,-1.0400934817700436,5.679256284040428,1.0679298260950505,-1.037080109348779
541,5.986488021563269,0.8324181850291008,-1.1102528308249826,5.5855475884187,1.005260926041674,-1.10478160127176,5.966406888912894,0.9553026373720879,-1.0432528308249827,5.680483795355536,1.080891471657824,-1.03778160127176
542,5.984260309272593,0.8435410088917594,-1.1099668977560708,5.586245599919146,1.0170588917157035,-1.1044527528586099,5.965641949110812,0.9659402794262748,-1.0429668977560709,5.680548075371569,1.0924852914234977,-1.03745275285861
543,5.982924981380898,0.8548863446187533,-1.105585142165119,5.585642440582711,1.028811684794382,-1.1010066113766974,5.964830426837403,0.9765664255094089,-1.038585142165119,5.678907705809075,1.1042607938718356,-1.0340066113766975
544,5.98157698865088,0.8632688241292898,-1.1039650952806335,5.5843201970592355,1.0382882075597708,-1.099581054448114,5.964007953359208,0.984358819036669,-1.0369650952806335,5.676870728088937,1.1135257797529166,-1.032581054448114
545,5.980897998559947,0.8706944059712616,-1.0992288759707993,5.581531813490863,1.0427365969998565,-1.0953262022494858,5.961687093723293,0.9907670688016144,-1.0322288759707994,5.672847693908687,1.11805839055607,-1.028326202249486
546,5.979176345573586,0.8767846627213167,-1.0974596364223397,5.578529569612663,1.0412996215798067,-1.0896321160518563,5.958504173265617,0.9963883562065767,-1.0304596364223397,5.668093714224022,1.1171812815643953,-1.0226321160518563
547,5.978024541028511,0.8784397208068564,-1.0952469706026557,5.575858397968781,1.038465496239443,-1.0851953625170234,5.9552429156384585,0.9973853194091513,-1.0282469706026558,5.664291261323464,1.1148278676841452,-1.0181953625170235
548,5.977251288963552,0.8779620306912248,-1.093734862017252,5.574149546695943,1.031999863905031,-1.0835862175699253,5.951520217133756,0.9962391632023637,-1.026734862017252,5.661463556362386,1.1095469968739335,-1.0165862175699254
549,5.977557621333383,0.8775805627468645,-1.0926653616623636,5.574240721199296,1.0212791358593523,-1.08145706584022,5.948539412948869,0.9951339756611406,-1.0256653616623637,5.659725315305971,1.1003008281353532,-1.01445706584022
550,5.978965120370543,0.87788966509285,-1.092715835373184,5.573640869910872,1.0069767555850986,-1.0802541730807036,5.9457296449495916,0.9945928177494052,-1.0257158353731841,5.656508715803779,1.0878165683406833,-1.0132541730807036
551,5.980088437035932,0.8783773168221831,-1.0932750465630034,5.5736333672555824,0.9923058136597991,-1.0803125860451201,5.942213470176115,0.9942466601029754,-1.0262750465630035,5.6538779978307625,1.0756150468484282,-1.0133125860451202
552,5.98010922910909,0.8758045349186907,-1.0927027167588126,5.5765416616414,0.9755982074803362,-1.0796976389199149,5.9382504070017745,0.9905521187848101,-1.0257027167588126,5.654606028816502,1.0611652646130572,-1.012697638919915
553,5.980599826940146,0.8732493150115099,-1.0928701392171212,5.578862420090285,0.9636107313513842,-1.0799496403691597,5.9361150477014455,0.987385832059392,-1.0258701392171212,5.655447966226188,1.0504179823279467,-1.0129496403691598
554,5.981049205256084,0.8717234160854146,-1.0939243561300385,5.577552671623805,0.9550969030811116,-1.0808415538343537,5.933587084603885,0.9857175376369283,-1.0269243561300385,5.6530337287908585,1.0429039623691365,-1.0138415538343537
555,5.981504628683909,0.8698920625672646,-1.0943578627131705,5.573829422022684,0.9498085397706337,-1.0797948386691336,5.9307605719822485,0.9834937471375771,-1.0273578627131705,5.649515787388666,1.0372629779801674,-1.0127948386691337
556,5.979642786902418,0.8648980699042779,-1.0945172392615128,5.568976738375654,0.949627026126812,-1.0790183626898575,5.928251736682882,0.9789799890975457,-1.0275172392615128,5.64616794220828,1.0359549365500909,-1.0120183626898576
557,5.977724941494052,0.8577542735643418,-1.0938323101829248,5.561762185813968,0.9553304149217636,-1.077024754030581,5.926403256179873,0.9724688364572556,-1.0268323101829249,5.641620473982875,1.0394273234910996,-1.0100247540305811
558,5.975300031763555,0.8512889532708385,-1.094018485031771,5.554161596161367,0.9619124321603039,-1.0756594199759237,5.924027639490606,0.966807940449641,-1.027018485031771,5.637381869417669,1.042649426903651,-1.0086594199759238
559,5.9706712622982065,0.8424369318871672,-1.0920941722727056,5.547123919878582,0.9794750435738737,-1.0737938177919621,5.921444114003758,0.9589176400094206,-1.0250941722727056,5.635138746057133,1.0552526934533293,-1.0067938177919622
560,5.963021930909693,0.831069192461213,-1.0901458698022646,5.542565774775087,1.0014728518049325,-1.070973797391681,5.916061994290888,0.9490556331197824,-1.0231458698022646,5.636326101279795,1.070103010706147,-1.0039737973916811
561,5.953142356217316,0.8182851015102903,-1.0875036923290142,5.54323903852742,1.025995784856085,-1.0690099207759747,5.911300595939568,0.9384187994968931,-1.0205036923290143,5.642578002155235,1.0861548720371763,-1.0020099207759747
562,5.942277357933537,0.8068085091473645,-1.0827934121841813,5.544601486084477,1.0433473961712902,-1.0622460222000505,5.905445047674195,0.9290671723248547,-1.0157934121841814,5.647818163988606,1.0949429648282116,-0.9952460222000505
563,5.930915128851555,0.7985835232537479,-1.0746257486600066,5.5473508056646805,1.0575670161050053,-1.0516218128461028,5.8988804784065705,0.9227313556473942,-1.0076257486600066,5.652902614737175,1.101561204413721,-0.9846218128461028
564,5.920499362633225,0.7959366727624033,-1.0671049459631115,5.546024703071114,1.0513781297955607,-1.0334858997518688,5.893160373554227,0.9225626278672312,-1.0001049459631115,5.651135735795495,1.0894251156602,-0.9664858997518688
565,5.908774804212501,0.7912902497809189,-1.063029654767287,5.541732232906273,1.0361538195173996,-1.0311102946064594,5.887554716207435,0.9193133377592819,-0.9960296547672871,5.648879330493858,1.071950581030156,-0.9641102946064595
566,5.897526335608094,0.7860115628842776,-1.0644482114396665,5.537597109269231,1.0211535554532474,-1.0343414285264585,5.881345738362401,0.9148081403378909,-0.9974482114396666,5.646012593697637,1.0575378101472324,-0.9673414285264585
567,5.885806330493263,0.7803940458946259,-1.0562026152082862,5.538990215411952,1.019426791255954,-1.0341190347143592,5.875692085376552,0.9093793912582429,-0.9892026152082862,5.647860513082317,1.055398641412738,-0.9671190347143592
568,5.873802218407429,0.7734502594742927,-1.0457460867781612,5.540836524039544,1.0169808309350166,-1.0298901783843013,5.870642740100659,0.9028653543267402,-0.9787460867781612,5.650151084929742,1.052618328836933,-0.9628901783843014
569,5.863326182689714,0.7688403936925736,-1.0418934183383999,5.543219914760637,1.010917774111351,-1.0334742026592312,5.867013117399263,0.8978125068250504,-0.9748934183383999,5.65323301228528,1.047225764662346,-0.9664742026592312
570,5.854823575603969,0.7655017655123739,-1.0395021039634493,5.543123499739177,1.0041287224520712,-1.0326250392585543,5.8642178338646955,0.89388760735884,-0.9725021039634494,5.653821484434611,1.0400731246699362,-0.9656250392585544
571,5.845927551749578,0.7625778271008148,-1.0371284898581066,5.546316162112585,1.0035781813908233,-1.0327399786772289,5.861613661411634,0.8897215677548065,-0.9701284898581066,5.657406643393865,1.0394265605259552,-0.9657399786772289
572,5.836857893726285,0.7598206553442752,-1.033434659983138,5.548316338321622,1.0019817504866397,-1.0301611132874289,5.858116769453939,0.8856800947172916,-0.966434659983138,5.660050996801313,1.037120178697852,-0.9631611132874288
573,5.833017995411235,0.7572610741173291,-1.0265506635009924,5.55189948325761,0.9936408167397046,-1.0240782628357092,5.8575031960547745,0.8817937140976453,-0.9595506635009925,5.663650890642482,1.0299427574192548,-0.9570782628357093
574,5.824804177613653,0.7529443487748355,-1.024825690036484,5.548905870051779,0.9878857121094913,-1.0225494482571567,5.853148607643045,0.8764071449860782,-0.9578256900364841,5.660828819604315,1.0243437871560306,-0.9555494482571567
575,5.815232878735112,0.7511804187846041,-1.0214047746773438,5.541350102236318,0.9846947277140474,-1.0157288627739625,5.847655093481587,0.8734381282877779,-0.9544047746773439,5.654090082457112,1.0202057147574282,-0.9487288627739625
576,5.801315127671098,0.7512530068385663,-1.0222280368773085,5.52911682313714,1.0008492449748578,-1.0114068136183363,5.8391206178668495,0.8720753172862592,-0.9552280368773085,5.644187792003488,1.0318286100852552,-0.9444068136183363
577,5.805223937043588,0.7511841367059016,-1.0170156404713941,5.538260812768381,0.9847852299981379,-1.0083340451459242,5.843390609034937,0.8714500973992609,-0.9500156404713942,5.652592698940675,1.0193229029946589,-0.9413340451459242
578,5.799592163209108,0.7526099252869629,-1.0144273336364769,5.534168358687547,0.9860759544541382,-1.0052479203178428,5.839890625123171,0.8717305231263184,-0.9474273336364769,5.64949138069549,1.0196544099022888,-0.9382479203178429
579,5.789801878137008,0.7541166639513377,-1.0138465786935302,5.527385977310554,0.9884147739595774,-1.0033090139390441,5.832532604438678,0.8723896837419871,-0.9468465786935303,5.644214791459457,1.0207539296335582,-0.9363090139390442
580,5.783974801122038,0.7568210644722031,-1.0157224789803447,5.522137259065,0.9911750836372422,-1.0048253194039287,5.829141956685869,0.874074666023259,-0.9487224789803448,5.640091021477072,1.0229565782547043,-0.9378253194039288
581,5.782846825651094,0.7628162629415158,-1.0202780199156618,5.5234731756962985,0.9982970483113889,-1.0105917286978578,5.829637812904283,0.8786698109914426,-0.9532780199156619,5.64189899199383,1.0290486938764218,-0.9435917286978579
582,5.779294330676097,0.7670111819000176,-1.0254715292042318,5.519618067939777,1.0037495060653618,-1.0150537101810995,5.826880414088268,0.8816723986358574,-0.9584715292042318,5.638631973464984,1.0335555239410332,-0.9480537101810995
583,5.772954607122048,0.7722781040320945,-1.0318493590822746,5.5160349847007835,1.0114185549865318,-1.0207946644297172,5.822042556219205,0.8856365420470786,-0.9648493590822746,5.63596140753518,1.0392135717521263,-0.9537946644297173
584,5.766186765911317,0.7761577662382113,-1.0383076401230908,5.51019812333796,1.0192460712347018,-1.0272043676850415,5.816746465446687,0.888463586226462,-0.9713076401230908,5.631232313396668,1.0450541075620638,-0.9602043676850415
585,5.759462274948777,0.7801840258956554,-1.04530939207864,5.505250327626885,1.0283797336936595,-1.0353451047976037,5.8109852302472005,0.8917442513824108,-0.9783093920786401,5.6270796138445744,1.0520873321414592,-0.9683451047976037
586,5.755629036661804,0.7860729878617243,-1.0529990993207876,5.502496648666084,1.0353163665009455,-1.0436820588773672,5.807551246222675,0.8971618598175959,-0.9859990993207877,5.624812681314171,1.0576864367199854,-0.9766820588773673
587,5.752340011613756,0.7919304497854096,-1.0625939436651997,5.502099268453509,1.0411353834287507,-1.055743343422585,5.804360740201861,0.9028741844312531,-0.9955939436651997,5.624778084772021,1.0625672467367036,-0.988743343422585
588,5.749074962099615,0.7971972255116522,-1.0734098280223103,5.50476726528031,1.0486224321728765,-1.069920274093935,5.801062058766905,0.9082078961735784,-1.0064098280223104,5.627758082111899,1.0688310889607489,-1.0029202740939351
589,5.745882783427549,0.8022608456234599,-1.0863419526561902,5.508183230057074,1.0570504364590312,-1.0866420024379895,5.798007805242849,0.9135461148838664,-1.0193419526561902,5.631415237083746,1.0761518773655558,-1.0196420024379895
590,5.743576272576223,0.8083393939855619,-1.0982266579138034,5.514365299790273,1.070889807594113,-1.1012746606336825,5.796210109441648,0.9196321138265653,-1.0312266579138034,5.637798785417448,1.0880132981660886,-1.0342746606336826
591,5.743590972144349,0.8146921025871887,-1.108867916236472,5.521068705935224,1.0884208606838837,-1.11340895570333,5.7970550272056895,0.9257343041062012,-1.0418679162364721,5.644457801003202,1.1035356449246063,-1.04640895570333
592,5.746063713858706,0.8208230904171636,-1.1175205974312281,5.528095451126677,1.1085039845535924,-1.12261786744313,5.799963083992583,0.9316505364010503,-1.0505205974312282,5.651243385801894,1.1213670543263128,-1.05561786744313
593,5.7501655616689105,0.8274416436267591,-1.1228383762540213,5.538028406434097,1.132990311534474,-1.1305710060300223,5.804351630144157,0.9377750267101026,-1.0558383762540213,5.66080446773056,1.1435867060733533,-1.0635710060300223
594,5.7551901957194955,0.8340555476823235,-1.1266511275595337,5.550323495845094,1.1607237207570458,-1.1367119147604614,5.809854241291776,0.943776969877758,-1.0596511275595337,5.67271215675284,1.1689117300191307,-1.0697119147604615
595,5.7616880726411805,0.841503351928792,-1.1261199300077693,5.564223189313696,1.1896035969277239,-1.1362561766889827,5.816801298816489,0.9503799378891802,-1.0591199300077694,5.686033908684538,1.1945525407811022,-1.0692561766889828
596,5.768865875407658,0.8489809016283532,-1.1254498636190553,5.577376439675294,1.2161326090391655,-1.1335000669424196,5.824574969216786,0.9569129923876305,-1.0584498636190554,5.698704458281003,1.2179294804628868,-1.0665000669424196
597,5.777273627345283,0.8553421207641669,-1.123255070083726,5.592928307478149,1.242422551748664,-1.128995831840623,5.832965048377235,0.9623560615753242,-1.056255070083726,5.7136634759351805,1.2412272700046607,-1.061995831840623
598,5.784262059210394,0.8612795894260765,-1.1221217375636645,5.607282621739958,1.2681134169216515,-1.1231550436854907,5.840798711358164,0.967322749387777,-1.0551217375636646,5.727346939920042,1.2636778180714012,-1.0561550436854907
599,5.7936583844100396,0.867953881946439,-1.1214425416690903,5.6238988575612465,1.294025019136304,-1.1153005214435654,5.850714640048639,0.9735091778906528,-1.0544425416690903,5.742983692613737,1.2855653915079777,-1.0483005214435654
600,5.800656118081807,0.8727279379056689,-1.120188835104667,5.637472019182442,1.313694186417937,-1.1070705680453408,5.858507861034869,0.9776332451986072,-1.053188835104667,5.755895808922051,1.3006338550733325,-1.0400705680453408
601,5.806430160536197,0.8759847861664691,-1.1175485794856501,5.647859841122059,1.3253918719427982,-1.0983885472133113,5.864334441258339,0.9808824044602313,-1.0505485794856502,5.765589199497131,1.3094529491799274,-1.0313885472133113
602,5.812450339533203,0.8770859948352092,-1.1153310575739661,5.653916703052633,1.331141035909962,-1.0919029751078406,5.869673812277429,0.9824344030574077,-1.0483310575739662,5.771533878035657,1.3136049023822063,-1.0249029751078407
603,5.818554298519305,0.8785954298461538,-1.1132074333060535,5.663618338792733,1.3394415261233907,-1.0862576700080189,5.875194785683564,0.9841929258788686,-1.0462074333060536,5.7808609768144406,1.319447460957871,-1.019257670008019
604,5.823407055836017,0.880263072493602,-1.110242003822954,5.679599439751203,1.3529704036741745,-1.0799192136770799,5.880520297240312,0.9853293719320786,-1.043242003822954,5.7958914879968715,1.3277715417175782,-1.01291921367708
605,5.825528087730734,0.8822272632540971,-1.1084997041099258,5.698440870906441,1.3677512023867875,-1.074646352040071,5.884551665450661,0.9863538954676896,-1.0414997041099259,5.81323562812361,1.3357497964324265,-1.0076463520400711
606,5.826344361483609,0.8829900185266362,-1.1078130259513925,5.712510758965766,1.3762056241432057,-1.0714748158454965,5.887537935703551,0.9866191903749333,-1.0408130259513926,5.826212702273881,1.338502288858019,-1.0044748158454966
607,5.825622598564894,0.8823248289415357,-1.1070931939131436,5.722053720540077,1.379856004554939,-1.0691296843535123,5.8883472894492455,0.9859467290231703,-1.0400931939131437,5.835094294435055,1.3376462899038313,-1.0021296843535124
608,5.8204175970547025,0.8820397071255741,-1.106981583055677,5.737013994812233,1.3839261941327152,-1.0683761910764595,5.885531938730938,0.9846445731534061,-1.0399815830556771,5.8492670423381155,1.3359969965828953,-1.0013761910764596
609,5.811392702824324,0.8827634895957732,-1.1070767730981397,5.755806998080462,1.3853270704664016,-1.0688324660569715,5.880178593761175,0.9837373937286162,-1.0400767730981397,5.865225606328695,1.3294795597709441,-1.0018324660569715
610,5.804799966662553,0.8820811429523645,-1.1067429845072363,5.76951199784818,1.384011558582705,-1.0687445466257666,5.876523632704642,0.9818935909771143,-1.0397429845072363,5.87664330393019,1.3225350299381433,-1.0017445466257666
611,5.799835915404937,0.8812648990693925,-1.105752629930692,5.780219304103038,1.3776058891359209,-1.0693151184866,5.874023112196109,0.9802611806932329,-1.038752629930692,5.88574499889054,1.3113949635568498,-1.0023151184866002
612,5.79544676866622,0.8847904241284328,-1.1047614322724961,5.783742867673349,1.3732918983897167,-1.0698647008958482,5.872351434344959,0.9830791986187892,-1.0377614322724962,5.888500076050472,1.3053837454518276,-1.0028647008958482
613,5.7887947962664965,0.8893806674749649,-1.1046260588996466,5.795587371387422,1.3733690941006935,-1.0703701966636237,5.8716098175429705,0.9843089320928848,-1.0376260588996467,5.897641304233015,1.2994930931598938,-1.0033701966636237
614,5.779351317525051,0.8970476695435827,-1.104633206616249,5.813688465595386,1.3737754234212225,-1.0700223391159438,5.869563245415828,0.9867621072667425,-1.037633206616249,5.9116236206294515,1.2933501013654058,-1.0030223391159439
615,5.772766011348405,0.9007884112857212,-1.1037683758066048,5.831640439620652,1.374030507888638,-1.0690765055940499,5.8684233003765724,0.9855122117064823,-1.0367683758066049,5.925734060397782,1.2875470665953983,-1.00207650559405
616,5.771834921939788,0.8986496314315109,-1.1010170650245252,5.841854681177554,1.3763975486068039,-1.0656973790885511,5.869998288257537,0.9810402676371841,-1.0340170650245253,5.9348091826872205,1.287396697690895,-0.9986973790885512
617,5.771457642869579,0.8962137214396899,-1.1018391337311246,5.845717911229955,1.3839202113007014,-1.0661667075073697,5.871812083379852,0.9770479313586657,-1.0348391337311247,5.937964015261756,1.2928776554320758,-0.9991667075073698
618,5.7708855293584245,0.8949150803984918,-1.1029906042416797,5.85014392657999,1.398627306103877,-1.0643970139821277,5.874238008995094,0.9731614950598992,-1.0359906042416798,5.941245893378295,1.3060658786000527,-0.9973970139821278
619,5.768375658902952,0.8981565625964414,-1.1035432733289978,5.867494912359544,1.4145297163723718,-1.060796610235431,5.875722305390664,0.971392342597128,-1.0365432733289979,5.954063424382039,1.3179791213570844,-0.993796610235431
620,5.765694558366943,0.9002580281477925,-1.1039852088713384,5.884210780009437,1.4281111892443654,-1.0573325341963509,5.876110054299045,0.9692230757456777,-1.0369852088713385,5.966706581160236,1.3281443428379056,-0.9903325341963508
621,5.767798875185311,0.9008806449258704,-1.1041111938910368,5.892147038790047,1.4380328123355288,-1.0538284175352934,5.879031103762448,0.9687275391900916,-1.037111193891037,5.972812485607922,1.3370543819749732,-0.9868284175352934
622,5.770695127552384,0.9008099624165311,-1.1046569536143251,5.901792541151875,1.4496453815349355,-1.0499961564951845,5.882471896713608,0.9674702474125638,-1.0376569536143252,5.981022074824208,1.347447324658276,-0.9829961564951846
623,5.772738700991943,0.9057725360941071,-1.1024839428487383,5.92412494707711,1.4576717680644173,-1.0440406349721516,5.886317646390274,0.9676994374345917,-1.0354839428487383,5.999752177184894,1.3532791203211922,-0.9770406349721515
624,5.77924368841312,0.9075322093113098,-1.102405833878484,5.923918496200062,1.464575594071928,-1.0415405970751306,5.891701693960644,0.9709171594722901,-1.035405833878484,6.000221605726696,1.3609635324819718,-0.9746512962960864
625,5.786988983656983,0.9085452988652107,-1.1015033851604454,5.9131726424952555,1.4712002672163365,-1.0383613130030975,5.896670776214223,0.9755654767063973,-1.0345033851604455,5.992721373941522,1.3698468603102085,-0.971803173158645
626,5.795150137257466,0.9085244449171304,-1.098655187785463,5.892204924237618,1.4775770852658032,-1.0329050176653776,5.901479958307633,0.9800021263155221,-1.031655187785463,5.976613460791001,1.3809059361311673,-0.9667245699761672
627,5.802476136233346,0.9095484042831987,-1.1000716941467292,5.877007452990548,1.4845834026404947,-1.0326283983641547,5.906688926960961,0.9839680517384142,-1.0330716941467293,5.96581549778177,1.3919546628662676,-0.9667093727699287
628,5.807636975625962,0.9147211603365517,-1.0993289377315612,5.8844659545817075,1.4932305208883858,-1.0313705588223654,5.911367236951798,0.98874929468256,-1.0323289377315612,5.973128549138516,1.4010220804728246,-0.9655111176593871
629,5.808300729839311,0.9278541258373205,-1.0984108442494642,5.894299704579816,1.5024756542243902,-1.032521544594978,5.912204075602994,1.0002495995559637,-1.0314108442494643,5.983114037661061,1.4102798565127794,-0.966421754283644
630,5.804000960632924,0.940615038934085,-1.1006235619628348,5.912587271973256,1.5092905048159095,-1.0373940255611664,5.909521611377362,1.011603455605838,-1.033623561962835,5.998426245495442,1.4141091961291763,-0.9708720303618829
631,5.799935790227329,0.9522139148123998,-1.0976663439170147,5.927533271239674,1.5150846855052251,-1.0365168808768053,5.905771719740307,1.022113473833396,-1.0306663439170147,6.010380300210392,1.417957367122962,-0.9696833417311932
632,5.800488005588693,0.9606749880154581,-1.098979096375167,5.932527954886598,1.5278347673852892,-1.035348816231146,5.90567089171235,1.0317827331860514,-1.0319790963751672,6.014326404045266,1.4301105960299225,-0.9688360814673302
633,5.803850047691847,0.9648278713573106,-1.1003491193512736,5.934043303533579,1.5384763688195833,-1.0328964571544939,5.907354154094244,1.038607722555507,-1.0333491193512736,6.015533224149729,1.4412162922669538,-0.9667672740677653
634,5.803906022516256,0.9698923924272214,-1.1001502458881804,5.939942269531255,1.5440381863420163,-1.0303712660342474,5.90789500525332,1.0426192381684933,-1.0331502458881805,6.0201088403735215,1.4465927141984258,-0.9643639824222991
635,5.803068794958034,0.9765556917944,-1.099836367957855,5.9569968922955185,1.5420622990884827,-1.0296741490270183,5.908819918237367,1.0460236237802552,-1.0328363679578552,6.034421373806635,1.4443826542654084,-0.9633417628934631
636,5.807248177462879,0.9757596228269263,-1.1011714774296086,5.9652792424798635,1.5451305035499259,-1.0279431241050616,5.9127566427827505,1.0449643108991309,-1.0341714774296087,6.041236093723836,1.4485848035660907,-0.9610982094929021
637,5.817410990295241,0.9672302494295317,-1.1033082853727494,5.966310184148381,1.5583965519912917,-1.0222345386662957,5.9208145101342895,1.039137143874951,-1.0363082853727494,6.041873704341481,1.463768624002524,-0.9542458025388872
638,5.827390905998318,0.9580270747361062,-1.1050047494660877,5.957359262339442,1.5769566173372147,-1.011242875532143,5.926511534087031,1.0356163183865426,-1.0380047494660878,6.032719232670634,1.4848290408668396,-0.9404593045007252
639,5.833177234848837,0.9472839687295282,-1.1078714270162822,5.930889271071057,1.5853245113320673,-0.9965590691137554,5.925964407494168,1.0329948518700922,-1.0408714270162822,6.005729414394001,1.4983357642121637,-0.9169849013853313
640,5.836943566604465,0.9319314828234111,-1.1103952531400905,5.873620316191524,1.5711964985447322,-0.9957072457853541,5.923664819254488,1.022669004471818,-1.0433952531400905,5.9575422217985095,1.4974055012779628,-0.9121631702963099
641,5.836876924031569,0.9195534746340588,-1.1127636703690786,5.821189703301681,1.5144228498629406,-1.0174262085648538,5.921808985875143,1.0107592503718212,-1.0457636703690787,5.91513240884353,1.4556450109175518,-0.9356756200036307
642,5.8446144011900545,0.8987325235249546,-1.113185258440908,5.738384359246564,1.4564457713605907,-1.030892247736472,5.9233680448592425,0.9940714343430546,-1.0461852584409082,5.845012411205542,1.4186105831505802,-0.956702414565023
643,5.8613482204960095,0.8733006741735487,-1.1108289689986959,5.667102713486682,1.4300458829733877,-1.03057875772009,5.929700959822665,0.9747535910341292,-1.043828968998696,5.782198574742805,1.417164983961299,-0.9591332125633016
644,5.877053495150538,0.8528322904335996,-1.106454062997847,5.614440226581427,1.423627010636284,-1.022974507848883,5.932795541015001,0.9609012334572813,-1.039454062997847,5.7303078934815845,1.4310462280141851,-0.9511702857609085
645,5.888878835419779,0.8324377613305385,-1.1010937374734648,5.575014466474419,1.4266597034572894,-1.0156579803239083,5.930640647242432,0.9474089520215327,-1.034093737473465,5.68815095169342,1.4488267453550632,-0.942768394818283
646,5.893386461500687,0.8245808363431812,-1.096504510703203,5.543710135583443,1.411169725703609,-1.0210754090599885,5.9192984632296985,0.9458482742780567,-1.029504510703203,5.652212031845612,1.4482176743918778,-0.9501573770667285
647,5.889626898421054,0.8371063512442491,-1.091296531010619,5.527917087627654,1.3735651713488481,-1.033140994359008,5.898280934048896,0.9618798535941027,-1.0242965310106191,5.628012657715087,1.4259517215816162,-0.9661409943590079
648,5.887439830366435,0.8599293222902642,-1.0864065617203982,5.527601367000403,1.2982987305401192,-1.0542245834946902,5.875731079045596,0.9844810059545861,-1.0194065617203982,5.612319564584555,1.3702056771396027,-0.9872245834946901
649,5.8948472932002565,0.8763475604377047,-1.0846730553923771,5.55467944294429,1.2204494662604586,-1.0714296781836674,5.866110284628632,0.998152155431296,-1.0176730553923772,5.6218384996078035,1.3074062652907625,-1.0044296781836675
650,5.901333739122875,0.8715396556870345,-1.0859392080990753,5.583638389667995,1.1878560516850356,-1.0789743457524261,5.861820434293278,0.991500679017723,-1.0189392080990753,5.6413535225005225,1.2791697714344863,-1.0119743457524262
651,5.908080099267334,0.8611263143495853,-1.0863774535191688,5.604655480129093,1.1732143866495426,-1.083288502408329,5.862893557292789,0.9797712075189884,-1.0193774535191689,5.659324413282246,1.2637910055593784,-1.016288502408329
652,5.918172976700557,0.8480796721143342,-1.089928490691226,5.618649340001834,1.1556021478337861,-1.087691170744937,5.866889825789226,0.9652920868558503,-1.0229284906912262,5.671259402064575,1.2446381058854676,-1.020691170744937
653,5.930396665794678,0.8432983353037005,-1.0939600093504478,5.626880203349419,1.1345977976221209,-1.0897833926817466,5.872917932433911,0.9583944871324663,-1.0269600093504478,5.67659341262085,1.2220140888589983,-1.0227833926817467
654,5.941042816769476,0.8401267997236954,-1.098589189591945,5.632247617971297,1.1230456105681168,-1.0930837469726213,5.880179888140555,0.9534013740034806,-1.0315891895919451,5.679061925541754,1.2108445636244523,-1.0260837469726214
655,5.948101888021701,0.8376046552558876,-1.1044785838821598,5.634153718671077,1.1136667265792823,-1.0975906711319157,5.8857821548192435,0.9504118695159889,-1.0374785838821599,5.680112304708236,1.2014465465446449,-1.0305906711319157
656,5.95124196629443,0.8330556205627551,-1.1114676802201553,5.634874310301922,1.1087750247833361,-1.0998767225785537,5.889027621554516,0.9467065981742968,-1.0444676802201553,5.681046392726086,1.1954329959270587,-1.0328767225785538
